NeuralNet(
  (network): Sequential(
    (0): Linear(in_features=3, out_features=96, bias=True)
    (1): Tanh()
    (2): Linear(in_features=96, out_features=96, bias=True)
    (3): Tanh()
    (4): Linear(in_features=96, out_features=96, bias=True)
    (5): Tanh()
    (6): Linear(in_features=96, out_features=96, bias=True)
    (7): Tanh()
    (8): Linear(in_features=96, out_features=96, bias=True)
    (9): Tanh()
    (10): Linear(in_features=96, out_features=96, bias=True)
    (11): Tanh()
    (12): Linear(in_features=96, out_features=3, bias=True)
  )
)
starting Adam training
It: 100, Time: 12.28, mse_0: 8.5309e-03, mse_f: 4.5081e+00, total loss: 4.8177e+00, Error u,v,p: 1.0121e+00 1.0072e+00 9.6839e-01
It: 200, Time: 11.66, mse_0: 1.2106e-02, mse_f: 6.4062e+00, total loss: 6.8439e+00, Error u,v,p: 1.0038e+00 1.0220e+00 9.3231e-01
It: 300, Time: 12.38, mse_0: 1.5188e-02, mse_f: 8.6253e+00, total loss: 9.2385e+00, Error u,v,p: 1.0192e+00 1.0133e+00 8.5427e-01
It: 400, Time: 12.07, mse_0: 6.7269e-03, mse_f: 1.1037e+01, total loss: 1.1802e+01, Error u,v,p: 1.0561e+00 1.0634e+00 8.3533e-01
It: 500, Time: 12.03, mse_0: 1.0417e-02, mse_f: 1.3909e+01, total loss: 1.4832e+01, Error u,v,p: 1.0705e+00 1.0362e+00 8.0701e-01
It: 600, Time: 11.83, mse_0: 8.6873e-03, mse_f: 1.7316e+01, total loss: 1.8432e+01, Error u,v,p: 1.1777e+00 1.0952e+00 8.0792e-01
It: 700, Time: 11.89, mse_0: 1.8455e-02, mse_f: 2.0628e+01, total loss: 2.1740e+01, Error u,v,p: 1.1760e+00 1.1390e+00 7.6818e-01
It: 800, Time: 11.84, mse_0: 3.0473e-02, mse_f: 2.4010e+01, total loss: 2.5227e+01, Error u,v,p: 1.1785e+00 1.3699e+00 7.1500e-01
It: 900, Time: 11.89, mse_0: 6.3247e-02, mse_f: 2.7360e+01, total loss: 2.8629e+01, Error u,v,p: 1.1257e+00 1.4397e+00 7.3256e-01
It: 1000, Time: 11.92, mse_0: 6.0604e-02, mse_f: 3.0689e+01, total loss: 3.1792e+01, Error u,v,p: 1.1660e+00 1.1945e+00 6.8676e-01
It: 1100, Time: 12.24, mse_0: 6.4948e-02, mse_f: 3.5350e+01, total loss: 3.6571e+01, Error u,v,p: 1.1660e+00 1.2069e+00 7.2720e-01
It: 1200, Time: 12.21, mse_0: 1.2110e-01, mse_f: 4.0852e+01, total loss: 4.2926e+01, Error u,v,p: 1.2266e+00 1.1162e+00 7.2836e-01
It: 1300, Time: 11.84, mse_0: 7.8710e-02, mse_f: 4.1374e+01, total loss: 4.2763e+01, Error u,v,p: 1.0649e+00 1.1731e+00 6.5868e-01
It: 1400, Time: 11.92, mse_0: 1.5012e-01, mse_f: 4.0318e+01, total loss: 4.1818e+01, Error u,v,p: 1.2924e+00 1.1742e+00 6.4453e-01
It: 1500, Time: 12.30, mse_0: 2.8067e-01, mse_f: 3.4589e+01, total loss: 3.6047e+01, Error u,v,p: 1.3897e+00 1.3375e+00 5.6278e-01
It: 1600, Time: 12.28, mse_0: 3.5936e-01, mse_f: 2.3496e+01, total loss: 2.4862e+01, Error u,v,p: 1.4624e+00 1.5370e+00 5.5919e-01
It: 1700, Time: 12.04, mse_0: 3.7929e-01, mse_f: 1.4284e+01, total loss: 1.5460e+01, Error u,v,p: 1.5364e+00 1.5080e+00 4.6237e-01
It: 1800, Time: 11.87, mse_0: 2.1387e-01, mse_f: 8.2144e+00, total loss: 8.7523e+00, Error u,v,p: 1.1921e+00 1.2190e+00 3.3855e-01
It: 1900, Time: 11.70, mse_0: 1.0092e-01, mse_f: 5.7636e+00, total loss: 6.0358e+00, Error u,v,p: 1.0617e+00 1.0912e+00 2.3409e-01
It: 2000, Time: 11.98, mse_0: 6.0330e-02, mse_f: 5.0543e+00, total loss: 5.2233e+00, Error u,v,p: 1.0118e+00 1.0370e+00 2.0075e-01
It: 2100, Time: 12.01, mse_0: 4.8377e-02, mse_f: 4.7739e+00, total loss: 4.9029e+00, Error u,v,p: 9.9284e-01 1.0194e+00 1.8606e-01
It: 2200, Time: 12.18, mse_0: 5.0308e-02, mse_f: 4.5942e+00, total loss: 4.7126e+00, Error u,v,p: 9.7782e-01 1.0140e+00 1.9128e-01
It: 2300, Time: 12.30, mse_0: 5.5081e-02, mse_f: 4.5943e+00, total loss: 4.7185e+00, Error u,v,p: 9.6801e-01 1.0093e+00 1.9193e-01
It: 2400, Time: 12.29, mse_0: 6.3265e-02, mse_f: 4.5170e+00, total loss: 4.6570e+00, Error u,v,p: 9.6060e-01 1.0065e+00 1.8028e-01
It: 2500, Time: 12.24, mse_0: 7.0064e-02, mse_f: 4.3953e+00, total loss: 4.5368e+00, Error u,v,p: 9.5177e-01 1.0026e+00 1.8613e-01
It: 2600, Time: 12.16, mse_0: 7.9827e-02, mse_f: 4.2362e+00, total loss: 4.3811e+00, Error u,v,p: 9.4400e-01 9.9954e-01 1.9410e-01
It: 2700, Time: 11.96, mse_0: 9.2170e-02, mse_f: 4.1253e+00, total loss: 4.2933e+00, Error u,v,p: 9.4190e-01 9.9598e-01 1.9314e-01
It: 2800, Time: 12.14, mse_0: 1.0272e-01, mse_f: 3.9748e+00, total loss: 4.1535e+00, Error u,v,p: 9.4438e-01 9.7566e-01 2.0386e-01
It: 2900, Time: 12.28, mse_0: 1.1576e-01, mse_f: 3.7050e+00, total loss: 3.8970e+00, Error u,v,p: 9.4570e-01 9.5807e-01 1.9317e-01
It: 3000, Time: 12.15, mse_0: 1.2823e-01, mse_f: 3.4912e+00, total loss: 3.6993e+00, Error u,v,p: 9.3942e-01 9.4404e-01 1.8842e-01
It: 3100, Time: 12.16, mse_0: 1.3854e-01, mse_f: 3.4382e+00, total loss: 3.6778e+00, Error u,v,p: 9.2193e-01 9.2838e-01 1.8275e-01
It: 3200, Time: 12.20, mse_0: 1.4364e-01, mse_f: 3.2603e+00, total loss: 3.4979e+00, Error u,v,p: 9.0063e-01 9.0557e-01 1.8896e-01
It: 3300, Time: 12.38, mse_0: 1.5533e-01, mse_f: 2.9692e+00, total loss: 3.2089e+00, Error u,v,p: 8.7941e-01 8.9131e-01 1.7470e-01
It: 3400, Time: 12.49, mse_0: 1.6064e-01, mse_f: 2.8890e+00, total loss: 3.1343e+00, Error u,v,p: 8.5690e-01 8.6603e-01 1.7925e-01
It: 3500, Time: 12.43, mse_0: 1.5771e-01, mse_f: 2.7512e+00, total loss: 2.9908e+00, Error u,v,p: 8.2928e-01 8.4110e-01 1.8099e-01
It: 3600, Time: 12.35, mse_0: 1.5047e-01, mse_f: 2.5524e+00, total loss: 2.7757e+00, Error u,v,p: 8.0046e-01 8.0833e-01 1.6289e-01
It: 3700, Time: 12.12, mse_0: 1.4387e-01, mse_f: 2.6001e+00, total loss: 2.8425e+00, Error u,v,p: 7.7211e-01 7.8112e-01 1.5874e-01
It: 3800, Time: 12.35, mse_0: 1.3561e-01, mse_f: 2.3912e+00, total loss: 2.6060e+00, Error u,v,p: 7.4433e-01 7.3797e-01 1.6027e-01
It: 3900, Time: 12.29, mse_0: 1.3144e-01, mse_f: 2.3519e+00, total loss: 2.5920e+00, Error u,v,p: 7.1868e-01 7.0820e-01 1.6340e-01
It: 4000, Time: 12.24, mse_0: 1.2577e-01, mse_f: 2.0598e+00, total loss: 2.2589e+00, Error u,v,p: 6.8760e-01 6.7748e-01 1.5776e-01
It: 4100, Time: 12.41, mse_0: 1.2056e-01, mse_f: 1.9645e+00, total loss: 2.1587e+00, Error u,v,p: 6.6726e-01 6.5184e-01 1.5583e-01
It: 4200, Time: 12.44, mse_0: 1.2016e-01, mse_f: 1.9015e+00, total loss: 2.0928e+00, Error u,v,p: 6.4793e-01 6.3416e-01 1.5219e-01
It: 4300, Time: 12.59, mse_0: 1.1356e-01, mse_f: 1.8211e+00, total loss: 2.0026e+00, Error u,v,p: 6.2406e-01 6.1443e-01 1.5574e-01
It: 4400, Time: 12.18, mse_0: 1.1173e-01, mse_f: 1.7471e+00, total loss: 1.9358e+00, Error u,v,p: 6.0693e-01 6.0457e-01 1.5132e-01
It: 4500, Time: 12.46, mse_0: 1.0354e-01, mse_f: 1.5561e+00, total loss: 1.7236e+00, Error u,v,p: 5.8739e-01 5.8115e-01 1.4946e-01
It: 4600, Time: 11.97, mse_0: 1.0179e-01, mse_f: 1.5148e+00, total loss: 1.6869e+00, Error u,v,p: 5.6480e-01 5.6431e-01 1.4889e-01
It: 4700, Time: 12.12, mse_0: 9.8208e-02, mse_f: 1.4068e+00, total loss: 1.5787e+00, Error u,v,p: 5.4404e-01 5.4882e-01 1.5025e-01
It: 4800, Time: 12.60, mse_0: 9.8590e-02, mse_f: 1.3175e+00, total loss: 1.4954e+00, Error u,v,p: 5.2604e-01 5.2613e-01 1.4274e-01
It: 4900, Time: 12.65, mse_0: 8.7399e-02, mse_f: 1.1903e+00, total loss: 1.3240e+00, Error u,v,p: 5.0612e-01 5.0624e-01 1.4025e-01
It: 5000, Time: 12.54, mse_0: 8.6458e-02, mse_f: 1.1700e+00, total loss: 1.3089e+00, Error u,v,p: 4.9019e-01 4.9698e-01 1.4128e-01
It: 5100, Time: 12.41, mse_0: 8.4168e-02, mse_f: 1.1252e+00, total loss: 1.2673e+00, Error u,v,p: 4.7233e-01 4.7714e-01 1.3804e-01
It: 5200, Time: 12.19, mse_0: 8.5172e-02, mse_f: 1.1136e+00, total loss: 1.2692e+00, Error u,v,p: 4.6116e-01 4.6744e-01 1.3756e-01
It: 5300, Time: 11.90, mse_0: 7.8544e-02, mse_f: 1.0059e+00, total loss: 1.1434e+00, Error u,v,p: 4.4402e-01 4.5283e-01 1.3006e-01
It: 5400, Time: 12.12, mse_0: 7.6619e-02, mse_f: 9.7368e-01, total loss: 1.1139e+00, Error u,v,p: 4.3568e-01 4.3709e-01 1.3259e-01
It: 5500, Time: 12.27, mse_0: 7.6191e-02, mse_f: 8.7123e-01, total loss: 1.0025e+00, Error u,v,p: 4.1720e-01 4.1928e-01 1.1833e-01
It: 5600, Time: 12.35, mse_0: 7.8227e-02, mse_f: 8.6317e-01, total loss: 1.0162e+00, Error u,v,p: 4.0866e-01 4.0978e-01 1.2002e-01
It: 5700, Time: 12.13, mse_0: 7.0971e-02, mse_f: 8.4768e-01, total loss: 9.9630e-01, Error u,v,p: 3.9929e-01 3.9605e-01 1.1638e-01
It: 5800, Time: 11.97, mse_0: 6.9360e-02, mse_f: 7.7164e-01, total loss: 8.9199e-01, Error u,v,p: 3.8946e-01 3.8524e-01 1.1406e-01
It: 5900, Time: 12.07, mse_0: 6.1042e-02, mse_f: 7.0794e-01, total loss: 8.0475e-01, Error u,v,p: 3.7345e-01 3.7186e-01 1.1178e-01
It: 6000, Time: 12.10, mse_0: 5.9822e-02, mse_f: 7.3391e-01, total loss: 8.4005e-01, Error u,v,p: 3.7144e-01 3.6276e-01 1.0717e-01
It: 6100, Time: 12.07, mse_0: 5.6615e-02, mse_f: 6.8652e-01, total loss: 7.8318e-01, Error u,v,p: 3.6250e-01 3.5473e-01 1.0794e-01
It: 6200, Time: 12.35, mse_0: 5.6223e-02, mse_f: 7.3954e-01, total loss: 8.5168e-01, Error u,v,p: 3.4902e-01 3.4386e-01 1.0786e-01
It: 6300, Time: 12.32, mse_0: 5.5878e-02, mse_f: 6.9657e-01, total loss: 8.0989e-01, Error u,v,p: 3.4012e-01 3.4034e-01 1.0573e-01
It: 6400, Time: 12.25, mse_0: 6.1181e-02, mse_f: 6.5115e-01, total loss: 7.8580e-01, Error u,v,p: 3.4275e-01 3.3070e-01 1.0391e-01
It: 6500, Time: 12.13, mse_0: 5.0232e-02, mse_f: 6.7519e-01, total loss: 7.8246e-01, Error u,v,p: 3.3628e-01 3.2169e-01 1.0085e-01
It: 6600, Time: 12.08, mse_0: 5.6425e-02, mse_f: 6.5819e-01, total loss: 7.7973e-01, Error u,v,p: 3.2307e-01 3.2256e-01 1.0195e-01
It: 6700, Time: 12.29, mse_0: 5.0325e-02, mse_f: 6.0991e-01, total loss: 7.1093e-01, Error u,v,p: 3.2406e-01 3.0665e-01 9.7771e-02
It: 6800, Time: 12.00, mse_0: 5.7251e-02, mse_f: 5.6072e-01, total loss: 6.7578e-01, Error u,v,p: 3.1754e-01 3.1179e-01 9.4308e-02
It: 6900, Time: 12.07, mse_0: 5.0019e-02, mse_f: 5.8231e-01, total loss: 6.9827e-01, Error u,v,p: 3.1298e-01 2.9964e-01 9.6336e-02
It: 7000, Time: 11.92, mse_0: 4.5737e-02, mse_f: 5.5941e-01, total loss: 6.5856e-01, Error u,v,p: 3.0101e-01 2.9684e-01 9.8584e-02
It: 7100, Time: 11.96, mse_0: 4.6535e-02, mse_f: 4.5421e-01, total loss: 5.3290e-01, Error u,v,p: 2.9300e-01 2.8372e-01 9.0924e-02
It: 7200, Time: 12.00, mse_0: 4.6254e-02, mse_f: 5.5879e-01, total loss: 6.7384e-01, Error u,v,p: 2.9837e-01 2.8536e-01 9.7163e-02
It: 7300, Time: 12.16, mse_0: 4.2706e-02, mse_f: 4.9308e-01, total loss: 5.8057e-01, Error u,v,p: 2.8810e-01 2.7888e-01 9.4443e-02
It: 7400, Time: 12.09, mse_0: 4.4987e-02, mse_f: 4.7292e-01, total loss: 5.5603e-01, Error u,v,p: 2.8445e-01 2.7411e-01 8.8753e-02
It: 7500, Time: 12.20, mse_0: 5.5135e-02, mse_f: 4.9123e-01, total loss: 5.9953e-01, Error u,v,p: 2.8029e-01 2.7633e-01 9.0419e-02
It: 7600, Time: 12.52, mse_0: 4.2006e-02, mse_f: 4.5213e-01, total loss: 5.3959e-01, Error u,v,p: 2.7208e-01 2.7027e-01 8.8506e-02
It: 7700, Time: 12.21, mse_0: 4.0296e-02, mse_f: 4.1667e-01, total loss: 4.8923e-01, Error u,v,p: 2.6928e-01 2.6518e-01 9.9148e-02
It: 7800, Time: 12.58, mse_0: 3.7789e-02, mse_f: 4.3823e-01, total loss: 5.1487e-01, Error u,v,p: 2.6005e-01 2.6320e-01 9.0846e-02
It: 7900, Time: 12.23, mse_0: 4.0524e-02, mse_f: 3.6206e-01, total loss: 4.3387e-01, Error u,v,p: 2.5483e-01 2.5387e-01 8.5342e-02
It: 8000, Time: 12.14, mse_0: 5.4325e-02, mse_f: 4.7007e-01, total loss: 5.8252e-01, Error u,v,p: 2.7384e-01 2.5751e-01 8.6613e-02
It: 8100, Time: 12.30, mse_0: 3.8227e-02, mse_f: 4.4422e-01, total loss: 5.3392e-01, Error u,v,p: 2.5068e-01 2.5191e-01 8.9892e-02
It: 8200, Time: 12.62, mse_0: 3.7262e-02, mse_f: 3.9370e-01, total loss: 4.6470e-01, Error u,v,p: 2.4712e-01 2.4689e-01 8.5958e-02
It: 8300, Time: 12.15, mse_0: 3.8011e-02, mse_f: 4.3410e-01, total loss: 5.1718e-01, Error u,v,p: 2.5136e-01 2.4913e-01 8.8807e-02
It: 8400, Time: 12.36, mse_0: 3.5273e-02, mse_f: 3.3549e-01, total loss: 4.0779e-01, Error u,v,p: 2.4257e-01 2.3959e-01 8.2385e-02
It: 8500, Time: 12.04, mse_0: 4.1474e-02, mse_f: 3.5538e-01, total loss: 4.5292e-01, Error u,v,p: 2.3874e-01 2.3734e-01 8.1585e-02
It: 8600, Time: 12.22, mse_0: 3.5856e-02, mse_f: 3.9173e-01, total loss: 4.7186e-01, Error u,v,p: 2.4616e-01 2.4454e-01 8.5612e-02
It: 8700, Time: 12.06, mse_0: 3.7169e-02, mse_f: 3.7909e-01, total loss: 4.6155e-01, Error u,v,p: 2.3566e-01 2.3703e-01 9.2633e-02
It: 8800, Time: 12.36, mse_0: 3.1573e-02, mse_f: 3.5869e-01, total loss: 4.2623e-01, Error u,v,p: 2.2890e-01 2.3229e-01 8.4305e-02
It: 8900, Time: 12.47, mse_0: 4.1507e-02, mse_f: 3.5699e-01, total loss: 4.3780e-01, Error u,v,p: 2.3756e-01 2.3310e-01 8.2640e-02
It: 9000, Time: 12.26, mse_0: 3.3148e-02, mse_f: 3.8576e-01, total loss: 4.6901e-01, Error u,v,p: 2.3661e-01 2.3050e-01 8.7636e-02
It: 9100, Time: 12.20, mse_0: 4.0356e-02, mse_f: 3.6301e-01, total loss: 4.7196e-01, Error u,v,p: 2.2937e-01 2.2440e-01 8.3316e-02
It: 9200, Time: 11.90, mse_0: 3.6753e-02, mse_f: 3.0959e-01, total loss: 3.8400e-01, Error u,v,p: 2.1954e-01 2.3056e-01 8.3405e-02
It: 9300, Time: 12.02, mse_0: 3.8345e-02, mse_f: 3.2774e-01, total loss: 4.1815e-01, Error u,v,p: 2.1868e-01 2.2073e-01 8.1482e-02
It: 9400, Time: 12.44, mse_0: 3.7028e-02, mse_f: 3.1449e-01, total loss: 3.9355e-01, Error u,v,p: 2.2206e-01 2.1911e-01 8.2447e-02
It: 9500, Time: 12.21, mse_0: 2.9519e-02, mse_f: 2.5223e-01, total loss: 3.0182e-01, Error u,v,p: 2.1534e-01 2.0726e-01 8.0167e-02
It: 9600, Time: 12.13, mse_0: 3.1268e-02, mse_f: 3.2596e-01, total loss: 3.9316e-01, Error u,v,p: 2.1963e-01 2.1930e-01 8.7223e-02
It: 9700, Time: 11.85, mse_0: 2.9281e-02, mse_f: 3.0469e-01, total loss: 3.7046e-01, Error u,v,p: 2.1973e-01 2.0927e-01 8.1533e-02
It: 9800, Time: 12.00, mse_0: 2.8205e-02, mse_f: 3.0573e-01, total loss: 3.6276e-01, Error u,v,p: 2.0807e-01 2.0903e-01 8.2147e-02
It: 9900, Time: 12.42, mse_0: 3.6995e-02, mse_f: 3.4268e-01, total loss: 4.2816e-01, Error u,v,p: 2.1651e-01 2.2736e-01 9.1037e-02
It: 10000, Time: 12.38, mse_0: 3.1255e-02, mse_f: 2.9935e-01, total loss: 3.7778e-01, Error u,v,p: 2.0672e-01 2.0289e-01 8.1544e-02
It: 10100, Time: 12.33, mse_0: 3.2727e-02, mse_f: 2.8799e-01, total loss: 3.6897e-01, Error u,v,p: 2.0617e-01 2.0584e-01 7.7989e-02
It: 10200, Time: 12.18, mse_0: 3.0026e-02, mse_f: 2.5635e-01, total loss: 3.1734e-01, Error u,v,p: 2.0261e-01 1.9992e-01 7.9322e-02
It: 10300, Time: 12.44, mse_0: 2.7957e-02, mse_f: 2.6360e-01, total loss: 3.2472e-01, Error u,v,p: 2.0460e-01 1.9582e-01 7.7270e-02
It: 10400, Time: 12.48, mse_0: 3.4175e-02, mse_f: 2.6831e-01, total loss: 3.3979e-01, Error u,v,p: 2.0181e-01 2.0842e-01 7.7017e-02
It: 10500, Time: 12.64, mse_0: 3.4928e-02, mse_f: 3.2581e-01, total loss: 4.2356e-01, Error u,v,p: 2.0228e-01 1.9706e-01 7.8053e-02
It: 10600, Time: 12.68, mse_0: 2.8579e-02, mse_f: 2.2613e-01, total loss: 2.8502e-01, Error u,v,p: 1.8901e-01 1.8863e-01 7.4282e-02
It: 10700, Time: 12.28, mse_0: 2.7273e-02, mse_f: 2.7666e-01, total loss: 3.3058e-01, Error u,v,p: 1.9406e-01 1.8914e-01 7.9577e-02
It: 10800, Time: 12.12, mse_0: 2.6777e-02, mse_f: 2.5441e-01, total loss: 3.1179e-01, Error u,v,p: 1.8882e-01 1.8955e-01 7.5836e-02
It: 10900, Time: 12.39, mse_0: 2.7097e-02, mse_f: 2.7207e-01, total loss: 3.3505e-01, Error u,v,p: 1.9147e-01 1.8806e-01 7.5505e-02
It: 11000, Time: 12.23, mse_0: 2.7777e-02, mse_f: 2.6264e-01, total loss: 3.3926e-01, Error u,v,p: 1.9295e-01 1.8882e-01 7.6927e-02
It: 11100, Time: 12.19, mse_0: 2.7073e-02, mse_f: 2.4889e-01, total loss: 3.0605e-01, Error u,v,p: 1.8762e-01 1.8865e-01 7.7874e-02
It: 11200, Time: 12.08, mse_0: 2.5635e-02, mse_f: 3.0342e-01, total loss: 3.7245e-01, Error u,v,p: 1.9221e-01 1.8701e-01 8.1605e-02
It: 11300, Time: 12.29, mse_0: 2.9286e-02, mse_f: 2.0741e-01, total loss: 2.6480e-01, Error u,v,p: 2.0314e-01 1.7878e-01 7.1999e-02
It: 11400, Time: 12.31, mse_0: 2.4932e-02, mse_f: 1.9523e-01, total loss: 2.4790e-01, Error u,v,p: 1.7870e-01 1.8335e-01 7.4287e-02
It: 11500, Time: 12.23, mse_0: 2.6880e-02, mse_f: 2.2314e-01, total loss: 2.8232e-01, Error u,v,p: 1.8571e-01 1.8686e-01 7.1995e-02
It: 11600, Time: 12.47, mse_0: 2.7954e-02, mse_f: 3.0154e-01, total loss: 3.6763e-01, Error u,v,p: 1.8807e-01 1.8012e-01 7.6275e-02
It: 11700, Time: 12.34, mse_0: 2.1378e-02, mse_f: 2.5500e-01, total loss: 3.1066e-01, Error u,v,p: 1.7538e-01 1.8481e-01 7.2731e-02
It: 11800, Time: 12.53, mse_0: 2.0473e-02, mse_f: 1.9920e-01, total loss: 2.4061e-01, Error u,v,p: 1.7388e-01 1.8228e-01 7.1065e-02
It: 11900, Time: 12.17, mse_0: 3.9024e-02, mse_f: 2.7116e-01, total loss: 3.6296e-01, Error u,v,p: 1.7646e-01 1.9666e-01 7.1735e-02
It: 12000, Time: 12.24, mse_0: 2.5041e-02, mse_f: 2.2798e-01, total loss: 2.7855e-01, Error u,v,p: 1.8675e-01 1.8042e-01 7.6290e-02
It: 12100, Time: 12.14, mse_0: 2.0765e-02, mse_f: 2.2673e-01, total loss: 2.6927e-01, Error u,v,p: 1.7233e-01 1.7182e-01 7.3687e-02
It: 12200, Time: 12.15, mse_0: 3.2792e-02, mse_f: 2.6539e-01, total loss: 3.4897e-01, Error u,v,p: 1.7230e-01 1.9102e-01 7.1145e-02
It: 12300, Time: 12.33, mse_0: 2.7091e-02, mse_f: 2.3596e-01, total loss: 2.9470e-01, Error u,v,p: 1.8727e-01 1.7271e-01 7.0039e-02
It: 12400, Time: 12.22, mse_0: 1.9274e-02, mse_f: 2.4584e-01, total loss: 2.9383e-01, Error u,v,p: 1.7263e-01 1.7116e-01 7.1251e-02
It: 12500, Time: 12.09, mse_0: 1.9753e-02, mse_f: 2.0110e-01, total loss: 2.4167e-01, Error u,v,p: 1.6755e-01 1.6566e-01 6.8645e-02
It: 12600, Time: 12.17, mse_0: 2.4632e-02, mse_f: 2.0863e-01, total loss: 2.6418e-01, Error u,v,p: 1.6365e-01 1.7716e-01 7.1490e-02
It: 12700, Time: 12.16, mse_0: 3.0267e-02, mse_f: 2.5199e-01, total loss: 3.2282e-01, Error u,v,p: 1.6517e-01 1.7060e-01 7.1294e-02
It: 12800, Time: 12.06, mse_0: 2.7475e-02, mse_f: 1.9729e-01, total loss: 2.4818e-01, Error u,v,p: 1.7274e-01 1.6623e-01 7.4188e-02
It: 12900, Time: 11.93, mse_0: 2.3587e-02, mse_f: 1.7900e-01, total loss: 2.3294e-01, Error u,v,p: 1.6403e-01 1.6175e-01 6.7203e-02
It: 13000, Time: 11.88, mse_0: 3.3578e-02, mse_f: 2.9837e-01, total loss: 3.8881e-01, Error u,v,p: 1.8368e-01 1.7378e-01 7.5411e-02
It: 13100, Time: 11.80, mse_0: 3.7700e-02, mse_f: 2.3484e-01, total loss: 3.2301e-01, Error u,v,p: 1.8302e-01 1.6809e-01 8.1499e-02
It: 13200, Time: 11.86, mse_0: 3.0902e-02, mse_f: 2.1851e-01, total loss: 2.8047e-01, Error u,v,p: 1.5722e-01 1.8683e-01 6.7963e-02
It: 13300, Time: 12.09, mse_0: 3.0708e-02, mse_f: 2.3925e-01, total loss: 3.2028e-01, Error u,v,p: 1.6095e-01 1.8292e-01 6.9999e-02
It: 13400, Time: 12.08, mse_0: 2.7577e-02, mse_f: 2.3363e-01, total loss: 2.9846e-01, Error u,v,p: 1.6169e-01 1.5830e-01 6.7651e-02
It: 13500, Time: 12.09, mse_0: 2.9340e-02, mse_f: 1.6538e-01, total loss: 2.2734e-01, Error u,v,p: 1.5806e-01 1.7541e-01 6.5696e-02
It: 13600, Time: 11.82, mse_0: 2.9215e-02, mse_f: 1.8896e-01, total loss: 2.5002e-01, Error u,v,p: 1.5251e-01 1.7822e-01 6.7048e-02
It: 13700, Time: 11.71, mse_0: 2.7802e-02, mse_f: 2.4257e-01, total loss: 3.2160e-01, Error u,v,p: 1.5622e-01 1.6589e-01 7.0059e-02
It: 13800, Time: 11.99, mse_0: 1.9714e-02, mse_f: 1.6084e-01, total loss: 2.0137e-01, Error u,v,p: 1.5314e-01 1.5674e-01 6.7234e-02
It: 13900, Time: 11.93, mse_0: 2.9176e-02, mse_f: 2.1089e-01, total loss: 2.7576e-01, Error u,v,p: 1.5325e-01 1.6662e-01 6.7320e-02
It: 14000, Time: 11.94, mse_0: 2.4003e-02, mse_f: 2.3264e-01, total loss: 2.9608e-01, Error u,v,p: 1.6591e-01 1.5679e-01 7.2532e-02
It: 14100, Time: 11.98, mse_0: 2.7679e-02, mse_f: 2.0381e-01, total loss: 2.6361e-01, Error u,v,p: 1.5720e-01 1.6834e-01 6.8297e-02
It: 14200, Time: 12.06, mse_0: 2.0885e-02, mse_f: 1.9065e-01, total loss: 2.4147e-01, Error u,v,p: 1.6181e-01 1.5410e-01 7.0247e-02
It: 14300, Time: 12.06, mse_0: 1.6628e-02, mse_f: 1.5738e-01, total loss: 1.9337e-01, Error u,v,p: 1.5291e-01 1.6060e-01 6.4255e-02
It: 14400, Time: 11.89, mse_0: 2.6321e-02, mse_f: 1.9807e-01, total loss: 2.5439e-01, Error u,v,p: 1.4797e-01 1.6082e-01 6.4947e-02
It: 14500, Time: 12.15, mse_0: 1.6607e-02, mse_f: 1.6754e-01, total loss: 2.1445e-01, Error u,v,p: 1.4550e-01 1.5249e-01 6.4158e-02
It: 14600, Time: 11.99, mse_0: 3.4008e-02, mse_f: 1.7220e-01, total loss: 2.4797e-01, Error u,v,p: 1.7166e-01 1.5957e-01 6.5979e-02
It: 14700, Time: 12.03, mse_0: 2.7975e-02, mse_f: 1.5357e-01, total loss: 2.2940e-01, Error u,v,p: 1.5522e-01 1.5315e-01 6.3541e-02
It: 14800, Time: 11.93, mse_0: 2.2200e-02, mse_f: 2.2623e-01, total loss: 2.8628e-01, Error u,v,p: 1.5011e-01 1.5642e-01 7.1925e-02
It: 14900, Time: 11.98, mse_0: 2.4407e-02, mse_f: 1.6683e-01, total loss: 2.2947e-01, Error u,v,p: 1.5421e-01 1.4782e-01 6.2597e-02
It: 15000, Time: 12.00, mse_0: 2.9390e-02, mse_f: 2.0909e-01, total loss: 2.8190e-01, Error u,v,p: 1.6572e-01 1.4932e-01 6.6575e-02
It: 15100, Time: 11.88, mse_0: 1.6691e-02, mse_f: 2.1647e-01, total loss: 2.7340e-01, Error u,v,p: 1.5192e-01 1.5296e-01 6.7254e-02
It: 15200, Time: 12.01, mse_0: 1.8573e-02, mse_f: 1.7007e-01, total loss: 2.1391e-01, Error u,v,p: 1.4556e-01 1.4590e-01 6.5703e-02
It: 15300, Time: 12.00, mse_0: 2.0536e-02, mse_f: 1.5249e-01, total loss: 1.9767e-01, Error u,v,p: 1.4844e-01 1.4670e-01 6.0958e-02
It: 15400, Time: 12.03, mse_0: 2.4527e-02, mse_f: 1.6319e-01, total loss: 2.1564e-01, Error u,v,p: 1.4044e-01 1.7655e-01 6.4886e-02
It: 15500, Time: 12.05, mse_0: 2.2503e-02, mse_f: 2.2856e-01, total loss: 2.9121e-01, Error u,v,p: 1.4507e-01 1.5735e-01 6.8860e-02
It: 15600, Time: 11.97, mse_0: 1.8814e-02, mse_f: 2.0430e-01, total loss: 2.5629e-01, Error u,v,p: 1.5053e-01 1.4346e-01 6.4745e-02
It: 15700, Time: 12.16, mse_0: 2.0186e-02, mse_f: 1.6518e-01, total loss: 2.0822e-01, Error u,v,p: 1.4193e-01 1.5135e-01 6.3299e-02
It: 15800, Time: 12.17, mse_0: 2.0880e-02, mse_f: 1.4828e-01, total loss: 1.9033e-01, Error u,v,p: 1.4670e-01 1.4851e-01 6.2185e-02
It: 15900, Time: 11.93, mse_0: 2.2409e-02, mse_f: 1.6002e-01, total loss: 2.1017e-01, Error u,v,p: 1.4803e-01 1.4498e-01 6.1922e-02
It: 16000, Time: 12.18, mse_0: 2.7148e-02, mse_f: 1.6708e-01, total loss: 2.3337e-01, Error u,v,p: 1.3454e-01 1.5993e-01 6.5245e-02
It: 16100, Time: 12.07, mse_0: 1.8792e-02, mse_f: 1.7251e-01, total loss: 2.2254e-01, Error u,v,p: 1.4109e-01 1.4912e-01 6.3459e-02
It: 16200, Time: 12.05, mse_0: 3.0069e-02, mse_f: 1.9666e-01, total loss: 2.7689e-01, Error u,v,p: 1.3808e-01 1.7044e-01 6.0436e-02
It: 16300, Time: 12.19, mse_0: 2.0624e-02, mse_f: 1.3851e-01, total loss: 1.8329e-01, Error u,v,p: 1.4070e-01 1.4479e-01 7.4971e-02
It: 16400, Time: 12.29, mse_0: 1.9153e-02, mse_f: 1.8409e-01, total loss: 2.3076e-01, Error u,v,p: 1.5059e-01 1.3847e-01 7.0506e-02
It: 16500, Time: 12.15, mse_0: 1.5777e-02, mse_f: 1.5434e-01, total loss: 1.9215e-01, Error u,v,p: 1.3553e-01 1.4096e-01 6.3933e-02
It: 16600, Time: 12.03, mse_0: 2.2423e-02, mse_f: 1.2859e-01, total loss: 1.7311e-01, Error u,v,p: 1.3271e-01 1.4004e-01 5.9749e-02
It: 16700, Time: 12.26, mse_0: 2.1594e-02, mse_f: 1.4720e-01, total loss: 1.8930e-01, Error u,v,p: 1.4288e-01 1.4219e-01 6.1577e-02
It: 16800, Time: 12.25, mse_0: 2.9985e-02, mse_f: 1.9305e-01, total loss: 2.5706e-01, Error u,v,p: 1.4779e-01 1.5404e-01 6.7093e-02
It: 16900, Time: 12.13, mse_0: 2.4863e-02, mse_f: 1.9412e-01, total loss: 2.4998e-01, Error u,v,p: 1.3468e-01 1.7377e-01 6.3425e-02
It: 17000, Time: 11.88, mse_0: 2.3141e-02, mse_f: 2.1383e-01, total loss: 2.8141e-01, Error u,v,p: 1.3689e-01 1.5442e-01 6.4335e-02
It: 17100, Time: 11.73, mse_0: 2.4319e-02, mse_f: 1.7334e-01, total loss: 2.4051e-01, Error u,v,p: 1.4219e-01 1.5250e-01 7.0900e-02
It: 17200, Time: 11.72, mse_0: 2.7120e-02, mse_f: 1.9549e-01, total loss: 2.6360e-01, Error u,v,p: 1.3551e-01 1.5572e-01 6.4062e-02
It: 17300, Time: 12.10, mse_0: 2.8833e-02, mse_f: 1.8044e-01, total loss: 2.5338e-01, Error u,v,p: 1.5511e-01 1.5371e-01 6.0648e-02
It: 17400, Time: 12.18, mse_0: 2.8233e-02, mse_f: 1.5084e-01, total loss: 2.2045e-01, Error u,v,p: 1.5887e-01 1.4186e-01 6.4923e-02
It: 17500, Time: 12.00, mse_0: 1.5930e-02, mse_f: 1.2713e-01, total loss: 1.6479e-01, Error u,v,p: 1.3689e-01 1.3333e-01 6.4039e-02
It: 17600, Time: 11.63, mse_0: 2.4104e-02, mse_f: 1.6265e-01, total loss: 2.1776e-01, Error u,v,p: 1.4865e-01 1.3299e-01 5.9893e-02
It: 17700, Time: 11.68, mse_0: 1.7634e-02, mse_f: 1.9393e-01, total loss: 2.4494e-01, Error u,v,p: 1.2686e-01 1.4017e-01 6.1570e-02
It: 17800, Time: 12.02, mse_0: 2.3331e-02, mse_f: 1.1614e-01, total loss: 1.7118e-01, Error u,v,p: 1.3929e-01 1.2821e-01 5.7907e-02
It: 17900, Time: 11.88, mse_0: 3.0894e-02, mse_f: 1.9881e-01, total loss: 2.7351e-01, Error u,v,p: 1.3226e-01 1.5339e-01 6.1467e-02
It: 18000, Time: 11.93, mse_0: 2.0555e-02, mse_f: 1.9712e-01, total loss: 2.7127e-01, Error u,v,p: 1.3104e-01 1.3980e-01 6.5236e-02
It: 18100, Time: 11.99, mse_0: 1.8719e-02, mse_f: 2.5179e-01, total loss: 3.2127e-01, Error u,v,p: 1.3862e-01 1.3536e-01 6.9421e-02
It: 18200, Time: 11.95, mse_0: 1.7394e-02, mse_f: 1.1277e-01, total loss: 1.4896e-01, Error u,v,p: 1.3910e-01 1.2636e-01 6.0673e-02
It: 18300, Time: 11.79, mse_0: 1.4211e-02, mse_f: 2.0840e-01, total loss: 2.5944e-01, Error u,v,p: 1.3453e-01 1.3599e-01 6.2586e-02
It: 18400, Time: 12.03, mse_0: 2.3887e-02, mse_f: 1.2996e-01, total loss: 1.8200e-01, Error u,v,p: 1.3592e-01 1.3319e-01 5.7104e-02
It: 18500, Time: 11.93, mse_0: 2.7037e-02, mse_f: 1.9846e-01, total loss: 2.7192e-01, Error u,v,p: 1.2634e-01 1.5212e-01 6.2876e-02
It: 18600, Time: 11.88, mse_0: 1.5175e-02, mse_f: 1.8631e-01, total loss: 2.3178e-01, Error u,v,p: 1.3147e-01 1.3787e-01 6.6118e-02
It: 18700, Time: 11.81, mse_0: 2.0056e-02, mse_f: 1.5584e-01, total loss: 2.2335e-01, Error u,v,p: 1.4708e-01 1.2934e-01 5.9689e-02
It: 18800, Time: 11.88, mse_0: 3.5523e-02, mse_f: 1.6098e-01, total loss: 2.6967e-01, Error u,v,p: 1.3782e-01 1.5177e-01 6.0647e-02
It: 18900, Time: 11.89, mse_0: 2.5149e-02, mse_f: 1.5487e-01, total loss: 2.3539e-01, Error u,v,p: 1.3618e-01 1.4441e-01 6.0961e-02
It: 19000, Time: 11.85, mse_0: 2.0472e-02, mse_f: 1.6018e-01, total loss: 2.1941e-01, Error u,v,p: 1.2515e-01 1.3739e-01 6.2582e-02
It: 19100, Time: 11.87, mse_0: 2.1821e-02, mse_f: 1.1563e-01, total loss: 1.6110e-01, Error u,v,p: 1.2431e-01 1.2778e-01 5.6256e-02
It: 19200, Time: 11.92, mse_0: 3.0003e-02, mse_f: 1.8246e-01, total loss: 2.5421e-01, Error u,v,p: 1.5057e-01 1.3460e-01 5.7672e-02
It: 19300, Time: 11.95, mse_0: 1.5262e-02, mse_f: 1.1425e-01, total loss: 1.4637e-01, Error u,v,p: 1.2442e-01 1.2790e-01 6.4885e-02
It: 19400, Time: 11.90, mse_0: 2.2243e-02, mse_f: 1.0977e-01, total loss: 1.6452e-01, Error u,v,p: 1.2354e-01 1.3100e-01 5.6027e-02
It: 19500, Time: 11.89, mse_0: 1.9992e-02, mse_f: 1.6789e-01, total loss: 2.2708e-01, Error u,v,p: 1.3449e-01 1.3511e-01 6.1305e-02
It: 19600, Time: 11.83, mse_0: 1.3863e-02, mse_f: 1.1279e-01, total loss: 1.4480e-01, Error u,v,p: 1.1944e-01 1.2870e-01 6.0414e-02
It: 19700, Time: 11.97, mse_0: 2.1941e-02, mse_f: 1.6271e-01, total loss: 2.1737e-01, Error u,v,p: 1.2961e-01 1.4654e-01 6.0585e-02
It: 19800, Time: 11.96, mse_0: 1.7515e-02, mse_f: 1.2924e-01, total loss: 1.7415e-01, Error u,v,p: 1.2713e-01 1.2668e-01 5.7953e-02
It: 19900, Time: 11.98, mse_0: 1.4760e-02, mse_f: 1.2202e-01, total loss: 1.5813e-01, Error u,v,p: 1.2326e-01 1.3447e-01 5.6437e-02
It: 20000, Time: 11.89, mse_0: 1.9028e-02, mse_f: 1.8091e-01, total loss: 2.5446e-01, Error u,v,p: 1.2807e-01 1.2792e-01 6.0125e-02
It: 20100, Time: 12.02, mse_0: 1.6253e-02, mse_f: 1.6260e-01, total loss: 2.2194e-01, Error u,v,p: 1.2700e-01 1.2632e-01 6.0989e-02
It: 20200, Time: 11.93, mse_0: 1.3515e-02, mse_f: 1.1639e-01, total loss: 1.5172e-01, Error u,v,p: 1.1817e-01 1.2796e-01 5.5589e-02
It: 20300, Time: 11.96, mse_0: 2.1199e-02, mse_f: 1.3205e-01, total loss: 1.7877e-01, Error u,v,p: 1.3041e-01 1.3502e-01 6.0307e-02
It: 20400, Time: 11.95, mse_0: 1.4140e-02, mse_f: 1.3280e-01, total loss: 1.7129e-01, Error u,v,p: 1.2598e-01 1.2877e-01 6.2838e-02
It: 20500, Time: 12.00, mse_0: 2.0354e-02, mse_f: 1.2981e-01, total loss: 1.7896e-01, Error u,v,p: 1.2535e-01 1.2904e-01 5.5192e-02
It: 20600, Time: 12.07, mse_0: 1.5457e-02, mse_f: 1.6343e-01, total loss: 2.2310e-01, Error u,v,p: 1.2255e-01 1.2332e-01 5.9778e-02
It: 20700, Time: 11.88, mse_0: 1.4138e-02, mse_f: 1.3764e-01, total loss: 1.7270e-01, Error u,v,p: 1.1842e-01 1.2180e-01 5.8489e-02
It: 20800, Time: 11.89, mse_0: 2.6135e-02, mse_f: 2.0408e-01, total loss: 2.8364e-01, Error u,v,p: 1.3706e-01 1.3395e-01 5.9736e-02
It: 20900, Time: 11.99, mse_0: 2.1840e-02, mse_f: 1.6257e-01, total loss: 2.2111e-01, Error u,v,p: 1.2813e-01 1.2363e-01 5.6773e-02
It: 21000, Time: 11.79, mse_0: 1.7607e-02, mse_f: 1.6523e-01, total loss: 2.2232e-01, Error u,v,p: 1.2015e-01 1.2296e-01 6.1390e-02
It: 21100, Time: 11.68, mse_0: 1.3521e-02, mse_f: 9.9685e-02, total loss: 1.3072e-01, Error u,v,p: 1.1640e-01 1.2044e-01 5.4860e-02
It: 21200, Time: 11.74, mse_0: 1.3357e-02, mse_f: 1.2786e-01, total loss: 1.6516e-01, Error u,v,p: 1.1822e-01 1.2780e-01 6.0096e-02
It: 21300, Time: 11.86, mse_0: 1.5619e-02, mse_f: 1.7817e-01, total loss: 2.4637e-01, Error u,v,p: 1.2990e-01 1.2558e-01 5.8862e-02
It: 21400, Time: 11.92, mse_0: 1.1731e-02, mse_f: 1.6553e-01, total loss: 2.1033e-01, Error u,v,p: 1.2182e-01 1.2538e-01 5.7425e-02
It: 21500, Time: 11.97, mse_0: 2.8662e-02, mse_f: 1.2256e-01, total loss: 1.9501e-01, Error u,v,p: 1.3485e-01 1.1596e-01 5.6038e-02
It: 21600, Time: 11.63, mse_0: 2.3303e-02, mse_f: 1.0019e-01, total loss: 1.6064e-01, Error u,v,p: 1.2731e-01 1.2795e-01 5.3943e-02
It: 21700, Time: 11.63, mse_0: 2.8875e-02, mse_f: 1.7765e-01, total loss: 2.5598e-01, Error u,v,p: 1.4798e-01 1.1973e-01 5.9926e-02
It: 21800, Time: 11.77, mse_0: 1.6436e-02, mse_f: 1.4660e-01, total loss: 1.8367e-01, Error u,v,p: 1.1803e-01 1.1858e-01 5.5680e-02
It: 21900, Time: 11.90, mse_0: 1.4282e-02, mse_f: 1.1995e-01, total loss: 1.5184e-01, Error u,v,p: 1.1922e-01 1.1571e-01 5.3297e-02
It: 22000, Time: 11.95, mse_0: 1.6929e-02, mse_f: 1.1652e-01, total loss: 1.5319e-01, Error u,v,p: 1.2533e-01 1.2320e-01 5.7191e-02
It: 22100, Time: 12.00, mse_0: 1.6182e-02, mse_f: 1.2739e-01, total loss: 1.6578e-01, Error u,v,p: 1.1457e-01 1.2499e-01 5.7782e-02
It: 22200, Time: 12.00, mse_0: 1.1836e-02, mse_f: 9.8903e-02, total loss: 1.2890e-01, Error u,v,p: 1.1669e-01 1.1903e-01 5.5531e-02
It: 22300, Time: 11.82, mse_0: 1.2771e-02, mse_f: 1.5295e-01, total loss: 1.9709e-01, Error u,v,p: 1.1453e-01 1.2628e-01 5.7169e-02
It: 22400, Time: 11.92, mse_0: 1.8143e-02, mse_f: 1.0011e-01, total loss: 1.4230e-01, Error u,v,p: 1.2764e-01 1.1693e-01 6.6670e-02
It: 22500, Time: 11.87, mse_0: 2.7861e-02, mse_f: 1.4294e-01, total loss: 2.1907e-01, Error u,v,p: 1.3044e-01 1.2281e-01 5.7656e-02
It: 22600, Time: 12.00, mse_0: 2.5979e-02, mse_f: 1.4691e-01, total loss: 2.1872e-01, Error u,v,p: 1.2439e-01 1.2538e-01 5.4429e-02
It: 22700, Time: 11.83, mse_0: 2.0063e-02, mse_f: 1.4784e-01, total loss: 2.1060e-01, Error u,v,p: 1.3220e-01 1.2237e-01 6.1975e-02
It: 22800, Time: 11.93, mse_0: 1.9970e-02, mse_f: 1.6363e-01, total loss: 2.2848e-01, Error u,v,p: 1.2883e-01 1.2084e-01 5.8915e-02
It: 22900, Time: 11.89, mse_0: 1.5329e-02, mse_f: 1.7417e-01, total loss: 2.3374e-01, Error u,v,p: 1.2433e-01 1.2007e-01 6.2589e-02
It: 23000, Time: 11.94, mse_0: 1.8016e-02, mse_f: 1.4032e-01, total loss: 2.0707e-01, Error u,v,p: 1.1806e-01 1.2316e-01 5.9102e-02
It: 23100, Time: 11.79, mse_0: 1.7316e-02, mse_f: 1.1433e-01, total loss: 1.6835e-01, Error u,v,p: 1.1624e-01 1.1522e-01 5.4853e-02
It: 23200, Time: 11.90, mse_0: 2.1726e-02, mse_f: 1.3993e-01, total loss: 2.0614e-01, Error u,v,p: 1.1504e-01 1.2539e-01 5.8719e-02
It: 23300, Time: 11.93, mse_0: 1.3342e-02, mse_f: 9.6672e-02, total loss: 1.3211e-01, Error u,v,p: 1.0757e-01 1.1484e-01 5.7064e-02
It: 23400, Time: 11.95, mse_0: 1.5838e-02, mse_f: 9.6008e-02, total loss: 1.3016e-01, Error u,v,p: 1.1901e-01 1.1637e-01 5.5802e-02
It: 23500, Time: 11.89, mse_0: 9.7509e-03, mse_f: 1.2259e-01, total loss: 1.5159e-01, Error u,v,p: 1.0944e-01 1.1560e-01 5.1814e-02
It: 23600, Time: 11.91, mse_0: 2.0896e-02, mse_f: 1.6890e-01, total loss: 2.4241e-01, Error u,v,p: 1.1993e-01 1.2792e-01 5.8488e-02
It: 23700, Time: 11.88, mse_0: 2.1380e-02, mse_f: 1.8150e-01, total loss: 2.5449e-01, Error u,v,p: 1.1321e-01 1.3291e-01 5.4763e-02
It: 23800, Time: 11.98, mse_0: 2.5401e-02, mse_f: 1.3114e-01, total loss: 2.2142e-01, Error u,v,p: 1.1939e-01 1.2201e-01 5.6633e-02
It: 23900, Time: 12.23, mse_0: 2.3316e-02, mse_f: 1.7000e-01, total loss: 2.2890e-01, Error u,v,p: 1.2703e-01 1.2300e-01 5.2858e-02
It: 24000, Time: 12.05, mse_0: 1.9984e-02, mse_f: 9.3924e-02, total loss: 1.3527e-01, Error u,v,p: 1.1535e-01 1.1199e-01 5.2947e-02
It: 24100, Time: 12.03, mse_0: 1.0581e-02, mse_f: 7.9953e-02, total loss: 1.0424e-01, Error u,v,p: 1.1085e-01 1.1096e-01 5.7528e-02
It: 24200, Time: 12.04, mse_0: 1.5380e-02, mse_f: 1.5765e-01, total loss: 2.0905e-01, Error u,v,p: 1.1405e-01 1.2086e-01 5.6703e-02
It: 24300, Time: 12.08, mse_0: 1.5732e-02, mse_f: 1.5779e-01, total loss: 2.2416e-01, Error u,v,p: 1.1999e-01 1.2332e-01 5.5793e-02
It: 24400, Time: 12.01, mse_0: 1.1424e-02, mse_f: 1.2440e-01, total loss: 1.5656e-01, Error u,v,p: 1.2022e-01 1.1374e-01 6.0763e-02
It: 24500, Time: 12.02, mse_0: 1.1381e-02, mse_f: 1.3726e-01, total loss: 1.7835e-01, Error u,v,p: 1.0919e-01 1.1248e-01 5.2553e-02
It: 24600, Time: 11.97, mse_0: 1.2868e-02, mse_f: 8.9364e-02, total loss: 1.1676e-01, Error u,v,p: 1.1257e-01 1.0989e-01 4.9867e-02
It: 24700, Time: 12.10, mse_0: 2.1166e-02, mse_f: 1.3117e-01, total loss: 1.8393e-01, Error u,v,p: 1.1949e-01 1.2195e-01 5.3410e-02
It: 24800, Time: 12.23, mse_0: 1.9019e-02, mse_f: 9.8843e-02, total loss: 1.4317e-01, Error u,v,p: 1.0472e-01 1.1715e-01 5.0251e-02
It: 24900, Time: 12.15, mse_0: 2.2117e-02, mse_f: 1.4157e-01, total loss: 2.1259e-01, Error u,v,p: 1.2329e-01 1.3329e-01 5.4088e-02
It: 25000, Time: 12.18, mse_0: 1.6556e-02, mse_f: 1.0320e-01, total loss: 1.4926e-01, Error u,v,p: 1.1047e-01 1.2490e-01 6.3270e-02
It: 25100, Time: 11.85, mse_0: 1.6973e-02, mse_f: 1.1465e-01, total loss: 1.5801e-01, Error u,v,p: 1.1190e-01 1.2089e-01 5.3094e-02
It: 25200, Time: 11.72, mse_0: 1.4104e-02, mse_f: 9.2047e-02, total loss: 1.3351e-01, Error u,v,p: 1.1974e-01 1.1316e-01 5.1448e-02
It: 25300, Time: 12.00, mse_0: 2.1177e-02, mse_f: 1.0511e-01, total loss: 1.6536e-01, Error u,v,p: 1.1495e-01 1.2204e-01 5.1718e-02
It: 25400, Time: 12.09, mse_0: 3.1686e-02, mse_f: 1.0323e-01, total loss: 1.8402e-01, Error u,v,p: 1.1021e-01 1.3510e-01 5.0382e-02
It: 25500, Time: 11.77, mse_0: 1.7079e-02, mse_f: 1.4362e-01, total loss: 2.0973e-01, Error u,v,p: 1.1310e-01 1.0806e-01 5.3502e-02
It: 25600, Time: 11.73, mse_0: 1.1887e-02, mse_f: 1.3100e-01, total loss: 1.6825e-01, Error u,v,p: 1.0861e-01 1.1122e-01 5.2519e-02
It: 25700, Time: 11.81, mse_0: 1.4233e-02, mse_f: 9.3558e-02, total loss: 1.3235e-01, Error u,v,p: 1.0674e-01 1.0854e-01 4.9748e-02
It: 25800, Time: 11.79, mse_0: 1.4689e-02, mse_f: 1.4817e-01, total loss: 1.9838e-01, Error u,v,p: 1.1314e-01 1.1621e-01 5.7137e-02
It: 25900, Time: 11.93, mse_0: 1.5907e-02, mse_f: 9.1393e-02, total loss: 1.3834e-01, Error u,v,p: 1.0826e-01 1.1395e-01 5.1149e-02
It: 26000, Time: 12.03, mse_0: 1.4081e-02, mse_f: 9.6764e-02, total loss: 1.3202e-01, Error u,v,p: 1.0511e-01 1.2135e-01 5.2776e-02
It: 26100, Time: 12.07, mse_0: 1.6646e-02, mse_f: 1.0019e-01, total loss: 1.4447e-01, Error u,v,p: 1.1124e-01 1.1580e-01 5.1498e-02
It: 26200, Time: 11.99, mse_0: 1.8979e-02, mse_f: 1.0658e-01, total loss: 1.6376e-01, Error u,v,p: 1.1449e-01 1.1584e-01 5.0372e-02
It: 26300, Time: 12.10, mse_0: 2.5913e-02, mse_f: 1.0112e-01, total loss: 1.8842e-01, Error u,v,p: 1.1712e-01 1.3251e-01 4.9281e-02
It: 26400, Time: 12.07, mse_0: 1.5164e-02, mse_f: 8.2457e-02, total loss: 1.2197e-01, Error u,v,p: 1.0598e-01 1.2976e-01 5.7105e-02
It: 26500, Time: 12.08, mse_0: 1.0067e-02, mse_f: 8.7932e-02, total loss: 1.1339e-01, Error u,v,p: 1.0670e-01 1.0670e-01 5.0704e-02
It: 26600, Time: 12.11, mse_0: 1.6255e-02, mse_f: 1.1591e-01, total loss: 1.5557e-01, Error u,v,p: 1.1732e-01 1.2034e-01 5.0675e-02
It: 26700, Time: 11.96, mse_0: 1.2695e-02, mse_f: 7.8591e-02, total loss: 1.1347e-01, Error u,v,p: 1.0437e-01 1.0703e-01 5.1633e-02
It: 26800, Time: 11.92, mse_0: 1.9134e-02, mse_f: 1.3566e-01, total loss: 2.0270e-01, Error u,v,p: 1.0802e-01 1.2387e-01 5.1636e-02
It: 26900, Time: 11.89, mse_0: 3.0766e-02, mse_f: 1.0963e-01, total loss: 1.8532e-01, Error u,v,p: 1.0547e-01 1.2758e-01 5.1857e-02
It: 27000, Time: 11.77, mse_0: 1.8261e-02, mse_f: 1.6599e-01, total loss: 2.2444e-01, Error u,v,p: 1.1386e-01 1.2056e-01 6.6141e-02
It: 27100, Time: 11.72, mse_0: 1.3869e-02, mse_f: 8.3742e-02, total loss: 1.2198e-01, Error u,v,p: 1.0597e-01 1.0667e-01 5.5392e-02
It: 27200, Time: 11.84, mse_0: 1.7014e-02, mse_f: 1.2620e-01, total loss: 1.6622e-01, Error u,v,p: 1.2153e-01 1.0982e-01 5.9026e-02
It: 27300, Time: 11.72, mse_0: 3.0455e-02, mse_f: 1.3388e-01, total loss: 2.0528e-01, Error u,v,p: 1.2558e-01 1.3119e-01 4.8889e-02
It: 27400, Time: 11.77, mse_0: 1.3187e-02, mse_f: 9.8049e-02, total loss: 1.3922e-01, Error u,v,p: 1.0644e-01 1.1428e-01 5.3398e-02
It: 27500, Time: 11.86, mse_0: 1.3877e-02, mse_f: 1.5509e-01, total loss: 2.0973e-01, Error u,v,p: 1.1389e-01 1.1100e-01 5.4678e-02
It: 27600, Time: 11.77, mse_0: 1.2272e-02, mse_f: 7.6875e-02, total loss: 1.0222e-01, Error u,v,p: 1.1377e-01 1.0446e-01 5.0297e-02
It: 27700, Time: 11.71, mse_0: 1.0396e-02, mse_f: 1.4843e-01, total loss: 1.9494e-01, Error u,v,p: 1.0306e-01 1.0819e-01 5.5877e-02
It: 27800, Time: 11.84, mse_0: 1.3573e-02, mse_f: 9.7748e-02, total loss: 1.2621e-01, Error u,v,p: 1.0832e-01 1.0382e-01 5.4042e-02
It: 27900, Time: 11.78, mse_0: 2.9671e-02, mse_f: 8.8347e-02, total loss: 1.7351e-01, Error u,v,p: 1.2583e-01 1.1146e-01 4.8388e-02
It: 28000, Time: 11.81, mse_0: 1.5946e-02, mse_f: 9.7032e-02, total loss: 1.3254e-01, Error u,v,p: 1.0522e-01 1.0972e-01 5.3179e-02
It: 28100, Time: 11.76, mse_0: 1.0500e-02, mse_f: 1.7114e-01, total loss: 2.2707e-01, Error u,v,p: 1.1068e-01 1.1411e-01 5.6061e-02
It: 28200, Time: 11.80, mse_0: 1.4705e-02, mse_f: 1.1568e-01, total loss: 1.6702e-01, Error u,v,p: 1.0988e-01 1.0705e-01 5.6030e-02
It: 28300, Time: 11.72, mse_0: 2.5827e-02, mse_f: 1.4593e-01, total loss: 2.1249e-01, Error u,v,p: 1.3416e-01 1.1113e-01 5.4570e-02
It: 28400, Time: 11.72, mse_0: 1.1826e-02, mse_f: 1.7598e-01, total loss: 2.3690e-01, Error u,v,p: 1.0615e-01 1.1225e-01 6.0231e-02
It: 28500, Time: 11.85, mse_0: 1.4672e-02, mse_f: 9.8449e-02, total loss: 1.3572e-01, Error u,v,p: 1.1062e-01 1.1031e-01 5.3871e-02
It: 28600, Time: 12.03, mse_0: 2.3372e-02, mse_f: 9.1137e-02, total loss: 1.5189e-01, Error u,v,p: 1.1427e-01 1.0260e-01 4.8691e-02
It: 28700, Time: 11.83, mse_0: 1.1598e-02, mse_f: 1.5388e-01, total loss: 2.0297e-01, Error u,v,p: 1.0467e-01 1.1208e-01 5.6659e-02
It: 28800, Time: 11.81, mse_0: 1.2484e-02, mse_f: 1.2033e-01, total loss: 1.5924e-01, Error u,v,p: 1.1102e-01 1.0892e-01 5.4652e-02
It: 28900, Time: 11.74, mse_0: 1.3248e-02, mse_f: 1.1754e-01, total loss: 1.6208e-01, Error u,v,p: 1.0384e-01 1.0536e-01 5.4374e-02
It: 29000, Time: 11.85, mse_0: 2.0517e-02, mse_f: 1.2445e-01, total loss: 1.7762e-01, Error u,v,p: 1.2413e-01 1.0894e-01 5.3812e-02
It: 29100, Time: 11.80, mse_0: 2.2212e-02, mse_f: 1.3058e-01, total loss: 1.8766e-01, Error u,v,p: 1.0930e-01 1.2617e-01 5.1582e-02
It: 29200, Time: 11.65, mse_0: 1.4153e-02, mse_f: 1.3980e-01, total loss: 1.9377e-01, Error u,v,p: 1.0527e-01 1.1689e-01 5.1042e-02
It: 29300, Time: 11.83, mse_0: 1.1751e-02, mse_f: 1.5599e-01, total loss: 2.1635e-01, Error u,v,p: 1.0659e-01 1.1166e-01 6.1378e-02
It: 29400, Time: 11.92, mse_0: 1.4887e-02, mse_f: 1.5238e-01, total loss: 2.3562e-01, Error u,v,p: 1.0928e-01 1.1189e-01 5.3363e-02
It: 29500, Time: 11.75, mse_0: 1.7901e-02, mse_f: 1.3009e-01, total loss: 1.8801e-01, Error u,v,p: 1.1949e-01 1.1564e-01 5.0598e-02
It: 29600, Time: 11.85, mse_0: 1.7572e-02, mse_f: 1.0348e-01, total loss: 1.4919e-01, Error u,v,p: 9.9401e-02 1.0513e-01 5.0736e-02
It: 29700, Time: 12.14, mse_0: 2.6893e-02, mse_f: 1.4109e-01, total loss: 2.3219e-01, Error u,v,p: 1.1381e-01 1.2823e-01 6.1749e-02
It: 29800, Time: 12.04, mse_0: 1.3942e-02, mse_f: 9.4030e-02, total loss: 1.4202e-01, Error u,v,p: 1.0604e-01 1.0067e-01 4.9486e-02
It: 29900, Time: 11.84, mse_0: 9.3467e-03, mse_f: 9.6676e-02, total loss: 1.3218e-01, Error u,v,p: 1.0020e-01 1.0475e-01 4.7199e-02
It: 30000, Time: 11.74, mse_0: 2.6991e-02, mse_f: 1.4746e-01, total loss: 2.2735e-01, Error u,v,p: 1.1326e-01 1.1342e-01 4.9824e-02
starting L-BFGS training
It: 100, Time: 12.61, mse_0: 6.3264e-03, mse_f: 5.7478e-02, total loss: 6.8009e-02, Error u,v,p: 9.3719e-02 9.5629e-02 4.6382e-02
It: 200, Time: 13.56, mse_0: 6.2748e-03, mse_f: 5.6882e-02, total loss: 6.7377e-02, Error u,v,p: 9.2947e-02 9.5190e-02 4.6389e-02
It: 300, Time: 13.45, mse_0: 6.2636e-03, mse_f: 5.6185e-02, total loss: 6.6637e-02, Error u,v,p: 9.1979e-02 9.4168e-02 4.6598e-02
It: 400, Time: 13.42, mse_0: 6.2672e-03, mse_f: 5.5378e-02, total loss: 6.5822e-02, Error u,v,p: 9.1247e-02 9.3561e-02 4.6497e-02
It: 500, Time: 13.53, mse_0: 6.2703e-03, mse_f: 5.4532e-02, total loss: 6.4962e-02, Error u,v,p: 9.0625e-02 9.2663e-02 4.6126e-02
It: 600, Time: 13.46, mse_0: 6.2842e-03, mse_f: 5.3576e-02, total loss: 6.4002e-02, Error u,v,p: 9.0009e-02 9.1643e-02 4.5948e-02
It: 700, Time: 13.34, mse_0: 6.3289e-03, mse_f: 5.2553e-02, total loss: 6.2984e-02, Error u,v,p: 8.8946e-02 9.0622e-02 4.5463e-02
It: 800, Time: 13.38, mse_0: 6.2864e-03, mse_f: 5.1521e-02, total loss: 6.1834e-02, Error u,v,p: 8.8060e-02 8.9599e-02 4.5024e-02
It: 900, Time: 13.34, mse_0: 6.2316e-03, mse_f: 5.0543e-02, total loss: 6.0768e-02, Error u,v,p: 8.7398e-02 8.8889e-02 4.5384e-02
It: 1000, Time: 13.38, mse_0: 6.2076e-03, mse_f: 4.9468e-02, total loss: 5.9629e-02, Error u,v,p: 8.6398e-02 8.7614e-02 4.5219e-02
It: 1100, Time: 13.33, mse_0: 6.1632e-03, mse_f: 4.8380e-02, total loss: 5.8461e-02, Error u,v,p: 8.5239e-02 8.6248e-02 4.5019e-02
It: 1200, Time: 13.44, mse_0: 6.1371e-03, mse_f: 4.7477e-02, total loss: 5.7478e-02, Error u,v,p: 8.4091e-02 8.5208e-02 4.4492e-02
It: 1300, Time: 13.41, mse_0: 6.0531e-03, mse_f: 4.6461e-02, total loss: 5.6347e-02, Error u,v,p: 8.3034e-02 8.4292e-02 4.4204e-02
It: 1400, Time: 13.34, mse_0: 6.0277e-03, mse_f: 4.5505e-02, total loss: 5.5306e-02, Error u,v,p: 8.2340e-02 8.3302e-02 4.4024e-02
It: 1500, Time: 13.43, mse_0: 5.9737e-03, mse_f: 4.4510e-02, total loss: 5.4229e-02, Error u,v,p: 8.1585e-02 8.2387e-02 4.3842e-02
It: 1600, Time: 13.47, mse_0: 5.9006e-03, mse_f: 4.3431e-02, total loss: 5.2970e-02, Error u,v,p: 8.0318e-02 8.1111e-02 4.3240e-02
It: 1700, Time: 13.35, mse_0: 5.8110e-03, mse_f: 4.2502e-02, total loss: 5.1865e-02, Error u,v,p: 7.9293e-02 8.0353e-02 4.2959e-02
It: 1800, Time: 13.28, mse_0: 5.7185e-03, mse_f: 4.1618e-02, total loss: 5.0844e-02, Error u,v,p: 7.8032e-02 7.9105e-02 4.2690e-02
It: 1900, Time: 13.25, mse_0: 5.6725e-03, mse_f: 4.0732e-02, total loss: 4.9870e-02, Error u,v,p: 7.7001e-02 7.7991e-02 4.2537e-02
It: 2000, Time: 13.45, mse_0: 5.5708e-03, mse_f: 3.9831e-02, total loss: 4.8816e-02, Error u,v,p: 7.6154e-02 7.7500e-02 4.2730e-02
It: 2100, Time: 13.48, mse_0: 5.4883e-03, mse_f: 3.8909e-02, total loss: 4.7751e-02, Error u,v,p: 7.5227e-02 7.6495e-02 4.2152e-02
It: 2200, Time: 13.36, mse_0: 5.4335e-03, mse_f: 3.8110e-02, total loss: 4.6875e-02, Error u,v,p: 7.4697e-02 7.5722e-02 4.2130e-02
It: 2300, Time: 13.54, mse_0: 5.3595e-03, mse_f: 3.7296e-02, total loss: 4.5951e-02, Error u,v,p: 7.3687e-02 7.5016e-02 4.1853e-02
It: 2400, Time: 13.32, mse_0: 5.2857e-03, mse_f: 3.6558e-02, total loss: 4.5103e-02, Error u,v,p: 7.2960e-02 7.4346e-02 4.1891e-02
It: 2500, Time: 13.50, mse_0: 5.2181e-03, mse_f: 3.5805e-02, total loss: 4.4202e-02, Error u,v,p: 7.1950e-02 7.3492e-02 4.1626e-02
It: 2600, Time: 13.41, mse_0: 5.1421e-03, mse_f: 3.5048e-02, total loss: 4.3323e-02, Error u,v,p: 7.1143e-02 7.2934e-02 4.1147e-02
It: 2700, Time: 13.44, mse_0: 5.0576e-03, mse_f: 3.4345e-02, total loss: 4.2494e-02, Error u,v,p: 7.0407e-02 7.2045e-02 4.0940e-02
It: 2800, Time: 13.34, mse_0: 4.9750e-03, mse_f: 3.3713e-02, total loss: 4.1747e-02, Error u,v,p: 6.9551e-02 7.1548e-02 4.0471e-02
It: 2900, Time: 13.45, mse_0: 4.8994e-03, mse_f: 3.2983e-02, total loss: 4.0893e-02, Error u,v,p: 6.8779e-02 7.0896e-02 4.0422e-02
It: 3000, Time: 13.37, mse_0: 4.8373e-03, mse_f: 3.2350e-02, total loss: 4.0119e-02, Error u,v,p: 6.8346e-02 7.0216e-02 4.0091e-02
It: 3100, Time: 13.35, mse_0: 4.7705e-03, mse_f: 3.1784e-02, total loss: 3.9431e-02, Error u,v,p: 6.7789e-02 6.9494e-02 4.0173e-02
It: 3200, Time: 13.48, mse_0: 4.7164e-03, mse_f: 3.1213e-02, total loss: 3.8761e-02, Error u,v,p: 6.7210e-02 6.8489e-02 3.9918e-02
It: 3300, Time: 13.45, mse_0: 4.6569e-03, mse_f: 3.0588e-02, total loss: 3.8059e-02, Error u,v,p: 6.6312e-02 6.7758e-02 3.9536e-02
It: 3400, Time: 13.42, mse_0: 4.5831e-03, mse_f: 3.0064e-02, total loss: 3.7414e-02, Error u,v,p: 6.5721e-02 6.7184e-02 3.9188e-02
It: 3500, Time: 13.41, mse_0: 4.5394e-03, mse_f: 2.9579e-02, total loss: 3.6838e-02, Error u,v,p: 6.4968e-02 6.6709e-02 3.9024e-02
It: 3600, Time: 13.39, mse_0: 4.4741e-03, mse_f: 2.9126e-02, total loss: 3.6274e-02, Error u,v,p: 6.4529e-02 6.6128e-02 3.8652e-02
It: 3700, Time: 13.46, mse_0: 4.4083e-03, mse_f: 2.8699e-02, total loss: 3.5727e-02, Error u,v,p: 6.4024e-02 6.5645e-02 3.8683e-02
It: 3800, Time: 13.37, mse_0: 4.3270e-03, mse_f: 2.8227e-02, total loss: 3.5152e-02, Error u,v,p: 6.3513e-02 6.4878e-02 3.8218e-02
It: 3900, Time: 13.42, mse_0: 4.2586e-03, mse_f: 2.7755e-02, total loss: 3.4582e-02, Error u,v,p: 6.3165e-02 6.4184e-02 3.8132e-02
It: 4000, Time: 13.38, mse_0: 4.1875e-03, mse_f: 2.7298e-02, total loss: 3.4019e-02, Error u,v,p: 6.2498e-02 6.3639e-02 3.7714e-02
It: 4100, Time: 13.41, mse_0: 4.1151e-03, mse_f: 2.6883e-02, total loss: 3.3506e-02, Error u,v,p: 6.1957e-02 6.3198e-02 3.7296e-02
It: 4200, Time: 13.41, mse_0: 4.0478e-03, mse_f: 2.6477e-02, total loss: 3.3014e-02, Error u,v,p: 6.1704e-02 6.2476e-02 3.6909e-02
It: 4300, Time: 13.38, mse_0: 4.0116e-03, mse_f: 2.6024e-02, total loss: 3.2494e-02, Error u,v,p: 6.1164e-02 6.1869e-02 3.6514e-02
It: 4400, Time: 13.31, mse_0: 3.9817e-03, mse_f: 2.5607e-02, total loss: 3.2052e-02, Error u,v,p: 6.0578e-02 6.1619e-02 3.6174e-02
It: 4500, Time: 13.38, mse_0: 3.9109e-03, mse_f: 2.5232e-02, total loss: 3.1536e-02, Error u,v,p: 6.0352e-02 6.1498e-02 3.5924e-02
It: 4600, Time: 13.51, mse_0: 3.8524e-03, mse_f: 2.4834e-02, total loss: 3.1037e-02, Error u,v,p: 5.9760e-02 6.0860e-02 3.5585e-02
It: 4700, Time: 13.35, mse_0: 3.8077e-03, mse_f: 2.4471e-02, total loss: 3.0604e-02, Error u,v,p: 5.9341e-02 6.0525e-02 3.5316e-02
It: 4800, Time: 13.36, mse_0: 3.7627e-03, mse_f: 2.4101e-02, total loss: 3.0156e-02, Error u,v,p: 5.8637e-02 6.0046e-02 3.5196e-02
It: 4900, Time: 13.33, mse_0: 3.7119e-03, mse_f: 2.3804e-02, total loss: 2.9783e-02, Error u,v,p: 5.8107e-02 5.9681e-02 3.5049e-02
It: 5000, Time: 13.26, mse_0: 3.6770e-03, mse_f: 2.3442e-02, total loss: 2.9356e-02, Error u,v,p: 5.7692e-02 5.9232e-02 3.4945e-02
It: 5100, Time: 13.44, mse_0: 3.6340e-03, mse_f: 2.3138e-02, total loss: 2.8959e-02, Error u,v,p: 5.7345e-02 5.8965e-02 3.4849e-02
It: 5200, Time: 13.36, mse_0: 3.5834e-03, mse_f: 2.2835e-02, total loss: 2.8578e-02, Error u,v,p: 5.6879e-02 5.8520e-02 3.4666e-02
It: 5300, Time: 13.41, mse_0: 3.5344e-03, mse_f: 2.2523e-02, total loss: 2.8197e-02, Error u,v,p: 5.6589e-02 5.8111e-02 3.4581e-02
It: 5400, Time: 13.33, mse_0: 3.4899e-03, mse_f: 2.2216e-02, total loss: 2.7831e-02, Error u,v,p: 5.6281e-02 5.7780e-02 3.4560e-02
It: 5500, Time: 13.34, mse_0: 3.4511e-03, mse_f: 2.1954e-02, total loss: 2.7514e-02, Error u,v,p: 5.5944e-02 5.7446e-02 3.4392e-02
It: 5600, Time: 13.36, mse_0: 3.4219e-03, mse_f: 2.1695e-02, total loss: 2.7198e-02, Error u,v,p: 5.5651e-02 5.6980e-02 3.4306e-02
It: 5700, Time: 13.34, mse_0: 3.3879e-03, mse_f: 2.1440e-02, total loss: 2.6881e-02, Error u,v,p: 5.5484e-02 5.6734e-02 3.4015e-02
It: 5800, Time: 13.48, mse_0: 3.3505e-03, mse_f: 2.1196e-02, total loss: 2.6584e-02, Error u,v,p: 5.5256e-02 5.6123e-02 3.3895e-02
It: 5900, Time: 13.37, mse_0: 3.3130e-03, mse_f: 2.0941e-02, total loss: 2.6261e-02, Error u,v,p: 5.4949e-02 5.5688e-02 3.3718e-02
It: 6000, Time: 13.24, mse_0: 3.2759e-03, mse_f: 2.0658e-02, total loss: 2.5926e-02, Error u,v,p: 5.4603e-02 5.5480e-02 3.3546e-02
It: 6100, Time: 13.34, mse_0: 3.2384e-03, mse_f: 2.0408e-02, total loss: 2.5611e-02, Error u,v,p: 5.4299e-02 5.4945e-02 3.3191e-02
It: 6200, Time: 13.48, mse_0: 3.2061e-03, mse_f: 2.0181e-02, total loss: 2.5319e-02, Error u,v,p: 5.3874e-02 5.4616e-02 3.2755e-02
It: 6300, Time: 13.48, mse_0: 3.1753e-03, mse_f: 1.9940e-02, total loss: 2.5024e-02, Error u,v,p: 5.3336e-02 5.4106e-02 3.2349e-02
It: 6400, Time: 13.31, mse_0: 3.1517e-03, mse_f: 1.9725e-02, total loss: 2.4766e-02, Error u,v,p: 5.2918e-02 5.3959e-02 3.2359e-02
It: 6500, Time: 13.34, mse_0: 3.1050e-03, mse_f: 1.9491e-02, total loss: 2.4450e-02, Error u,v,p: 5.2663e-02 5.3489e-02 3.2249e-02
It: 6600, Time: 13.66, mse_0: 3.0669e-03, mse_f: 1.9286e-02, total loss: 2.4179e-02, Error u,v,p: 5.2338e-02 5.3351e-02 3.2180e-02
It: 6700, Time: 13.46, mse_0: 3.0395e-03, mse_f: 1.9053e-02, total loss: 2.3902e-02, Error u,v,p: 5.2038e-02 5.3181e-02 3.2057e-02
It: 6800, Time: 13.30, mse_0: 3.0087e-03, mse_f: 1.8836e-02, total loss: 2.3633e-02, Error u,v,p: 5.1845e-02 5.3112e-02 3.1872e-02
It: 6900, Time: 13.59, mse_0: 2.9851e-03, mse_f: 1.8648e-02, total loss: 2.3406e-02, Error u,v,p: 5.1459e-02 5.2671e-02 3.1709e-02
It: 7000, Time: 13.58, mse_0: 2.9598e-03, mse_f: 1.8441e-02, total loss: 2.3149e-02, Error u,v,p: 5.1114e-02 5.2391e-02 3.1520e-02
It: 7100, Time: 13.55, mse_0: 2.9270e-03, mse_f: 1.8239e-02, total loss: 2.2885e-02, Error u,v,p: 5.0795e-02 5.2189e-02 3.1371e-02
It: 7200, Time: 13.67, mse_0: 2.8933e-03, mse_f: 1.8036e-02, total loss: 2.2619e-02, Error u,v,p: 5.0577e-02 5.1888e-02 3.1270e-02
It: 7300, Time: 13.71, mse_0: 2.8627e-03, mse_f: 1.7863e-02, total loss: 2.2390e-02, Error u,v,p: 5.0233e-02 5.1604e-02 3.1038e-02
It: 7400, Time: 13.73, mse_0: 2.8203e-03, mse_f: 1.7656e-02, total loss: 2.2122e-02, Error u,v,p: 4.9786e-02 5.1289e-02 3.1066e-02
It: 7500, Time: 13.50, mse_0: 2.7939e-03, mse_f: 1.7496e-02, total loss: 2.1917e-02, Error u,v,p: 4.9590e-02 5.1011e-02 3.0834e-02
It: 7600, Time: 13.42, mse_0: 2.7526e-03, mse_f: 1.7320e-02, total loss: 2.1669e-02, Error u,v,p: 4.9502e-02 5.0849e-02 3.0587e-02
It: 7700, Time: 13.38, mse_0: 2.7300e-03, mse_f: 1.7150e-02, total loss: 2.1455e-02, Error u,v,p: 4.9436e-02 5.0822e-02 3.0592e-02
It: 7800, Time: 13.52, mse_0: 2.7135e-03, mse_f: 1.6990e-02, total loss: 2.1256e-02, Error u,v,p: 4.9169e-02 5.0465e-02 3.0506e-02
It: 7900, Time: 13.59, mse_0: 2.6951e-03, mse_f: 1.6818e-02, total loss: 2.1046e-02, Error u,v,p: 4.8800e-02 5.0243e-02 3.0222e-02
It: 8000, Time: 13.51, mse_0: 2.6699e-03, mse_f: 1.6645e-02, total loss: 2.0821e-02, Error u,v,p: 4.8478e-02 4.9950e-02 3.0045e-02
It: 8100, Time: 13.52, mse_0: 2.6429e-03, mse_f: 1.6477e-02, total loss: 2.0617e-02, Error u,v,p: 4.8226e-02 4.9844e-02 2.9805e-02
It: 8200, Time: 13.62, mse_0: 2.6204e-03, mse_f: 1.6320e-02, total loss: 2.0422e-02, Error u,v,p: 4.8067e-02 4.9523e-02 2.9663e-02
It: 8300, Time: 13.51, mse_0: 2.6028e-03, mse_f: 1.6155e-02, total loss: 2.0226e-02, Error u,v,p: 4.7766e-02 4.9353e-02 2.9650e-02
It: 8400, Time: 13.67, mse_0: 2.5796e-03, mse_f: 1.5987e-02, total loss: 2.0018e-02, Error u,v,p: 4.7454e-02 4.8993e-02 2.9663e-02
It: 8500, Time: 13.43, mse_0: 2.5575e-03, mse_f: 1.5811e-02, total loss: 1.9806e-02, Error u,v,p: 4.7115e-02 4.8633e-02 2.9491e-02
It: 8600, Time: 13.52, mse_0: 2.5403e-03, mse_f: 1.5669e-02, total loss: 1.9626e-02, Error u,v,p: 4.6744e-02 4.8288e-02 2.9352e-02
It: 8700, Time: 13.41, mse_0: 2.5237e-03, mse_f: 1.5517e-02, total loss: 1.9443e-02, Error u,v,p: 4.6520e-02 4.8148e-02 2.9265e-02
It: 8800, Time: 13.54, mse_0: 2.5052e-03, mse_f: 1.5370e-02, total loss: 1.9262e-02, Error u,v,p: 4.6349e-02 4.7877e-02 2.9459e-02
It: 8900, Time: 13.60, mse_0: 2.4797e-03, mse_f: 1.5224e-02, total loss: 1.9074e-02, Error u,v,p: 4.6123e-02 4.7540e-02 2.9300e-02
It: 9000, Time: 13.72, mse_0: 2.4542e-03, mse_f: 1.5091e-02, total loss: 1.8899e-02, Error u,v,p: 4.5987e-02 4.7279e-02 2.8849e-02
It: 9100, Time: 13.69, mse_0: 2.4383e-03, mse_f: 1.4953e-02, total loss: 1.8738e-02, Error u,v,p: 4.5661e-02 4.7124e-02 2.8828e-02
It: 9200, Time: 13.71, mse_0: 2.4147e-03, mse_f: 1.4807e-02, total loss: 1.8554e-02, Error u,v,p: 4.5497e-02 4.6767e-02 2.8657e-02
It: 9300, Time: 13.64, mse_0: 2.3923e-03, mse_f: 1.4656e-02, total loss: 1.8368e-02, Error u,v,p: 4.5230e-02 4.6447e-02 2.8321e-02
It: 9400, Time: 13.62, mse_0: 2.3730e-03, mse_f: 1.4504e-02, total loss: 1.8182e-02, Error u,v,p: 4.4850e-02 4.6229e-02 2.8327e-02
It: 9500, Time: 13.67, mse_0: 2.3479e-03, mse_f: 1.4374e-02, total loss: 1.8016e-02, Error u,v,p: 4.4617e-02 4.5989e-02 2.8108e-02
It: 9600, Time: 13.67, mse_0: 2.3279e-03, mse_f: 1.4263e-02, total loss: 1.7868e-02, Error u,v,p: 4.4472e-02 4.5885e-02 2.8014e-02
It: 9700, Time: 13.69, mse_0: 2.3061e-03, mse_f: 1.4139e-02, total loss: 1.7718e-02, Error u,v,p: 4.4249e-02 4.5697e-02 2.8006e-02
It: 9800, Time: 13.66, mse_0: 2.2867e-03, mse_f: 1.4015e-02, total loss: 1.7566e-02, Error u,v,p: 4.3942e-02 4.5531e-02 2.8037e-02
It: 9900, Time: 13.70, mse_0: 2.2564e-03, mse_f: 1.3902e-02, total loss: 1.7408e-02, Error u,v,p: 4.3862e-02 4.5572e-02 2.7908e-02
It: 10000, Time: 13.51, mse_0: 2.2342e-03, mse_f: 1.3771e-02, total loss: 1.7243e-02, Error u,v,p: 4.3580e-02 4.5324e-02 2.7888e-02
It: 10100, Time: 13.60, mse_0: 2.2153e-03, mse_f: 1.3654e-02, total loss: 1.7093e-02, Error u,v,p: 4.3441e-02 4.4942e-02 2.7692e-02
It: 10200, Time: 13.54, mse_0: 2.1854e-03, mse_f: 1.3553e-02, total loss: 1.6947e-02, Error u,v,p: 4.3133e-02 4.4650e-02 2.7378e-02
It: 10300, Time: 13.51, mse_0: 2.1752e-03, mse_f: 1.3446e-02, total loss: 1.6817e-02, Error u,v,p: 4.3050e-02 4.4595e-02 2.7439e-02
It: 10400, Time: 13.63, mse_0: 2.1637e-03, mse_f: 1.3331e-02, total loss: 1.6684e-02, Error u,v,p: 4.2833e-02 4.4415e-02 2.7414e-02
It: 10500, Time: 13.51, mse_0: 2.1459e-03, mse_f: 1.3215e-02, total loss: 1.6539e-02, Error u,v,p: 4.2765e-02 4.4190e-02 2.7415e-02
It: 10600, Time: 13.51, mse_0: 2.1257e-03, mse_f: 1.3109e-02, total loss: 1.6397e-02, Error u,v,p: 4.2648e-02 4.3910e-02 2.7248e-02
It: 10700, Time: 13.53, mse_0: 2.1013e-03, mse_f: 1.3000e-02, total loss: 1.6247e-02, Error u,v,p: 4.2475e-02 4.3754e-02 2.7111e-02
It: 10800, Time: 13.60, mse_0: 2.0788e-03, mse_f: 1.2898e-02, total loss: 1.6113e-02, Error u,v,p: 4.2369e-02 4.3473e-02 2.6906e-02
It: 10900, Time: 13.42, mse_0: 2.0592e-03, mse_f: 1.2797e-02, total loss: 1.5982e-02, Error u,v,p: 4.2193e-02 4.3139e-02 2.6752e-02
It: 11000, Time: 13.49, mse_0: 2.0459e-03, mse_f: 1.2691e-02, total loss: 1.5861e-02, Error u,v,p: 4.2044e-02 4.2976e-02 2.6743e-02
It: 11100, Time: 13.70, mse_0: 2.0339e-03, mse_f: 1.2584e-02, total loss: 1.5733e-02, Error u,v,p: 4.1900e-02 4.2791e-02 2.6734e-02
It: 11200, Time: 13.50, mse_0: 2.0144e-03, mse_f: 1.2479e-02, total loss: 1.5601e-02, Error u,v,p: 4.1692e-02 4.2557e-02 2.6528e-02
It: 11300, Time: 13.56, mse_0: 1.9956e-03, mse_f: 1.2388e-02, total loss: 1.5479e-02, Error u,v,p: 4.1553e-02 4.2564e-02 2.6511e-02
It: 11400, Time: 13.46, mse_0: 1.9790e-03, mse_f: 1.2287e-02, total loss: 1.5348e-02, Error u,v,p: 4.1633e-02 4.2523e-02 2.6281e-02
It: 11500, Time: 13.51, mse_0: 1.9648e-03, mse_f: 1.2187e-02, total loss: 1.5230e-02, Error u,v,p: 4.1399e-02 4.2394e-02 2.6208e-02
It: 11600, Time: 13.66, mse_0: 1.9455e-03, mse_f: 1.2093e-02, total loss: 1.5113e-02, Error u,v,p: 4.1172e-02 4.2352e-02 2.6085e-02
It: 11700, Time: 13.51, mse_0: 1.9253e-03, mse_f: 1.1996e-02, total loss: 1.4982e-02, Error u,v,p: 4.0967e-02 4.2038e-02 2.5960e-02
It: 11800, Time: 13.54, mse_0: 1.9078e-03, mse_f: 1.1901e-02, total loss: 1.4862e-02, Error u,v,p: 4.0760e-02 4.1693e-02 2.5869e-02
It: 11900, Time: 13.53, mse_0: 1.8923e-03, mse_f: 1.1799e-02, total loss: 1.4737e-02, Error u,v,p: 4.0593e-02 4.1466e-02 2.5788e-02
It: 12000, Time: 13.58, mse_0: 1.8777e-03, mse_f: 1.1709e-02, total loss: 1.4622e-02, Error u,v,p: 4.0458e-02 4.1243e-02 2.5717e-02
It: 12100, Time: 13.45, mse_0: 1.8663e-03, mse_f: 1.1615e-02, total loss: 1.4509e-02, Error u,v,p: 4.0286e-02 4.1143e-02 2.5520e-02
It: 12200, Time: 13.53, mse_0: 1.8557e-03, mse_f: 1.1525e-02, total loss: 1.4401e-02, Error u,v,p: 4.0162e-02 4.0899e-02 2.5528e-02
It: 12300, Time: 13.59, mse_0: 1.8444e-03, mse_f: 1.1437e-02, total loss: 1.4294e-02, Error u,v,p: 4.0078e-02 4.0769e-02 2.5506e-02
It: 12400, Time: 13.57, mse_0: 1.8312e-03, mse_f: 1.1350e-02, total loss: 1.4185e-02, Error u,v,p: 3.9955e-02 4.0556e-02 2.5457e-02
It: 12500, Time: 13.67, mse_0: 1.8144e-03, mse_f: 1.1259e-02, total loss: 1.4073e-02, Error u,v,p: 3.9780e-02 4.0284e-02 2.5380e-02
It: 12600, Time: 13.71, mse_0: 1.7960e-03, mse_f: 1.1176e-02, total loss: 1.3958e-02, Error u,v,p: 3.9826e-02 4.0116e-02 2.5423e-02
It: 12700, Time: 13.59, mse_0: 1.7834e-03, mse_f: 1.1089e-02, total loss: 1.3855e-02, Error u,v,p: 3.9686e-02 3.9971e-02 2.5428e-02
It: 12800, Time: 13.66, mse_0: 1.7721e-03, mse_f: 1.1012e-02, total loss: 1.3759e-02, Error u,v,p: 3.9494e-02 3.9849e-02 2.5365e-02
It: 12900, Time: 13.56, mse_0: 1.7544e-03, mse_f: 1.0932e-02, total loss: 1.3653e-02, Error u,v,p: 3.9417e-02 3.9551e-02 2.5477e-02
It: 13000, Time: 13.62, mse_0: 1.7408e-03, mse_f: 1.0860e-02, total loss: 1.3564e-02, Error u,v,p: 3.9101e-02 3.9474e-02 2.5486e-02
It: 13100, Time: 13.65, mse_0: 1.7241e-03, mse_f: 1.0788e-02, total loss: 1.3465e-02, Error u,v,p: 3.8900e-02 3.9389e-02 2.5310e-02
It: 13200, Time: 13.66, mse_0: 1.7079e-03, mse_f: 1.0704e-02, total loss: 1.3356e-02, Error u,v,p: 3.8782e-02 3.9201e-02 2.5205e-02
It: 13300, Time: 13.59, mse_0: 1.6940e-03, mse_f: 1.0630e-02, total loss: 1.3260e-02, Error u,v,p: 3.8721e-02 3.8956e-02 2.5059e-02
It: 13400, Time: 13.57, mse_0: 1.6830e-03, mse_f: 1.0556e-02, total loss: 1.3172e-02, Error u,v,p: 3.8561e-02 3.8773e-02 2.5086e-02
It: 13500, Time: 13.87, mse_0: 1.6745e-03, mse_f: 1.0484e-02, total loss: 1.3087e-02, Error u,v,p: 3.8412e-02 3.8602e-02 2.4970e-02
It: 13600, Time: 13.68, mse_0: 1.6678e-03, mse_f: 1.0402e-02, total loss: 1.2989e-02, Error u,v,p: 3.8258e-02 3.8448e-02 2.4915e-02
It: 13700, Time: 13.67, mse_0: 1.6577e-03, mse_f: 1.0323e-02, total loss: 1.2894e-02, Error u,v,p: 3.8108e-02 3.8287e-02 2.4788e-02
It: 13800, Time: 13.48, mse_0: 1.6470e-03, mse_f: 1.0249e-02, total loss: 1.2804e-02, Error u,v,p: 3.8036e-02 3.8099e-02 2.4692e-02
It: 13900, Time: 13.48, mse_0: 1.6381e-03, mse_f: 1.0178e-02, total loss: 1.2715e-02, Error u,v,p: 3.7895e-02 3.7920e-02 2.4491e-02
It: 14000, Time: 13.48, mse_0: 1.6303e-03, mse_f: 1.0112e-02, total loss: 1.2636e-02, Error u,v,p: 3.7755e-02 3.7876e-02 2.4365e-02
It: 14100, Time: 13.60, mse_0: 1.6205e-03, mse_f: 1.0043e-02, total loss: 1.2547e-02, Error u,v,p: 3.7672e-02 3.7645e-02 2.4313e-02
It: 14200, Time: 13.59, mse_0: 1.6115e-03, mse_f: 9.9793e-03, total loss: 1.2466e-02, Error u,v,p: 3.7460e-02 3.7464e-02 2.4262e-02
It: 14300, Time: 13.50, mse_0: 1.6013e-03, mse_f: 9.9155e-03, total loss: 1.2385e-02, Error u,v,p: 3.7341e-02 3.7332e-02 2.4185e-02
It: 14400, Time: 13.52, mse_0: 1.5935e-03, mse_f: 9.8490e-03, total loss: 1.2303e-02, Error u,v,p: 3.7200e-02 3.7154e-02 2.4063e-02
It: 14500, Time: 13.19, mse_0: 1.5843e-03, mse_f: 9.7849e-03, total loss: 1.2220e-02, Error u,v,p: 3.7144e-02 3.6905e-02 2.3958e-02
It: 14600, Time: 13.54, mse_0: 1.5726e-03, mse_f: 9.7183e-03, total loss: 1.2139e-02, Error u,v,p: 3.7041e-02 3.6742e-02 2.3884e-02
It: 14700, Time: 13.47, mse_0: 1.5610e-03, mse_f: 9.6510e-03, total loss: 1.2054e-02, Error u,v,p: 3.6977e-02 3.6579e-02 2.3856e-02
It: 14800, Time: 13.71, mse_0: 1.5501e-03, mse_f: 9.5794e-03, total loss: 1.1969e-02, Error u,v,p: 3.6757e-02 3.6456e-02 2.3838e-02
It: 14900, Time: 13.49, mse_0: 1.5440e-03, mse_f: 9.5129e-03, total loss: 1.1893e-02, Error u,v,p: 3.6553e-02 3.6347e-02 2.3878e-02
It: 15000, Time: 13.62, mse_0: 1.5361e-03, mse_f: 9.4484e-03, total loss: 1.1816e-02, Error u,v,p: 3.6415e-02 3.6172e-02 2.3751e-02
It: 15100, Time: 13.75, mse_0: 1.5285e-03, mse_f: 9.3843e-03, total loss: 1.1738e-02, Error u,v,p: 3.6294e-02 3.5916e-02 2.3737e-02
It: 15200, Time: 13.53, mse_0: 1.5219e-03, mse_f: 9.3188e-03, total loss: 1.1659e-02, Error u,v,p: 3.6129e-02 3.5826e-02 2.3645e-02
It: 15300, Time: 13.47, mse_0: 1.5146e-03, mse_f: 9.2569e-03, total loss: 1.1584e-02, Error u,v,p: 3.6005e-02 3.5771e-02 2.3563e-02
It: 15400, Time: 13.38, mse_0: 1.5059e-03, mse_f: 9.1982e-03, total loss: 1.1511e-02, Error u,v,p: 3.5900e-02 3.5648e-02 2.3479e-02
It: 15500, Time: 13.71, mse_0: 1.4993e-03, mse_f: 9.1394e-03, total loss: 1.1442e-02, Error u,v,p: 3.5813e-02 3.5406e-02 2.3481e-02
It: 15600, Time: 13.44, mse_0: 1.4899e-03, mse_f: 9.0814e-03, total loss: 1.1367e-02, Error u,v,p: 3.5637e-02 3.5412e-02 2.3413e-02
It: 15700, Time: 13.47, mse_0: 1.4797e-03, mse_f: 9.0225e-03, total loss: 1.1297e-02, Error u,v,p: 3.5513e-02 3.5272e-02 2.3427e-02
It: 15800, Time: 13.75, mse_0: 1.4709e-03, mse_f: 8.9632e-03, total loss: 1.1226e-02, Error u,v,p: 3.5345e-02 3.5124e-02 2.3404e-02
It: 15900, Time: 13.46, mse_0: 1.4630e-03, mse_f: 8.9008e-03, total loss: 1.1147e-02, Error u,v,p: 3.5180e-02 3.4923e-02 2.3304e-02
It: 16000, Time: 13.55, mse_0: 1.4579e-03, mse_f: 8.8424e-03, total loss: 1.1078e-02, Error u,v,p: 3.5120e-02 3.4894e-02 2.3237e-02
It: 16100, Time: 13.50, mse_0: 1.4519e-03, mse_f: 8.7914e-03, total loss: 1.1016e-02, Error u,v,p: 3.4995e-02 3.4740e-02 2.3195e-02
It: 16200, Time: 13.55, mse_0: 1.4453e-03, mse_f: 8.7354e-03, total loss: 1.0950e-02, Error u,v,p: 3.4833e-02 3.4564e-02 2.3094e-02
It: 16300, Time: 13.44, mse_0: 1.4363e-03, mse_f: 8.6792e-03, total loss: 1.0881e-02, Error u,v,p: 3.4594e-02 3.4501e-02 2.3007e-02
It: 16400, Time: 13.51, mse_0: 1.4321e-03, mse_f: 8.6270e-03, total loss: 1.0818e-02, Error u,v,p: 3.4421e-02 3.4407e-02 2.2925e-02
It: 16500, Time: 13.63, mse_0: 1.4272e-03, mse_f: 8.5695e-03, total loss: 1.0750e-02, Error u,v,p: 3.4317e-02 3.4277e-02 2.2843e-02
It: 16600, Time: 13.69, mse_0: 1.4242e-03, mse_f: 8.5065e-03, total loss: 1.0680e-02, Error u,v,p: 3.4186e-02 3.4119e-02 2.2932e-02
It: 16700, Time: 13.62, mse_0: 1.4188e-03, mse_f: 8.4526e-03, total loss: 1.0613e-02, Error u,v,p: 3.4016e-02 3.4149e-02 2.2852e-02
It: 16800, Time: 13.64, mse_0: 1.4097e-03, mse_f: 8.4000e-03, total loss: 1.0552e-02, Error u,v,p: 3.3959e-02 3.4078e-02 2.2830e-02
It: 16900, Time: 13.58, mse_0: 1.4018e-03, mse_f: 8.3443e-03, total loss: 1.0486e-02, Error u,v,p: 3.3827e-02 3.3890e-02 2.2761e-02
It: 17000, Time: 13.61, mse_0: 1.3921e-03, mse_f: 8.2948e-03, total loss: 1.0420e-02, Error u,v,p: 3.3669e-02 3.3812e-02 2.2673e-02
It: 17100, Time: 13.60, mse_0: 1.3809e-03, mse_f: 8.2402e-03, total loss: 1.0348e-02, Error u,v,p: 3.3549e-02 3.3662e-02 2.2589e-02
It: 17200, Time: 13.88, mse_0: 1.3740e-03, mse_f: 8.1943e-03, total loss: 1.0291e-02, Error u,v,p: 3.3514e-02 3.3564e-02 2.2507e-02
It: 17300, Time: 13.69, mse_0: 1.3646e-03, mse_f: 8.1418e-03, total loss: 1.0227e-02, Error u,v,p: 3.3428e-02 3.3436e-02 2.2603e-02
It: 17400, Time: 13.72, mse_0: 1.3539e-03, mse_f: 8.0971e-03, total loss: 1.0166e-02, Error u,v,p: 3.3289e-02 3.3337e-02 2.2536e-02
It: 17500, Time: 13.71, mse_0: 1.3455e-03, mse_f: 8.0563e-03, total loss: 1.0113e-02, Error u,v,p: 3.3204e-02 3.3176e-02 2.2473e-02
It: 17600, Time: 13.53, mse_0: 1.3374e-03, mse_f: 8.0090e-03, total loss: 1.0052e-02, Error u,v,p: 3.3037e-02 3.3041e-02 2.2371e-02
It: 17700, Time: 13.66, mse_0: 1.3293e-03, mse_f: 7.9638e-03, total loss: 9.9927e-03, Error u,v,p: 3.2934e-02 3.2968e-02 2.2460e-02
It: 17800, Time: 13.60, mse_0: 1.3202e-03, mse_f: 7.9217e-03, total loss: 9.9374e-03, Error u,v,p: 3.2913e-02 3.2926e-02 2.2449e-02
It: 17900, Time: 13.69, mse_0: 1.3110e-03, mse_f: 7.8805e-03, total loss: 9.8816e-03, Error u,v,p: 3.2865e-02 3.2708e-02 2.2384e-02
It: 18000, Time: 13.53, mse_0: 1.3032e-03, mse_f: 7.8344e-03, total loss: 9.8218e-03, Error u,v,p: 3.2813e-02 3.2541e-02 2.2343e-02
It: 18100, Time: 13.59, mse_0: 1.2942e-03, mse_f: 7.7917e-03, total loss: 9.7639e-03, Error u,v,p: 3.2740e-02 3.2521e-02 2.2286e-02
It: 18200, Time: 13.64, mse_0: 1.2847e-03, mse_f: 7.7501e-03, total loss: 9.7088e-03, Error u,v,p: 3.2550e-02 3.2365e-02 2.2266e-02
It: 18300, Time: 13.66, mse_0: 1.2772e-03, mse_f: 7.7020e-03, total loss: 9.6511e-03, Error u,v,p: 3.2511e-02 3.2317e-02 2.2138e-02
It: 18400, Time: 13.40, mse_0: 1.2723e-03, mse_f: 7.6606e-03, total loss: 9.6004e-03, Error u,v,p: 3.2424e-02 3.2316e-02 2.2079e-02
It: 18500, Time: 13.39, mse_0: 1.2662e-03, mse_f: 7.6229e-03, total loss: 9.5513e-03, Error u,v,p: 3.2327e-02 3.2270e-02 2.2112e-02
It: 18600, Time: 13.42, mse_0: 1.2568e-03, mse_f: 7.5764e-03, total loss: 9.4960e-03, Error u,v,p: 3.2248e-02 3.2218e-02 2.2093e-02
It: 18700, Time: 13.51, mse_0: 1.2486e-03, mse_f: 7.5375e-03, total loss: 9.4449e-03, Error u,v,p: 3.2169e-02 3.2129e-02 2.2072e-02
It: 18800, Time: 13.62, mse_0: 1.2452e-03, mse_f: 7.4917e-03, total loss: 9.3903e-03, Error u,v,p: 3.2050e-02 3.2004e-02 2.1963e-02
It: 18900, Time: 13.45, mse_0: 1.2387e-03, mse_f: 7.4445e-03, total loss: 9.3339e-03, Error u,v,p: 3.1967e-02 3.1978e-02 2.1967e-02
It: 19000, Time: 13.54, mse_0: 1.2346e-03, mse_f: 7.3987e-03, total loss: 9.2802e-03, Error u,v,p: 3.1908e-02 3.1891e-02 2.1946e-02
It: 19100, Time: 13.44, mse_0: 1.2305e-03, mse_f: 7.3544e-03, total loss: 9.2307e-03, Error u,v,p: 3.1793e-02 3.1762e-02 2.1946e-02
It: 19200, Time: 13.43, mse_0: 1.2273e-03, mse_f: 7.3136e-03, total loss: 9.1803e-03, Error u,v,p: 3.1773e-02 3.1671e-02 2.1921e-02
It: 19300, Time: 13.45, mse_0: 1.2201e-03, mse_f: 7.2695e-03, total loss: 9.1262e-03, Error u,v,p: 3.1729e-02 3.1530e-02 2.1825e-02
It: 19400, Time: 13.34, mse_0: 1.2128e-03, mse_f: 7.2357e-03, total loss: 9.0795e-03, Error u,v,p: 3.1646e-02 3.1520e-02 2.1764e-02
It: 19500, Time: 13.47, mse_0: 1.2072e-03, mse_f: 7.1999e-03, total loss: 9.0338e-03, Error u,v,p: 3.1461e-02 3.1388e-02 2.1693e-02
It: 19600, Time: 13.53, mse_0: 1.2003e-03, mse_f: 7.1604e-03, total loss: 8.9867e-03, Error u,v,p: 3.1421e-02 3.1347e-02 2.1690e-02
It: 19700, Time: 13.61, mse_0: 1.1931e-03, mse_f: 7.1171e-03, total loss: 8.9364e-03, Error u,v,p: 3.1267e-02 3.1255e-02 2.1673e-02
It: 19800, Time: 13.34, mse_0: 1.1879e-03, mse_f: 7.0766e-03, total loss: 8.8897e-03, Error u,v,p: 3.1118e-02 3.1202e-02 2.1650e-02
It: 19900, Time: 13.41, mse_0: 1.1821e-03, mse_f: 7.0411e-03, total loss: 8.8453e-03, Error u,v,p: 3.1050e-02 3.1208e-02 2.1649e-02
It: 20000, Time: 13.35, mse_0: 1.1754e-03, mse_f: 7.0086e-03, total loss: 8.8026e-03, Error u,v,p: 3.0994e-02 3.1107e-02 2.1667e-02
It: 20100, Time: 13.40, mse_0: 1.1686e-03, mse_f: 6.9743e-03, total loss: 8.7584e-03, Error u,v,p: 3.0840e-02 3.0989e-02 2.1692e-02
It: 20200, Time: 13.46, mse_0: 1.1592e-03, mse_f: 6.9420e-03, total loss: 8.7128e-03, Error u,v,p: 3.0716e-02 3.0910e-02 2.1641e-02
It: 20300, Time: 13.41, mse_0: 1.1518e-03, mse_f: 6.9070e-03, total loss: 8.6651e-03, Error u,v,p: 3.0668e-02 3.0906e-02 2.1601e-02
It: 20400, Time: 13.51, mse_0: 1.1470e-03, mse_f: 6.8732e-03, total loss: 8.6221e-03, Error u,v,p: 3.0587e-02 3.0887e-02 2.1628e-02
It: 20500, Time: 13.53, mse_0: 1.1374e-03, mse_f: 6.8377e-03, total loss: 8.5746e-03, Error u,v,p: 3.0597e-02 3.0782e-02 2.1578e-02
It: 20600, Time: 13.54, mse_0: 1.1321e-03, mse_f: 6.8057e-03, total loss: 8.5330e-03, Error u,v,p: 3.0475e-02 3.0753e-02 2.1618e-02
It: 20700, Time: 13.36, mse_0: 1.1282e-03, mse_f: 6.7723e-03, total loss: 8.4926e-03, Error u,v,p: 3.0402e-02 3.0613e-02 2.1568e-02
It: 20800, Time: 13.51, mse_0: 1.1237e-03, mse_f: 6.7354e-03, total loss: 8.4488e-03, Error u,v,p: 3.0328e-02 3.0539e-02 2.1637e-02
It: 20900, Time: 13.45, mse_0: 1.1183e-03, mse_f: 6.7054e-03, total loss: 8.4109e-03, Error u,v,p: 3.0258e-02 3.0421e-02 2.1613e-02
It: 21000, Time: 13.39, mse_0: 1.1122e-03, mse_f: 6.6745e-03, total loss: 8.3695e-03, Error u,v,p: 3.0210e-02 3.0398e-02 2.1674e-02
It: 21100, Time: 13.40, mse_0: 1.1087e-03, mse_f: 6.6398e-03, total loss: 8.3271e-03, Error u,v,p: 3.0048e-02 3.0314e-02 2.1637e-02
It: 21200, Time: 13.50, mse_0: 1.1029e-03, mse_f: 6.6057e-03, total loss: 8.2844e-03, Error u,v,p: 2.9976e-02 3.0282e-02 2.1593e-02
It: 21300, Time: 13.52, mse_0: 1.0977e-03, mse_f: 6.5746e-03, total loss: 8.2467e-03, Error u,v,p: 2.9955e-02 3.0169e-02 2.1674e-02
It: 21400, Time: 13.47, mse_0: 1.0916e-03, mse_f: 6.5455e-03, total loss: 8.2073e-03, Error u,v,p: 2.9932e-02 3.0102e-02 2.1605e-02
It: 21500, Time: 13.45, mse_0: 1.0893e-03, mse_f: 6.5135e-03, total loss: 8.1682e-03, Error u,v,p: 2.9889e-02 3.0050e-02 2.1536e-02
It: 21600, Time: 13.31, mse_0: 1.0873e-03, mse_f: 6.4777e-03, total loss: 8.1273e-03, Error u,v,p: 2.9819e-02 2.9913e-02 2.1595e-02
It: 21700, Time: 13.38, mse_0: 1.0834e-03, mse_f: 6.4476e-03, total loss: 8.0891e-03, Error u,v,p: 2.9751e-02 2.9811e-02 2.1512e-02
It: 21800, Time: 13.43, mse_0: 1.0782e-03, mse_f: 6.4149e-03, total loss: 8.0472e-03, Error u,v,p: 2.9546e-02 2.9632e-02 2.1373e-02
It: 21900, Time: 13.62, mse_0: 1.0731e-03, mse_f: 6.3842e-03, total loss: 8.0089e-03, Error u,v,p: 2.9494e-02 2.9517e-02 2.1332e-02
It: 22000, Time: 13.57, mse_0: 1.0691e-03, mse_f: 6.3523e-03, total loss: 7.9709e-03, Error u,v,p: 2.9400e-02 2.9392e-02 2.1193e-02
It: 22100, Time: 13.36, mse_0: 1.0634e-03, mse_f: 6.3236e-03, total loss: 7.9342e-03, Error u,v,p: 2.9280e-02 2.9319e-02 2.1138e-02
It: 22200, Time: 13.39, mse_0: 1.0574e-03, mse_f: 6.2918e-03, total loss: 7.8930e-03, Error u,v,p: 2.9170e-02 2.9201e-02 2.1026e-02
It: 22300, Time: 13.31, mse_0: 1.0520e-03, mse_f: 6.2603e-03, total loss: 7.8534e-03, Error u,v,p: 2.9137e-02 2.9055e-02 2.0948e-02
It: 22400, Time: 13.34, mse_0: 1.0471e-03, mse_f: 6.2296e-03, total loss: 7.8159e-03, Error u,v,p: 2.9058e-02 2.8937e-02 2.0968e-02
It: 22500, Time: 13.37, mse_0: 1.0425e-03, mse_f: 6.2034e-03, total loss: 7.7818e-03, Error u,v,p: 2.9019e-02 2.8902e-02 2.0938e-02
It: 22600, Time: 13.46, mse_0: 1.0359e-03, mse_f: 6.1774e-03, total loss: 7.7467e-03, Error u,v,p: 2.8932e-02 2.8834e-02 2.0880e-02
It: 22700, Time: 13.31, mse_0: 1.0316e-03, mse_f: 6.1491e-03, total loss: 7.7134e-03, Error u,v,p: 2.8864e-02 2.8793e-02 2.0865e-02
It: 22800, Time: 13.59, mse_0: 1.0271e-03, mse_f: 6.1182e-03, total loss: 7.6743e-03, Error u,v,p: 2.8764e-02 2.8715e-02 2.0794e-02
It: 22900, Time: 13.42, mse_0: 1.0216e-03, mse_f: 6.0902e-03, total loss: 7.6389e-03, Error u,v,p: 2.8738e-02 2.8677e-02 2.0905e-02
It: 23000, Time: 13.40, mse_0: 1.0160e-03, mse_f: 6.0616e-03, total loss: 7.6040e-03, Error u,v,p: 2.8681e-02 2.8631e-02 2.0847e-02
It: 23100, Time: 13.49, mse_0: 1.0111e-03, mse_f: 6.0307e-03, total loss: 7.5669e-03, Error u,v,p: 2.8575e-02 2.8545e-02 2.0887e-02
It: 23200, Time: 13.37, mse_0: 1.0056e-03, mse_f: 6.0028e-03, total loss: 7.5304e-03, Error u,v,p: 2.8442e-02 2.8511e-02 2.0923e-02
It: 23300, Time: 13.39, mse_0: 9.9928e-04, mse_f: 5.9808e-03, total loss: 7.4974e-03, Error u,v,p: 2.8424e-02 2.8448e-02 2.0923e-02
It: 23400, Time: 13.47, mse_0: 9.9476e-04, mse_f: 5.9586e-03, total loss: 7.4687e-03, Error u,v,p: 2.8351e-02 2.8397e-02 2.0908e-02
It: 23500, Time: 13.41, mse_0: 9.9016e-04, mse_f: 5.9287e-03, total loss: 7.4332e-03, Error u,v,p: 2.8254e-02 2.8282e-02 2.0885e-02
It: 23600, Time: 13.35, mse_0: 9.8672e-04, mse_f: 5.9039e-03, total loss: 7.4021e-03, Error u,v,p: 2.8154e-02 2.8170e-02 2.0900e-02
It: 23700, Time: 13.44, mse_0: 9.8153e-04, mse_f: 5.8772e-03, total loss: 7.3685e-03, Error u,v,p: 2.8037e-02 2.8089e-02 2.0943e-02
It: 23800, Time: 13.51, mse_0: 9.7748e-04, mse_f: 5.8495e-03, total loss: 7.3347e-03, Error u,v,p: 2.7944e-02 2.7999e-02 2.0918e-02
It: 23900, Time: 13.50, mse_0: 9.7433e-04, mse_f: 5.8255e-03, total loss: 7.3029e-03, Error u,v,p: 2.7884e-02 2.7901e-02 2.0887e-02
It: 24000, Time: 13.41, mse_0: 9.7037e-04, mse_f: 5.8027e-03, total loss: 7.2734e-03, Error u,v,p: 2.7817e-02 2.7857e-02 2.0791e-02
It: 24100, Time: 13.33, mse_0: 9.6749e-04, mse_f: 5.7788e-03, total loss: 7.2435e-03, Error u,v,p: 2.7813e-02 2.7782e-02 2.0800e-02
It: 24200, Time: 13.38, mse_0: 9.6532e-04, mse_f: 5.7496e-03, total loss: 7.2113e-03, Error u,v,p: 2.7756e-02 2.7649e-02 2.0789e-02
It: 24300, Time: 13.43, mse_0: 9.6158e-04, mse_f: 5.7268e-03, total loss: 7.1815e-03, Error u,v,p: 2.7635e-02 2.7622e-02 2.0717e-02
It: 24400, Time: 13.37, mse_0: 9.5685e-04, mse_f: 5.7019e-03, total loss: 7.1498e-03, Error u,v,p: 2.7552e-02 2.7536e-02 2.0610e-02
It: 24500, Time: 13.36, mse_0: 9.5273e-04, mse_f: 5.6783e-03, total loss: 7.1201e-03, Error u,v,p: 2.7481e-02 2.7506e-02 2.0516e-02
It: 24600, Time: 13.34, mse_0: 9.4983e-04, mse_f: 5.6557e-03, total loss: 7.0924e-03, Error u,v,p: 2.7436e-02 2.7431e-02 2.0553e-02
It: 24700, Time: 13.17, mse_0: 9.4809e-04, mse_f: 5.6308e-03, total loss: 7.0637e-03, Error u,v,p: 2.7415e-02 2.7334e-02 2.0511e-02
It: 24800, Time: 13.35, mse_0: 9.4481e-04, mse_f: 5.6096e-03, total loss: 7.0376e-03, Error u,v,p: 2.7381e-02 2.7301e-02 2.0482e-02
It: 24900, Time: 13.28, mse_0: 9.4084e-04, mse_f: 5.5845e-03, total loss: 7.0066e-03, Error u,v,p: 2.7387e-02 2.7253e-02 2.0517e-02
It: 25000, Time: 13.42, mse_0: 9.3706e-04, mse_f: 5.5607e-03, total loss: 6.9769e-03, Error u,v,p: 2.7368e-02 2.7198e-02 2.0538e-02
It: 25100, Time: 13.28, mse_0: 9.3279e-04, mse_f: 5.5395e-03, total loss: 6.9497e-03, Error u,v,p: 2.7265e-02 2.7196e-02 2.0437e-02
It: 25200, Time: 13.29, mse_0: 9.3005e-04, mse_f: 5.5148e-03, total loss: 6.9221e-03, Error u,v,p: 2.7236e-02 2.7135e-02 2.0452e-02
It: 25300, Time: 13.47, mse_0: 9.2771e-04, mse_f: 5.4892e-03, total loss: 6.8916e-03, Error u,v,p: 2.7171e-02 2.7101e-02 2.0455e-02
It: 25400, Time: 13.69, mse_0: 9.2419e-04, mse_f: 5.4664e-03, total loss: 6.8627e-03, Error u,v,p: 2.7141e-02 2.7066e-02 2.0406e-02
It: 25500, Time: 13.55, mse_0: 9.2068e-04, mse_f: 5.4438e-03, total loss: 6.8341e-03, Error u,v,p: 2.7134e-02 2.6938e-02 2.0470e-02
It: 25600, Time: 13.57, mse_0: 9.1764e-04, mse_f: 5.4194e-03, total loss: 6.8053e-03, Error u,v,p: 2.7123e-02 2.6915e-02 2.0403e-02
It: 25700, Time: 13.67, mse_0: 9.1265e-04, mse_f: 5.3989e-03, total loss: 6.7783e-03, Error u,v,p: 2.7052e-02 2.6863e-02 2.0367e-02
It: 25800, Time: 13.62, mse_0: 9.0862e-04, mse_f: 5.3776e-03, total loss: 6.7491e-03, Error u,v,p: 2.7031e-02 2.6838e-02 2.0430e-02
It: 25900, Time: 13.62, mse_0: 9.0445e-04, mse_f: 5.3535e-03, total loss: 6.7195e-03, Error u,v,p: 2.7033e-02 2.6771e-02 2.0417e-02
It: 26000, Time: 13.73, mse_0: 9.0035e-04, mse_f: 5.3304e-03, total loss: 6.6910e-03, Error u,v,p: 2.6999e-02 2.6751e-02 2.0332e-02
It: 26100, Time: 13.63, mse_0: 8.9685e-04, mse_f: 5.3095e-03, total loss: 6.6630e-03, Error u,v,p: 2.6967e-02 2.6723e-02 2.0258e-02
It: 26200, Time: 13.60, mse_0: 8.9357e-04, mse_f: 5.2897e-03, total loss: 6.6380e-03, Error u,v,p: 2.6929e-02 2.6687e-02 2.0284e-02
It: 26300, Time: 13.48, mse_0: 8.8986e-04, mse_f: 5.2698e-03, total loss: 6.6125e-03, Error u,v,p: 2.6834e-02 2.6659e-02 2.0235e-02
It: 26400, Time: 13.80, mse_0: 8.8577e-04, mse_f: 5.2502e-03, total loss: 6.5866e-03, Error u,v,p: 2.6809e-02 2.6565e-02 2.0068e-02
It: 26500, Time: 13.79, mse_0: 8.8123e-04, mse_f: 5.2324e-03, total loss: 6.5622e-03, Error u,v,p: 2.6782e-02 2.6506e-02 1.9990e-02
It: 26600, Time: 13.68, mse_0: 8.7790e-04, mse_f: 5.2124e-03, total loss: 6.5371e-03, Error u,v,p: 2.6705e-02 2.6429e-02 1.9968e-02
It: 26700, Time: 13.62, mse_0: 8.7354e-04, mse_f: 5.1923e-03, total loss: 6.5110e-03, Error u,v,p: 2.6666e-02 2.6293e-02 1.9981e-02
It: 26800, Time: 13.60, mse_0: 8.7003e-04, mse_f: 5.1748e-03, total loss: 6.4890e-03, Error u,v,p: 2.6553e-02 2.6286e-02 1.9924e-02
It: 26900, Time: 13.59, mse_0: 8.6702e-04, mse_f: 5.1563e-03, total loss: 6.4658e-03, Error u,v,p: 2.6487e-02 2.6222e-02 1.9909e-02
It: 27000, Time: 13.49, mse_0: 8.6215e-04, mse_f: 5.1374e-03, total loss: 6.4410e-03, Error u,v,p: 2.6435e-02 2.6151e-02 1.9769e-02
It: 27100, Time: 13.48, mse_0: 8.5978e-04, mse_f: 5.1169e-03, total loss: 6.4168e-03, Error u,v,p: 2.6366e-02 2.6100e-02 1.9740e-02
It: 27200, Time: 13.61, mse_0: 8.5670e-04, mse_f: 5.0990e-03, total loss: 6.3944e-03, Error u,v,p: 2.6330e-02 2.6053e-02 1.9672e-02
It: 27300, Time: 13.68, mse_0: 8.5257e-04, mse_f: 5.0802e-03, total loss: 6.3696e-03, Error u,v,p: 2.6248e-02 2.5982e-02 1.9554e-02
It: 27400, Time: 13.74, mse_0: 8.5067e-04, mse_f: 5.0581e-03, total loss: 6.3437e-03, Error u,v,p: 2.6249e-02 2.5959e-02 1.9512e-02
It: 27500, Time: 13.61, mse_0: 8.4726e-04, mse_f: 5.0377e-03, total loss: 6.3170e-03, Error u,v,p: 2.6195e-02 2.5940e-02 1.9543e-02
It: 27600, Time: 13.53, mse_0: 8.4585e-04, mse_f: 5.0164e-03, total loss: 6.2896e-03, Error u,v,p: 2.6119e-02 2.5923e-02 1.9469e-02
It: 27700, Time: 13.74, mse_0: 8.4431e-04, mse_f: 4.9976e-03, total loss: 6.2653e-03, Error u,v,p: 2.6092e-02 2.5827e-02 1.9463e-02
It: 27800, Time: 13.50, mse_0: 8.4192e-04, mse_f: 4.9783e-03, total loss: 6.2409e-03, Error u,v,p: 2.6029e-02 2.5748e-02 1.9358e-02
It: 27900, Time: 13.47, mse_0: 8.3900e-04, mse_f: 4.9628e-03, total loss: 6.2204e-03, Error u,v,p: 2.5990e-02 2.5696e-02 1.9272e-02
It: 28000, Time: 13.72, mse_0: 8.3715e-04, mse_f: 4.9454e-03, total loss: 6.1994e-03, Error u,v,p: 2.5966e-02 2.5600e-02 1.9197e-02
It: 28100, Time: 13.64, mse_0: 8.3386e-04, mse_f: 4.9264e-03, total loss: 6.1766e-03, Error u,v,p: 2.5881e-02 2.5576e-02 1.9138e-02
It: 28200, Time: 13.56, mse_0: 8.3052e-04, mse_f: 4.9065e-03, total loss: 6.1524e-03, Error u,v,p: 2.5816e-02 2.5545e-02 1.9137e-02
It: 28300, Time: 13.74, mse_0: 8.2836e-04, mse_f: 4.8863e-03, total loss: 6.1281e-03, Error u,v,p: 2.5701e-02 2.5415e-02 1.9070e-02
It: 28400, Time: 13.69, mse_0: 8.2475e-04, mse_f: 4.8670e-03, total loss: 6.1033e-03, Error u,v,p: 2.5689e-02 2.5387e-02 1.9072e-02
It: 28500, Time: 13.52, mse_0: 8.2091e-04, mse_f: 4.8493e-03, total loss: 6.0800e-03, Error u,v,p: 2.5657e-02 2.5298e-02 1.9115e-02
It: 28600, Time: 13.50, mse_0: 8.1737e-04, mse_f: 4.8287e-03, total loss: 6.0537e-03, Error u,v,p: 2.5565e-02 2.5250e-02 1.9012e-02
It: 28700, Time: 13.83, mse_0: 8.1354e-04, mse_f: 4.8112e-03, total loss: 6.0307e-03, Error u,v,p: 2.5557e-02 2.5196e-02 1.8985e-02
It: 28800, Time: 13.54, mse_0: 8.1011e-04, mse_f: 4.7950e-03, total loss: 6.0091e-03, Error u,v,p: 2.5483e-02 2.5159e-02 1.9016e-02
It: 28900, Time: 13.77, mse_0: 8.0671e-04, mse_f: 4.7763e-03, total loss: 5.9851e-03, Error u,v,p: 2.5467e-02 2.5117e-02 1.9014e-02
It: 29000, Time: 13.46, mse_0: 8.0296e-04, mse_f: 4.7612e-03, total loss: 5.9647e-03, Error u,v,p: 2.5442e-02 2.5102e-02 1.8979e-02
It: 29100, Time: 13.69, mse_0: 7.9907e-04, mse_f: 4.7454e-03, total loss: 5.9424e-03, Error u,v,p: 2.5376e-02 2.5050e-02 1.8871e-02
It: 29200, Time: 13.70, mse_0: 7.9455e-04, mse_f: 4.7278e-03, total loss: 5.9193e-03, Error u,v,p: 2.5348e-02 2.4929e-02 1.8847e-02
It: 29300, Time: 13.48, mse_0: 7.8986e-04, mse_f: 4.7114e-03, total loss: 5.8971e-03, Error u,v,p: 2.5270e-02 2.4892e-02 1.8804e-02
It: 29400, Time: 13.59, mse_0: 7.8760e-04, mse_f: 4.6949e-03, total loss: 5.8769e-03, Error u,v,p: 2.5175e-02 2.4848e-02 1.8863e-02
It: 29500, Time: 13.62, mse_0: 7.8481e-04, mse_f: 4.6784e-03, total loss: 5.8571e-03, Error u,v,p: 2.5186e-02 2.4812e-02 1.8811e-02
It: 29600, Time: 13.59, mse_0: 7.8259e-04, mse_f: 4.6608e-03, total loss: 5.8355e-03, Error u,v,p: 2.5117e-02 2.4765e-02 1.8796e-02
It: 29700, Time: 13.66, mse_0: 7.8013e-04, mse_f: 4.6456e-03, total loss: 5.8159e-03, Error u,v,p: 2.5121e-02 2.4700e-02 1.8819e-02
It: 29800, Time: 13.84, mse_0: 7.7628e-04, mse_f: 4.6295e-03, total loss: 5.7949e-03, Error u,v,p: 2.5091e-02 2.4751e-02 1.8742e-02
It: 29900, Time: 13.69, mse_0: 7.7394e-04, mse_f: 4.6141e-03, total loss: 5.7756e-03, Error u,v,p: 2.5039e-02 2.4753e-02 1.8782e-02
It: 30000, Time: 13.72, mse_0: 7.7106e-04, mse_f: 4.5987e-03, total loss: 5.7553e-03, Error u,v,p: 2.4992e-02 2.4738e-02 1.8800e-02
It: 30100, Time: 13.73, mse_0: 7.6834e-04, mse_f: 4.5829e-03, total loss: 5.7359e-03, Error u,v,p: 2.4944e-02 2.4677e-02 1.8735e-02
It: 30200, Time: 13.56, mse_0: 7.6628e-04, mse_f: 4.5667e-03, total loss: 5.7155e-03, Error u,v,p: 2.4878e-02 2.4590e-02 1.8736e-02
It: 30300, Time: 13.67, mse_0: 7.6352e-04, mse_f: 4.5509e-03, total loss: 5.6950e-03, Error u,v,p: 2.4816e-02 2.4500e-02 1.8670e-02
It: 30400, Time: 14.04, mse_0: 7.6030e-04, mse_f: 4.5337e-03, total loss: 5.6740e-03, Error u,v,p: 2.4751e-02 2.4474e-02 1.8623e-02
It: 30500, Time: 13.75, mse_0: 7.5820e-04, mse_f: 4.5189e-03, total loss: 5.6551e-03, Error u,v,p: 2.4697e-02 2.4395e-02 1.8525e-02
It: 30600, Time: 13.59, mse_0: 7.5574e-04, mse_f: 4.5024e-03, total loss: 5.6353e-03, Error u,v,p: 2.4608e-02 2.4305e-02 1.8488e-02
It: 30700, Time: 13.78, mse_0: 7.5355e-04, mse_f: 4.4836e-03, total loss: 5.6145e-03, Error u,v,p: 2.4558e-02 2.4309e-02 1.8447e-02
It: 30800, Time: 13.77, mse_0: 7.5187e-04, mse_f: 4.4668e-03, total loss: 5.5944e-03, Error u,v,p: 2.4544e-02 2.4276e-02 1.8330e-02
It: 30900, Time: 13.69, mse_0: 7.4982e-04, mse_f: 4.4495e-03, total loss: 5.5743e-03, Error u,v,p: 2.4463e-02 2.4215e-02 1.8328e-02
It: 31000, Time: 13.77, mse_0: 7.4606e-04, mse_f: 4.4353e-03, total loss: 5.5546e-03, Error u,v,p: 2.4473e-02 2.4190e-02 1.8328e-02
It: 31100, Time: 13.66, mse_0: 7.4352e-04, mse_f: 4.4195e-03, total loss: 5.5342e-03, Error u,v,p: 2.4475e-02 2.4172e-02 1.8388e-02
It: 31200, Time: 13.58, mse_0: 7.4100e-04, mse_f: 4.4041e-03, total loss: 5.5154e-03, Error u,v,p: 2.4451e-02 2.4135e-02 1.8322e-02
It: 31300, Time: 13.60, mse_0: 7.3860e-04, mse_f: 4.3905e-03, total loss: 5.4973e-03, Error u,v,p: 2.4426e-02 2.4055e-02 1.8309e-02
It: 31400, Time: 13.53, mse_0: 7.3574e-04, mse_f: 4.3761e-03, total loss: 5.4777e-03, Error u,v,p: 2.4334e-02 2.4014e-02 1.8244e-02
It: 31500, Time: 13.63, mse_0: 7.3310e-04, mse_f: 4.3616e-03, total loss: 5.4580e-03, Error u,v,p: 2.4317e-02 2.3980e-02 1.8239e-02
It: 31600, Time: 13.64, mse_0: 7.3049e-04, mse_f: 4.3464e-03, total loss: 5.4385e-03, Error u,v,p: 2.4293e-02 2.3946e-02 1.8224e-02
It: 31700, Time: 13.54, mse_0: 7.2780e-04, mse_f: 4.3305e-03, total loss: 5.4192e-03, Error u,v,p: 2.4256e-02 2.3872e-02 1.8220e-02
It: 31800, Time: 13.48, mse_0: 7.2518e-04, mse_f: 4.3146e-03, total loss: 5.3992e-03, Error u,v,p: 2.4199e-02 2.3771e-02 1.8189e-02
It: 31900, Time: 13.72, mse_0: 7.2243e-04, mse_f: 4.3011e-03, total loss: 5.3806e-03, Error u,v,p: 2.4148e-02 2.3734e-02 1.8137e-02
It: 32000, Time: 13.49, mse_0: 7.2012e-04, mse_f: 4.2854e-03, total loss: 5.3608e-03, Error u,v,p: 2.4038e-02 2.3672e-02 1.8159e-02
It: 32100, Time: 13.47, mse_0: 7.1758e-04, mse_f: 4.2715e-03, total loss: 5.3428e-03, Error u,v,p: 2.4015e-02 2.3615e-02 1.8148e-02
It: 32200, Time: 13.72, mse_0: 7.1621e-04, mse_f: 4.2556e-03, total loss: 5.3229e-03, Error u,v,p: 2.4004e-02 2.3585e-02 1.8124e-02
It: 32300, Time: 13.53, mse_0: 7.1415e-04, mse_f: 4.2416e-03, total loss: 5.3053e-03, Error u,v,p: 2.3947e-02 2.3573e-02 1.8218e-02
It: 32400, Time: 13.58, mse_0: 7.1170e-04, mse_f: 4.2299e-03, total loss: 5.2889e-03, Error u,v,p: 2.3974e-02 2.3582e-02 1.8264e-02
It: 32500, Time: 13.68, mse_0: 7.0861e-04, mse_f: 4.2152e-03, total loss: 5.2699e-03, Error u,v,p: 2.3919e-02 2.3562e-02 1.8193e-02
It: 32600, Time: 13.69, mse_0: 7.0463e-04, mse_f: 4.2020e-03, total loss: 5.2504e-03, Error u,v,p: 2.3882e-02 2.3544e-02 1.8114e-02
It: 32700, Time: 13.63, mse_0: 7.0205e-04, mse_f: 4.1886e-03, total loss: 5.2320e-03, Error u,v,p: 2.3826e-02 2.3446e-02 1.8076e-02
It: 32800, Time: 13.54, mse_0: 6.9922e-04, mse_f: 4.1738e-03, total loss: 5.2129e-03, Error u,v,p: 2.3770e-02 2.3411e-02 1.8092e-02
It: 32900, Time: 13.83, mse_0: 6.9770e-04, mse_f: 4.1596e-03, total loss: 5.1957e-03, Error u,v,p: 2.3740e-02 2.3401e-02 1.8064e-02
It: 33000, Time: 13.76, mse_0: 6.9636e-04, mse_f: 4.1449e-03, total loss: 5.1788e-03, Error u,v,p: 2.3699e-02 2.3401e-02 1.8131e-02
It: 33100, Time: 13.56, mse_0: 6.9387e-04, mse_f: 4.1296e-03, total loss: 5.1602e-03, Error u,v,p: 2.3642e-02 2.3355e-02 1.8133e-02
It: 33200, Time: 13.71, mse_0: 6.9273e-04, mse_f: 4.1146e-03, total loss: 5.1419e-03, Error u,v,p: 2.3627e-02 2.3328e-02 1.8061e-02
It: 33300, Time: 13.54, mse_0: 6.9106e-04, mse_f: 4.1019e-03, total loss: 5.1254e-03, Error u,v,p: 2.3565e-02 2.3302e-02 1.8052e-02
It: 33400, Time: 13.82, mse_0: 6.8789e-04, mse_f: 4.0888e-03, total loss: 5.1073e-03, Error u,v,p: 2.3495e-02 2.3289e-02 1.8034e-02
It: 33500, Time: 13.33, mse_0: 6.8504e-04, mse_f: 4.0736e-03, total loss: 5.0869e-03, Error u,v,p: 2.3479e-02 2.3269e-02 1.8030e-02
It: 33600, Time: 13.72, mse_0: 6.8199e-04, mse_f: 4.0597e-03, total loss: 5.0680e-03, Error u,v,p: 2.3470e-02 2.3204e-02 1.8022e-02
It: 33700, Time: 13.76, mse_0: 6.7876e-04, mse_f: 4.0462e-03, total loss: 5.0501e-03, Error u,v,p: 2.3424e-02 2.3215e-02 1.7985e-02
It: 33800, Time: 13.79, mse_0: 6.7487e-04, mse_f: 4.0327e-03, total loss: 5.0322e-03, Error u,v,p: 2.3401e-02 2.3132e-02 1.8036e-02
It: 33900, Time: 13.78, mse_0: 6.7280e-04, mse_f: 4.0189e-03, total loss: 5.0156e-03, Error u,v,p: 2.3351e-02 2.3115e-02 1.7989e-02
It: 34000, Time: 13.57, mse_0: 6.7077e-04, mse_f: 4.0054e-03, total loss: 4.9986e-03, Error u,v,p: 2.3277e-02 2.3034e-02 1.7937e-02
It: 34100, Time: 13.61, mse_0: 6.6912e-04, mse_f: 3.9919e-03, total loss: 4.9817e-03, Error u,v,p: 2.3274e-02 2.2980e-02 1.7972e-02
It: 34200, Time: 13.91, mse_0: 6.6691e-04, mse_f: 3.9781e-03, total loss: 4.9647e-03, Error u,v,p: 2.3243e-02 2.2972e-02 1.7969e-02
It: 34300, Time: 13.64, mse_0: 6.6417e-04, mse_f: 3.9653e-03, total loss: 4.9479e-03, Error u,v,p: 2.3173e-02 2.2941e-02 1.7931e-02
It: 34400, Time: 13.82, mse_0: 6.6091e-04, mse_f: 3.9530e-03, total loss: 4.9315e-03, Error u,v,p: 2.3121e-02 2.2932e-02 1.7898e-02
It: 34500, Time: 13.57, mse_0: 6.5650e-04, mse_f: 3.9397e-03, total loss: 4.9137e-03, Error u,v,p: 2.3023e-02 2.2887e-02 1.7812e-02
It: 34600, Time: 13.80, mse_0: 6.5385e-04, mse_f: 3.9264e-03, total loss: 4.8967e-03, Error u,v,p: 2.2988e-02 2.2798e-02 1.7746e-02
It: 34700, Time: 13.62, mse_0: 6.5153e-04, mse_f: 3.9132e-03, total loss: 4.8793e-03, Error u,v,p: 2.2974e-02 2.2779e-02 1.7718e-02
It: 34800, Time: 13.60, mse_0: 6.4878e-04, mse_f: 3.9005e-03, total loss: 4.8622e-03, Error u,v,p: 2.2956e-02 2.2763e-02 1.7747e-02
It: 34900, Time: 13.70, mse_0: 6.4643e-04, mse_f: 3.8888e-03, total loss: 4.8467e-03, Error u,v,p: 2.2902e-02 2.2723e-02 1.7705e-02
It: 35000, Time: 13.72, mse_0: 6.4325e-04, mse_f: 3.8776e-03, total loss: 4.8323e-03, Error u,v,p: 2.2866e-02 2.2680e-02 1.7756e-02
It: 35100, Time: 13.89, mse_0: 6.4056e-04, mse_f: 3.8657e-03, total loss: 4.8168e-03, Error u,v,p: 2.2822e-02 2.2631e-02 1.7799e-02
It: 35200, Time: 13.68, mse_0: 6.3789e-04, mse_f: 3.8546e-03, total loss: 4.8018e-03, Error u,v,p: 2.2779e-02 2.2570e-02 1.7776e-02
It: 35300, Time: 13.60, mse_0: 6.3458e-04, mse_f: 3.8434e-03, total loss: 4.7864e-03, Error u,v,p: 2.2721e-02 2.2542e-02 1.7769e-02
It: 35400, Time: 13.79, mse_0: 6.3289e-04, mse_f: 3.8306e-03, total loss: 4.7712e-03, Error u,v,p: 2.2703e-02 2.2498e-02 1.7745e-02
It: 35500, Time: 13.68, mse_0: 6.3157e-04, mse_f: 3.8186e-03, total loss: 4.7564e-03, Error u,v,p: 2.2704e-02 2.2431e-02 1.7755e-02
It: 35600, Time: 13.83, mse_0: 6.2954e-04, mse_f: 3.8059e-03, total loss: 4.7405e-03, Error u,v,p: 2.2660e-02 2.2420e-02 1.7750e-02
It: 35700, Time: 13.84, mse_0: 6.2766e-04, mse_f: 3.7939e-03, total loss: 4.7260e-03, Error u,v,p: 2.2621e-02 2.2378e-02 1.7687e-02
It: 35800, Time: 13.68, mse_0: 6.2593e-04, mse_f: 3.7816e-03, total loss: 4.7114e-03, Error u,v,p: 2.2592e-02 2.2335e-02 1.7727e-02
It: 35900, Time: 13.83, mse_0: 6.2424e-04, mse_f: 3.7699e-03, total loss: 4.6970e-03, Error u,v,p: 2.2561e-02 2.2314e-02 1.7713e-02
It: 36000, Time: 13.74, mse_0: 6.2204e-04, mse_f: 3.7597e-03, total loss: 4.6830e-03, Error u,v,p: 2.2483e-02 2.2244e-02 1.7715e-02
It: 36100, Time: 13.64, mse_0: 6.1892e-04, mse_f: 3.7491e-03, total loss: 4.6687e-03, Error u,v,p: 2.2449e-02 2.2201e-02 1.7662e-02
It: 36200, Time: 13.74, mse_0: 6.1632e-04, mse_f: 3.7385e-03, total loss: 4.6540e-03, Error u,v,p: 2.2393e-02 2.2133e-02 1.7614e-02
It: 36300, Time: 13.66, mse_0: 6.1382e-04, mse_f: 3.7264e-03, total loss: 4.6388e-03, Error u,v,p: 2.2386e-02 2.2064e-02 1.7619e-02
It: 36400, Time: 13.82, mse_0: 6.1192e-04, mse_f: 3.7143e-03, total loss: 4.6240e-03, Error u,v,p: 2.2380e-02 2.2057e-02 1.7612e-02
It: 36500, Time: 13.76, mse_0: 6.0897e-04, mse_f: 3.7028e-03, total loss: 4.6090e-03, Error u,v,p: 2.2371e-02 2.2025e-02 1.7614e-02
It: 36600, Time: 13.67, mse_0: 6.0693e-04, mse_f: 3.6907e-03, total loss: 4.5938e-03, Error u,v,p: 2.2356e-02 2.1977e-02 1.7622e-02
It: 36700, Time: 13.67, mse_0: 6.0409e-04, mse_f: 3.6792e-03, total loss: 4.5794e-03, Error u,v,p: 2.2279e-02 2.1933e-02 1.7593e-02
It: 36800, Time: 13.92, mse_0: 6.0200e-04, mse_f: 3.6680e-03, total loss: 4.5656e-03, Error u,v,p: 2.2239e-02 2.1926e-02 1.7600e-02
It: 36900, Time: 13.65, mse_0: 5.9965e-04, mse_f: 3.6574e-03, total loss: 4.5515e-03, Error u,v,p: 2.2219e-02 2.1898e-02 1.7533e-02
It: 37000, Time: 13.68, mse_0: 5.9625e-04, mse_f: 3.6469e-03, total loss: 4.5375e-03, Error u,v,p: 2.2187e-02 2.1864e-02 1.7579e-02
It: 37100, Time: 13.90, mse_0: 5.9465e-04, mse_f: 3.6361e-03, total loss: 4.5238e-03, Error u,v,p: 2.2128e-02 2.1869e-02 1.7546e-02
It: 37200, Time: 13.71, mse_0: 5.9354e-04, mse_f: 3.6240e-03, total loss: 4.5093e-03, Error u,v,p: 2.2095e-02 2.1841e-02 1.7509e-02
It: 37300, Time: 13.57, mse_0: 5.9141e-04, mse_f: 3.6125e-03, total loss: 4.4950e-03, Error u,v,p: 2.2037e-02 2.1788e-02 1.7518e-02
It: 37400, Time: 13.82, mse_0: 5.8899e-04, mse_f: 3.6013e-03, total loss: 4.4795e-03, Error u,v,p: 2.1999e-02 2.1772e-02 1.7516e-02
It: 37500, Time: 13.70, mse_0: 5.8677e-04, mse_f: 3.5901e-03, total loss: 4.4650e-03, Error u,v,p: 2.1965e-02 2.1748e-02 1.7511e-02
It: 37600, Time: 13.66, mse_0: 5.8424e-04, mse_f: 3.5791e-03, total loss: 4.4508e-03, Error u,v,p: 2.1898e-02 2.1727e-02 1.7520e-02
It: 37700, Time: 13.76, mse_0: 5.8198e-04, mse_f: 3.5685e-03, total loss: 4.4378e-03, Error u,v,p: 2.1858e-02 2.1697e-02 1.7528e-02
It: 37800, Time: 13.85, mse_0: 5.7964e-04, mse_f: 3.5571e-03, total loss: 4.4230e-03, Error u,v,p: 2.1826e-02 2.1655e-02 1.7550e-02
It: 37900, Time: 13.79, mse_0: 5.7797e-04, mse_f: 3.5463e-03, total loss: 4.4098e-03, Error u,v,p: 2.1783e-02 2.1622e-02 1.7551e-02
It: 38000, Time: 13.78, mse_0: 5.7700e-04, mse_f: 3.5357e-03, total loss: 4.3973e-03, Error u,v,p: 2.1764e-02 2.1628e-02 1.7540e-02
It: 38100, Time: 13.64, mse_0: 5.7561e-04, mse_f: 3.5238e-03, total loss: 4.3833e-03, Error u,v,p: 2.1757e-02 2.1614e-02 1.7537e-02
It: 38200, Time: 13.79, mse_0: 5.7366e-04, mse_f: 3.5126e-03, total loss: 4.3699e-03, Error u,v,p: 2.1730e-02 2.1566e-02 1.7586e-02
It: 38300, Time: 13.77, mse_0: 5.7119e-04, mse_f: 3.5019e-03, total loss: 4.3561e-03, Error u,v,p: 2.1674e-02 2.1546e-02 1.7514e-02
It: 38400, Time: 13.56, mse_0: 5.6957e-04, mse_f: 3.4898e-03, total loss: 4.3416e-03, Error u,v,p: 2.1621e-02 2.1469e-02 1.7429e-02
It: 38500, Time: 13.77, mse_0: 5.6706e-04, mse_f: 3.4794e-03, total loss: 4.3282e-03, Error u,v,p: 2.1623e-02 2.1400e-02 1.7336e-02
It: 38600, Time: 13.82, mse_0: 5.6448e-04, mse_f: 3.4699e-03, total loss: 4.3146e-03, Error u,v,p: 2.1606e-02 2.1351e-02 1.7267e-02
It: 38700, Time: 13.88, mse_0: 5.6208e-04, mse_f: 3.4588e-03, total loss: 4.3006e-03, Error u,v,p: 2.1631e-02 2.1342e-02 1.7332e-02
It: 38800, Time: 13.57, mse_0: 5.6076e-04, mse_f: 3.4493e-03, total loss: 4.2885e-03, Error u,v,p: 2.1611e-02 2.1306e-02 1.7366e-02
It: 38900, Time: 13.62, mse_0: 5.5911e-04, mse_f: 3.4390e-03, total loss: 4.2765e-03, Error u,v,p: 2.1606e-02 2.1251e-02 1.7421e-02
It: 39000, Time: 13.76, mse_0: 5.5751e-04, mse_f: 3.4276e-03, total loss: 4.2624e-03, Error u,v,p: 2.1532e-02 2.1196e-02 1.7395e-02
It: 39100, Time: 13.77, mse_0: 5.5519e-04, mse_f: 3.4164e-03, total loss: 4.2491e-03, Error u,v,p: 2.1450e-02 2.1145e-02 1.7258e-02
It: 39200, Time: 13.93, mse_0: 5.5296e-04, mse_f: 3.4068e-03, total loss: 4.2368e-03, Error u,v,p: 2.1431e-02 2.1101e-02 1.7225e-02
It: 39300, Time: 13.69, mse_0: 5.5190e-04, mse_f: 3.3966e-03, total loss: 4.2249e-03, Error u,v,p: 2.1410e-02 2.1087e-02 1.7197e-02
It: 39400, Time: 13.71, mse_0: 5.4991e-04, mse_f: 3.3869e-03, total loss: 4.2124e-03, Error u,v,p: 2.1371e-02 2.1049e-02 1.7165e-02
It: 39500, Time: 13.80, mse_0: 5.4856e-04, mse_f: 3.3763e-03, total loss: 4.1997e-03, Error u,v,p: 2.1344e-02 2.1032e-02 1.7150e-02
It: 39600, Time: 13.62, mse_0: 5.4706e-04, mse_f: 3.3655e-03, total loss: 4.1869e-03, Error u,v,p: 2.1323e-02 2.1005e-02 1.7131e-02
It: 39700, Time: 13.41, mse_0: 5.4508e-04, mse_f: 3.3553e-03, total loss: 4.1740e-03, Error u,v,p: 2.1243e-02 2.0951e-02 1.7126e-02
It: 39800, Time: 13.55, mse_0: 5.4329e-04, mse_f: 3.3469e-03, total loss: 4.1627e-03, Error u,v,p: 2.1223e-02 2.0891e-02 1.7053e-02
It: 39900, Time: 13.52, mse_0: 5.4103e-04, mse_f: 3.3385e-03, total loss: 4.1503e-03, Error u,v,p: 2.1189e-02 2.0868e-02 1.7023e-02
It: 40000, Time: 13.54, mse_0: 5.3955e-04, mse_f: 3.3285e-03, total loss: 4.1384e-03, Error u,v,p: 2.1162e-02 2.0856e-02 1.7010e-02
It: 40100, Time: 13.57, mse_0: 5.3783e-04, mse_f: 3.3173e-03, total loss: 4.1247e-03, Error u,v,p: 2.1157e-02 2.0862e-02 1.7002e-02
It: 40200, Time: 13.59, mse_0: 5.3596e-04, mse_f: 3.3071e-03, total loss: 4.1116e-03, Error u,v,p: 2.1140e-02 2.0835e-02 1.6983e-02
It: 40300, Time: 13.62, mse_0: 5.3435e-04, mse_f: 3.2968e-03, total loss: 4.0990e-03, Error u,v,p: 2.1102e-02 2.0798e-02 1.6920e-02
It: 40400, Time: 13.75, mse_0: 5.3281e-04, mse_f: 3.2882e-03, total loss: 4.0880e-03, Error u,v,p: 2.1066e-02 2.0788e-02 1.6831e-02
It: 40500, Time: 13.74, mse_0: 5.3049e-04, mse_f: 3.2781e-03, total loss: 4.0749e-03, Error u,v,p: 2.1047e-02 2.0719e-02 1.6798e-02
It: 40600, Time: 13.53, mse_0: 5.2942e-04, mse_f: 3.2661e-03, total loss: 4.0618e-03, Error u,v,p: 2.1008e-02 2.0681e-02 1.6752e-02
It: 40700, Time: 13.63, mse_0: 5.2758e-04, mse_f: 3.2566e-03, total loss: 4.0495e-03, Error u,v,p: 2.0970e-02 2.0651e-02 1.6722e-02
It: 40800, Time: 13.56, mse_0: 5.2573e-04, mse_f: 3.2469e-03, total loss: 4.0371e-03, Error u,v,p: 2.0949e-02 2.0660e-02 1.6706e-02
It: 40900, Time: 13.71, mse_0: 5.2445e-04, mse_f: 3.2365e-03, total loss: 4.0247e-03, Error u,v,p: 2.0914e-02 2.0635e-02 1.6660e-02
It: 41000, Time: 13.61, mse_0: 5.2270e-04, mse_f: 3.2267e-03, total loss: 4.0123e-03, Error u,v,p: 2.0856e-02 2.0575e-02 1.6544e-02
It: 41100, Time: 13.52, mse_0: 5.2194e-04, mse_f: 3.2160e-03, total loss: 4.0003e-03, Error u,v,p: 2.0845e-02 2.0566e-02 1.6483e-02
It: 41200, Time: 13.69, mse_0: 5.1960e-04, mse_f: 3.2067e-03, total loss: 3.9881e-03, Error u,v,p: 2.0813e-02 2.0507e-02 1.6465e-02
It: 41300, Time: 13.59, mse_0: 5.1788e-04, mse_f: 3.1980e-03, total loss: 3.9767e-03, Error u,v,p: 2.0777e-02 2.0495e-02 1.6465e-02
It: 41400, Time: 13.60, mse_0: 5.1600e-04, mse_f: 3.1888e-03, total loss: 3.9651e-03, Error u,v,p: 2.0739e-02 2.0466e-02 1.6441e-02
It: 41500, Time: 13.54, mse_0: 5.1453e-04, mse_f: 3.1788e-03, total loss: 3.9534e-03, Error u,v,p: 2.0739e-02 2.0445e-02 1.6458e-02
It: 41600, Time: 13.70, mse_0: 5.1259e-04, mse_f: 3.1688e-03, total loss: 3.9416e-03, Error u,v,p: 2.0730e-02 2.0429e-02 1.6398e-02
It: 41700, Time: 13.63, mse_0: 5.1094e-04, mse_f: 3.1584e-03, total loss: 3.9293e-03, Error u,v,p: 2.0690e-02 2.0426e-02 1.6384e-02
It: 41800, Time: 13.49, mse_0: 5.0951e-04, mse_f: 3.1495e-03, total loss: 3.9183e-03, Error u,v,p: 2.0636e-02 2.0358e-02 1.6327e-02
It: 41900, Time: 13.82, mse_0: 5.0811e-04, mse_f: 3.1399e-03, total loss: 3.9068e-03, Error u,v,p: 2.0616e-02 2.0327e-02 1.6274e-02
It: 42000, Time: 13.45, mse_0: 5.0709e-04, mse_f: 3.1304e-03, total loss: 3.8956e-03, Error u,v,p: 2.0580e-02 2.0324e-02 1.6289e-02
It: 42100, Time: 13.40, mse_0: 5.0534e-04, mse_f: 3.1205e-03, total loss: 3.8838e-03, Error u,v,p: 2.0557e-02 2.0261e-02 1.6221e-02
It: 42200, Time: 13.73, mse_0: 5.0370e-04, mse_f: 3.1123e-03, total loss: 3.8733e-03, Error u,v,p: 2.0528e-02 2.0223e-02 1.6237e-02
It: 42300, Time: 13.52, mse_0: 5.0257e-04, mse_f: 3.1028e-03, total loss: 3.8615e-03, Error u,v,p: 2.0497e-02 2.0220e-02 1.6219e-02
It: 42400, Time: 13.65, mse_0: 5.0122e-04, mse_f: 3.0946e-03, total loss: 3.8508e-03, Error u,v,p: 2.0498e-02 2.0162e-02 1.6182e-02
It: 42500, Time: 13.62, mse_0: 4.9979e-04, mse_f: 3.0858e-03, total loss: 3.8396e-03, Error u,v,p: 2.0486e-02 2.0114e-02 1.6168e-02
It: 42600, Time: 13.66, mse_0: 4.9835e-04, mse_f: 3.0777e-03, total loss: 3.8293e-03, Error u,v,p: 2.0466e-02 2.0118e-02 1.6134e-02
It: 42700, Time: 13.66, mse_0: 4.9673e-04, mse_f: 3.0693e-03, total loss: 3.8184e-03, Error u,v,p: 2.0456e-02 2.0115e-02 1.6109e-02
It: 42800, Time: 13.58, mse_0: 4.9536e-04, mse_f: 3.0619e-03, total loss: 3.8089e-03, Error u,v,p: 2.0438e-02 2.0072e-02 1.6078e-02
It: 42900, Time: 13.53, mse_0: 4.9424e-04, mse_f: 3.0520e-03, total loss: 3.7974e-03, Error u,v,p: 2.0421e-02 2.0068e-02 1.6060e-02
It: 43000, Time: 13.46, mse_0: 4.9244e-04, mse_f: 3.0434e-03, total loss: 3.7868e-03, Error u,v,p: 2.0377e-02 2.0040e-02 1.6016e-02
It: 43100, Time: 13.70, mse_0: 4.9091e-04, mse_f: 3.0352e-03, total loss: 3.7763e-03, Error u,v,p: 2.0343e-02 2.0036e-02 1.5953e-02
It: 43200, Time: 13.58, mse_0: 4.9002e-04, mse_f: 3.0266e-03, total loss: 3.7661e-03, Error u,v,p: 2.0341e-02 2.0018e-02 1.5906e-02
It: 43300, Time: 13.73, mse_0: 4.8836e-04, mse_f: 3.0181e-03, total loss: 3.7552e-03, Error u,v,p: 2.0311e-02 2.0041e-02 1.5869e-02
It: 43400, Time: 13.77, mse_0: 4.8631e-04, mse_f: 3.0105e-03, total loss: 3.7446e-03, Error u,v,p: 2.0288e-02 1.9994e-02 1.5836e-02
It: 43500, Time: 13.62, mse_0: 4.8522e-04, mse_f: 3.0029e-03, total loss: 3.7352e-03, Error u,v,p: 2.0286e-02 1.9960e-02 1.5831e-02
It: 43600, Time: 13.56, mse_0: 4.8340e-04, mse_f: 2.9950e-03, total loss: 3.7248e-03, Error u,v,p: 2.0252e-02 1.9926e-02 1.5788e-02
It: 43700, Time: 13.62, mse_0: 4.8170e-04, mse_f: 2.9875e-03, total loss: 3.7142e-03, Error u,v,p: 2.0224e-02 1.9921e-02 1.5756e-02
It: 43800, Time: 13.58, mse_0: 4.8009e-04, mse_f: 2.9797e-03, total loss: 3.7038e-03, Error u,v,p: 2.0217e-02 1.9905e-02 1.5719e-02
It: 43900, Time: 13.66, mse_0: 4.7809e-04, mse_f: 2.9713e-03, total loss: 3.6932e-03, Error u,v,p: 2.0198e-02 1.9908e-02 1.5689e-02
It: 44000, Time: 13.61, mse_0: 4.7641e-04, mse_f: 2.9622e-03, total loss: 3.6824e-03, Error u,v,p: 2.0149e-02 1.9897e-02 1.5628e-02
It: 44100, Time: 13.50, mse_0: 4.7493e-04, mse_f: 2.9548e-03, total loss: 3.6728e-03, Error u,v,p: 2.0119e-02 1.9855e-02 1.5611e-02
It: 44200, Time: 13.74, mse_0: 4.7354e-04, mse_f: 2.9466e-03, total loss: 3.6629e-03, Error u,v,p: 2.0137e-02 1.9849e-02 1.5571e-02
It: 44300, Time: 13.75, mse_0: 4.7201e-04, mse_f: 2.9393e-03, total loss: 3.6535e-03, Error u,v,p: 2.0116e-02 1.9790e-02 1.5517e-02
It: 44400, Time: 13.64, mse_0: 4.7010e-04, mse_f: 2.9324e-03, total loss: 3.6436e-03, Error u,v,p: 2.0087e-02 1.9766e-02 1.5526e-02
It: 44500, Time: 13.42, mse_0: 4.6860e-04, mse_f: 2.9247e-03, total loss: 3.6336e-03, Error u,v,p: 2.0049e-02 1.9742e-02 1.5478e-02
It: 44600, Time: 13.55, mse_0: 4.6788e-04, mse_f: 2.9171e-03, total loss: 3.6243e-03, Error u,v,p: 2.0014e-02 1.9737e-02 1.5447e-02
It: 44700, Time: 13.67, mse_0: 4.6682e-04, mse_f: 2.9087e-03, total loss: 3.6143e-03, Error u,v,p: 1.9952e-02 1.9730e-02 1.5417e-02
It: 44800, Time: 13.63, mse_0: 4.6598e-04, mse_f: 2.9010e-03, total loss: 3.6049e-03, Error u,v,p: 1.9916e-02 1.9680e-02 1.5348e-02
It: 44900, Time: 13.65, mse_0: 4.6503e-04, mse_f: 2.8928e-03, total loss: 3.5952e-03, Error u,v,p: 1.9863e-02 1.9643e-02 1.5311e-02
It: 45000, Time: 13.56, mse_0: 4.6282e-04, mse_f: 2.8855e-03, total loss: 3.5849e-03, Error u,v,p: 1.9801e-02 1.9599e-02 1.5304e-02
It: 45100, Time: 13.63, mse_0: 4.6149e-04, mse_f: 2.8781e-03, total loss: 3.5749e-03, Error u,v,p: 1.9760e-02 1.9565e-02 1.5283e-02
It: 45200, Time: 13.59, mse_0: 4.6040e-04, mse_f: 2.8701e-03, total loss: 3.5658e-03, Error u,v,p: 1.9735e-02 1.9526e-02 1.5289e-02
It: 45300, Time: 13.53, mse_0: 4.5890e-04, mse_f: 2.8639e-03, total loss: 3.5573e-03, Error u,v,p: 1.9688e-02 1.9484e-02 1.5276e-02
It: 45400, Time: 13.54, mse_0: 4.5753e-04, mse_f: 2.8567e-03, total loss: 3.5483e-03, Error u,v,p: 1.9630e-02 1.9455e-02 1.5258e-02
It: 45500, Time: 13.62, mse_0: 4.5650e-04, mse_f: 2.8494e-03, total loss: 3.5394e-03, Error u,v,p: 1.9608e-02 1.9443e-02 1.5185e-02
It: 45600, Time: 13.50, mse_0: 4.5456e-04, mse_f: 2.8420e-03, total loss: 3.5296e-03, Error u,v,p: 1.9582e-02 1.9398e-02 1.5180e-02
It: 45700, Time: 13.45, mse_0: 4.5372e-04, mse_f: 2.8337e-03, total loss: 3.5201e-03, Error u,v,p: 1.9532e-02 1.9331e-02 1.5111e-02
It: 45800, Time: 13.53, mse_0: 4.5168e-04, mse_f: 2.8271e-03, total loss: 3.5110e-03, Error u,v,p: 1.9497e-02 1.9312e-02 1.5042e-02
It: 45900, Time: 13.45, mse_0: 4.5036e-04, mse_f: 2.8196e-03, total loss: 3.5017e-03, Error u,v,p: 1.9492e-02 1.9303e-02 1.5027e-02
It: 46000, Time: 13.56, mse_0: 4.4916e-04, mse_f: 2.8113e-03, total loss: 3.4915e-03, Error u,v,p: 1.9458e-02 1.9298e-02 1.5035e-02
It: 46100, Time: 13.70, mse_0: 4.4776e-04, mse_f: 2.8035e-03, total loss: 3.4824e-03, Error u,v,p: 1.9428e-02 1.9276e-02 1.5019e-02
It: 46200, Time: 13.72, mse_0: 4.4608e-04, mse_f: 2.7961e-03, total loss: 3.4728e-03, Error u,v,p: 1.9355e-02 1.9257e-02 1.4983e-02
It: 46300, Time: 13.62, mse_0: 4.4493e-04, mse_f: 2.7886e-03, total loss: 3.4632e-03, Error u,v,p: 1.9379e-02 1.9263e-02 1.4991e-02
It: 46400, Time: 13.69, mse_0: 4.4362e-04, mse_f: 2.7818e-03, total loss: 3.4542e-03, Error u,v,p: 1.9363e-02 1.9220e-02 1.4942e-02
It: 46500, Time: 13.72, mse_0: 4.4240e-04, mse_f: 2.7746e-03, total loss: 3.4451e-03, Error u,v,p: 1.9322e-02 1.9171e-02 1.4938e-02
It: 46600, Time: 13.66, mse_0: 4.4159e-04, mse_f: 2.7673e-03, total loss: 3.4365e-03, Error u,v,p: 1.9302e-02 1.9163e-02 1.4932e-02
It: 46700, Time: 13.80, mse_0: 4.4106e-04, mse_f: 2.7605e-03, total loss: 3.4278e-03, Error u,v,p: 1.9285e-02 1.9174e-02 1.4912e-02
It: 46800, Time: 13.66, mse_0: 4.3987e-04, mse_f: 2.7538e-03, total loss: 3.4189e-03, Error u,v,p: 1.9260e-02 1.9176e-02 1.4905e-02
It: 46900, Time: 13.76, mse_0: 4.3925e-04, mse_f: 2.7462e-03, total loss: 3.4098e-03, Error u,v,p: 1.9231e-02 1.9132e-02 1.4934e-02
It: 47000, Time: 13.76, mse_0: 4.3805e-04, mse_f: 2.7395e-03, total loss: 3.4015e-03, Error u,v,p: 1.9244e-02 1.9122e-02 1.4947e-02
It: 47100, Time: 13.54, mse_0: 4.3668e-04, mse_f: 2.7329e-03, total loss: 3.3926e-03, Error u,v,p: 1.9239e-02 1.9133e-02 1.4955e-02
It: 47200, Time: 13.55, mse_0: 4.3587e-04, mse_f: 2.7259e-03, total loss: 3.3845e-03, Error u,v,p: 1.9237e-02 1.9120e-02 1.4960e-02
It: 47300, Time: 13.71, mse_0: 4.3503e-04, mse_f: 2.7182e-03, total loss: 3.3758e-03, Error u,v,p: 1.9204e-02 1.9071e-02 1.4966e-02
It: 47400, Time: 13.75, mse_0: 4.3438e-04, mse_f: 2.7113e-03, total loss: 3.3674e-03, Error u,v,p: 1.9193e-02 1.9039e-02 1.4937e-02
It: 47500, Time: 13.74, mse_0: 4.3351e-04, mse_f: 2.7048e-03, total loss: 3.3589e-03, Error u,v,p: 1.9170e-02 1.9031e-02 1.4947e-02
It: 47600, Time: 13.61, mse_0: 4.3233e-04, mse_f: 2.6986e-03, total loss: 3.3504e-03, Error u,v,p: 1.9150e-02 1.9041e-02 1.4987e-02
It: 47700, Time: 13.74, mse_0: 4.3098e-04, mse_f: 2.6911e-03, total loss: 3.3413e-03, Error u,v,p: 1.9147e-02 1.9031e-02 1.4971e-02
It: 47800, Time: 13.65, mse_0: 4.3068e-04, mse_f: 2.6842e-03, total loss: 3.3334e-03, Error u,v,p: 1.9107e-02 1.9014e-02 1.4970e-02
It: 47900, Time: 13.77, mse_0: 4.3013e-04, mse_f: 2.6767e-03, total loss: 3.3253e-03, Error u,v,p: 1.9089e-02 1.8988e-02 1.4965e-02
It: 48000, Time: 13.54, mse_0: 4.2903e-04, mse_f: 2.6709e-03, total loss: 3.3172e-03, Error u,v,p: 1.9055e-02 1.8941e-02 1.4932e-02
It: 48100, Time: 13.64, mse_0: 4.2769e-04, mse_f: 2.6647e-03, total loss: 3.3089e-03, Error u,v,p: 1.9023e-02 1.8927e-02 1.4899e-02
It: 48200, Time: 13.82, mse_0: 4.2599e-04, mse_f: 2.6583e-03, total loss: 3.3007e-03, Error u,v,p: 1.8993e-02 1.8892e-02 1.4863e-02
It: 48300, Time: 13.62, mse_0: 4.2494e-04, mse_f: 2.6517e-03, total loss: 3.2929e-03, Error u,v,p: 1.8984e-02 1.8857e-02 1.4897e-02
It: 48400, Time: 13.78, mse_0: 4.2364e-04, mse_f: 2.6461e-03, total loss: 3.2850e-03, Error u,v,p: 1.8934e-02 1.8854e-02 1.4922e-02
It: 48500, Time: 13.59, mse_0: 4.2217e-04, mse_f: 2.6410e-03, total loss: 3.2775e-03, Error u,v,p: 1.8903e-02 1.8840e-02 1.4876e-02
It: 48600, Time: 13.69, mse_0: 4.2122e-04, mse_f: 2.6342e-03, total loss: 3.2697e-03, Error u,v,p: 1.8897e-02 1.8794e-02 1.4892e-02
It: 48700, Time: 13.68, mse_0: 4.2058e-04, mse_f: 2.6282e-03, total loss: 3.2622e-03, Error u,v,p: 1.8858e-02 1.8772e-02 1.4919e-02
It: 48800, Time: 13.73, mse_0: 4.1956e-04, mse_f: 2.6224e-03, total loss: 3.2547e-03, Error u,v,p: 1.8839e-02 1.8753e-02 1.4942e-02
It: 48900, Time: 13.83, mse_0: 4.1848e-04, mse_f: 2.6166e-03, total loss: 3.2472e-03, Error u,v,p: 1.8842e-02 1.8738e-02 1.5000e-02
It: 49000, Time: 13.67, mse_0: 4.1685e-04, mse_f: 2.6108e-03, total loss: 3.2393e-03, Error u,v,p: 1.8818e-02 1.8721e-02 1.4991e-02
It: 49100, Time: 13.67, mse_0: 4.1513e-04, mse_f: 2.6054e-03, total loss: 3.2317e-03, Error u,v,p: 1.8798e-02 1.8707e-02 1.4980e-02
It: 49200, Time: 13.63, mse_0: 4.1309e-04, mse_f: 2.6004e-03, total loss: 3.2240e-03, Error u,v,p: 1.8781e-02 1.8702e-02 1.4965e-02
It: 49300, Time: 13.62, mse_0: 4.1146e-04, mse_f: 2.5948e-03, total loss: 3.2163e-03, Error u,v,p: 1.8772e-02 1.8703e-02 1.4933e-02
It: 49400, Time: 13.68, mse_0: 4.0996e-04, mse_f: 2.5889e-03, total loss: 3.2086e-03, Error u,v,p: 1.8742e-02 1.8701e-02 1.4938e-02
It: 49500, Time: 13.60, mse_0: 4.0851e-04, mse_f: 2.5831e-03, total loss: 3.2009e-03, Error u,v,p: 1.8736e-02 1.8663e-02 1.4954e-02
It: 49600, Time: 13.59, mse_0: 4.0708e-04, mse_f: 2.5775e-03, total loss: 3.1935e-03, Error u,v,p: 1.8733e-02 1.8625e-02 1.4919e-02
It: 49700, Time: 13.84, mse_0: 4.0597e-04, mse_f: 2.5716e-03, total loss: 3.1859e-03, Error u,v,p: 1.8713e-02 1.8616e-02 1.4873e-02
It: 49800, Time: 13.51, mse_0: 4.0433e-04, mse_f: 2.5660e-03, total loss: 3.1784e-03, Error u,v,p: 1.8677e-02 1.8612e-02 1.4867e-02
It: 49900, Time: 13.40, mse_0: 4.0314e-04, mse_f: 2.5608e-03, total loss: 3.1714e-03, Error u,v,p: 1.8659e-02 1.8587e-02 1.4872e-02
It: 50000, Time: 13.66, mse_0: 4.0224e-04, mse_f: 2.5546e-03, total loss: 3.1641e-03, Error u,v,p: 1.8639e-02 1.8566e-02 1.4871e-02
It: 50100, Time: 13.56, mse_0: 4.0161e-04, mse_f: 2.5482e-03, total loss: 3.1564e-03, Error u,v,p: 1.8635e-02 1.8547e-02 1.4877e-02
It: 50200, Time: 13.81, mse_0: 4.0013e-04, mse_f: 2.5420e-03, total loss: 3.1483e-03, Error u,v,p: 1.8625e-02 1.8525e-02 1.4912e-02
It: 50300, Time: 13.70, mse_0: 3.9904e-04, mse_f: 2.5359e-03, total loss: 3.1412e-03, Error u,v,p: 1.8602e-02 1.8514e-02 1.4874e-02
It: 50400, Time: 13.76, mse_0: 3.9861e-04, mse_f: 2.5300e-03, total loss: 3.1341e-03, Error u,v,p: 1.8590e-02 1.8498e-02 1.4851e-02
It: 50500, Time: 13.74, mse_0: 3.9744e-04, mse_f: 2.5244e-03, total loss: 3.1267e-03, Error u,v,p: 1.8599e-02 1.8499e-02 1.4871e-02
It: 50600, Time: 13.81, mse_0: 3.9614e-04, mse_f: 2.5192e-03, total loss: 3.1198e-03, Error u,v,p: 1.8575e-02 1.8471e-02 1.4907e-02
It: 50700, Time: 13.67, mse_0: 3.9523e-04, mse_f: 2.5133e-03, total loss: 3.1127e-03, Error u,v,p: 1.8556e-02 1.8486e-02 1.4899e-02
It: 50800, Time: 13.59, mse_0: 3.9443e-04, mse_f: 2.5075e-03, total loss: 3.1054e-03, Error u,v,p: 1.8512e-02 1.8476e-02 1.4900e-02
It: 50900, Time: 13.96, mse_0: 3.9313e-04, mse_f: 2.5019e-03, total loss: 3.0982e-03, Error u,v,p: 1.8502e-02 1.8458e-02 1.4920e-02
It: 51000, Time: 13.66, mse_0: 3.9164e-04, mse_f: 2.4970e-03, total loss: 3.0912e-03, Error u,v,p: 1.8476e-02 1.8432e-02 1.4945e-02
It: 51100, Time: 13.74, mse_0: 3.9032e-04, mse_f: 2.4916e-03, total loss: 3.0839e-03, Error u,v,p: 1.8480e-02 1.8467e-02 1.4986e-02
It: 51200, Time: 13.67, mse_0: 3.8963e-04, mse_f: 2.4860e-03, total loss: 3.0772e-03, Error u,v,p: 1.8447e-02 1.8444e-02 1.4963e-02
It: 51300, Time: 13.58, mse_0: 3.8844e-04, mse_f: 2.4802e-03, total loss: 3.0698e-03, Error u,v,p: 1.8429e-02 1.8392e-02 1.4991e-02
It: 51400, Time: 13.58, mse_0: 3.8732e-04, mse_f: 2.4749e-03, total loss: 3.0625e-03, Error u,v,p: 1.8415e-02 1.8368e-02 1.5061e-02
It: 51500, Time: 13.70, mse_0: 3.8602e-04, mse_f: 2.4700e-03, total loss: 3.0555e-03, Error u,v,p: 1.8415e-02 1.8349e-02 1.5083e-02
It: 51600, Time: 13.71, mse_0: 3.8503e-04, mse_f: 2.4648e-03, total loss: 3.0487e-03, Error u,v,p: 1.8402e-02 1.8339e-02 1.5114e-02
It: 51700, Time: 13.71, mse_0: 3.8435e-04, mse_f: 2.4588e-03, total loss: 3.0411e-03, Error u,v,p: 1.8381e-02 1.8310e-02 1.5158e-02
It: 51800, Time: 13.59, mse_0: 3.8383e-04, mse_f: 2.4521e-03, total loss: 3.0332e-03, Error u,v,p: 1.8352e-02 1.8290e-02 1.5192e-02
It: 51900, Time: 13.67, mse_0: 3.8361e-04, mse_f: 2.4457e-03, total loss: 3.0259e-03, Error u,v,p: 1.8310e-02 1.8242e-02 1.5228e-02
It: 52000, Time: 13.64, mse_0: 3.8303e-04, mse_f: 2.4392e-03, total loss: 3.0185e-03, Error u,v,p: 1.8310e-02 1.8214e-02 1.5286e-02
It: 52100, Time: 13.73, mse_0: 3.8254e-04, mse_f: 2.4331e-03, total loss: 3.0111e-03, Error u,v,p: 1.8273e-02 1.8167e-02 1.5317e-02
It: 52200, Time: 13.63, mse_0: 3.8201e-04, mse_f: 2.4268e-03, total loss: 3.0040e-03, Error u,v,p: 1.8241e-02 1.8135e-02 1.5303e-02
It: 52300, Time: 13.54, mse_0: 3.8124e-04, mse_f: 2.4208e-03, total loss: 2.9971e-03, Error u,v,p: 1.8230e-02 1.8128e-02 1.5290e-02
It: 52400, Time: 13.69, mse_0: 3.8012e-04, mse_f: 2.4151e-03, total loss: 2.9897e-03, Error u,v,p: 1.8219e-02 1.8092e-02 1.5287e-02
It: 52500, Time: 13.64, mse_0: 3.7875e-04, mse_f: 2.4096e-03, total loss: 2.9818e-03, Error u,v,p: 1.8182e-02 1.8044e-02 1.5289e-02
It: 52600, Time: 13.79, mse_0: 3.7746e-04, mse_f: 2.4042e-03, total loss: 2.9747e-03, Error u,v,p: 1.8164e-02 1.7996e-02 1.5282e-02
It: 52700, Time: 13.81, mse_0: 3.7684e-04, mse_f: 2.3981e-03, total loss: 2.9679e-03, Error u,v,p: 1.8148e-02 1.7960e-02 1.5300e-02
It: 52800, Time: 13.55, mse_0: 3.7579e-04, mse_f: 2.3924e-03, total loss: 2.9610e-03, Error u,v,p: 1.8112e-02 1.7966e-02 1.5310e-02
It: 52900, Time: 13.49, mse_0: 3.7513e-04, mse_f: 2.3862e-03, total loss: 2.9539e-03, Error u,v,p: 1.8079e-02 1.7940e-02 1.5286e-02
It: 53000, Time: 13.59, mse_0: 3.7455e-04, mse_f: 2.3803e-03, total loss: 2.9466e-03, Error u,v,p: 1.8057e-02 1.7920e-02 1.5274e-02
It: 53100, Time: 13.71, mse_0: 3.7380e-04, mse_f: 2.3739e-03, total loss: 2.9389e-03, Error u,v,p: 1.8030e-02 1.7932e-02 1.5303e-02
It: 53200, Time: 13.62, mse_0: 3.7273e-04, mse_f: 2.3680e-03, total loss: 2.9317e-03, Error u,v,p: 1.8007e-02 1.7933e-02 1.5298e-02
It: 53300, Time: 13.60, mse_0: 3.7190e-04, mse_f: 2.3622e-03, total loss: 2.9245e-03, Error u,v,p: 1.7996e-02 1.7902e-02 1.5277e-02
It: 53400, Time: 13.63, mse_0: 3.7061e-04, mse_f: 2.3567e-03, total loss: 2.9176e-03, Error u,v,p: 1.7959e-02 1.7861e-02 1.5286e-02
It: 53500, Time: 13.78, mse_0: 3.6958e-04, mse_f: 2.3507e-03, total loss: 2.9105e-03, Error u,v,p: 1.7939e-02 1.7827e-02 1.5276e-02
It: 53600, Time: 13.47, mse_0: 3.6862e-04, mse_f: 2.3453e-03, total loss: 2.9037e-03, Error u,v,p: 1.7905e-02 1.7834e-02 1.5269e-02
It: 53700, Time: 13.60, mse_0: 3.6725e-04, mse_f: 2.3401e-03, total loss: 2.8968e-03, Error u,v,p: 1.7889e-02 1.7820e-02 1.5248e-02
It: 53800, Time: 13.69, mse_0: 3.6634e-04, mse_f: 2.3350e-03, total loss: 2.8902e-03, Error u,v,p: 1.7885e-02 1.7822e-02 1.5228e-02
It: 53900, Time: 13.68, mse_0: 3.6541e-04, mse_f: 2.3297e-03, total loss: 2.8835e-03, Error u,v,p: 1.7865e-02 1.7790e-02 1.5260e-02
It: 54000, Time: 13.61, mse_0: 3.6464e-04, mse_f: 2.3243e-03, total loss: 2.8765e-03, Error u,v,p: 1.7844e-02 1.7759e-02 1.5243e-02
It: 54100, Time: 13.58, mse_0: 3.6354e-04, mse_f: 2.3188e-03, total loss: 2.8694e-03, Error u,v,p: 1.7821e-02 1.7749e-02 1.5268e-02
It: 54200, Time: 13.59, mse_0: 3.6266e-04, mse_f: 2.3134e-03, total loss: 2.8627e-03, Error u,v,p: 1.7804e-02 1.7712e-02 1.5263e-02
It: 54300, Time: 13.56, mse_0: 3.6204e-04, mse_f: 2.3078e-03, total loss: 2.8561e-03, Error u,v,p: 1.7797e-02 1.7683e-02 1.5255e-02
It: 54400, Time: 13.53, mse_0: 3.6081e-04, mse_f: 2.3030e-03, total loss: 2.8497e-03, Error u,v,p: 1.7796e-02 1.7668e-02 1.5176e-02
It: 54500, Time: 13.73, mse_0: 3.6017e-04, mse_f: 2.2974e-03, total loss: 2.8429e-03, Error u,v,p: 1.7776e-02 1.7671e-02 1.5123e-02
It: 54600, Time: 13.56, mse_0: 3.5922e-04, mse_f: 2.2919e-03, total loss: 2.8362e-03, Error u,v,p: 1.7742e-02 1.7671e-02 1.5104e-02
It: 54700, Time: 13.48, mse_0: 3.5822e-04, mse_f: 2.2865e-03, total loss: 2.8296e-03, Error u,v,p: 1.7718e-02 1.7676e-02 1.5097e-02
It: 54800, Time: 13.57, mse_0: 3.5723e-04, mse_f: 2.2812e-03, total loss: 2.8230e-03, Error u,v,p: 1.7690e-02 1.7646e-02 1.5090e-02
It: 54900, Time: 13.58, mse_0: 3.5614e-04, mse_f: 2.2762e-03, total loss: 2.8163e-03, Error u,v,p: 1.7651e-02 1.7596e-02 1.5085e-02
It: 55000, Time: 13.55, mse_0: 3.5518e-04, mse_f: 2.2709e-03, total loss: 2.8098e-03, Error u,v,p: 1.7614e-02 1.7577e-02 1.5049e-02
It: 55100, Time: 13.72, mse_0: 3.5430e-04, mse_f: 2.2656e-03, total loss: 2.8032e-03, Error u,v,p: 1.7595e-02 1.7532e-02 1.5039e-02
It: 55200, Time: 13.68, mse_0: 3.5311e-04, mse_f: 2.2609e-03, total loss: 2.7967e-03, Error u,v,p: 1.7569e-02 1.7514e-02 1.5025e-02
It: 55300, Time: 13.88, mse_0: 3.5220e-04, mse_f: 2.2566e-03, total loss: 2.7907e-03, Error u,v,p: 1.7545e-02 1.7518e-02 1.4993e-02
It: 55400, Time: 13.72, mse_0: 3.5129e-04, mse_f: 2.2519e-03, total loss: 2.7847e-03, Error u,v,p: 1.7533e-02 1.7493e-02 1.4933e-02
It: 55500, Time: 13.76, mse_0: 3.5044e-04, mse_f: 2.2466e-03, total loss: 2.7785e-03, Error u,v,p: 1.7532e-02 1.7471e-02 1.4940e-02
It: 55600, Time: 13.65, mse_0: 3.4971e-04, mse_f: 2.2418e-03, total loss: 2.7726e-03, Error u,v,p: 1.7519e-02 1.7466e-02 1.4927e-02
It: 55700, Time: 13.73, mse_0: 3.4893e-04, mse_f: 2.2366e-03, total loss: 2.7664e-03, Error u,v,p: 1.7502e-02 1.7460e-02 1.4873e-02
It: 55800, Time: 13.71, mse_0: 3.4781e-04, mse_f: 2.2319e-03, total loss: 2.7603e-03, Error u,v,p: 1.7477e-02 1.7451e-02 1.4820e-02
It: 55900, Time: 13.72, mse_0: 3.4674e-04, mse_f: 2.2273e-03, total loss: 2.7542e-03, Error u,v,p: 1.7453e-02 1.7426e-02 1.4794e-02
It: 56000, Time: 13.56, mse_0: 3.4641e-04, mse_f: 2.2225e-03, total loss: 2.7485e-03, Error u,v,p: 1.7432e-02 1.7412e-02 1.4881e-02
It: 56100, Time: 13.81, mse_0: 3.4616e-04, mse_f: 2.2172e-03, total loss: 2.7421e-03, Error u,v,p: 1.7374e-02 1.7394e-02 1.4837e-02
It: 56200, Time: 13.66, mse_0: 3.4526e-04, mse_f: 2.2129e-03, total loss: 2.7361e-03, Error u,v,p: 1.7372e-02 1.7367e-02 1.4831e-02
It: 56300, Time: 13.54, mse_0: 3.4408e-04, mse_f: 2.2084e-03, total loss: 2.7299e-03, Error u,v,p: 1.7369e-02 1.7370e-02 1.4879e-02
It: 56400, Time: 13.59, mse_0: 3.4328e-04, mse_f: 2.2031e-03, total loss: 2.7238e-03, Error u,v,p: 1.7354e-02 1.7346e-02 1.4831e-02
It: 56500, Time: 13.75, mse_0: 3.4223e-04, mse_f: 2.1983e-03, total loss: 2.7175e-03, Error u,v,p: 1.7327e-02 1.7292e-02 1.4808e-02
It: 56600, Time: 13.51, mse_0: 3.4112e-04, mse_f: 2.1944e-03, total loss: 2.7122e-03, Error u,v,p: 1.7298e-02 1.7258e-02 1.4788e-02
It: 56700, Time: 13.71, mse_0: 3.4000e-04, mse_f: 2.1898e-03, total loss: 2.7063e-03, Error u,v,p: 1.7288e-02 1.7260e-02 1.4790e-02
It: 56800, Time: 13.66, mse_0: 3.3921e-04, mse_f: 2.1846e-03, total loss: 2.6997e-03, Error u,v,p: 1.7251e-02 1.7254e-02 1.4794e-02
It: 56900, Time: 13.57, mse_0: 3.3810e-04, mse_f: 2.1801e-03, total loss: 2.6938e-03, Error u,v,p: 1.7229e-02 1.7245e-02 1.4765e-02
It: 57000, Time: 13.71, mse_0: 3.3714e-04, mse_f: 2.1758e-03, total loss: 2.6883e-03, Error u,v,p: 1.7214e-02 1.7215e-02 1.4709e-02
It: 57100, Time: 13.71, mse_0: 3.3628e-04, mse_f: 2.1715e-03, total loss: 2.6826e-03, Error u,v,p: 1.7188e-02 1.7219e-02 1.4652e-02
It: 57200, Time: 13.75, mse_0: 3.3569e-04, mse_f: 2.1671e-03, total loss: 2.6770e-03, Error u,v,p: 1.7172e-02 1.7198e-02 1.4628e-02
It: 57300, Time: 13.66, mse_0: 3.3489e-04, mse_f: 2.1625e-03, total loss: 2.6713e-03, Error u,v,p: 1.7159e-02 1.7189e-02 1.4625e-02
It: 57400, Time: 13.58, mse_0: 3.3387e-04, mse_f: 2.1576e-03, total loss: 2.6651e-03, Error u,v,p: 1.7122e-02 1.7179e-02 1.4602e-02
It: 57500, Time: 13.60, mse_0: 3.3319e-04, mse_f: 2.1531e-03, total loss: 2.6594e-03, Error u,v,p: 1.7109e-02 1.7157e-02 1.4598e-02
It: 57600, Time: 13.56, mse_0: 3.3262e-04, mse_f: 2.1484e-03, total loss: 2.6536e-03, Error u,v,p: 1.7070e-02 1.7130e-02 1.4561e-02
It: 57700, Time: 13.58, mse_0: 3.3172e-04, mse_f: 2.1444e-03, total loss: 2.6477e-03, Error u,v,p: 1.7086e-02 1.7106e-02 1.4498e-02
It: 57800, Time: 13.56, mse_0: 3.3114e-04, mse_f: 2.1399e-03, total loss: 2.6420e-03, Error u,v,p: 1.7070e-02 1.7099e-02 1.4447e-02
It: 57900, Time: 13.62, mse_0: 3.3089e-04, mse_f: 2.1350e-03, total loss: 2.6367e-03, Error u,v,p: 1.7040e-02 1.7065e-02 1.4461e-02
It: 58000, Time: 13.70, mse_0: 3.3010e-04, mse_f: 2.1302e-03, total loss: 2.6307e-03, Error u,v,p: 1.7007e-02 1.7042e-02 1.4452e-02
It: 58100, Time: 13.52, mse_0: 3.2934e-04, mse_f: 2.1252e-03, total loss: 2.6246e-03, Error u,v,p: 1.7005e-02 1.7000e-02 1.4451e-02
It: 58200, Time: 13.56, mse_0: 3.2861e-04, mse_f: 2.1209e-03, total loss: 2.6190e-03, Error u,v,p: 1.6979e-02 1.7001e-02 1.4406e-02
It: 58300, Time: 13.76, mse_0: 3.2789e-04, mse_f: 2.1163e-03, total loss: 2.6132e-03, Error u,v,p: 1.6959e-02 1.6992e-02 1.4419e-02
It: 58400, Time: 13.64, mse_0: 3.2679e-04, mse_f: 2.1123e-03, total loss: 2.6073e-03, Error u,v,p: 1.6922e-02 1.6974e-02 1.4346e-02
It: 58500, Time: 13.65, mse_0: 3.2624e-04, mse_f: 2.1076e-03, total loss: 2.6015e-03, Error u,v,p: 1.6918e-02 1.6956e-02 1.4343e-02
It: 58600, Time: 13.58, mse_0: 3.2600e-04, mse_f: 2.1030e-03, total loss: 2.5964e-03, Error u,v,p: 1.6903e-02 1.6949e-02 1.4304e-02
It: 58700, Time: 13.69, mse_0: 3.2544e-04, mse_f: 2.0986e-03, total loss: 2.5913e-03, Error u,v,p: 1.6873e-02 1.6933e-02 1.4327e-02
It: 58800, Time: 13.60, mse_0: 3.2443e-04, mse_f: 2.0940e-03, total loss: 2.5854e-03, Error u,v,p: 1.6854e-02 1.6923e-02 1.4321e-02
It: 58900, Time: 13.71, mse_0: 3.2351e-04, mse_f: 2.0893e-03, total loss: 2.5796e-03, Error u,v,p: 1.6853e-02 1.6931e-02 1.4265e-02
It: 59000, Time: 13.75, mse_0: 3.2289e-04, mse_f: 2.0849e-03, total loss: 2.5743e-03, Error u,v,p: 1.6844e-02 1.6901e-02 1.4283e-02
It: 59100, Time: 13.79, mse_0: 3.2206e-04, mse_f: 2.0808e-03, total loss: 2.5689e-03, Error u,v,p: 1.6837e-02 1.6877e-02 1.4268e-02
It: 59200, Time: 13.70, mse_0: 3.2165e-04, mse_f: 2.0762e-03, total loss: 2.5638e-03, Error u,v,p: 1.6807e-02 1.6863e-02 1.4220e-02
It: 59300, Time: 13.59, mse_0: 3.2077e-04, mse_f: 2.0725e-03, total loss: 2.5588e-03, Error u,v,p: 1.6785e-02 1.6853e-02 1.4230e-02
It: 59400, Time: 13.55, mse_0: 3.2014e-04, mse_f: 2.0686e-03, total loss: 2.5538e-03, Error u,v,p: 1.6778e-02 1.6837e-02 1.4248e-02
It: 59500, Time: 13.90, mse_0: 3.1984e-04, mse_f: 2.0648e-03, total loss: 2.5493e-03, Error u,v,p: 1.6780e-02 1.6838e-02 1.4249e-02
It: 59600, Time: 13.58, mse_0: 3.1945e-04, mse_f: 2.0609e-03, total loss: 2.5444e-03, Error u,v,p: 1.6757e-02 1.6841e-02 1.4252e-02
It: 59700, Time: 13.69, mse_0: 3.1901e-04, mse_f: 2.0568e-03, total loss: 2.5394e-03, Error u,v,p: 1.6737e-02 1.6827e-02 1.4259e-02
It: 59800, Time: 13.57, mse_0: 3.1838e-04, mse_f: 2.0527e-03, total loss: 2.5343e-03, Error u,v,p: 1.6741e-02 1.6829e-02 1.4307e-02
It: 59900, Time: 13.71, mse_0: 3.1790e-04, mse_f: 2.0489e-03, total loss: 2.5294e-03, Error u,v,p: 1.6716e-02 1.6827e-02 1.4282e-02
It: 60000, Time: 13.58, mse_0: 3.1776e-04, mse_f: 2.0445e-03, total loss: 2.5243e-03, Error u,v,p: 1.6689e-02 1.6784e-02 1.4276e-02
It: 60100, Time: 13.75, mse_0: 3.1744e-04, mse_f: 2.0401e-03, total loss: 2.5192e-03, Error u,v,p: 1.6664e-02 1.6773e-02 1.4310e-02
It: 60200, Time: 13.63, mse_0: 3.1669e-04, mse_f: 2.0359e-03, total loss: 2.5142e-03, Error u,v,p: 1.6645e-02 1.6730e-02 1.4318e-02
It: 60300, Time: 13.53, mse_0: 3.1587e-04, mse_f: 2.0314e-03, total loss: 2.5087e-03, Error u,v,p: 1.6621e-02 1.6707e-02 1.4290e-02
It: 60400, Time: 13.72, mse_0: 3.1548e-04, mse_f: 2.0272e-03, total loss: 2.5038e-03, Error u,v,p: 1.6597e-02 1.6696e-02 1.4296e-02
It: 60500, Time: 13.54, mse_0: 3.1476e-04, mse_f: 2.0235e-03, total loss: 2.4985e-03, Error u,v,p: 1.6567e-02 1.6673e-02 1.4298e-02
It: 60600, Time: 13.62, mse_0: 3.1417e-04, mse_f: 2.0199e-03, total loss: 2.4937e-03, Error u,v,p: 1.6550e-02 1.6668e-02 1.4252e-02
It: 60700, Time: 13.76, mse_0: 3.1342e-04, mse_f: 2.0161e-03, total loss: 2.4886e-03, Error u,v,p: 1.6557e-02 1.6666e-02 1.4238e-02
It: 60800, Time: 13.63, mse_0: 3.1261e-04, mse_f: 2.0119e-03, total loss: 2.4834e-03, Error u,v,p: 1.6536e-02 1.6643e-02 1.4254e-02
It: 60900, Time: 13.64, mse_0: 3.1222e-04, mse_f: 2.0074e-03, total loss: 2.4783e-03, Error u,v,p: 1.6484e-02 1.6628e-02 1.4262e-02
It: 61000, Time: 13.70, mse_0: 3.1134e-04, mse_f: 2.0039e-03, total loss: 2.4735e-03, Error u,v,p: 1.6465e-02 1.6613e-02 1.4302e-02
It: 61100, Time: 13.63, mse_0: 3.1096e-04, mse_f: 2.0003e-03, total loss: 2.4688e-03, Error u,v,p: 1.6441e-02 1.6596e-02 1.4290e-02
It: 61200, Time: 13.54, mse_0: 3.1022e-04, mse_f: 1.9967e-03, total loss: 2.4641e-03, Error u,v,p: 1.6422e-02 1.6578e-02 1.4252e-02
It: 61300, Time: 13.59, mse_0: 3.0950e-04, mse_f: 1.9933e-03, total loss: 2.4596e-03, Error u,v,p: 1.6406e-02 1.6587e-02 1.4219e-02
It: 61400, Time: 13.69, mse_0: 3.0879e-04, mse_f: 1.9902e-03, total loss: 2.4550e-03, Error u,v,p: 1.6392e-02 1.6573e-02 1.4200e-02
It: 61500, Time: 13.66, mse_0: 3.0807e-04, mse_f: 1.9862e-03, total loss: 2.4500e-03, Error u,v,p: 1.6373e-02 1.6530e-02 1.4225e-02
It: 61600, Time: 13.75, mse_0: 3.0753e-04, mse_f: 1.9826e-03, total loss: 2.4454e-03, Error u,v,p: 1.6361e-02 1.6527e-02 1.4237e-02
It: 61700, Time: 13.54, mse_0: 3.0692e-04, mse_f: 1.9786e-03, total loss: 2.4407e-03, Error u,v,p: 1.6355e-02 1.6522e-02 1.4239e-02
It: 61800, Time: 13.55, mse_0: 3.0638e-04, mse_f: 1.9745e-03, total loss: 2.4357e-03, Error u,v,p: 1.6342e-02 1.6502e-02 1.4230e-02
It: 61900, Time: 13.59, mse_0: 3.0584e-04, mse_f: 1.9705e-03, total loss: 2.4307e-03, Error u,v,p: 1.6321e-02 1.6475e-02 1.4226e-02
It: 62000, Time: 13.78, mse_0: 3.0558e-04, mse_f: 1.9664e-03, total loss: 2.4257e-03, Error u,v,p: 1.6298e-02 1.6452e-02 1.4260e-02
It: 62100, Time: 13.41, mse_0: 3.0485e-04, mse_f: 1.9626e-03, total loss: 2.4206e-03, Error u,v,p: 1.6285e-02 1.6460e-02 1.4262e-02
It: 62200, Time: 13.61, mse_0: 3.0406e-04, mse_f: 1.9585e-03, total loss: 2.4154e-03, Error u,v,p: 1.6269e-02 1.6445e-02 1.4249e-02
It: 62300, Time: 13.78, mse_0: 3.0335e-04, mse_f: 1.9546e-03, total loss: 2.4105e-03, Error u,v,p: 1.6259e-02 1.6416e-02 1.4300e-02
It: 62400, Time: 13.71, mse_0: 3.0302e-04, mse_f: 1.9502e-03, total loss: 2.4053e-03, Error u,v,p: 1.6224e-02 1.6391e-02 1.4276e-02
It: 62500, Time: 13.74, mse_0: 3.0245e-04, mse_f: 1.9465e-03, total loss: 2.4003e-03, Error u,v,p: 1.6199e-02 1.6391e-02 1.4277e-02
It: 62600, Time: 13.66, mse_0: 3.0193e-04, mse_f: 1.9419e-03, total loss: 2.3950e-03, Error u,v,p: 1.6179e-02 1.6382e-02 1.4260e-02
It: 62700, Time: 13.75, mse_0: 3.0127e-04, mse_f: 1.9380e-03, total loss: 2.3900e-03, Error u,v,p: 1.6140e-02 1.6357e-02 1.4234e-02
It: 62800, Time: 13.67, mse_0: 3.0083e-04, mse_f: 1.9339e-03, total loss: 2.3852e-03, Error u,v,p: 1.6098e-02 1.6331e-02 1.4236e-02
It: 62900, Time: 13.45, mse_0: 3.0002e-04, mse_f: 1.9304e-03, total loss: 2.3807e-03, Error u,v,p: 1.6083e-02 1.6306e-02 1.4205e-02
It: 63000, Time: 13.66, mse_0: 2.9940e-04, mse_f: 1.9258e-03, total loss: 2.3757e-03, Error u,v,p: 1.6081e-02 1.6298e-02 1.4221e-02
It: 63100, Time: 13.60, mse_0: 2.9862e-04, mse_f: 1.9224e-03, total loss: 2.3710e-03, Error u,v,p: 1.6061e-02 1.6289e-02 1.4220e-02
It: 63200, Time: 13.75, mse_0: 2.9799e-04, mse_f: 1.9186e-03, total loss: 2.3660e-03, Error u,v,p: 1.6070e-02 1.6259e-02 1.4244e-02
It: 63300, Time: 13.37, mse_0: 2.9718e-04, mse_f: 1.9149e-03, total loss: 2.3611e-03, Error u,v,p: 1.6043e-02 1.6268e-02 1.4244e-02
It: 63400, Time: 13.59, mse_0: 2.9622e-04, mse_f: 1.9114e-03, total loss: 2.3563e-03, Error u,v,p: 1.6022e-02 1.6261e-02 1.4190e-02
It: 63500, Time: 13.63, mse_0: 2.9563e-04, mse_f: 1.9078e-03, total loss: 2.3517e-03, Error u,v,p: 1.6020e-02 1.6251e-02 1.4207e-02
It: 63600, Time: 14.00, mse_0: 2.9468e-04, mse_f: 1.9043e-03, total loss: 2.3466e-03, Error u,v,p: 1.6006e-02 1.6224e-02 1.4158e-02
It: 63700, Time: 13.54, mse_0: 2.9383e-04, mse_f: 1.9005e-03, total loss: 2.3415e-03, Error u,v,p: 1.5993e-02 1.6193e-02 1.4136e-02
It: 63800, Time: 13.92, mse_0: 2.9324e-04, mse_f: 1.8969e-03, total loss: 2.3369e-03, Error u,v,p: 1.5987e-02 1.6186e-02 1.4141e-02
It: 63900, Time: 13.69, mse_0: 2.9262e-04, mse_f: 1.8931e-03, total loss: 2.3323e-03, Error u,v,p: 1.5979e-02 1.6178e-02 1.4129e-02
It: 64000, Time: 13.51, mse_0: 2.9229e-04, mse_f: 1.8891e-03, total loss: 2.3277e-03, Error u,v,p: 1.5969e-02 1.6168e-02 1.4124e-02
It: 64100, Time: 13.66, mse_0: 2.9194e-04, mse_f: 1.8845e-03, total loss: 2.3228e-03, Error u,v,p: 1.5976e-02 1.6157e-02 1.4104e-02
It: 64200, Time: 13.59, mse_0: 2.9156e-04, mse_f: 1.8805e-03, total loss: 2.3179e-03, Error u,v,p: 1.5974e-02 1.6168e-02 1.4104e-02
It: 64300, Time: 13.68, mse_0: 2.9128e-04, mse_f: 1.8766e-03, total loss: 2.3137e-03, Error u,v,p: 1.5967e-02 1.6128e-02 1.4103e-02
It: 64400, Time: 13.77, mse_0: 2.9099e-04, mse_f: 1.8726e-03, total loss: 2.3091e-03, Error u,v,p: 1.5942e-02 1.6101e-02 1.4062e-02
It: 64500, Time: 13.51, mse_0: 2.9081e-04, mse_f: 1.8686e-03, total loss: 2.3047e-03, Error u,v,p: 1.5950e-02 1.6066e-02 1.4043e-02
It: 64600, Time: 13.70, mse_0: 2.9043e-04, mse_f: 1.8646e-03, total loss: 2.3000e-03, Error u,v,p: 1.5907e-02 1.6044e-02 1.4004e-02
It: 64700, Time: 13.52, mse_0: 2.8994e-04, mse_f: 1.8609e-03, total loss: 2.2955e-03, Error u,v,p: 1.5918e-02 1.6040e-02 1.4010e-02
It: 64800, Time: 13.83, mse_0: 2.8948e-04, mse_f: 1.8577e-03, total loss: 2.2911e-03, Error u,v,p: 1.5908e-02 1.6019e-02 1.4016e-02
It: 64900, Time: 13.47, mse_0: 2.8920e-04, mse_f: 1.8539e-03, total loss: 2.2867e-03, Error u,v,p: 1.5887e-02 1.6013e-02 1.3992e-02
It: 65000, Time: 13.69, mse_0: 2.8874e-04, mse_f: 1.8501e-03, total loss: 2.2822e-03, Error u,v,p: 1.5882e-02 1.6002e-02 1.3995e-02
It: 65100, Time: 13.76, mse_0: 2.8832e-04, mse_f: 1.8463e-03, total loss: 2.2778e-03, Error u,v,p: 1.5871e-02 1.5971e-02 1.4005e-02
It: 65200, Time: 13.72, mse_0: 2.8795e-04, mse_f: 1.8425e-03, total loss: 2.2737e-03, Error u,v,p: 1.5891e-02 1.5950e-02 1.4023e-02
It: 65300, Time: 13.73, mse_0: 2.8738e-04, mse_f: 1.8392e-03, total loss: 2.2696e-03, Error u,v,p: 1.5879e-02 1.5935e-02 1.4023e-02
It: 65400, Time: 13.73, mse_0: 2.8702e-04, mse_f: 1.8355e-03, total loss: 2.2654e-03, Error u,v,p: 1.5877e-02 1.5931e-02 1.4013e-02
It: 65500, Time: 13.63, mse_0: 2.8633e-04, mse_f: 1.8320e-03, total loss: 2.2610e-03, Error u,v,p: 1.5877e-02 1.5937e-02 1.3990e-02
It: 65600, Time: 13.70, mse_0: 2.8561e-04, mse_f: 1.8283e-03, total loss: 2.2565e-03, Error u,v,p: 1.5864e-02 1.5925e-02 1.3997e-02
It: 65700, Time: 13.52, mse_0: 2.8513e-04, mse_f: 1.8245e-03, total loss: 2.2521e-03, Error u,v,p: 1.5847e-02 1.5917e-02 1.4003e-02
It: 65800, Time: 13.68, mse_0: 2.8460e-04, mse_f: 1.8215e-03, total loss: 2.2481e-03, Error u,v,p: 1.5824e-02 1.5896e-02 1.4016e-02
It: 65900, Time: 13.71, mse_0: 2.8409e-04, mse_f: 1.8182e-03, total loss: 2.2440e-03, Error u,v,p: 1.5805e-02 1.5850e-02 1.4027e-02
It: 66000, Time: 13.79, mse_0: 2.8364e-04, mse_f: 1.8144e-03, total loss: 2.2396e-03, Error u,v,p: 1.5780e-02 1.5832e-02 1.4041e-02
It: 66100, Time: 13.56, mse_0: 2.8303e-04, mse_f: 1.8111e-03, total loss: 2.2354e-03, Error u,v,p: 1.5759e-02 1.5829e-02 1.4038e-02
It: 66200, Time: 13.70, mse_0: 2.8266e-04, mse_f: 1.8074e-03, total loss: 2.2313e-03, Error u,v,p: 1.5757e-02 1.5805e-02 1.4019e-02
It: 66300, Time: 13.59, mse_0: 2.8254e-04, mse_f: 1.8036e-03, total loss: 2.2272e-03, Error u,v,p: 1.5732e-02 1.5786e-02 1.3997e-02
It: 66400, Time: 13.54, mse_0: 2.8209e-04, mse_f: 1.8003e-03, total loss: 2.2229e-03, Error u,v,p: 1.5724e-02 1.5767e-02 1.3988e-02
It: 66500, Time: 13.52, mse_0: 2.8188e-04, mse_f: 1.7965e-03, total loss: 2.2188e-03, Error u,v,p: 1.5710e-02 1.5788e-02 1.3971e-02
It: 66600, Time: 13.71, mse_0: 2.8105e-04, mse_f: 1.7931e-03, total loss: 2.2145e-03, Error u,v,p: 1.5705e-02 1.5758e-02 1.3969e-02
It: 66700, Time: 13.58, mse_0: 2.8059e-04, mse_f: 1.7895e-03, total loss: 2.2103e-03, Error u,v,p: 1.5698e-02 1.5758e-02 1.3953e-02
It: 66800, Time: 13.68, mse_0: 2.7982e-04, mse_f: 1.7865e-03, total loss: 2.2060e-03, Error u,v,p: 1.5686e-02 1.5732e-02 1.3948e-02
It: 66900, Time: 13.68, mse_0: 2.7946e-04, mse_f: 1.7832e-03, total loss: 2.2019e-03, Error u,v,p: 1.5673e-02 1.5726e-02 1.3984e-02
It: 67000, Time: 13.60, mse_0: 2.7915e-04, mse_f: 1.7799e-03, total loss: 2.1978e-03, Error u,v,p: 1.5663e-02 1.5736e-02 1.4015e-02
It: 67100, Time: 13.66, mse_0: 2.7880e-04, mse_f: 1.7768e-03, total loss: 2.1940e-03, Error u,v,p: 1.5665e-02 1.5702e-02 1.4026e-02
It: 67200, Time: 13.62, mse_0: 2.7845e-04, mse_f: 1.7733e-03, total loss: 2.1901e-03, Error u,v,p: 1.5637e-02 1.5705e-02 1.4031e-02
It: 67300, Time: 13.64, mse_0: 2.7810e-04, mse_f: 1.7698e-03, total loss: 2.1858e-03, Error u,v,p: 1.5611e-02 1.5654e-02 1.4043e-02
It: 67400, Time: 13.72, mse_0: 2.7770e-04, mse_f: 1.7660e-03, total loss: 2.1816e-03, Error u,v,p: 1.5605e-02 1.5644e-02 1.4010e-02
It: 67500, Time: 13.50, mse_0: 2.7725e-04, mse_f: 1.7626e-03, total loss: 2.1776e-03, Error u,v,p: 1.5567e-02 1.5635e-02 1.4021e-02
It: 67600, Time: 13.73, mse_0: 2.7671e-04, mse_f: 1.7593e-03, total loss: 2.1737e-03, Error u,v,p: 1.5584e-02 1.5643e-02 1.4010e-02
It: 67700, Time: 13.73, mse_0: 2.7619e-04, mse_f: 1.7559e-03, total loss: 2.1696e-03, Error u,v,p: 1.5577e-02 1.5639e-02 1.3984e-02
It: 67800, Time: 13.56, mse_0: 2.7572e-04, mse_f: 1.7532e-03, total loss: 2.1661e-03, Error u,v,p: 1.5564e-02 1.5651e-02 1.3987e-02
It: 67900, Time: 13.64, mse_0: 2.7529e-04, mse_f: 1.7501e-03, total loss: 2.1624e-03, Error u,v,p: 1.5535e-02 1.5639e-02 1.3958e-02
It: 68000, Time: 13.69, mse_0: 2.7465e-04, mse_f: 1.7476e-03, total loss: 2.1590e-03, Error u,v,p: 1.5521e-02 1.5627e-02 1.3929e-02
It: 68100, Time: 13.78, mse_0: 2.7401e-04, mse_f: 1.7446e-03, total loss: 2.1553e-03, Error u,v,p: 1.5489e-02 1.5623e-02 1.3878e-02
It: 68200, Time: 13.66, mse_0: 2.7349e-04, mse_f: 1.7419e-03, total loss: 2.1517e-03, Error u,v,p: 1.5482e-02 1.5599e-02 1.3853e-02
It: 68300, Time: 13.67, mse_0: 2.7310e-04, mse_f: 1.7388e-03, total loss: 2.1481e-03, Error u,v,p: 1.5487e-02 1.5599e-02 1.3849e-02
It: 68400, Time: 13.55, mse_0: 2.7270e-04, mse_f: 1.7357e-03, total loss: 2.1441e-03, Error u,v,p: 1.5459e-02 1.5580e-02 1.3884e-02
It: 68500, Time: 13.65, mse_0: 2.7217e-04, mse_f: 1.7330e-03, total loss: 2.1404e-03, Error u,v,p: 1.5444e-02 1.5563e-02 1.3867e-02
It: 68600, Time: 13.81, mse_0: 2.7188e-04, mse_f: 1.7303e-03, total loss: 2.1371e-03, Error u,v,p: 1.5430e-02 1.5558e-02 1.3830e-02
It: 68700, Time: 13.67, mse_0: 2.7153e-04, mse_f: 1.7275e-03, total loss: 2.1335e-03, Error u,v,p: 1.5422e-02 1.5550e-02 1.3839e-02
It: 68800, Time: 13.75, mse_0: 2.7104e-04, mse_f: 1.7248e-03, total loss: 2.1300e-03, Error u,v,p: 1.5408e-02 1.5545e-02 1.3853e-02
It: 68900, Time: 13.58, mse_0: 2.7023e-04, mse_f: 1.7222e-03, total loss: 2.1264e-03, Error u,v,p: 1.5410e-02 1.5544e-02 1.3853e-02
It: 69000, Time: 13.63, mse_0: 2.6971e-04, mse_f: 1.7194e-03, total loss: 2.1230e-03, Error u,v,p: 1.5405e-02 1.5527e-02 1.3860e-02
It: 69100, Time: 13.71, mse_0: 2.6941e-04, mse_f: 1.7160e-03, total loss: 2.1192e-03, Error u,v,p: 1.5402e-02 1.5532e-02 1.3855e-02
It: 69200, Time: 13.51, mse_0: 2.6902e-04, mse_f: 1.7134e-03, total loss: 2.1156e-03, Error u,v,p: 1.5373e-02 1.5545e-02 1.3898e-02
It: 69300, Time: 13.72, mse_0: 2.6859e-04, mse_f: 1.7106e-03, total loss: 2.1121e-03, Error u,v,p: 1.5357e-02 1.5540e-02 1.3934e-02
It: 69400, Time: 13.78, mse_0: 2.6800e-04, mse_f: 1.7079e-03, total loss: 2.1087e-03, Error u,v,p: 1.5344e-02 1.5537e-02 1.3917e-02
It: 69500, Time: 13.80, mse_0: 2.6746e-04, mse_f: 1.7051e-03, total loss: 2.1052e-03, Error u,v,p: 1.5336e-02 1.5507e-02 1.3918e-02
It: 69600, Time: 13.55, mse_0: 2.6686e-04, mse_f: 1.7025e-03, total loss: 2.1019e-03, Error u,v,p: 1.5327e-02 1.5508e-02 1.3912e-02
It: 69700, Time: 13.68, mse_0: 2.6633e-04, mse_f: 1.7000e-03, total loss: 2.0986e-03, Error u,v,p: 1.5317e-02 1.5520e-02 1.3937e-02
It: 69800, Time: 13.72, mse_0: 2.6584e-04, mse_f: 1.6971e-03, total loss: 2.0952e-03, Error u,v,p: 1.5315e-02 1.5501e-02 1.3970e-02
It: 69900, Time: 13.66, mse_0: 2.6542e-04, mse_f: 1.6944e-03, total loss: 2.0918e-03, Error u,v,p: 1.5289e-02 1.5486e-02 1.3981e-02
It: 70000, Time: 13.67, mse_0: 2.6490e-04, mse_f: 1.6915e-03, total loss: 2.0882e-03, Error u,v,p: 1.5276e-02 1.5486e-02 1.3988e-02
Error u: 1.527569e-02
Error v: 1.548566e-02
Error p: 1.398794e-02
ferru =  0.0045494144
ferrv =  0.0045151296
ferrp =  0.013868598
Error u: 1.527569e-02
Error v: 1.548566e-02
Error p: 1.398794e-02
NeuralNet(
  (network): Sequential(
    (0): Linear(in_features=3, out_features=96, bias=True)
    (1): Tanh()
    (2): Linear(in_features=96, out_features=96, bias=True)
    (3): Tanh()
    (4): Linear(in_features=96, out_features=96, bias=True)
    (5): Tanh()
    (6): Linear(in_features=96, out_features=96, bias=True)
    (7): Tanh()
    (8): Linear(in_features=96, out_features=96, bias=True)
    (9): Tanh()
    (10): Linear(in_features=96, out_features=96, bias=True)
    (11): Tanh()
    (12): Linear(in_features=96, out_features=3, bias=True)
  )
)
starting Adam training
It: 100, Time: 11.85, mse_0: 2.0485e-01, mse_f: 4.3927e+00, total loss: 4.9805e+00, Error u,v,p: 1.0153e+00 1.0305e+00 1.0296e+00
It: 200, Time: 11.84, mse_0: 2.7956e-01, mse_f: 6.1872e+00, total loss: 6.9964e+00, Error u,v,p: 1.0309e+00 1.0257e+00 9.4284e-01
It: 300, Time: 11.80, mse_0: 4.2154e-01, mse_f: 8.6383e+00, total loss: 9.9054e+00, Error u,v,p: 1.0052e+00 1.0114e+00 8.8788e-01
It: 400, Time: 11.88, mse_0: 6.1335e-01, mse_f: 1.1734e+01, total loss: 1.3386e+01, Error u,v,p: 1.0207e+00 1.0182e+00 8.4646e-01
It: 500, Time: 11.79, mse_0: 8.3468e-01, mse_f: 1.4917e+01, total loss: 1.7046e+01, Error u,v,p: 1.0192e+00 1.0094e+00 8.6043e-01
It: 600, Time: 11.82, mse_0: 1.1291e+00, mse_f: 1.8288e+01, total loss: 2.0830e+01, Error u,v,p: 1.0632e+00 1.0376e+00 7.9888e-01
It: 700, Time: 11.88, mse_0: 1.4317e+00, mse_f: 2.2050e+01, total loss: 2.5198e+01, Error u,v,p: 1.0680e+00 1.0312e+00 7.8986e-01
It: 800, Time: 11.85, mse_0: 1.8197e+00, mse_f: 2.5023e+01, total loss: 2.8165e+01, Error u,v,p: 1.0891e+00 1.0437e+00 8.6437e-01
It: 900, Time: 11.97, mse_0: 2.3306e+00, mse_f: 2.7596e+01, total loss: 3.1241e+01, Error u,v,p: 1.1515e+00 1.0841e+00 7.9497e-01
It: 1000, Time: 11.93, mse_0: 2.8714e+00, mse_f: 2.5911e+01, total loss: 2.9987e+01, Error u,v,p: 1.3129e+00 1.2264e+00 6.4571e-01
It: 1100, Time: 11.87, mse_0: 2.8482e+00, mse_f: 1.9691e+01, total loss: 2.3500e+01, Error u,v,p: 1.1537e+00 1.1434e+00 5.7105e-01
It: 1200, Time: 11.79, mse_0: 3.0646e+00, mse_f: 1.3632e+01, total loss: 1.7429e+01, Error u,v,p: 1.1964e+00 1.0745e+00 5.4832e-01
It: 1300, Time: 11.77, mse_0: 3.2743e+00, mse_f: 7.0815e+00, total loss: 1.1003e+01, Error u,v,p: 1.1022e+00 1.0361e+00 3.9314e-01
It: 1400, Time: 11.90, mse_0: 3.7804e+00, mse_f: 5.9819e+00, total loss: 1.0389e+01, Error u,v,p: 1.0242e+00 1.0204e+00 4.2761e-01
It: 1500, Time: 11.83, mse_0: 4.2049e+00, mse_f: 3.6589e+00, total loss: 8.1456e+00, Error u,v,p: 1.0050e+00 9.9678e-01 2.4115e-01
It: 1600, Time: 11.83, mse_0: 4.5873e+00, mse_f: 3.1340e+00, total loss: 7.9736e+00, Error u,v,p: 9.8221e-01 9.8114e-01 1.9539e-01
It: 1700, Time: 11.95, mse_0: 4.8330e+00, mse_f: 2.4532e+00, total loss: 7.4728e+00, Error u,v,p: 9.7042e-01 9.6593e-01 1.9696e-01
It: 1800, Time: 11.89, mse_0: 5.0416e+00, mse_f: 2.3034e+00, total loss: 7.5519e+00, Error u,v,p: 9.5807e-01 9.5870e-01 1.8152e-01
It: 1900, Time: 11.87, mse_0: 5.1100e+00, mse_f: 2.2637e+00, total loss: 7.5936e+00, Error u,v,p: 9.3773e-01 9.4401e-01 1.8076e-01
It: 2000, Time: 11.94, mse_0: 5.1015e+00, mse_f: 2.2415e+00, total loss: 7.5933e+00, Error u,v,p: 9.2677e-01 9.1709e-01 1.8656e-01
It: 2100, Time: 11.99, mse_0: 4.9465e+00, mse_f: 2.2374e+00, total loss: 7.4528e+00, Error u,v,p: 9.1397e-01 8.9343e-01 1.8934e-01
It: 2200, Time: 11.84, mse_0: 4.5824e+00, mse_f: 2.2456e+00, total loss: 7.1004e+00, Error u,v,p: 8.9317e-01 8.5657e-01 2.0008e-01
It: 2300, Time: 11.93, mse_0: 4.2043e+00, mse_f: 3.0900e+00, total loss: 7.6487e+00, Error u,v,p: 8.6180e-01 8.0551e-01 2.2450e-01
It: 2400, Time: 11.98, mse_0: 3.3592e+00, mse_f: 2.1680e+00, total loss: 5.7814e+00, Error u,v,p: 7.9488e-01 7.4725e-01 2.0406e-01
It: 2500, Time: 11.99, mse_0: 2.6627e+00, mse_f: 2.0611e+00, total loss: 4.9689e+00, Error u,v,p: 7.2767e-01 6.5758e-01 1.8956e-01
It: 2600, Time: 11.97, mse_0: 1.9255e+00, mse_f: 1.8102e+00, total loss: 3.9198e+00, Error u,v,p: 6.5952e-01 5.8949e-01 1.7529e-01
It: 2700, Time: 11.87, mse_0: 1.3464e+00, mse_f: 1.6118e+00, total loss: 3.1116e+00, Error u,v,p: 5.9589e-01 5.2324e-01 1.7676e-01
It: 2800, Time: 11.94, mse_0: 9.9689e-01, mse_f: 1.3911e+00, total loss: 2.5172e+00, Error u,v,p: 5.3080e-01 4.7056e-01 1.6833e-01
It: 2900, Time: 11.83, mse_0: 9.0235e-01, mse_f: 1.4343e+00, total loss: 2.5107e+00, Error u,v,p: 4.8910e-01 4.4716e-01 1.7506e-01
It: 3000, Time: 11.88, mse_0: 6.5242e-01, mse_f: 1.0920e+00, total loss: 1.8626e+00, Error u,v,p: 4.4302e-01 4.1985e-01 1.6378e-01
It: 3100, Time: 11.94, mse_0: 5.1092e-01, mse_f: 9.7887e-01, total loss: 1.5707e+00, Error u,v,p: 4.0668e-01 3.9564e-01 1.6877e-01
It: 3200, Time: 12.07, mse_0: 4.6302e-01, mse_f: 1.1149e+00, total loss: 1.7062e+00, Error u,v,p: 3.8092e-01 3.7831e-01 1.7168e-01
It: 3300, Time: 11.94, mse_0: 3.3987e-01, mse_f: 7.8435e-01, total loss: 1.1905e+00, Error u,v,p: 3.4591e-01 3.4326e-01 1.6204e-01
It: 3400, Time: 12.01, mse_0: 3.0828e-01, mse_f: 7.7462e-01, total loss: 1.1513e+00, Error u,v,p: 3.2641e-01 3.2810e-01 1.5407e-01
It: 3500, Time: 12.09, mse_0: 2.8546e-01, mse_f: 7.4915e-01, total loss: 1.1038e+00, Error u,v,p: 3.1423e-01 3.1917e-01 1.5727e-01
It: 3600, Time: 12.08, mse_0: 2.1584e-01, mse_f: 6.0157e-01, total loss: 8.6881e-01, Error u,v,p: 2.9060e-01 2.9801e-01 1.4121e-01
It: 3700, Time: 11.91, mse_0: 2.5321e-01, mse_f: 7.1670e-01, total loss: 1.0523e+00, Error u,v,p: 2.8610e-01 2.9352e-01 1.4610e-01
It: 3800, Time: 11.93, mse_0: 2.0380e-01, mse_f: 6.1981e-01, total loss: 9.0004e-01, Error u,v,p: 2.7688e-01 2.7939e-01 1.3279e-01
It: 3900, Time: 12.10, mse_0: 1.7836e-01, mse_f: 5.6190e-01, total loss: 8.0319e-01, Error u,v,p: 2.6164e-01 2.9432e-01 1.2733e-01
It: 4000, Time: 11.87, mse_0: 1.8233e-01, mse_f: 5.9618e-01, total loss: 8.5575e-01, Error u,v,p: 2.5950e-01 2.7489e-01 1.2625e-01
It: 4100, Time: 11.84, mse_0: 1.3765e-01, mse_f: 4.3396e-01, total loss: 6.1212e-01, Error u,v,p: 2.4130e-01 2.5277e-01 1.1940e-01
It: 4200, Time: 11.92, mse_0: 1.6822e-01, mse_f: 4.8421e-01, total loss: 7.3037e-01, Error u,v,p: 2.3903e-01 2.4598e-01 1.3926e-01
It: 4300, Time: 12.01, mse_0: 1.6506e-01, mse_f: 5.2595e-01, total loss: 7.7724e-01, Error u,v,p: 2.4763e-01 2.5055e-01 1.6172e-01
It: 4400, Time: 11.81, mse_0: 1.2369e-01, mse_f: 4.0261e-01, total loss: 5.7028e-01, Error u,v,p: 2.2824e-01 2.5053e-01 1.1082e-01
It: 4500, Time: 11.92, mse_0: 1.1578e-01, mse_f: 3.8042e-01, total loss: 5.3623e-01, Error u,v,p: 2.1402e-01 2.2383e-01 1.1649e-01
It: 4600, Time: 11.86, mse_0: 1.7889e-01, mse_f: 6.0167e-01, total loss: 8.5264e-01, Error u,v,p: 2.4245e-01 2.4029e-01 1.2801e-01
It: 4700, Time: 11.84, mse_0: 1.1055e-01, mse_f: 3.7243e-01, total loss: 5.2798e-01, Error u,v,p: 2.1188e-01 2.1871e-01 1.2062e-01
It: 4800, Time: 11.83, mse_0: 9.5714e-02, mse_f: 3.3475e-01, total loss: 4.6098e-01, Error u,v,p: 2.0735e-01 2.2036e-01 1.1891e-01
It: 4900, Time: 11.94, mse_0: 1.0602e-01, mse_f: 3.8631e-01, total loss: 5.3507e-01, Error u,v,p: 2.0363e-01 2.1220e-01 1.2413e-01
It: 5000, Time: 11.93, mse_0: 8.8263e-02, mse_f: 3.3261e-01, total loss: 4.5631e-01, Error u,v,p: 2.0469e-01 2.1418e-01 1.2814e-01
It: 5100, Time: 11.87, mse_0: 1.0324e-01, mse_f: 3.3266e-01, total loss: 4.8013e-01, Error u,v,p: 2.1946e-01 2.1387e-01 1.1036e-01
It: 5200, Time: 11.82, mse_0: 9.5476e-02, mse_f: 3.4092e-01, total loss: 4.8468e-01, Error u,v,p: 1.9167e-01 2.0015e-01 1.1200e-01
It: 5300, Time: 11.97, mse_0: 9.0759e-02, mse_f: 2.8163e-01, total loss: 4.0935e-01, Error u,v,p: 1.9125e-01 1.9343e-01 1.1562e-01
It: 5400, Time: 11.83, mse_0: 7.2601e-02, mse_f: 2.6797e-01, total loss: 3.6802e-01, Error u,v,p: 1.8647e-01 1.9195e-01 1.1782e-01
It: 5500, Time: 11.88, mse_0: 7.5703e-02, mse_f: 2.9498e-01, total loss: 4.0885e-01, Error u,v,p: 1.9969e-01 1.9319e-01 1.2904e-01
It: 5600, Time: 11.90, mse_0: 9.7747e-02, mse_f: 3.3727e-01, total loss: 4.8623e-01, Error u,v,p: 2.1754e-01 2.0899e-01 1.1336e-01
It: 5700, Time: 12.01, mse_0: 1.1424e-01, mse_f: 3.6297e-01, total loss: 5.2441e-01, Error u,v,p: 2.1006e-01 2.1166e-01 1.2145e-01
It: 5800, Time: 11.91, mse_0: 9.4475e-02, mse_f: 3.4434e-01, total loss: 4.9959e-01, Error u,v,p: 2.0096e-01 2.0343e-01 1.5398e-01
It: 5900, Time: 11.86, mse_0: 9.3581e-02, mse_f: 2.7292e-01, total loss: 4.0626e-01, Error u,v,p: 1.8306e-01 2.0354e-01 1.1209e-01
It: 6000, Time: 12.07, mse_0: 8.0373e-02, mse_f: 3.0674e-01, total loss: 4.1810e-01, Error u,v,p: 1.9290e-01 1.8415e-01 1.1590e-01
It: 6100, Time: 11.88, mse_0: 5.9564e-02, mse_f: 2.4531e-01, total loss: 3.3119e-01, Error u,v,p: 1.7652e-01 1.8092e-01 1.1663e-01
It: 6200, Time: 11.89, mse_0: 6.8441e-02, mse_f: 2.5707e-01, total loss: 3.5074e-01, Error u,v,p: 1.7585e-01 1.7570e-01 1.1840e-01
It: 6300, Time: 11.89, mse_0: 7.5491e-02, mse_f: 2.7553e-01, total loss: 3.8104e-01, Error u,v,p: 1.8508e-01 1.7787e-01 1.2491e-01
It: 6400, Time: 11.99, mse_0: 6.4463e-02, mse_f: 2.2270e-01, total loss: 3.1722e-01, Error u,v,p: 1.7418e-01 1.6914e-01 1.2905e-01
It: 6500, Time: 11.98, mse_0: 6.8027e-02, mse_f: 2.9662e-01, total loss: 4.0623e-01, Error u,v,p: 1.8091e-01 1.7868e-01 1.1299e-01
It: 6600, Time: 12.01, mse_0: 8.2894e-02, mse_f: 2.4018e-01, total loss: 3.5539e-01, Error u,v,p: 1.7652e-01 1.8326e-01 1.0901e-01
It: 6700, Time: 11.89, mse_0: 7.1664e-02, mse_f: 2.2455e-01, total loss: 3.2688e-01, Error u,v,p: 1.8151e-01 1.8025e-01 1.4459e-01
It: 6800, Time: 11.99, mse_0: 7.4060e-02, mse_f: 2.8850e-01, total loss: 3.9907e-01, Error u,v,p: 1.7382e-01 1.7340e-01 1.3333e-01
It: 6900, Time: 11.80, mse_0: 7.8471e-02, mse_f: 2.4745e-01, total loss: 3.5601e-01, Error u,v,p: 1.6797e-01 1.9124e-01 1.2716e-01
It: 7000, Time: 11.97, mse_0: 6.0775e-02, mse_f: 2.2944e-01, total loss: 3.2493e-01, Error u,v,p: 1.7899e-01 1.6386e-01 1.1273e-01
It: 7100, Time: 11.95, mse_0: 9.2567e-02, mse_f: 2.6818e-01, total loss: 3.9607e-01, Error u,v,p: 1.6795e-01 1.8699e-01 1.1497e-01
It: 7200, Time: 11.88, mse_0: 6.5795e-02, mse_f: 2.3342e-01, total loss: 3.3311e-01, Error u,v,p: 1.6157e-01 1.6645e-01 1.2534e-01
It: 7300, Time: 11.90, mse_0: 7.6322e-02, mse_f: 2.8173e-01, total loss: 3.9374e-01, Error u,v,p: 1.7428e-01 1.6885e-01 1.2930e-01
It: 7400, Time: 11.86, mse_0: 4.7087e-02, mse_f: 1.8679e-01, total loss: 2.5559e-01, Error u,v,p: 1.6106e-01 1.5932e-01 1.1263e-01
It: 7500, Time: 12.16, mse_0: 6.3360e-02, mse_f: 2.1586e-01, total loss: 3.0464e-01, Error u,v,p: 1.5640e-01 1.6877e-01 1.1750e-01
It: 7600, Time: 11.87, mse_0: 6.2551e-02, mse_f: 2.5792e-01, total loss: 3.5394e-01, Error u,v,p: 1.6594e-01 1.7012e-01 1.2474e-01
It: 7700, Time: 11.85, mse_0: 8.2664e-02, mse_f: 2.6396e-01, total loss: 3.8826e-01, Error u,v,p: 1.6434e-01 1.9391e-01 1.1941e-01
It: 7800, Time: 12.03, mse_0: 5.9923e-02, mse_f: 2.4773e-01, total loss: 3.4331e-01, Error u,v,p: 1.7659e-01 1.6079e-01 1.1640e-01
It: 7900, Time: 11.92, mse_0: 4.4301e-02, mse_f: 1.7323e-01, total loss: 2.4574e-01, Error u,v,p: 1.5834e-01 1.5392e-01 1.0902e-01
It: 8000, Time: 11.94, mse_0: 5.3252e-02, mse_f: 2.0301e-01, total loss: 2.8417e-01, Error u,v,p: 1.7123e-01 1.5069e-01 1.3120e-01
It: 8100, Time: 12.01, mse_0: 5.0281e-02, mse_f: 2.0580e-01, total loss: 2.8417e-01, Error u,v,p: 1.5675e-01 1.5494e-01 1.2862e-01
It: 8200, Time: 12.01, mse_0: 4.8073e-02, mse_f: 1.8414e-01, total loss: 2.5418e-01, Error u,v,p: 1.5544e-01 1.5656e-01 1.1709e-01
It: 8300, Time: 11.85, mse_0: 5.5885e-02, mse_f: 2.0825e-01, total loss: 2.9477e-01, Error u,v,p: 1.5949e-01 1.5520e-01 1.0468e-01
It: 8400, Time: 11.90, mse_0: 7.2261e-02, mse_f: 2.3997e-01, total loss: 3.5342e-01, Error u,v,p: 1.7745e-01 1.5402e-01 1.3582e-01
It: 8500, Time: 11.87, mse_0: 6.0830e-02, mse_f: 2.1483e-01, total loss: 3.1466e-01, Error u,v,p: 1.6515e-01 1.5811e-01 1.2511e-01
It: 8600, Time: 11.98, mse_0: 6.2363e-02, mse_f: 2.2336e-01, total loss: 3.2558e-01, Error u,v,p: 1.5762e-01 1.7770e-01 1.1938e-01
It: 8700, Time: 11.93, mse_0: 5.1894e-02, mse_f: 1.5439e-01, total loss: 2.2490e-01, Error u,v,p: 1.4615e-01 1.5405e-01 1.3811e-01
It: 8800, Time: 11.89, mse_0: 4.9233e-02, mse_f: 2.2871e-01, total loss: 3.1306e-01, Error u,v,p: 1.5277e-01 1.5550e-01 1.3137e-01
It: 8900, Time: 11.93, mse_0: 6.1280e-02, mse_f: 2.2253e-01, total loss: 3.3062e-01, Error u,v,p: 1.6288e-01 1.7541e-01 1.2079e-01
It: 9000, Time: 11.78, mse_0: 5.7709e-02, mse_f: 2.0852e-01, total loss: 3.0716e-01, Error u,v,p: 1.6173e-01 1.5455e-01 1.5931e-01
It: 9100, Time: 11.78, mse_0: 4.5926e-02, mse_f: 1.5805e-01, total loss: 2.2440e-01, Error u,v,p: 1.4101e-01 1.4060e-01 1.1799e-01
It: 9200, Time: 11.93, mse_0: 5.0419e-02, mse_f: 2.0056e-01, total loss: 2.7581e-01, Error u,v,p: 1.6416e-01 1.4273e-01 1.1779e-01
It: 9300, Time: 11.88, mse_0: 4.4661e-02, mse_f: 1.6404e-01, total loss: 2.3519e-01, Error u,v,p: 1.3684e-01 1.5746e-01 1.1470e-01
It: 9400, Time: 11.93, mse_0: 5.2584e-02, mse_f: 2.0421e-01, total loss: 2.8546e-01, Error u,v,p: 1.4998e-01 1.4924e-01 1.0443e-01
It: 9500, Time: 11.98, mse_0: 4.9979e-02, mse_f: 1.9028e-01, total loss: 2.8713e-01, Error u,v,p: 1.8161e-01 1.4406e-01 1.1680e-01
It: 9600, Time: 11.93, mse_0: 4.2195e-02, mse_f: 1.5527e-01, total loss: 2.1836e-01, Error u,v,p: 1.4025e-01 1.3419e-01 1.1932e-01
It: 9700, Time: 11.95, mse_0: 4.4661e-02, mse_f: 1.6296e-01, total loss: 2.3622e-01, Error u,v,p: 1.4935e-01 1.4612e-01 1.0590e-01
It: 9800, Time: 11.81, mse_0: 4.9585e-02, mse_f: 2.0014e-01, total loss: 2.8176e-01, Error u,v,p: 1.4560e-01 1.3805e-01 1.2338e-01
It: 9900, Time: 11.88, mse_0: 5.6823e-02, mse_f: 1.9607e-01, total loss: 2.8774e-01, Error u,v,p: 1.4000e-01 1.4218e-01 1.3671e-01
It: 10000, Time: 11.83, mse_0: 3.5140e-02, mse_f: 1.3843e-01, total loss: 1.9130e-01, Error u,v,p: 1.4263e-01 1.4764e-01 1.0080e-01
It: 10100, Time: 11.78, mse_0: 5.6938e-02, mse_f: 2.0656e-01, total loss: 2.9694e-01, Error u,v,p: 1.4364e-01 1.4559e-01 1.2289e-01
It: 10200, Time: 11.67, mse_0: 4.2568e-02, mse_f: 1.5835e-01, total loss: 2.2471e-01, Error u,v,p: 1.4601e-01 1.6206e-01 1.3001e-01
It: 10300, Time: 11.92, mse_0: 5.8485e-02, mse_f: 1.9660e-01, total loss: 2.9120e-01, Error u,v,p: 1.4222e-01 1.5633e-01 1.3590e-01
It: 10400, Time: 11.86, mse_0: 4.4319e-02, mse_f: 1.5988e-01, total loss: 2.2962e-01, Error u,v,p: 1.4063e-01 1.3891e-01 1.2753e-01
It: 10500, Time: 11.81, mse_0: 3.7651e-02, mse_f: 1.5878e-01, total loss: 2.1576e-01, Error u,v,p: 1.3873e-01 1.3450e-01 1.1942e-01
It: 10600, Time: 11.95, mse_0: 5.0126e-02, mse_f: 1.7969e-01, total loss: 2.7730e-01, Error u,v,p: 1.4607e-01 1.3527e-01 1.4616e-01
It: 10700, Time: 11.90, mse_0: 5.3380e-02, mse_f: 1.9013e-01, total loss: 2.7301e-01, Error u,v,p: 1.3985e-01 1.4109e-01 1.2371e-01
It: 10800, Time: 11.94, mse_0: 3.9834e-02, mse_f: 1.7235e-01, total loss: 2.3530e-01, Error u,v,p: 1.2987e-01 1.3357e-01 1.1763e-01
It: 10900, Time: 11.98, mse_0: 5.1031e-02, mse_f: 2.1819e-01, total loss: 3.0869e-01, Error u,v,p: 1.4615e-01 1.4253e-01 1.1915e-01
It: 11000, Time: 11.97, mse_0: 4.0275e-02, mse_f: 1.4614e-01, total loss: 2.0889e-01, Error u,v,p: 1.4222e-01 1.3285e-01 1.0353e-01
It: 11100, Time: 11.92, mse_0: 4.9249e-02, mse_f: 1.8939e-01, total loss: 2.7239e-01, Error u,v,p: 1.4092e-01 1.3763e-01 1.0162e-01
It: 11200, Time: 11.92, mse_0: 4.2392e-02, mse_f: 1.4756e-01, total loss: 2.1247e-01, Error u,v,p: 1.3057e-01 1.3893e-01 1.0878e-01
It: 11300, Time: 11.90, mse_0: 4.2823e-02, mse_f: 1.8486e-01, total loss: 2.6437e-01, Error u,v,p: 1.3778e-01 1.5088e-01 1.0898e-01
It: 11400, Time: 11.96, mse_0: 3.7291e-02, mse_f: 1.2961e-01, total loss: 1.8514e-01, Error u,v,p: 1.2621e-01 1.2547e-01 1.2747e-01
It: 11500, Time: 11.98, mse_0: 4.0627e-02, mse_f: 1.6808e-01, total loss: 2.2734e-01, Error u,v,p: 1.3713e-01 1.2909e-01 1.1258e-01
It: 11600, Time: 11.93, mse_0: 5.6952e-02, mse_f: 1.9314e-01, total loss: 2.9262e-01, Error u,v,p: 1.4323e-01 1.5619e-01 1.2752e-01
It: 11700, Time: 11.83, mse_0: 3.0294e-02, mse_f: 1.3298e-01, total loss: 1.8054e-01, Error u,v,p: 1.2915e-01 1.2648e-01 1.1144e-01
It: 11800, Time: 11.96, mse_0: 3.0323e-02, mse_f: 1.1925e-01, total loss: 1.6556e-01, Error u,v,p: 1.2377e-01 1.2289e-01 1.3156e-01
It: 11900, Time: 11.87, mse_0: 3.7941e-02, mse_f: 1.4009e-01, total loss: 2.0255e-01, Error u,v,p: 1.3315e-01 1.2691e-01 1.0690e-01
It: 12000, Time: 12.00, mse_0: 4.0070e-02, mse_f: 1.6973e-01, total loss: 2.4465e-01, Error u,v,p: 1.3980e-01 1.3815e-01 1.2120e-01
It: 12100, Time: 12.00, mse_0: 4.5044e-02, mse_f: 1.6689e-01, total loss: 2.3706e-01, Error u,v,p: 1.2490e-01 1.4319e-01 1.2064e-01
It: 12200, Time: 11.92, mse_0: 2.5854e-02, mse_f: 1.1039e-01, total loss: 1.4761e-01, Error u,v,p: 1.1907e-01 1.1923e-01 1.1918e-01
It: 12300, Time: 11.91, mse_0: 5.0189e-02, mse_f: 1.8438e-01, total loss: 2.6768e-01, Error u,v,p: 1.3590e-01 1.5445e-01 1.1261e-01
It: 12400, Time: 11.86, mse_0: 5.2977e-02, mse_f: 1.6377e-01, total loss: 2.5989e-01, Error u,v,p: 1.5143e-01 1.4351e-01 1.0983e-01
It: 12500, Time: 11.77, mse_0: 4.3993e-02, mse_f: 1.7248e-01, total loss: 2.4635e-01, Error u,v,p: 1.4451e-01 1.3176e-01 9.8467e-02
It: 12600, Time: 11.87, mse_0: 5.4759e-02, mse_f: 1.8860e-01, total loss: 2.7543e-01, Error u,v,p: 1.4933e-01 1.4790e-01 1.1502e-01
It: 12700, Time: 11.97, mse_0: 3.3930e-02, mse_f: 1.0756e-01, total loss: 1.6718e-01, Error u,v,p: 1.3349e-01 1.4407e-01 1.1541e-01
It: 12800, Time: 11.95, mse_0: 3.2789e-02, mse_f: 1.2311e-01, total loss: 1.7570e-01, Error u,v,p: 1.3442e-01 1.2492e-01 1.0021e-01
It: 12900, Time: 11.93, mse_0: 3.3143e-02, mse_f: 1.1367e-01, total loss: 1.6538e-01, Error u,v,p: 1.2644e-01 1.2589e-01 1.0674e-01
It: 13000, Time: 11.96, mse_0: 4.9987e-02, mse_f: 1.6790e-01, total loss: 2.5503e-01, Error u,v,p: 1.3027e-01 1.4273e-01 1.2562e-01
It: 13100, Time: 12.01, mse_0: 4.1072e-02, mse_f: 1.5735e-01, total loss: 2.3273e-01, Error u,v,p: 1.2298e-01 1.3579e-01 1.2502e-01
It: 13200, Time: 12.04, mse_0: 4.2812e-02, mse_f: 1.5877e-01, total loss: 2.2890e-01, Error u,v,p: 1.2823e-01 1.2291e-01 1.0271e-01
It: 13300, Time: 11.90, mse_0: 3.8487e-02, mse_f: 1.5016e-01, total loss: 2.2006e-01, Error u,v,p: 1.3004e-01 1.2398e-01 1.1007e-01
It: 13400, Time: 11.84, mse_0: 2.2864e-02, mse_f: 9.9230e-02, total loss: 1.3107e-01, Error u,v,p: 1.1954e-01 1.2317e-01 1.0177e-01
It: 13500, Time: 11.99, mse_0: 3.7338e-02, mse_f: 1.5264e-01, total loss: 2.1245e-01, Error u,v,p: 1.2186e-01 1.2648e-01 1.0371e-01
It: 13600, Time: 11.81, mse_0: 3.3242e-02, mse_f: 1.2654e-01, total loss: 1.8116e-01, Error u,v,p: 1.4624e-01 1.2376e-01 1.0153e-01
It: 13700, Time: 11.86, mse_0: 2.9129e-02, mse_f: 1.1650e-01, total loss: 1.6206e-01, Error u,v,p: 1.2031e-01 1.1952e-01 1.1095e-01
It: 13800, Time: 11.96, mse_0: 2.7728e-02, mse_f: 1.1563e-01, total loss: 1.5629e-01, Error u,v,p: 1.1780e-01 1.2754e-01 1.1391e-01
It: 13900, Time: 12.00, mse_0: 2.9508e-02, mse_f: 1.3908e-01, total loss: 1.8944e-01, Error u,v,p: 1.2730e-01 1.3045e-01 1.0404e-01
It: 14000, Time: 11.94, mse_0: 5.5155e-02, mse_f: 1.8100e-01, total loss: 2.7552e-01, Error u,v,p: 1.2983e-01 1.2549e-01 1.3843e-01
It: 14100, Time: 11.90, mse_0: 2.5518e-02, mse_f: 1.2577e-01, total loss: 1.7214e-01, Error u,v,p: 1.2340e-01 1.2118e-01 1.1732e-01
It: 14200, Time: 12.02, mse_0: 3.8430e-02, mse_f: 1.6333e-01, total loss: 2.2810e-01, Error u,v,p: 1.2319e-01 1.1527e-01 1.2097e-01
It: 14300, Time: 11.86, mse_0: 4.3227e-02, mse_f: 1.6285e-01, total loss: 2.3329e-01, Error u,v,p: 1.1815e-01 1.2339e-01 1.2825e-01
It: 14400, Time: 11.98, mse_0: 5.1821e-02, mse_f: 1.3603e-01, total loss: 2.1889e-01, Error u,v,p: 1.2181e-01 1.3794e-01 1.1294e-01
It: 14500, Time: 12.01, mse_0: 4.2643e-02, mse_f: 1.4445e-01, total loss: 2.1488e-01, Error u,v,p: 1.2784e-01 1.1768e-01 1.2650e-01
It: 14600, Time: 11.87, mse_0: 3.0045e-02, mse_f: 1.0141e-01, total loss: 1.5310e-01, Error u,v,p: 1.2636e-01 1.2655e-01 1.0172e-01
It: 14700, Time: 11.90, mse_0: 2.0768e-02, mse_f: 9.0426e-02, total loss: 1.1936e-01, Error u,v,p: 1.1420e-01 1.0884e-01 1.2751e-01
It: 14800, Time: 12.02, mse_0: 4.1584e-02, mse_f: 1.5684e-01, total loss: 2.2851e-01, Error u,v,p: 1.2175e-01 1.2598e-01 1.0436e-01
It: 14900, Time: 12.09, mse_0: 3.2237e-02, mse_f: 1.3037e-01, total loss: 1.8391e-01, Error u,v,p: 1.1536e-01 1.2314e-01 1.1553e-01
It: 15000, Time: 11.83, mse_0: 3.5419e-02, mse_f: 1.2798e-01, total loss: 1.8836e-01, Error u,v,p: 1.3272e-01 1.2949e-01 1.1582e-01
It: 15100, Time: 11.93, mse_0: 3.7362e-02, mse_f: 1.6204e-01, total loss: 2.2490e-01, Error u,v,p: 1.4265e-01 1.2346e-01 1.0559e-01
It: 15200, Time: 11.95, mse_0: 3.2573e-02, mse_f: 1.3808e-01, total loss: 1.9214e-01, Error u,v,p: 1.2142e-01 1.2543e-01 1.1402e-01
It: 15300, Time: 12.05, mse_0: 3.2313e-02, mse_f: 1.0117e-01, total loss: 1.5047e-01, Error u,v,p: 1.3217e-01 1.1810e-01 1.0227e-01
It: 15400, Time: 11.87, mse_0: 4.0418e-02, mse_f: 1.1802e-01, total loss: 1.9422e-01, Error u,v,p: 1.1802e-01 1.2691e-01 1.2484e-01
It: 15500, Time: 11.84, mse_0: 3.7019e-02, mse_f: 1.3353e-01, total loss: 1.9823e-01, Error u,v,p: 1.2604e-01 1.3171e-01 1.3228e-01
It: 15600, Time: 12.03, mse_0: 3.8567e-02, mse_f: 1.5263e-01, total loss: 2.1449e-01, Error u,v,p: 1.2465e-01 1.3180e-01 1.1336e-01
It: 15700, Time: 11.97, mse_0: 5.0937e-02, mse_f: 1.2754e-01, total loss: 2.1901e-01, Error u,v,p: 1.1606e-01 1.6724e-01 1.2067e-01
It: 15800, Time: 11.91, mse_0: 4.2362e-02, mse_f: 1.4986e-01, total loss: 2.3972e-01, Error u,v,p: 1.3715e-01 1.1893e-01 1.3123e-01
It: 15900, Time: 12.03, mse_0: 2.1157e-02, mse_f: 9.0681e-02, total loss: 1.2520e-01, Error u,v,p: 1.1246e-01 1.0862e-01 1.3228e-01
It: 16000, Time: 11.90, mse_0: 2.3842e-02, mse_f: 9.0286e-02, total loss: 1.2950e-01, Error u,v,p: 1.1561e-01 1.0699e-01 1.0343e-01
It: 16100, Time: 11.85, mse_0: 3.1319e-02, mse_f: 1.1338e-01, total loss: 1.6412e-01, Error u,v,p: 1.1674e-01 1.2240e-01 1.0783e-01
It: 16200, Time: 11.92, mse_0: 4.2392e-02, mse_f: 1.3954e-01, total loss: 2.1071e-01, Error u,v,p: 1.1431e-01 1.3119e-01 1.1767e-01
It: 16300, Time: 11.93, mse_0: 4.2687e-02, mse_f: 1.5148e-01, total loss: 2.3778e-01, Error u,v,p: 1.2973e-01 1.3685e-01 1.1397e-01
It: 16400, Time: 12.05, mse_0: 3.2602e-02, mse_f: 1.3224e-01, total loss: 1.9248e-01, Error u,v,p: 1.3520e-01 1.1108e-01 1.0786e-01
It: 16500, Time: 11.85, mse_0: 3.0169e-02, mse_f: 1.1655e-01, total loss: 1.7033e-01, Error u,v,p: 1.2171e-01 1.1073e-01 1.0332e-01
It: 16600, Time: 11.77, mse_0: 2.7912e-02, mse_f: 8.5975e-02, total loss: 1.2809e-01, Error u,v,p: 1.0679e-01 1.1422e-01 1.1630e-01
It: 16700, Time: 11.84, mse_0: 3.7141e-02, mse_f: 1.2966e-01, total loss: 1.9623e-01, Error u,v,p: 1.1616e-01 1.3786e-01 1.1156e-01
It: 16800, Time: 11.84, mse_0: 3.7035e-02, mse_f: 1.1206e-01, total loss: 1.7531e-01, Error u,v,p: 1.2847e-01 1.1588e-01 1.0567e-01
It: 16900, Time: 11.79, mse_0: 2.7172e-02, mse_f: 9.3522e-02, total loss: 1.3827e-01, Error u,v,p: 1.3173e-01 1.1102e-01 1.0433e-01
It: 17000, Time: 11.97, mse_0: 3.4875e-02, mse_f: 1.3562e-01, total loss: 2.0208e-01, Error u,v,p: 1.1585e-01 1.1348e-01 1.2164e-01
It: 17100, Time: 11.86, mse_0: 4.2160e-02, mse_f: 1.2893e-01, total loss: 2.0954e-01, Error u,v,p: 1.1118e-01 1.2648e-01 1.1967e-01
It: 17200, Time: 11.83, mse_0: 2.6971e-02, mse_f: 8.3721e-02, total loss: 1.2585e-01, Error u,v,p: 1.2033e-01 1.1390e-01 9.9922e-02
It: 17300, Time: 11.87, mse_0: 3.8835e-02, mse_f: 1.2386e-01, total loss: 1.8550e-01, Error u,v,p: 1.2513e-01 1.2827e-01 1.1463e-01
It: 17400, Time: 11.89, mse_0: 4.3761e-02, mse_f: 1.5530e-01, total loss: 2.2422e-01, Error u,v,p: 1.2292e-01 1.1835e-01 1.0376e-01
It: 17500, Time: 11.74, mse_0: 2.9225e-02, mse_f: 9.8292e-02, total loss: 1.4722e-01, Error u,v,p: 1.2708e-01 1.0349e-01 1.1300e-01
It: 17600, Time: 11.83, mse_0: 2.7225e-02, mse_f: 1.1169e-01, total loss: 1.5902e-01, Error u,v,p: 1.2748e-01 1.0710e-01 1.1069e-01
It: 17700, Time: 11.91, mse_0: 4.3282e-02, mse_f: 1.5069e-01, total loss: 2.2250e-01, Error u,v,p: 1.3517e-01 1.1113e-01 1.0775e-01
It: 17800, Time: 11.90, mse_0: 2.4363e-02, mse_f: 8.2295e-02, total loss: 1.2034e-01, Error u,v,p: 1.0400e-01 1.0765e-01 1.1141e-01
It: 17900, Time: 11.93, mse_0: 3.6562e-02, mse_f: 1.2332e-01, total loss: 1.8687e-01, Error u,v,p: 1.1887e-01 1.1373e-01 1.3064e-01
It: 18000, Time: 11.85, mse_0: 3.0185e-02, mse_f: 9.4667e-02, total loss: 1.5409e-01, Error u,v,p: 1.4762e-01 1.1647e-01 1.2171e-01
It: 18100, Time: 11.89, mse_0: 3.1539e-02, mse_f: 1.2474e-01, total loss: 1.7952e-01, Error u,v,p: 1.1704e-01 1.1308e-01 1.0721e-01
It: 18200, Time: 11.87, mse_0: 2.5375e-02, mse_f: 8.5549e-02, total loss: 1.2695e-01, Error u,v,p: 1.2606e-01 1.1354e-01 1.1857e-01
It: 18300, Time: 11.94, mse_0: 4.5208e-02, mse_f: 1.4733e-01, total loss: 2.1850e-01, Error u,v,p: 1.2136e-01 1.3524e-01 1.1166e-01
It: 18400, Time: 11.89, mse_0: 4.1393e-02, mse_f: 1.4172e-01, total loss: 2.2026e-01, Error u,v,p: 1.1716e-01 1.1494e-01 1.3319e-01
It: 18500, Time: 12.00, mse_0: 4.1539e-02, mse_f: 1.1504e-01, total loss: 1.9279e-01, Error u,v,p: 1.0769e-01 1.4271e-01 1.0760e-01
It: 18600, Time: 11.82, mse_0: 2.4968e-02, mse_f: 1.1983e-01, total loss: 1.6367e-01, Error u,v,p: 1.1094e-01 1.1065e-01 1.0639e-01
It: 18700, Time: 11.93, mse_0: 2.9335e-02, mse_f: 8.1307e-02, total loss: 1.3100e-01, Error u,v,p: 1.0953e-01 1.1665e-01 1.0423e-01
It: 18800, Time: 12.08, mse_0: 3.1764e-02, mse_f: 1.1500e-01, total loss: 1.6964e-01, Error u,v,p: 1.2351e-01 1.0998e-01 1.0464e-01
It: 18900, Time: 11.91, mse_0: 2.9768e-02, mse_f: 1.0683e-01, total loss: 1.5802e-01, Error u,v,p: 1.1166e-01 1.1797e-01 9.7541e-02
It: 19000, Time: 11.90, mse_0: 2.8778e-02, mse_f: 9.0651e-02, total loss: 1.3646e-01, Error u,v,p: 1.1188e-01 1.0677e-01 1.0419e-01
It: 19100, Time: 11.95, mse_0: 4.0191e-02, mse_f: 1.2031e-01, total loss: 1.9514e-01, Error u,v,p: 1.1111e-01 1.2030e-01 1.0375e-01
It: 19200, Time: 12.05, mse_0: 3.7248e-02, mse_f: 1.3217e-01, total loss: 1.9501e-01, Error u,v,p: 1.2204e-01 1.2827e-01 1.0555e-01
It: 19300, Time: 11.92, mse_0: 2.2637e-02, mse_f: 7.7475e-02, total loss: 1.1468e-01, Error u,v,p: 1.0820e-01 1.1001e-01 1.0461e-01
It: 19400, Time: 11.92, mse_0: 2.8404e-02, mse_f: 1.0132e-01, total loss: 1.5184e-01, Error u,v,p: 1.2355e-01 9.8779e-02 1.1656e-01
It: 19500, Time: 11.97, mse_0: 2.6232e-02, mse_f: 7.9759e-02, total loss: 1.2138e-01, Error u,v,p: 1.1408e-01 1.0256e-01 1.2417e-01
It: 19600, Time: 11.94, mse_0: 3.6139e-02, mse_f: 9.3222e-02, total loss: 1.5782e-01, Error u,v,p: 1.1266e-01 1.2356e-01 1.1896e-01
It: 19700, Time: 11.95, mse_0: 2.6887e-02, mse_f: 1.1672e-01, total loss: 1.6500e-01, Error u,v,p: 1.2038e-01 1.1165e-01 1.0480e-01
It: 19800, Time: 11.91, mse_0: 3.8941e-02, mse_f: 9.0664e-02, total loss: 1.6170e-01, Error u,v,p: 1.0452e-01 1.5391e-01 1.1862e-01
It: 19900, Time: 11.94, mse_0: 3.3841e-02, mse_f: 9.5532e-02, total loss: 1.5723e-01, Error u,v,p: 1.1366e-01 1.0619e-01 1.0444e-01
It: 20000, Time: 11.92, mse_0: 2.4850e-02, mse_f: 8.6399e-02, total loss: 1.3839e-01, Error u,v,p: 1.1135e-01 1.0612e-01 1.2953e-01
It: 20100, Time: 11.89, mse_0: 3.7029e-02, mse_f: 1.2990e-01, total loss: 2.0053e-01, Error u,v,p: 1.2674e-01 1.1026e-01 1.2692e-01
It: 20200, Time: 11.93, mse_0: 1.4845e-02, mse_f: 6.8255e-02, total loss: 9.0805e-02, Error u,v,p: 1.1029e-01 1.0163e-01 1.0990e-01
It: 20300, Time: 11.91, mse_0: 2.8039e-02, mse_f: 1.0209e-01, total loss: 1.4985e-01, Error u,v,p: 1.1451e-01 1.1672e-01 1.2467e-01
It: 20400, Time: 11.96, mse_0: 1.4209e-02, mse_f: 6.5148e-02, total loss: 8.5717e-02, Error u,v,p: 1.0976e-01 1.0008e-01 1.2812e-01
It: 20500, Time: 11.84, mse_0: 2.0838e-02, mse_f: 7.4217e-02, total loss: 1.1262e-01, Error u,v,p: 1.1916e-01 1.1712e-01 1.0820e-01
It: 20600, Time: 11.99, mse_0: 2.4663e-02, mse_f: 1.0359e-01, total loss: 1.4837e-01, Error u,v,p: 1.1269e-01 1.2539e-01 1.1765e-01
It: 20700, Time: 12.09, mse_0: 1.9108e-02, mse_f: 7.3943e-02, total loss: 1.0465e-01, Error u,v,p: 9.6838e-02 9.4226e-02 1.0744e-01
It: 20800, Time: 11.92, mse_0: 2.4555e-02, mse_f: 9.3250e-02, total loss: 1.3139e-01, Error u,v,p: 1.0105e-01 1.0681e-01 1.0058e-01
It: 20900, Time: 11.92, mse_0: 4.4507e-02, mse_f: 1.6145e-01, total loss: 2.5019e-01, Error u,v,p: 1.0654e-01 1.1231e-01 1.1730e-01
It: 21000, Time: 12.05, mse_0: 1.9250e-02, mse_f: 7.3717e-02, total loss: 1.0201e-01, Error u,v,p: 1.0524e-01 1.0702e-01 1.0308e-01
It: 21100, Time: 11.93, mse_0: 6.8719e-02, mse_f: 1.2072e-01, total loss: 2.4584e-01, Error u,v,p: 1.6658e-01 1.3017e-01 1.2415e-01
It: 21200, Time: 11.95, mse_0: 1.7302e-02, mse_f: 7.6953e-02, total loss: 1.0751e-01, Error u,v,p: 1.1946e-01 1.0078e-01 1.1695e-01
It: 21300, Time: 11.95, mse_0: 1.6799e-02, mse_f: 6.2511e-02, total loss: 9.3144e-02, Error u,v,p: 1.1802e-01 1.0945e-01 1.0160e-01
It: 21400, Time: 11.90, mse_0: 2.5312e-02, mse_f: 9.6939e-02, total loss: 1.4105e-01, Error u,v,p: 1.0513e-01 9.6183e-02 1.0364e-01
It: 21500, Time: 12.05, mse_0: 1.5542e-02, mse_f: 6.8339e-02, total loss: 9.4127e-02, Error u,v,p: 9.9243e-02 9.7288e-02 1.2069e-01
It: 21600, Time: 11.96, mse_0: 2.5323e-02, mse_f: 7.8981e-02, total loss: 1.2893e-01, Error u,v,p: 1.3745e-01 9.8081e-02 1.1828e-01
It: 21700, Time: 11.96, mse_0: 1.9136e-02, mse_f: 6.6671e-02, total loss: 9.6772e-02, Error u,v,p: 9.9641e-02 9.7510e-02 1.0273e-01
It: 21800, Time: 11.82, mse_0: 3.7867e-02, mse_f: 1.1204e-01, total loss: 1.8381e-01, Error u,v,p: 1.3320e-01 1.3142e-01 1.5696e-01
It: 21900, Time: 11.84, mse_0: 1.8504e-02, mse_f: 7.1693e-02, total loss: 1.0533e-01, Error u,v,p: 1.1762e-01 1.0260e-01 1.2100e-01
It: 22000, Time: 11.95, mse_0: 1.6339e-02, mse_f: 6.3468e-02, total loss: 8.7565e-02, Error u,v,p: 9.6454e-02 9.5303e-02 1.0260e-01
It: 22100, Time: 11.87, mse_0: 4.4171e-02, mse_f: 1.2478e-01, total loss: 2.1747e-01, Error u,v,p: 1.0562e-01 1.1210e-01 1.2046e-01
It: 22200, Time: 11.89, mse_0: 2.6987e-02, mse_f: 1.0766e-01, total loss: 1.5528e-01, Error u,v,p: 1.0166e-01 1.2467e-01 1.1207e-01
It: 22300, Time: 11.85, mse_0: 2.6105e-02, mse_f: 1.1116e-01, total loss: 1.5660e-01, Error u,v,p: 1.0169e-01 1.0704e-01 9.8732e-02
It: 22400, Time: 11.83, mse_0: 2.0832e-02, mse_f: 9.4140e-02, total loss: 1.3760e-01, Error u,v,p: 1.1018e-01 1.0023e-01 1.0998e-01
It: 22500, Time: 11.81, mse_0: 2.8180e-02, mse_f: 1.0910e-01, total loss: 1.6116e-01, Error u,v,p: 1.0326e-01 9.5681e-02 1.0503e-01
It: 22600, Time: 11.86, mse_0: 1.7110e-02, mse_f: 8.2445e-02, total loss: 1.1180e-01, Error u,v,p: 1.1100e-01 1.1395e-01 1.0650e-01
It: 22700, Time: 11.94, mse_0: 4.4869e-02, mse_f: 1.8017e-01, total loss: 2.6448e-01, Error u,v,p: 1.1491e-01 1.2835e-01 1.2413e-01
It: 22800, Time: 11.86, mse_0: 4.3404e-02, mse_f: 1.6220e-01, total loss: 2.5915e-01, Error u,v,p: 1.1721e-01 1.1986e-01 1.0371e-01
It: 22900, Time: 11.90, mse_0: 2.0159e-02, mse_f: 6.9767e-02, total loss: 1.0087e-01, Error u,v,p: 9.8463e-02 9.9708e-02 1.0142e-01
It: 23000, Time: 11.93, mse_0: 3.3326e-02, mse_f: 9.2472e-02, total loss: 1.5636e-01, Error u,v,p: 1.0261e-01 9.7813e-02 9.2304e-02
It: 23100, Time: 12.08, mse_0: 1.2463e-02, mse_f: 5.5386e-02, total loss: 7.3227e-02, Error u,v,p: 9.8807e-02 1.0362e-01 9.7636e-02
It: 23200, Time: 11.84, mse_0: 2.5893e-02, mse_f: 9.5093e-02, total loss: 1.4733e-01, Error u,v,p: 1.2223e-01 1.1709e-01 1.2425e-01
It: 23300, Time: 11.84, mse_0: 1.6097e-02, mse_f: 6.6393e-02, total loss: 9.1954e-02, Error u,v,p: 9.5696e-02 8.8905e-02 9.7067e-02
It: 23400, Time: 12.01, mse_0: 2.1450e-02, mse_f: 7.6331e-02, total loss: 1.1150e-01, Error u,v,p: 9.4376e-02 9.2267e-02 1.1339e-01
It: 23500, Time: 12.04, mse_0: 1.7970e-02, mse_f: 6.5894e-02, total loss: 9.6406e-02, Error u,v,p: 9.6905e-02 1.1012e-01 9.9067e-02
It: 23600, Time: 11.93, mse_0: 4.1915e-02, mse_f: 9.6379e-02, total loss: 1.6720e-01, Error u,v,p: 9.6347e-02 9.1657e-02 1.0539e-01
It: 23700, Time: 11.96, mse_0: 2.9158e-02, mse_f: 8.8644e-02, total loss: 1.3133e-01, Error u,v,p: 9.8223e-02 9.3137e-02 1.0659e-01
It: 23800, Time: 12.05, mse_0: 1.7220e-02, mse_f: 6.6141e-02, total loss: 9.5861e-02, Error u,v,p: 9.6894e-02 9.0310e-02 1.0343e-01
It: 23900, Time: 11.91, mse_0: 1.8320e-02, mse_f: 7.5829e-02, total loss: 1.0726e-01, Error u,v,p: 9.3464e-02 9.0860e-02 1.1059e-01
It: 24000, Time: 11.96, mse_0: 4.0014e-02, mse_f: 8.3558e-02, total loss: 1.5615e-01, Error u,v,p: 1.1090e-01 1.0879e-01 1.1557e-01
It: 24100, Time: 11.98, mse_0: 1.4909e-02, mse_f: 7.3880e-02, total loss: 1.0109e-01, Error u,v,p: 1.0596e-01 9.7714e-02 1.0319e-01
It: 24200, Time: 11.93, mse_0: 2.5839e-02, mse_f: 1.0247e-01, total loss: 1.6105e-01, Error u,v,p: 1.1574e-01 1.0326e-01 1.0977e-01
It: 24300, Time: 11.90, mse_0: 1.6541e-02, mse_f: 6.2382e-02, total loss: 9.5400e-02, Error u,v,p: 1.2022e-01 9.5469e-02 1.0431e-01
It: 24400, Time: 11.94, mse_0: 3.7225e-02, mse_f: 9.6726e-02, total loss: 1.7274e-01, Error u,v,p: 1.1530e-01 1.0485e-01 9.1255e-02
It: 24500, Time: 11.84, mse_0: 2.3426e-02, mse_f: 9.2181e-02, total loss: 1.2791e-01, Error u,v,p: 9.8397e-02 9.2861e-02 1.1214e-01
It: 24600, Time: 11.85, mse_0: 2.0842e-02, mse_f: 6.8593e-02, total loss: 1.0711e-01, Error u,v,p: 1.0646e-01 1.0256e-01 1.0978e-01
It: 24700, Time: 11.83, mse_0: 2.1037e-02, mse_f: 8.0011e-02, total loss: 1.1876e-01, Error u,v,p: 1.0012e-01 9.5272e-02 9.2749e-02
It: 24800, Time: 11.88, mse_0: 1.8181e-02, mse_f: 6.0542e-02, total loss: 9.0461e-02, Error u,v,p: 1.0503e-01 1.0628e-01 1.2763e-01
It: 24900, Time: 12.09, mse_0: 1.7660e-02, mse_f: 6.2163e-02, total loss: 9.2925e-02, Error u,v,p: 9.2949e-02 1.0493e-01 9.5874e-02
It: 25000, Time: 11.81, mse_0: 2.3859e-02, mse_f: 5.7593e-02, total loss: 9.6656e-02, Error u,v,p: 9.7876e-02 1.1319e-01 9.5118e-02
It: 25100, Time: 11.91, mse_0: 1.9509e-02, mse_f: 5.7330e-02, total loss: 8.9272e-02, Error u,v,p: 9.9059e-02 9.6691e-02 8.9881e-02
It: 25200, Time: 12.02, mse_0: 4.4427e-02, mse_f: 1.2595e-01, total loss: 2.2492e-01, Error u,v,p: 1.1724e-01 1.1489e-01 9.2558e-02
It: 25300, Time: 11.88, mse_0: 4.4086e-02, mse_f: 8.8681e-02, total loss: 1.6983e-01, Error u,v,p: 1.0756e-01 1.2787e-01 1.2364e-01
It: 25400, Time: 11.88, mse_0: 1.2911e-02, mse_f: 5.5312e-02, total loss: 7.9044e-02, Error u,v,p: 9.4698e-02 9.4000e-02 9.9091e-02
It: 25500, Time: 12.01, mse_0: 1.1909e-02, mse_f: 5.1032e-02, total loss: 7.1318e-02, Error u,v,p: 1.1148e-01 9.3050e-02 1.0786e-01
It: 25600, Time: 11.92, mse_0: 1.4100e-02, mse_f: 5.2348e-02, total loss: 7.5489e-02, Error u,v,p: 9.2776e-02 8.9773e-02 1.0979e-01
It: 25700, Time: 11.84, mse_0: 1.2993e-02, mse_f: 5.9936e-02, total loss: 8.1034e-02, Error u,v,p: 1.0395e-01 9.1107e-02 8.5918e-02
It: 25800, Time: 11.96, mse_0: 1.4300e-02, mse_f: 5.3630e-02, total loss: 7.9609e-02, Error u,v,p: 8.9097e-02 8.9134e-02 9.3876e-02
It: 25900, Time: 11.94, mse_0: 4.0350e-02, mse_f: 1.2780e-01, total loss: 2.1151e-01, Error u,v,p: 1.6685e-01 1.1756e-01 8.8126e-02
It: 26000, Time: 12.01, mse_0: 3.2784e-02, mse_f: 8.0127e-02, total loss: 1.3332e-01, Error u,v,p: 9.9893e-02 1.0776e-01 1.0747e-01
It: 26100, Time: 11.86, mse_0: 1.5621e-02, mse_f: 5.4836e-02, total loss: 7.9123e-02, Error u,v,p: 8.6063e-02 8.7993e-02 9.6021e-02
It: 26200, Time: 11.81, mse_0: 1.8406e-02, mse_f: 5.3780e-02, total loss: 8.6585e-02, Error u,v,p: 9.3640e-02 9.2846e-02 1.0293e-01
It: 26300, Time: 11.88, mse_0: 2.9646e-02, mse_f: 1.0579e-01, total loss: 1.6051e-01, Error u,v,p: 9.5644e-02 9.6999e-02 1.0452e-01
It: 26400, Time: 11.85, mse_0: 7.9524e-02, mse_f: 1.3219e-01, total loss: 2.8445e-01, Error u,v,p: 1.0309e-01 1.9015e-01 9.1226e-02
It: 26500, Time: 11.87, mse_0: 1.5517e-02, mse_f: 6.4579e-02, total loss: 8.7470e-02, Error u,v,p: 9.7546e-02 9.8318e-02 1.0839e-01
It: 26600, Time: 11.94, mse_0: 1.9233e-02, mse_f: 7.1736e-02, total loss: 1.0714e-01, Error u,v,p: 1.2047e-01 1.2397e-01 1.1469e-01
It: 26700, Time: 11.94, mse_0: 4.4929e-02, mse_f: 1.2116e-01, total loss: 2.2308e-01, Error u,v,p: 1.1859e-01 1.0594e-01 1.0187e-01
It: 26800, Time: 11.91, mse_0: 1.9121e-02, mse_f: 7.2452e-02, total loss: 1.0608e-01, Error u,v,p: 9.6688e-02 9.9259e-02 1.0391e-01
It: 26900, Time: 11.89, mse_0: 1.1751e-02, mse_f: 4.7108e-02, total loss: 6.5083e-02, Error u,v,p: 8.9168e-02 8.7576e-02 9.9864e-02
It: 27000, Time: 12.00, mse_0: 2.1230e-02, mse_f: 5.3865e-02, total loss: 9.3221e-02, Error u,v,p: 9.2940e-02 9.4648e-02 9.7609e-02
It: 27100, Time: 11.83, mse_0: 1.8484e-02, mse_f: 5.5717e-02, total loss: 8.5644e-02, Error u,v,p: 8.7462e-02 1.0281e-01 1.0079e-01
It: 27200, Time: 11.90, mse_0: 4.0725e-02, mse_f: 1.0349e-01, total loss: 1.8369e-01, Error u,v,p: 9.3040e-02 1.2932e-01 1.1329e-01
It: 27300, Time: 11.94, mse_0: 2.1967e-02, mse_f: 8.0283e-02, total loss: 1.2418e-01, Error u,v,p: 9.7566e-02 8.7029e-02 1.0019e-01
It: 27400, Time: 11.99, mse_0: 3.2637e-02, mse_f: 7.9341e-02, total loss: 1.3733e-01, Error u,v,p: 1.0542e-01 9.6998e-02 8.2099e-02
It: 27500, Time: 11.96, mse_0: 1.7832e-02, mse_f: 5.8913e-02, total loss: 9.4468e-02, Error u,v,p: 9.2589e-02 8.9158e-02 1.1663e-01
It: 27600, Time: 11.92, mse_0: 5.2217e-02, mse_f: 9.6150e-02, total loss: 2.0065e-01, Error u,v,p: 1.3459e-01 1.1226e-01 9.4360e-02
It: 27700, Time: 12.10, mse_0: 2.7071e-02, mse_f: 1.2925e-01, total loss: 1.8789e-01, Error u,v,p: 1.0376e-01 1.0469e-01 9.7090e-02
It: 27800, Time: 11.86, mse_0: 2.0929e-02, mse_f: 7.8135e-02, total loss: 1.2522e-01, Error u,v,p: 9.8339e-02 8.4493e-02 1.0329e-01
It: 27900, Time: 11.94, mse_0: 1.5525e-02, mse_f: 7.4710e-02, total loss: 1.0814e-01, Error u,v,p: 9.2385e-02 8.9489e-02 9.9280e-02
It: 28000, Time: 11.82, mse_0: 1.8783e-02, mse_f: 8.1256e-02, total loss: 1.1688e-01, Error u,v,p: 8.8684e-02 9.5926e-02 9.5820e-02
It: 28100, Time: 11.91, mse_0: 1.2404e-02, mse_f: 6.1243e-02, total loss: 8.2667e-02, Error u,v,p: 9.1651e-02 8.7150e-02 9.6553e-02
It: 28200, Time: 12.10, mse_0: 3.6077e-02, mse_f: 1.0125e-01, total loss: 1.6228e-01, Error u,v,p: 9.4922e-02 1.1667e-01 9.9703e-02
It: 28300, Time: 12.06, mse_0: 3.1626e-02, mse_f: 1.0735e-01, total loss: 1.6048e-01, Error u,v,p: 9.4147e-02 9.3366e-02 1.0239e-01
It: 28400, Time: 11.92, mse_0: 3.0301e-02, mse_f: 1.0156e-01, total loss: 1.6125e-01, Error u,v,p: 1.1458e-01 9.6634e-02 9.0720e-02
It: 28500, Time: 11.78, mse_0: 1.8736e-02, mse_f: 8.5322e-02, total loss: 1.2256e-01, Error u,v,p: 9.6383e-02 9.8423e-02 1.0302e-01
It: 28600, Time: 11.86, mse_0: 5.1201e-02, mse_f: 9.5238e-02, total loss: 1.9375e-01, Error u,v,p: 9.2599e-02 1.3196e-01 9.6084e-02
It: 28700, Time: 11.93, mse_0: 2.2044e-02, mse_f: 7.2551e-02, total loss: 1.2149e-01, Error u,v,p: 1.1533e-01 1.0387e-01 9.1823e-02
It: 28800, Time: 11.89, mse_0: 1.9491e-02, mse_f: 7.0117e-02, total loss: 1.0234e-01, Error u,v,p: 9.0057e-02 8.5154e-02 8.8543e-02
It: 28900, Time: 11.92, mse_0: 1.9672e-02, mse_f: 5.5491e-02, total loss: 9.4579e-02, Error u,v,p: 1.0717e-01 8.2484e-02 9.3678e-02
It: 29000, Time: 11.98, mse_0: 8.5330e-02, mse_f: 1.8950e-01, total loss: 3.8445e-01, Error u,v,p: 1.1715e-01 1.3165e-01 9.5047e-02
It: 29100, Time: 12.01, mse_0: 2.4278e-02, mse_f: 7.8217e-02, total loss: 1.2803e-01, Error u,v,p: 1.0862e-01 1.0153e-01 1.1042e-01
It: 29200, Time: 11.92, mse_0: 2.2658e-02, mse_f: 6.0123e-02, total loss: 9.2682e-02, Error u,v,p: 8.8735e-02 8.9204e-02 9.3017e-02
It: 29300, Time: 11.93, mse_0: 6.2356e-02, mse_f: 8.6402e-02, total loss: 2.2817e-01, Error u,v,p: 1.8108e-01 1.4074e-01 9.4299e-02
It: 29400, Time: 11.89, mse_0: 3.7429e-02, mse_f: 6.8575e-02, total loss: 1.5099e-01, Error u,v,p: 9.5391e-02 1.1568e-01 9.0271e-02
It: 29500, Time: 11.95, mse_0: 1.9779e-02, mse_f: 6.3241e-02, total loss: 1.0061e-01, Error u,v,p: 8.6937e-02 8.7809e-02 9.2927e-02
It: 29600, Time: 11.80, mse_0: 1.3776e-02, mse_f: 4.6291e-02, total loss: 7.1509e-02, Error u,v,p: 8.4664e-02 8.3256e-02 9.4296e-02
It: 29700, Time: 11.98, mse_0: 1.6337e-02, mse_f: 6.0510e-02, total loss: 8.8704e-02, Error u,v,p: 9.8273e-02 8.6385e-02 9.5663e-02
It: 29800, Time: 11.96, mse_0: 9.3172e-03, mse_f: 4.1039e-02, total loss: 5.5755e-02, Error u,v,p: 8.1308e-02 7.9933e-02 9.3332e-02
It: 29900, Time: 11.84, mse_0: 2.4167e-02, mse_f: 5.7970e-02, total loss: 1.0456e-01, Error u,v,p: 1.1833e-01 8.8264e-02 9.7032e-02
It: 30000, Time: 11.85, mse_0: 2.8210e-02, mse_f: 1.0729e-01, total loss: 1.5424e-01, Error u,v,p: 9.4597e-02 9.2500e-02 1.1757e-01
starting L-BFGS training
It: 100, Time: 12.90, mse_0: 7.1045e-03, mse_f: 3.6294e-02, total loss: 4.5736e-02, Error u,v,p: 8.0790e-02 7.8797e-02 9.2894e-02
It: 200, Time: 13.65, mse_0: 7.0253e-03, mse_f: 3.6149e-02, total loss: 4.5502e-02, Error u,v,p: 8.0548e-02 7.8719e-02 9.3253e-02
It: 300, Time: 13.63, mse_0: 6.9080e-03, mse_f: 3.5878e-02, total loss: 4.5107e-02, Error u,v,p: 8.0372e-02 7.8575e-02 9.3180e-02
It: 400, Time: 13.74, mse_0: 6.8081e-03, mse_f: 3.5458e-02, total loss: 4.4593e-02, Error u,v,p: 8.0121e-02 7.8931e-02 9.3569e-02
It: 500, Time: 13.77, mse_0: 6.6387e-03, mse_f: 3.4868e-02, total loss: 4.3843e-02, Error u,v,p: 7.9443e-02 7.8139e-02 9.2464e-02
It: 600, Time: 13.71, mse_0: 6.4595e-03, mse_f: 3.4214e-02, total loss: 4.3003e-02, Error u,v,p: 7.8705e-02 7.7889e-02 9.0948e-02
It: 700, Time: 13.60, mse_0: 6.3279e-03, mse_f: 3.3585e-02, total loss: 4.2235e-02, Error u,v,p: 7.8399e-02 7.7204e-02 9.1282e-02
It: 800, Time: 13.55, mse_0: 6.1498e-03, mse_f: 3.2819e-02, total loss: 4.1290e-02, Error u,v,p: 7.7898e-02 7.6608e-02 9.0919e-02
It: 900, Time: 13.63, mse_0: 5.9786e-03, mse_f: 3.2041e-02, total loss: 4.0339e-02, Error u,v,p: 7.7644e-02 7.6293e-02 9.0982e-02
It: 1000, Time: 13.66, mse_0: 5.7691e-03, mse_f: 3.1240e-02, total loss: 3.9314e-02, Error u,v,p: 7.7237e-02 7.6333e-02 9.1326e-02
It: 1100, Time: 13.65, mse_0: 5.6194e-03, mse_f: 3.0543e-02, total loss: 3.8449e-02, Error u,v,p: 7.6298e-02 7.5639e-02 9.0614e-02
It: 1200, Time: 13.69, mse_0: 5.4615e-03, mse_f: 2.9752e-02, total loss: 3.7475e-02, Error u,v,p: 7.5727e-02 7.5023e-02 8.9939e-02
It: 1300, Time: 13.84, mse_0: 5.2826e-03, mse_f: 2.9015e-02, total loss: 3.6551e-02, Error u,v,p: 7.4572e-02 7.4626e-02 8.8927e-02
It: 1400, Time: 14.03, mse_0: 5.1474e-03, mse_f: 2.8311e-02, total loss: 3.5683e-02, Error u,v,p: 7.4229e-02 7.4171e-02 8.8280e-02
It: 1500, Time: 14.09, mse_0: 4.9992e-03, mse_f: 2.7535e-02, total loss: 3.4746e-02, Error u,v,p: 7.4094e-02 7.3889e-02 8.9080e-02
It: 1600, Time: 13.87, mse_0: 4.8412e-03, mse_f: 2.6836e-02, total loss: 3.3871e-02, Error u,v,p: 7.3889e-02 7.3487e-02 8.9723e-02
It: 1700, Time: 14.08, mse_0: 4.6927e-03, mse_f: 2.6269e-02, total loss: 3.3122e-02, Error u,v,p: 7.4188e-02 7.3460e-02 9.1246e-02
It: 1800, Time: 13.58, mse_0: 4.5579e-03, mse_f: 2.5718e-02, total loss: 3.2386e-02, Error u,v,p: 7.4010e-02 7.3298e-02 9.2388e-02
It: 1900, Time: 13.70, mse_0: 4.4440e-03, mse_f: 2.5139e-02, total loss: 3.1661e-02, Error u,v,p: 7.4001e-02 7.3052e-02 9.2983e-02
It: 2000, Time: 14.05, mse_0: 4.3009e-03, mse_f: 2.4566e-02, total loss: 3.0893e-02, Error u,v,p: 7.3489e-02 7.2692e-02 9.3926e-02
It: 2100, Time: 13.91, mse_0: 4.2143e-03, mse_f: 2.3950e-02, total loss: 3.0131e-02, Error u,v,p: 7.3257e-02 7.2545e-02 9.4358e-02
It: 2200, Time: 13.58, mse_0: 4.1160e-03, mse_f: 2.3402e-02, total loss: 2.9451e-02, Error u,v,p: 7.1972e-02 7.2153e-02 9.4029e-02
It: 2300, Time: 13.40, mse_0: 3.9992e-03, mse_f: 2.2937e-02, total loss: 2.8837e-02, Error u,v,p: 7.1795e-02 7.1443e-02 9.4477e-02
It: 2400, Time: 13.73, mse_0: 3.9012e-03, mse_f: 2.2493e-02, total loss: 2.8265e-02, Error u,v,p: 7.1214e-02 7.1112e-02 9.4556e-02
It: 2500, Time: 13.75, mse_0: 3.8116e-03, mse_f: 2.2025e-02, total loss: 2.7667e-02, Error u,v,p: 7.0795e-02 7.1347e-02 9.5240e-02
It: 2600, Time: 13.83, mse_0: 3.7091e-03, mse_f: 2.1618e-02, total loss: 2.7127e-02, Error u,v,p: 7.0259e-02 7.1127e-02 9.5526e-02
It: 2700, Time: 13.85, mse_0: 3.5943e-03, mse_f: 2.1190e-02, total loss: 2.6559e-02, Error u,v,p: 6.9662e-02 7.0774e-02 9.5148e-02
It: 2800, Time: 14.00, mse_0: 3.5308e-03, mse_f: 2.0734e-02, total loss: 2.6022e-02, Error u,v,p: 6.9099e-02 7.0301e-02 9.5258e-02
It: 2900, Time: 13.70, mse_0: 3.4555e-03, mse_f: 2.0291e-02, total loss: 2.5489e-02, Error u,v,p: 6.8442e-02 6.9416e-02 9.4352e-02
It: 3000, Time: 13.83, mse_0: 3.3901e-03, mse_f: 1.9861e-02, total loss: 2.4976e-02, Error u,v,p: 6.8095e-02 6.9399e-02 9.3465e-02
It: 3100, Time: 13.85, mse_0: 3.3207e-03, mse_f: 1.9444e-02, total loss: 2.4462e-02, Error u,v,p: 6.7819e-02 6.9147e-02 9.3485e-02
It: 3200, Time: 13.93, mse_0: 3.2679e-03, mse_f: 1.9037e-02, total loss: 2.3981e-02, Error u,v,p: 6.7534e-02 6.9125e-02 9.3024e-02
It: 3300, Time: 13.76, mse_0: 3.1857e-03, mse_f: 1.8708e-02, total loss: 2.3537e-02, Error u,v,p: 6.7315e-02 6.9054e-02 9.3070e-02
It: 3400, Time: 13.94, mse_0: 3.1158e-03, mse_f: 1.8422e-02, total loss: 2.3172e-02, Error u,v,p: 6.6961e-02 6.8999e-02 9.3806e-02
It: 3500, Time: 13.78, mse_0: 3.0754e-03, mse_f: 1.8053e-02, total loss: 2.2734e-02, Error u,v,p: 6.6650e-02 6.8567e-02 9.4494e-02
It: 3600, Time: 13.72, mse_0: 3.0258e-03, mse_f: 1.7717e-02, total loss: 2.2327e-02, Error u,v,p: 6.6398e-02 6.8104e-02 9.4971e-02
It: 3700, Time: 13.71, mse_0: 2.9734e-03, mse_f: 1.7434e-02, total loss: 2.1964e-02, Error u,v,p: 6.5923e-02 6.8141e-02 9.4911e-02
It: 3800, Time: 13.85, mse_0: 2.9317e-03, mse_f: 1.7092e-02, total loss: 2.1558e-02, Error u,v,p: 6.5431e-02 6.8278e-02 9.4745e-02
It: 3900, Time: 13.69, mse_0: 2.8755e-03, mse_f: 1.6816e-02, total loss: 2.1202e-02, Error u,v,p: 6.5241e-02 6.7992e-02 9.4800e-02
It: 4000, Time: 13.85, mse_0: 2.8300e-03, mse_f: 1.6545e-02, total loss: 2.0860e-02, Error u,v,p: 6.5335e-02 6.7991e-02 9.5262e-02
It: 4100, Time: 13.79, mse_0: 2.7783e-03, mse_f: 1.6342e-02, total loss: 2.0569e-02, Error u,v,p: 6.4982e-02 6.7682e-02 9.4873e-02
It: 4200, Time: 13.80, mse_0: 2.7329e-03, mse_f: 1.6085e-02, total loss: 2.0249e-02, Error u,v,p: 6.4705e-02 6.7556e-02 9.4552e-02
It: 4300, Time: 13.73, mse_0: 2.6861e-03, mse_f: 1.5786e-02, total loss: 1.9884e-02, Error u,v,p: 6.4170e-02 6.7462e-02 9.3545e-02
It: 4400, Time: 13.81, mse_0: 2.6383e-03, mse_f: 1.5543e-02, total loss: 1.9580e-02, Error u,v,p: 6.3722e-02 6.7309e-02 9.3242e-02
It: 4500, Time: 13.77, mse_0: 2.5945e-03, mse_f: 1.5299e-02, total loss: 1.9278e-02, Error u,v,p: 6.3607e-02 6.6942e-02 9.2970e-02
It: 4600, Time: 13.89, mse_0: 2.5678e-03, mse_f: 1.5038e-02, total loss: 1.8972e-02, Error u,v,p: 6.3086e-02 6.6654e-02 9.2215e-02
It: 4700, Time: 13.87, mse_0: 2.5211e-03, mse_f: 1.4839e-02, total loss: 1.8707e-02, Error u,v,p: 6.2838e-02 6.6299e-02 9.1429e-02
It: 4800, Time: 13.92, mse_0: 2.4783e-03, mse_f: 1.4630e-02, total loss: 1.8438e-02, Error u,v,p: 6.2681e-02 6.6106e-02 9.0874e-02
It: 4900, Time: 14.08, mse_0: 2.4181e-03, mse_f: 1.4423e-02, total loss: 1.8153e-02, Error u,v,p: 6.1952e-02 6.5849e-02 8.9770e-02
It: 5000, Time: 13.97, mse_0: 2.3852e-03, mse_f: 1.4196e-02, total loss: 1.7873e-02, Error u,v,p: 6.1481e-02 6.5472e-02 8.9543e-02
It: 5100, Time: 13.96, mse_0: 2.3445e-03, mse_f: 1.3986e-02, total loss: 1.7601e-02, Error u,v,p: 6.0841e-02 6.5167e-02 8.9133e-02
It: 5200, Time: 14.10, mse_0: 2.3127e-03, mse_f: 1.3789e-02, total loss: 1.7359e-02, Error u,v,p: 6.0737e-02 6.4857e-02 8.8670e-02
It: 5300, Time: 14.08, mse_0: 2.2832e-03, mse_f: 1.3587e-02, total loss: 1.7113e-02, Error u,v,p: 6.0422e-02 6.4582e-02 8.8756e-02
It: 5400, Time: 14.14, mse_0: 2.2620e-03, mse_f: 1.3409e-02, total loss: 1.6903e-02, Error u,v,p: 6.0369e-02 6.3990e-02 8.8502e-02
It: 5500, Time: 13.94, mse_0: 2.2387e-03, mse_f: 1.3239e-02, total loss: 1.6692e-02, Error u,v,p: 6.0129e-02 6.3625e-02 8.8578e-02
It: 5600, Time: 13.86, mse_0: 2.2165e-03, mse_f: 1.3056e-02, total loss: 1.6461e-02, Error u,v,p: 5.9859e-02 6.3467e-02 8.8546e-02
It: 5700, Time: 13.58, mse_0: 2.1913e-03, mse_f: 1.2887e-02, total loss: 1.6256e-02, Error u,v,p: 5.9362e-02 6.2893e-02 8.8219e-02
It: 5800, Time: 13.75, mse_0: 2.1637e-03, mse_f: 1.2711e-02, total loss: 1.6038e-02, Error u,v,p: 5.8765e-02 6.2531e-02 8.7771e-02
It: 5900, Time: 13.65, mse_0: 2.1255e-03, mse_f: 1.2560e-02, total loss: 1.5826e-02, Error u,v,p: 5.8351e-02 6.2246e-02 8.7343e-02
It: 6000, Time: 13.83, mse_0: 2.0914e-03, mse_f: 1.2406e-02, total loss: 1.5625e-02, Error u,v,p: 5.7855e-02 6.1895e-02 8.7011e-02
It: 6100, Time: 13.76, mse_0: 2.0606e-03, mse_f: 1.2221e-02, total loss: 1.5394e-02, Error u,v,p: 5.7182e-02 6.1137e-02 8.6283e-02
It: 6200, Time: 13.74, mse_0: 2.0340e-03, mse_f: 1.2085e-02, total loss: 1.5222e-02, Error u,v,p: 5.6870e-02 6.0504e-02 8.5787e-02
It: 6300, Time: 13.69, mse_0: 2.0081e-03, mse_f: 1.1933e-02, total loss: 1.5028e-02, Error u,v,p: 5.6329e-02 6.0137e-02 8.5133e-02
It: 6400, Time: 13.73, mse_0: 1.9824e-03, mse_f: 1.1785e-02, total loss: 1.4846e-02, Error u,v,p: 5.5906e-02 5.9612e-02 8.4456e-02
It: 6500, Time: 13.65, mse_0: 1.9653e-03, mse_f: 1.1620e-02, total loss: 1.4648e-02, Error u,v,p: 5.5571e-02 5.9205e-02 8.3943e-02
It: 6600, Time: 13.61, mse_0: 1.9287e-03, mse_f: 1.1475e-02, total loss: 1.4456e-02, Error u,v,p: 5.5208e-02 5.8533e-02 8.3469e-02
It: 6700, Time: 13.68, mse_0: 1.9113e-03, mse_f: 1.1319e-02, total loss: 1.4271e-02, Error u,v,p: 5.5188e-02 5.8451e-02 8.2941e-02
It: 6800, Time: 13.64, mse_0: 1.8966e-03, mse_f: 1.1171e-02, total loss: 1.4099e-02, Error u,v,p: 5.4690e-02 5.7955e-02 8.2149e-02
It: 6900, Time: 13.56, mse_0: 1.8749e-03, mse_f: 1.1037e-02, total loss: 1.3934e-02, Error u,v,p: 5.4628e-02 5.7611e-02 8.1588e-02
It: 7000, Time: 13.77, mse_0: 1.8505e-03, mse_f: 1.0905e-02, total loss: 1.3770e-02, Error u,v,p: 5.4429e-02 5.7081e-02 8.1290e-02
It: 7100, Time: 13.62, mse_0: 1.8349e-03, mse_f: 1.0773e-02, total loss: 1.3613e-02, Error u,v,p: 5.4053e-02 5.6590e-02 8.0771e-02
It: 7200, Time: 13.69, mse_0: 1.8094e-03, mse_f: 1.0640e-02, total loss: 1.3438e-02, Error u,v,p: 5.3662e-02 5.6289e-02 8.0441e-02
It: 7300, Time: 13.71, mse_0: 1.7856e-03, mse_f: 1.0527e-02, total loss: 1.3290e-02, Error u,v,p: 5.3434e-02 5.6266e-02 8.0735e-02
It: 7400, Time: 13.71, mse_0: 1.7623e-03, mse_f: 1.0398e-02, total loss: 1.3132e-02, Error u,v,p: 5.3156e-02 5.6059e-02 8.0413e-02
It: 7500, Time: 13.67, mse_0: 1.7631e-03, mse_f: 1.0266e-02, total loss: 1.2986e-02, Error u,v,p: 5.3002e-02 5.5802e-02 8.0113e-02
It: 7600, Time: 13.54, mse_0: 1.7557e-03, mse_f: 1.0144e-02, total loss: 1.2844e-02, Error u,v,p: 5.2921e-02 5.5691e-02 7.9849e-02
It: 7700, Time: 13.69, mse_0: 1.7414e-03, mse_f: 1.0022e-02, total loss: 1.2698e-02, Error u,v,p: 5.2577e-02 5.5378e-02 7.9503e-02
It: 7800, Time: 13.64, mse_0: 1.7248e-03, mse_f: 9.9163e-03, total loss: 1.2563e-02, Error u,v,p: 5.2360e-02 5.5178e-02 7.9656e-02
It: 7900, Time: 13.69, mse_0: 1.7165e-03, mse_f: 9.8010e-03, total loss: 1.2430e-02, Error u,v,p: 5.2042e-02 5.4987e-02 7.9530e-02
It: 8000, Time: 13.87, mse_0: 1.6953e-03, mse_f: 9.6915e-03, total loss: 1.2285e-02, Error u,v,p: 5.2053e-02 5.4856e-02 7.9820e-02
It: 8100, Time: 13.75, mse_0: 1.6758e-03, mse_f: 9.5774e-03, total loss: 1.2146e-02, Error u,v,p: 5.1846e-02 5.4742e-02 7.9774e-02
It: 8200, Time: 13.85, mse_0: 1.6570e-03, mse_f: 9.4872e-03, total loss: 1.2022e-02, Error u,v,p: 5.1773e-02 5.4550e-02 7.9635e-02
It: 8300, Time: 13.74, mse_0: 1.6378e-03, mse_f: 9.3840e-03, total loss: 1.1894e-02, Error u,v,p: 5.1727e-02 5.4199e-02 7.9555e-02
It: 8400, Time: 13.71, mse_0: 1.6217e-03, mse_f: 9.2864e-03, total loss: 1.1771e-02, Error u,v,p: 5.1398e-02 5.3840e-02 7.9529e-02
It: 8500, Time: 13.80, mse_0: 1.6004e-03, mse_f: 9.1797e-03, total loss: 1.1634e-02, Error u,v,p: 5.1102e-02 5.3675e-02 7.9329e-02
It: 8600, Time: 13.62, mse_0: 1.5795e-03, mse_f: 9.0742e-03, total loss: 1.1499e-02, Error u,v,p: 5.0720e-02 5.3544e-02 7.8824e-02
It: 8700, Time: 13.81, mse_0: 1.5602e-03, mse_f: 8.9781e-03, total loss: 1.1374e-02, Error u,v,p: 5.0418e-02 5.3085e-02 7.8555e-02
It: 8800, Time: 14.02, mse_0: 1.5421e-03, mse_f: 8.8897e-03, total loss: 1.1258e-02, Error u,v,p: 5.0271e-02 5.2842e-02 7.8708e-02
It: 8900, Time: 13.52, mse_0: 1.5236e-03, mse_f: 8.7841e-03, total loss: 1.1126e-02, Error u,v,p: 5.0052e-02 5.2654e-02 7.8648e-02
It: 9000, Time: 13.56, mse_0: 1.5117e-03, mse_f: 8.6796e-03, total loss: 1.1003e-02, Error u,v,p: 4.9970e-02 5.2284e-02 7.8770e-02
It: 9100, Time: 13.48, mse_0: 1.5028e-03, mse_f: 8.5739e-03, total loss: 1.0883e-02, Error u,v,p: 4.9715e-02 5.2160e-02 7.8746e-02
It: 9200, Time: 13.54, mse_0: 1.4929e-03, mse_f: 8.4799e-03, total loss: 1.0769e-02, Error u,v,p: 4.9311e-02 5.2056e-02 7.8592e-02
It: 9300, Time: 13.77, mse_0: 1.4864e-03, mse_f: 8.3895e-03, total loss: 1.0664e-02, Error u,v,p: 4.8968e-02 5.1732e-02 7.8280e-02
It: 9400, Time: 13.49, mse_0: 1.4837e-03, mse_f: 8.2958e-03, total loss: 1.0558e-02, Error u,v,p: 4.8872e-02 5.1558e-02 7.8451e-02
It: 9500, Time: 13.64, mse_0: 1.4687e-03, mse_f: 8.2234e-03, total loss: 1.0462e-02, Error u,v,p: 4.8720e-02 5.1442e-02 7.8559e-02
It: 9600, Time: 13.47, mse_0: 1.4606e-03, mse_f: 8.1319e-03, total loss: 1.0354e-02, Error u,v,p: 4.8597e-02 5.1058e-02 7.8319e-02
It: 9700, Time: 13.44, mse_0: 1.4519e-03, mse_f: 8.0510e-03, total loss: 1.0255e-02, Error u,v,p: 4.8091e-02 5.0670e-02 7.8063e-02
It: 9800, Time: 13.53, mse_0: 1.4379e-03, mse_f: 7.9758e-03, total loss: 1.0157e-02, Error u,v,p: 4.7705e-02 5.0193e-02 7.7735e-02
It: 9900, Time: 13.52, mse_0: 1.4253e-03, mse_f: 7.9037e-03, total loss: 1.0065e-02, Error u,v,p: 4.7576e-02 4.9929e-02 7.7577e-02
It: 10000, Time: 13.60, mse_0: 1.4146e-03, mse_f: 7.8268e-03, total loss: 9.9719e-03, Error u,v,p: 4.7397e-02 4.9687e-02 7.7570e-02
It: 10100, Time: 13.59, mse_0: 1.3984e-03, mse_f: 7.7476e-03, total loss: 9.8726e-03, Error u,v,p: 4.7122e-02 4.9338e-02 7.7299e-02
It: 10200, Time: 13.59, mse_0: 1.3834e-03, mse_f: 7.6730e-03, total loss: 9.7749e-03, Error u,v,p: 4.6881e-02 4.9160e-02 7.6864e-02
It: 10300, Time: 13.46, mse_0: 1.3742e-03, mse_f: 7.6051e-03, total loss: 9.6911e-03, Error u,v,p: 4.6636e-02 4.8923e-02 7.6585e-02
It: 10400, Time: 13.73, mse_0: 1.3656e-03, mse_f: 7.5383e-03, total loss: 9.6097e-03, Error u,v,p: 4.6363e-02 4.8665e-02 7.6402e-02
It: 10500, Time: 13.46, mse_0: 1.3524e-03, mse_f: 7.4611e-03, total loss: 9.5158e-03, Error u,v,p: 4.6189e-02 4.8312e-02 7.6495e-02
It: 10600, Time: 13.63, mse_0: 1.3382e-03, mse_f: 7.3934e-03, total loss: 9.4305e-03, Error u,v,p: 4.6015e-02 4.8162e-02 7.6615e-02
It: 10700, Time: 13.66, mse_0: 1.3227e-03, mse_f: 7.3316e-03, total loss: 9.3469e-03, Error u,v,p: 4.5712e-02 4.8094e-02 7.6520e-02
It: 10800, Time: 13.68, mse_0: 1.3126e-03, mse_f: 7.2699e-03, total loss: 9.2707e-03, Error u,v,p: 4.5473e-02 4.7945e-02 7.6593e-02
It: 10900, Time: 13.65, mse_0: 1.3029e-03, mse_f: 7.2019e-03, total loss: 9.1867e-03, Error u,v,p: 4.5269e-02 4.7778e-02 7.6479e-02
It: 11000, Time: 13.75, mse_0: 1.2948e-03, mse_f: 7.1312e-03, total loss: 9.1020e-03, Error u,v,p: 4.4938e-02 4.7586e-02 7.6348e-02
It: 11100, Time: 13.61, mse_0: 1.2829e-03, mse_f: 7.0679e-03, total loss: 9.0236e-03, Error u,v,p: 4.4817e-02 4.7499e-02 7.6505e-02
It: 11200, Time: 13.57, mse_0: 1.2702e-03, mse_f: 7.0058e-03, total loss: 8.9422e-03, Error u,v,p: 4.4723e-02 4.7472e-02 7.6549e-02
It: 11300, Time: 13.72, mse_0: 1.2643e-03, mse_f: 6.9376e-03, total loss: 8.8616e-03, Error u,v,p: 4.4593e-02 4.7148e-02 7.6785e-02
It: 11400, Time: 13.60, mse_0: 1.2539e-03, mse_f: 6.8731e-03, total loss: 8.7814e-03, Error u,v,p: 4.4327e-02 4.6947e-02 7.6543e-02
It: 11500, Time: 13.60, mse_0: 1.2460e-03, mse_f: 6.8096e-03, total loss: 8.7058e-03, Error u,v,p: 4.4134e-02 4.6894e-02 7.6316e-02
It: 11600, Time: 14.04, mse_0: 1.2397e-03, mse_f: 6.7476e-03, total loss: 8.6319e-03, Error u,v,p: 4.3992e-02 4.6603e-02 7.6015e-02
It: 11700, Time: 13.60, mse_0: 1.2321e-03, mse_f: 6.6888e-03, total loss: 8.5586e-03, Error u,v,p: 4.3906e-02 4.6336e-02 7.5688e-02
It: 11800, Time: 13.56, mse_0: 1.2211e-03, mse_f: 6.6305e-03, total loss: 8.4842e-03, Error u,v,p: 4.3748e-02 4.6170e-02 7.5543e-02
It: 11900, Time: 13.67, mse_0: 1.2099e-03, mse_f: 6.5700e-03, total loss: 8.4065e-03, Error u,v,p: 4.3665e-02 4.5982e-02 7.5397e-02
It: 12000, Time: 13.51, mse_0: 1.1995e-03, mse_f: 6.5207e-03, total loss: 8.3433e-03, Error u,v,p: 4.3640e-02 4.5865e-02 7.5048e-02
It: 12100, Time: 13.67, mse_0: 1.1898e-03, mse_f: 6.4721e-03, total loss: 8.2783e-03, Error u,v,p: 4.3392e-02 4.5732e-02 7.4591e-02
It: 12200, Time: 13.79, mse_0: 1.1800e-03, mse_f: 6.4155e-03, total loss: 8.2077e-03, Error u,v,p: 4.3281e-02 4.5654e-02 7.4494e-02
It: 12300, Time: 13.72, mse_0: 1.1717e-03, mse_f: 6.3567e-03, total loss: 8.1395e-03, Error u,v,p: 4.3132e-02 4.5393e-02 7.4066e-02
It: 12400, Time: 13.58, mse_0: 1.1631e-03, mse_f: 6.3106e-03, total loss: 8.0790e-03, Error u,v,p: 4.2971e-02 4.5056e-02 7.3799e-02
It: 12500, Time: 13.83, mse_0: 1.1525e-03, mse_f: 6.2638e-03, total loss: 8.0165e-03, Error u,v,p: 4.2757e-02 4.4738e-02 7.3323e-02
It: 12600, Time: 13.56, mse_0: 1.1465e-03, mse_f: 6.2149e-03, total loss: 7.9567e-03, Error u,v,p: 4.2664e-02 4.4700e-02 7.3149e-02
It: 12700, Time: 13.52, mse_0: 1.1377e-03, mse_f: 6.1684e-03, total loss: 7.8979e-03, Error u,v,p: 4.2436e-02 4.4541e-02 7.2854e-02
It: 12800, Time: 13.55, mse_0: 1.1324e-03, mse_f: 6.1190e-03, total loss: 7.8409e-03, Error u,v,p: 4.2296e-02 4.4320e-02 7.2699e-02
It: 12900, Time: 13.66, mse_0: 1.1298e-03, mse_f: 6.0684e-03, total loss: 7.7829e-03, Error u,v,p: 4.1976e-02 4.4072e-02 7.2194e-02
It: 13000, Time: 13.54, mse_0: 1.1255e-03, mse_f: 6.0202e-03, total loss: 7.7261e-03, Error u,v,p: 4.1791e-02 4.3741e-02 7.1536e-02
It: 13100, Time: 13.77, mse_0: 1.1200e-03, mse_f: 5.9670e-03, total loss: 7.6617e-03, Error u,v,p: 4.1578e-02 4.3441e-02 7.0639e-02
It: 13200, Time: 13.63, mse_0: 1.1113e-03, mse_f: 5.9243e-03, total loss: 7.6054e-03, Error u,v,p: 4.1393e-02 4.3178e-02 7.0193e-02
It: 13300, Time: 13.79, mse_0: 1.1068e-03, mse_f: 5.8710e-03, total loss: 7.5442e-03, Error u,v,p: 4.1102e-02 4.2996e-02 6.9569e-02
It: 13400, Time: 13.81, mse_0: 1.1016e-03, mse_f: 5.8264e-03, total loss: 7.4920e-03, Error u,v,p: 4.0921e-02 4.2901e-02 6.9437e-02
It: 13500, Time: 13.78, mse_0: 1.0946e-03, mse_f: 5.7795e-03, total loss: 7.4339e-03, Error u,v,p: 4.0773e-02 4.2789e-02 6.9097e-02
It: 13600, Time: 13.55, mse_0: 1.0877e-03, mse_f: 5.7354e-03, total loss: 7.3792e-03, Error u,v,p: 4.0634e-02 4.2807e-02 6.8975e-02
It: 13700, Time: 13.60, mse_0: 1.0823e-03, mse_f: 5.6868e-03, total loss: 7.3221e-03, Error u,v,p: 4.0553e-02 4.2750e-02 6.8989e-02
It: 13800, Time: 13.69, mse_0: 1.0736e-03, mse_f: 5.6406e-03, total loss: 7.2631e-03, Error u,v,p: 4.0377e-02 4.2548e-02 6.8528e-02
It: 13900, Time: 13.55, mse_0: 1.0717e-03, mse_f: 5.5941e-03, total loss: 7.2099e-03, Error u,v,p: 4.0230e-02 4.2397e-02 6.8170e-02
It: 14000, Time: 13.49, mse_0: 1.0659e-03, mse_f: 5.5486e-03, total loss: 7.1539e-03, Error u,v,p: 3.9970e-02 4.2048e-02 6.7407e-02
It: 14100, Time: 13.67, mse_0: 1.0531e-03, mse_f: 5.5168e-03, total loss: 7.1033e-03, Error u,v,p: 3.9761e-02 4.1729e-02 6.6953e-02
It: 14200, Time: 13.62, mse_0: 1.0477e-03, mse_f: 5.4748e-03, total loss: 7.0518e-03, Error u,v,p: 3.9648e-02 4.1623e-02 6.6626e-02
It: 14300, Time: 13.66, mse_0: 1.0434e-03, mse_f: 5.4322e-03, total loss: 6.9996e-03, Error u,v,p: 3.9599e-02 4.1381e-02 6.6314e-02
It: 14400, Time: 13.63, mse_0: 1.0371e-03, mse_f: 5.3877e-03, total loss: 6.9456e-03, Error u,v,p: 3.9421e-02 4.1275e-02 6.5975e-02
It: 14500, Time: 13.77, mse_0: 1.0291e-03, mse_f: 5.3504e-03, total loss: 6.8969e-03, Error u,v,p: 3.9197e-02 4.1064e-02 6.5623e-02
It: 14600, Time: 13.55, mse_0: 1.0244e-03, mse_f: 5.3097e-03, total loss: 6.8480e-03, Error u,v,p: 3.8959e-02 4.0853e-02 6.5269e-02
It: 14700, Time: 13.76, mse_0: 1.0205e-03, mse_f: 5.2653e-03, total loss: 6.7970e-03, Error u,v,p: 3.8673e-02 4.0777e-02 6.4781e-02
It: 14800, Time: 13.67, mse_0: 1.0140e-03, mse_f: 5.2270e-03, total loss: 6.7491e-03, Error u,v,p: 3.8427e-02 4.0764e-02 6.4371e-02
It: 14900, Time: 13.75, mse_0: 1.0066e-03, mse_f: 5.1908e-03, total loss: 6.7007e-03, Error u,v,p: 3.8326e-02 4.0536e-02 6.4020e-02
It: 15000, Time: 13.73, mse_0: 9.9867e-04, mse_f: 5.1604e-03, total loss: 6.6581e-03, Error u,v,p: 3.8221e-02 4.0378e-02 6.3712e-02
It: 15100, Time: 13.66, mse_0: 9.9386e-04, mse_f: 5.1251e-03, total loss: 6.6119e-03, Error u,v,p: 3.8080e-02 4.0206e-02 6.3410e-02
It: 15200, Time: 13.70, mse_0: 9.8898e-04, mse_f: 5.0883e-03, total loss: 6.5660e-03, Error u,v,p: 3.7878e-02 3.9977e-02 6.2928e-02
It: 15300, Time: 13.69, mse_0: 9.8503e-04, mse_f: 5.0507e-03, total loss: 6.5208e-03, Error u,v,p: 3.7785e-02 3.9710e-02 6.2634e-02
It: 15400, Time: 13.57, mse_0: 9.8124e-04, mse_f: 5.0162e-03, total loss: 6.4798e-03, Error u,v,p: 3.7698e-02 3.9591e-02 6.2397e-02
It: 15500, Time: 13.61, mse_0: 9.7597e-04, mse_f: 4.9830e-03, total loss: 6.4384e-03, Error u,v,p: 3.7628e-02 3.9391e-02 6.2159e-02
It: 15600, Time: 13.79, mse_0: 9.7167e-04, mse_f: 4.9523e-03, total loss: 6.3982e-03, Error u,v,p: 3.7469e-02 3.9353e-02 6.1903e-02
It: 15700, Time: 13.72, mse_0: 9.6778e-04, mse_f: 4.9181e-03, total loss: 6.3561e-03, Error u,v,p: 3.7366e-02 3.9204e-02 6.1758e-02
It: 15800, Time: 13.77, mse_0: 9.6318e-04, mse_f: 4.8840e-03, total loss: 6.3140e-03, Error u,v,p: 3.7345e-02 3.9109e-02 6.1539e-02
It: 15900, Time: 13.75, mse_0: 9.5823e-04, mse_f: 4.8543e-03, total loss: 6.2735e-03, Error u,v,p: 3.7213e-02 3.9012e-02 6.1336e-02
It: 16000, Time: 13.56, mse_0: 9.5427e-04, mse_f: 4.8253e-03, total loss: 6.2365e-03, Error u,v,p: 3.7120e-02 3.8953e-02 6.1224e-02
It: 16100, Time: 13.49, mse_0: 9.4914e-04, mse_f: 4.7960e-03, total loss: 6.1994e-03, Error u,v,p: 3.7006e-02 3.8814e-02 6.0970e-02
It: 16200, Time: 13.66, mse_0: 9.4545e-04, mse_f: 4.7657e-03, total loss: 6.1618e-03, Error u,v,p: 3.6847e-02 3.8693e-02 6.0780e-02
It: 16300, Time: 13.74, mse_0: 9.3994e-04, mse_f: 4.7370e-03, total loss: 6.1267e-03, Error u,v,p: 3.6782e-02 3.8560e-02 6.0544e-02
It: 16400, Time: 13.59, mse_0: 9.3524e-04, mse_f: 4.7072e-03, total loss: 6.0901e-03, Error u,v,p: 3.6677e-02 3.8384e-02 6.0159e-02
It: 16500, Time: 13.57, mse_0: 9.2887e-04, mse_f: 4.6805e-03, total loss: 6.0541e-03, Error u,v,p: 3.6422e-02 3.8167e-02 5.9512e-02
It: 16600, Time: 13.74, mse_0: 9.2476e-04, mse_f: 4.6538e-03, total loss: 6.0193e-03, Error u,v,p: 3.6216e-02 3.7953e-02 5.9071e-02
It: 16700, Time: 13.51, mse_0: 9.1718e-04, mse_f: 4.6251e-03, total loss: 5.9797e-03, Error u,v,p: 3.6061e-02 3.7797e-02 5.8491e-02
It: 16800, Time: 13.55, mse_0: 9.1185e-04, mse_f: 4.5980e-03, total loss: 5.9435e-03, Error u,v,p: 3.5977e-02 3.7752e-02 5.8219e-02
It: 16900, Time: 13.59, mse_0: 9.0800e-04, mse_f: 4.5727e-03, total loss: 5.9117e-03, Error u,v,p: 3.5962e-02 3.7632e-02 5.7811e-02
It: 17000, Time: 13.66, mse_0: 9.0641e-04, mse_f: 4.5403e-03, total loss: 5.8738e-03, Error u,v,p: 3.5874e-02 3.7514e-02 5.7363e-02
It: 17100, Time: 13.71, mse_0: 9.0230e-04, mse_f: 4.5098e-03, total loss: 5.8370e-03, Error u,v,p: 3.5647e-02 3.7284e-02 5.6983e-02
It: 17200, Time: 13.68, mse_0: 9.0033e-04, mse_f: 4.4785e-03, total loss: 5.8002e-03, Error u,v,p: 3.5469e-02 3.7112e-02 5.6379e-02
It: 17300, Time: 13.62, mse_0: 8.9472e-04, mse_f: 4.4490e-03, total loss: 5.7630e-03, Error u,v,p: 3.5216e-02 3.6970e-02 5.5852e-02
It: 17400, Time: 13.64, mse_0: 8.9081e-04, mse_f: 4.4203e-03, total loss: 5.7276e-03, Error u,v,p: 3.5128e-02 3.6873e-02 5.5510e-02
It: 17500, Time: 13.55, mse_0: 8.8623e-04, mse_f: 4.3915e-03, total loss: 5.6917e-03, Error u,v,p: 3.5061e-02 3.6751e-02 5.5033e-02
It: 17600, Time: 13.58, mse_0: 8.7922e-04, mse_f: 4.3644e-03, total loss: 5.6552e-03, Error u,v,p: 3.4900e-02 3.6582e-02 5.4661e-02
It: 17700, Time: 13.50, mse_0: 8.7213e-04, mse_f: 4.3363e-03, total loss: 5.6193e-03, Error u,v,p: 3.4698e-02 3.6431e-02 5.4311e-02
It: 17800, Time: 13.72, mse_0: 8.6727e-04, mse_f: 4.3114e-03, total loss: 5.5852e-03, Error u,v,p: 3.4554e-02 3.6178e-02 5.3982e-02
It: 17900, Time: 13.57, mse_0: 8.6234e-04, mse_f: 4.2856e-03, total loss: 5.5504e-03, Error u,v,p: 3.4478e-02 3.6013e-02 5.3741e-02
It: 18000, Time: 13.59, mse_0: 8.5722e-04, mse_f: 4.2637e-03, total loss: 5.5204e-03, Error u,v,p: 3.4381e-02 3.5859e-02 5.3445e-02
It: 18100, Time: 13.49, mse_0: 8.5449e-04, mse_f: 4.2396e-03, total loss: 5.4905e-03, Error u,v,p: 3.4217e-02 3.5754e-02 5.3142e-02
It: 18200, Time: 13.80, mse_0: 8.4982e-04, mse_f: 4.2171e-03, total loss: 5.4606e-03, Error u,v,p: 3.4131e-02 3.5691e-02 5.3039e-02
It: 18300, Time: 13.64, mse_0: 8.4673e-04, mse_f: 4.1934e-03, total loss: 5.4300e-03, Error u,v,p: 3.4124e-02 3.5593e-02 5.3219e-02
It: 18400, Time: 13.68, mse_0: 8.4516e-04, mse_f: 4.1687e-03, total loss: 5.4011e-03, Error u,v,p: 3.3966e-02 3.5359e-02 5.2973e-02
It: 18500, Time: 13.70, mse_0: 8.4157e-04, mse_f: 4.1448e-03, total loss: 5.3715e-03, Error u,v,p: 3.3794e-02 3.5187e-02 5.2768e-02
It: 18600, Time: 13.60, mse_0: 8.3774e-04, mse_f: 4.1197e-03, total loss: 5.3403e-03, Error u,v,p: 3.3677e-02 3.5049e-02 5.2588e-02
It: 18700, Time: 13.55, mse_0: 8.3277e-04, mse_f: 4.1002e-03, total loss: 5.3119e-03, Error u,v,p: 3.3692e-02 3.4975e-02 5.2420e-02
It: 18800, Time: 13.70, mse_0: 8.2451e-04, mse_f: 4.0821e-03, total loss: 5.2817e-03, Error u,v,p: 3.3542e-02 3.4901e-02 5.2421e-02
It: 18900, Time: 13.65, mse_0: 8.2127e-04, mse_f: 4.0591e-03, total loss: 5.2522e-03, Error u,v,p: 3.3423e-02 3.4799e-02 5.2272e-02
It: 19000, Time: 13.54, mse_0: 8.1826e-04, mse_f: 4.0373e-03, total loss: 5.2245e-03, Error u,v,p: 3.3306e-02 3.4757e-02 5.2161e-02
It: 19100, Time: 13.84, mse_0: 8.1485e-04, mse_f: 4.0182e-03, total loss: 5.1984e-03, Error u,v,p: 3.3189e-02 3.4674e-02 5.2012e-02
It: 19200, Time: 13.64, mse_0: 8.1323e-04, mse_f: 3.9957e-03, total loss: 5.1732e-03, Error u,v,p: 3.3135e-02 3.4648e-02 5.2074e-02
It: 19300, Time: 13.41, mse_0: 8.1037e-04, mse_f: 3.9771e-03, total loss: 5.1500e-03, Error u,v,p: 3.3080e-02 3.4495e-02 5.2024e-02
It: 19400, Time: 13.64, mse_0: 8.0599e-04, mse_f: 3.9549e-03, total loss: 5.1202e-03, Error u,v,p: 3.2924e-02 3.4437e-02 5.1763e-02
It: 19500, Time: 13.48, mse_0: 8.0229e-04, mse_f: 3.9336e-03, total loss: 5.0935e-03, Error u,v,p: 3.2826e-02 3.4399e-02 5.1610e-02
It: 19600, Time: 13.60, mse_0: 7.9823e-04, mse_f: 3.9140e-03, total loss: 5.0677e-03, Error u,v,p: 3.2752e-02 3.4327e-02 5.1459e-02
It: 19700, Time: 13.55, mse_0: 7.9376e-04, mse_f: 3.8960e-03, total loss: 5.0438e-03, Error u,v,p: 3.2731e-02 3.4316e-02 5.1242e-02
It: 19800, Time: 13.47, mse_0: 7.9172e-04, mse_f: 3.8756e-03, total loss: 5.0193e-03, Error u,v,p: 3.2753e-02 3.4345e-02 5.1165e-02
It: 19900, Time: 13.60, mse_0: 7.8928e-04, mse_f: 3.8551e-03, total loss: 4.9949e-03, Error u,v,p: 3.2662e-02 3.4269e-02 5.0992e-02
It: 20000, Time: 13.49, mse_0: 7.8634e-04, mse_f: 3.8347e-03, total loss: 4.9713e-03, Error u,v,p: 3.2649e-02 3.4212e-02 5.0864e-02
It: 20100, Time: 13.57, mse_0: 7.8132e-04, mse_f: 3.8151e-03, total loss: 4.9453e-03, Error u,v,p: 3.2547e-02 3.4204e-02 5.0786e-02
It: 20200, Time: 13.55, mse_0: 7.7677e-04, mse_f: 3.7967e-03, total loss: 4.9201e-03, Error u,v,p: 3.2542e-02 3.4109e-02 5.0782e-02
It: 20300, Time: 13.63, mse_0: 7.7372e-04, mse_f: 3.7778e-03, total loss: 4.8952e-03, Error u,v,p: 3.2462e-02 3.4154e-02 5.0608e-02
It: 20400, Time: 13.67, mse_0: 7.7129e-04, mse_f: 3.7544e-03, total loss: 4.8675e-03, Error u,v,p: 3.2380e-02 3.4018e-02 5.0404e-02
It: 20500, Time: 13.52, mse_0: 7.6716e-04, mse_f: 3.7373e-03, total loss: 4.8437e-03, Error u,v,p: 3.2340e-02 3.3955e-02 5.0037e-02
It: 20600, Time: 13.67, mse_0: 7.6426e-04, mse_f: 3.7164e-03, total loss: 4.8180e-03, Error u,v,p: 3.2240e-02 3.3844e-02 4.9700e-02
It: 20700, Time: 13.63, mse_0: 7.6061e-04, mse_f: 3.6978e-03, total loss: 4.7941e-03, Error u,v,p: 3.2201e-02 3.3738e-02 4.9388e-02
It: 20800, Time: 13.67, mse_0: 7.5621e-04, mse_f: 3.6802e-03, total loss: 4.7709e-03, Error u,v,p: 3.2087e-02 3.3626e-02 4.9147e-02
It: 20900, Time: 13.52, mse_0: 7.5376e-04, mse_f: 3.6604e-03, total loss: 4.7462e-03, Error u,v,p: 3.2009e-02 3.3518e-02 4.8959e-02
It: 21000, Time: 13.54, mse_0: 7.5095e-04, mse_f: 3.6416e-03, total loss: 4.7229e-03, Error u,v,p: 3.1934e-02 3.3514e-02 4.8832e-02
It: 21100, Time: 13.52, mse_0: 7.4881e-04, mse_f: 3.6235e-03, total loss: 4.7006e-03, Error u,v,p: 3.1926e-02 3.3561e-02 4.8880e-02
It: 21200, Time: 13.46, mse_0: 7.4447e-04, mse_f: 3.6060e-03, total loss: 4.6760e-03, Error u,v,p: 3.1867e-02 3.3475e-02 4.8828e-02
It: 21300, Time: 13.63, mse_0: 7.4093e-04, mse_f: 3.5885e-03, total loss: 4.6530e-03, Error u,v,p: 3.1773e-02 3.3430e-02 4.8753e-02
It: 21400, Time: 13.73, mse_0: 7.3570e-04, mse_f: 3.5736e-03, total loss: 4.6306e-03, Error u,v,p: 3.1695e-02 3.3368e-02 4.8606e-02
It: 21500, Time: 13.45, mse_0: 7.3281e-04, mse_f: 3.5547e-03, total loss: 4.6066e-03, Error u,v,p: 3.1582e-02 3.3277e-02 4.8428e-02
It: 21600, Time: 13.71, mse_0: 7.2988e-04, mse_f: 3.5373e-03, total loss: 4.5835e-03, Error u,v,p: 3.1574e-02 3.3316e-02 4.8320e-02
It: 21700, Time: 13.52, mse_0: 7.2885e-04, mse_f: 3.5189e-03, total loss: 4.5623e-03, Error u,v,p: 3.1567e-02 3.3289e-02 4.8196e-02
It: 21800, Time: 13.59, mse_0: 7.2553e-04, mse_f: 3.5052e-03, total loss: 4.5434e-03, Error u,v,p: 3.1485e-02 3.3204e-02 4.8153e-02
It: 21900, Time: 13.50, mse_0: 7.2289e-04, mse_f: 3.4902e-03, total loss: 4.5238e-03, Error u,v,p: 3.1415e-02 3.3181e-02 4.8096e-02
It: 22000, Time: 13.53, mse_0: 7.1960e-04, mse_f: 3.4747e-03, total loss: 4.5028e-03, Error u,v,p: 3.1371e-02 3.3081e-02 4.8082e-02
It: 22100, Time: 13.73, mse_0: 7.1756e-04, mse_f: 3.4571e-03, total loss: 4.4813e-03, Error u,v,p: 3.1384e-02 3.3019e-02 4.7972e-02
It: 22200, Time: 13.68, mse_0: 7.1470e-04, mse_f: 3.4413e-03, total loss: 4.4610e-03, Error u,v,p: 3.1406e-02 3.2977e-02 4.7931e-02
It: 22300, Time: 13.61, mse_0: 7.1408e-04, mse_f: 3.4215e-03, total loss: 4.4397e-03, Error u,v,p: 3.1303e-02 3.2873e-02 4.7792e-02
It: 22400, Time: 13.77, mse_0: 7.1157e-04, mse_f: 3.4059e-03, total loss: 4.4198e-03, Error u,v,p: 3.1284e-02 3.2856e-02 4.7720e-02
It: 22500, Time: 13.69, mse_0: 7.0964e-04, mse_f: 3.3875e-03, total loss: 4.3969e-03, Error u,v,p: 3.1219e-02 3.2792e-02 4.7586e-02
It: 22600, Time: 13.65, mse_0: 7.0600e-04, mse_f: 3.3726e-03, total loss: 4.3764e-03, Error u,v,p: 3.1118e-02 3.2740e-02 4.7467e-02
It: 22700, Time: 13.57, mse_0: 7.0364e-04, mse_f: 3.3554e-03, total loss: 4.3553e-03, Error u,v,p: 3.1052e-02 3.2695e-02 4.7387e-02
It: 22800, Time: 13.94, mse_0: 7.0350e-04, mse_f: 3.3360e-03, total loss: 4.3347e-03, Error u,v,p: 3.0962e-02 3.2641e-02 4.7339e-02
It: 22900, Time: 13.46, mse_0: 6.9997e-04, mse_f: 3.3200e-03, total loss: 4.3137e-03, Error u,v,p: 3.0929e-02 3.2615e-02 4.7327e-02
It: 23000, Time: 13.51, mse_0: 6.9797e-04, mse_f: 3.3042e-03, total loss: 4.2952e-03, Error u,v,p: 3.0907e-02 3.2545e-02 4.7295e-02
It: 23100, Time: 13.76, mse_0: 6.9524e-04, mse_f: 3.2887e-03, total loss: 4.2749e-03, Error u,v,p: 3.0805e-02 3.2485e-02 4.7163e-02
It: 23200, Time: 13.54, mse_0: 6.9262e-04, mse_f: 3.2742e-03, total loss: 4.2568e-03, Error u,v,p: 3.0777e-02 3.2455e-02 4.7046e-02
It: 23300, Time: 13.51, mse_0: 6.8920e-04, mse_f: 3.2593e-03, total loss: 4.2375e-03, Error u,v,p: 3.0750e-02 3.2483e-02 4.6947e-02
It: 23400, Time: 13.62, mse_0: 6.8772e-04, mse_f: 3.2451e-03, total loss: 4.2205e-03, Error u,v,p: 3.0733e-02 3.2460e-02 4.6825e-02
It: 23500, Time: 13.65, mse_0: 6.8403e-04, mse_f: 3.2316e-03, total loss: 4.2025e-03, Error u,v,p: 3.0596e-02 3.2401e-02 4.6654e-02
It: 23600, Time: 13.54, mse_0: 6.8185e-04, mse_f: 3.2153e-03, total loss: 4.1824e-03, Error u,v,p: 3.0553e-02 3.2404e-02 4.6504e-02
It: 23700, Time: 13.59, mse_0: 6.7946e-04, mse_f: 3.2001e-03, total loss: 4.1628e-03, Error u,v,p: 3.0509e-02 3.2396e-02 4.6367e-02
It: 23800, Time: 13.54, mse_0: 6.7965e-04, mse_f: 3.1826e-03, total loss: 4.1434e-03, Error u,v,p: 3.0416e-02 3.2323e-02 4.6173e-02
It: 23900, Time: 13.65, mse_0: 6.7687e-04, mse_f: 3.1692e-03, total loss: 4.1258e-03, Error u,v,p: 3.0369e-02 3.2299e-02 4.6055e-02
It: 24000, Time: 13.59, mse_0: 6.7392e-04, mse_f: 3.1568e-03, total loss: 4.1092e-03, Error u,v,p: 3.0332e-02 3.2255e-02 4.5988e-02
It: 24100, Time: 13.65, mse_0: 6.7210e-04, mse_f: 3.1433e-03, total loss: 4.0925e-03, Error u,v,p: 3.0328e-02 3.2206e-02 4.5964e-02
It: 24200, Time: 13.73, mse_0: 6.7050e-04, mse_f: 3.1271e-03, total loss: 4.0737e-03, Error u,v,p: 3.0309e-02 3.2190e-02 4.5983e-02
It: 24300, Time: 13.60, mse_0: 6.6895e-04, mse_f: 3.1122e-03, total loss: 4.0563e-03, Error u,v,p: 3.0254e-02 3.2110e-02 4.5833e-02
It: 24400, Time: 13.50, mse_0: 6.6707e-04, mse_f: 3.0967e-03, total loss: 4.0378e-03, Error u,v,p: 3.0230e-02 3.2032e-02 4.5682e-02
It: 24500, Time: 13.60, mse_0: 6.6480e-04, mse_f: 3.0822e-03, total loss: 4.0194e-03, Error u,v,p: 3.0238e-02 3.1941e-02 4.5556e-02
It: 24600, Time: 13.73, mse_0: 6.6236e-04, mse_f: 3.0682e-03, total loss: 4.0020e-03, Error u,v,p: 3.0217e-02 3.1794e-02 4.5365e-02
It: 24700, Time: 13.53, mse_0: 6.6113e-04, mse_f: 3.0509e-03, total loss: 3.9827e-03, Error u,v,p: 3.0128e-02 3.1701e-02 4.5122e-02
It: 24800, Time: 13.53, mse_0: 6.5897e-04, mse_f: 3.0356e-03, total loss: 3.9648e-03, Error u,v,p: 3.0079e-02 3.1635e-02 4.4874e-02
It: 24900, Time: 13.65, mse_0: 6.5801e-04, mse_f: 3.0191e-03, total loss: 3.9456e-03, Error u,v,p: 2.9996e-02 3.1556e-02 4.4781e-02
It: 25000, Time: 13.59, mse_0: 6.5537e-04, mse_f: 3.0052e-03, total loss: 3.9285e-03, Error u,v,p: 3.0007e-02 3.1504e-02 4.4706e-02
It: 25100, Time: 13.63, mse_0: 6.5251e-04, mse_f: 2.9927e-03, total loss: 3.9118e-03, Error u,v,p: 2.9928e-02 3.1422e-02 4.4545e-02
It: 25200, Time: 13.53, mse_0: 6.5068e-04, mse_f: 2.9785e-03, total loss: 3.8953e-03, Error u,v,p: 2.9839e-02 3.1312e-02 4.4336e-02
It: 25300, Time: 13.59, mse_0: 6.4947e-04, mse_f: 2.9647e-03, total loss: 3.8790e-03, Error u,v,p: 2.9783e-02 3.1209e-02 4.4158e-02
It: 25400, Time: 13.55, mse_0: 6.4523e-04, mse_f: 2.9513e-03, total loss: 3.8605e-03, Error u,v,p: 2.9777e-02 3.1192e-02 4.4001e-02
It: 25500, Time: 13.58, mse_0: 6.4239e-04, mse_f: 2.9378e-03, total loss: 3.8441e-03, Error u,v,p: 2.9810e-02 3.1129e-02 4.4013e-02
It: 25600, Time: 13.59, mse_0: 6.4073e-04, mse_f: 2.9245e-03, total loss: 3.8276e-03, Error u,v,p: 2.9700e-02 3.1090e-02 4.3953e-02
It: 25700, Time: 13.59, mse_0: 6.3759e-04, mse_f: 2.9119e-03, total loss: 3.8115e-03, Error u,v,p: 2.9647e-02 3.1032e-02 4.3932e-02
It: 25800, Time: 13.61, mse_0: 6.3590e-04, mse_f: 2.8972e-03, total loss: 3.7942e-03, Error u,v,p: 2.9609e-02 3.1023e-02 4.3929e-02
It: 25900, Time: 13.59, mse_0: 6.3347e-04, mse_f: 2.8843e-03, total loss: 3.7780e-03, Error u,v,p: 2.9647e-02 3.0980e-02 4.3904e-02
It: 26000, Time: 13.64, mse_0: 6.3120e-04, mse_f: 2.8726e-03, total loss: 3.7625e-03, Error u,v,p: 2.9584e-02 3.0904e-02 4.3766e-02
It: 26100, Time: 13.85, mse_0: 6.2789e-04, mse_f: 2.8595e-03, total loss: 3.7446e-03, Error u,v,p: 2.9538e-02 3.0823e-02 4.3594e-02
It: 26200, Time: 13.71, mse_0: 6.2462e-04, mse_f: 2.8484e-03, total loss: 3.7298e-03, Error u,v,p: 2.9516e-02 3.0806e-02 4.3564e-02
It: 26300, Time: 13.55, mse_0: 6.2414e-04, mse_f: 2.8342e-03, total loss: 3.7138e-03, Error u,v,p: 2.9454e-02 3.0762e-02 4.3431e-02
It: 26400, Time: 13.79, mse_0: 6.2322e-04, mse_f: 2.8193e-03, total loss: 3.6970e-03, Error u,v,p: 2.9424e-02 3.0727e-02 4.3313e-02
It: 26500, Time: 13.78, mse_0: 6.2046e-04, mse_f: 2.8063e-03, total loss: 3.6804e-03, Error u,v,p: 2.9366e-02 3.0591e-02 4.3163e-02
It: 26600, Time: 13.59, mse_0: 6.1823e-04, mse_f: 2.7937e-03, total loss: 3.6641e-03, Error u,v,p: 2.9280e-02 3.0554e-02 4.3112e-02
It: 26700, Time: 13.75, mse_0: 6.1634e-04, mse_f: 2.7828e-03, total loss: 3.6507e-03, Error u,v,p: 2.9211e-02 3.0523e-02 4.3012e-02
It: 26800, Time: 13.71, mse_0: 6.1357e-04, mse_f: 2.7716e-03, total loss: 3.6346e-03, Error u,v,p: 2.9099e-02 3.0446e-02 4.2892e-02
It: 26900, Time: 13.58, mse_0: 6.1211e-04, mse_f: 2.7600e-03, total loss: 3.6194e-03, Error u,v,p: 2.9046e-02 3.0394e-02 4.2844e-02
It: 27000, Time: 13.68, mse_0: 6.1043e-04, mse_f: 2.7486e-03, total loss: 3.6052e-03, Error u,v,p: 2.8984e-02 3.0357e-02 4.2734e-02
It: 27100, Time: 13.71, mse_0: 6.0815e-04, mse_f: 2.7383e-03, total loss: 3.5915e-03, Error u,v,p: 2.8945e-02 3.0338e-02 4.2649e-02
It: 27200, Time: 13.70, mse_0: 6.0690e-04, mse_f: 2.7267e-03, total loss: 3.5778e-03, Error u,v,p: 2.8921e-02 3.0337e-02 4.2611e-02
It: 27300, Time: 13.77, mse_0: 6.0377e-04, mse_f: 2.7158e-03, total loss: 3.5630e-03, Error u,v,p: 2.8906e-02 3.0305e-02 4.2509e-02
It: 27400, Time: 13.68, mse_0: 6.0112e-04, mse_f: 2.7056e-03, total loss: 3.5492e-03, Error u,v,p: 2.8896e-02 3.0252e-02 4.2398e-02
It: 27500, Time: 13.55, mse_0: 5.9768e-04, mse_f: 2.6961e-03, total loss: 3.5349e-03, Error u,v,p: 2.8820e-02 3.0181e-02 4.2291e-02
It: 27600, Time: 13.49, mse_0: 5.9525e-04, mse_f: 2.6848e-03, total loss: 3.5203e-03, Error u,v,p: 2.8778e-02 3.0159e-02 4.2131e-02
It: 27700, Time: 13.63, mse_0: 5.9357e-04, mse_f: 2.6730e-03, total loss: 3.5063e-03, Error u,v,p: 2.8833e-02 3.0128e-02 4.2119e-02
It: 27800, Time: 13.52, mse_0: 5.9111e-04, mse_f: 2.6621e-03, total loss: 3.4923e-03, Error u,v,p: 2.8797e-02 3.0070e-02 4.2066e-02
It: 27900, Time: 13.56, mse_0: 5.8988e-04, mse_f: 2.6515e-03, total loss: 3.4797e-03, Error u,v,p: 2.8727e-02 3.0020e-02 4.1984e-02
It: 28000, Time: 13.54, mse_0: 5.8848e-04, mse_f: 2.6415e-03, total loss: 3.4668e-03, Error u,v,p: 2.8695e-02 2.9931e-02 4.1865e-02
It: 28100, Time: 13.49, mse_0: 5.8595e-04, mse_f: 2.6317e-03, total loss: 3.4537e-03, Error u,v,p: 2.8603e-02 2.9838e-02 4.1795e-02
It: 28200, Time: 13.55, mse_0: 5.8518e-04, mse_f: 2.6193e-03, total loss: 3.4396e-03, Error u,v,p: 2.8518e-02 2.9746e-02 4.1725e-02
It: 28300, Time: 13.55, mse_0: 5.8481e-04, mse_f: 2.6081e-03, total loss: 3.4279e-03, Error u,v,p: 2.8459e-02 2.9686e-02 4.1647e-02
It: 28400, Time: 13.62, mse_0: 5.8412e-04, mse_f: 2.5966e-03, total loss: 3.4152e-03, Error u,v,p: 2.8394e-02 2.9565e-02 4.1514e-02
It: 28500, Time: 13.69, mse_0: 5.8410e-04, mse_f: 2.5850e-03, total loss: 3.4022e-03, Error u,v,p: 2.8345e-02 2.9453e-02 4.1337e-02
It: 28600, Time: 13.58, mse_0: 5.8254e-04, mse_f: 2.5746e-03, total loss: 3.3891e-03, Error u,v,p: 2.8318e-02 2.9370e-02 4.1182e-02
It: 28700, Time: 13.47, mse_0: 5.8134e-04, mse_f: 2.5643e-03, total loss: 3.3766e-03, Error u,v,p: 2.8256e-02 2.9322e-02 4.1073e-02
It: 28800, Time: 13.49, mse_0: 5.8006e-04, mse_f: 2.5529e-03, total loss: 3.3627e-03, Error u,v,p: 2.8175e-02 2.9208e-02 4.1001e-02
It: 28900, Time: 13.73, mse_0: 5.7823e-04, mse_f: 2.5435e-03, total loss: 3.3512e-03, Error u,v,p: 2.8162e-02 2.9142e-02 4.0906e-02
It: 29000, Time: 13.64, mse_0: 5.7848e-04, mse_f: 2.5318e-03, total loss: 3.3386e-03, Error u,v,p: 2.8145e-02 2.9052e-02 4.0830e-02
It: 29100, Time: 13.72, mse_0: 5.7633e-04, mse_f: 2.5224e-03, total loss: 3.3257e-03, Error u,v,p: 2.8110e-02 2.9031e-02 4.0831e-02
It: 29200, Time: 13.77, mse_0: 5.7428e-04, mse_f: 2.5139e-03, total loss: 3.3142e-03, Error u,v,p: 2.8111e-02 2.9040e-02 4.0715e-02
It: 29300, Time: 13.50, mse_0: 5.7212e-04, mse_f: 2.5034e-03, total loss: 3.3002e-03, Error u,v,p: 2.8042e-02 2.8997e-02 4.0673e-02
It: 29400, Time: 13.64, mse_0: 5.7103e-04, mse_f: 2.4918e-03, total loss: 3.2868e-03, Error u,v,p: 2.7981e-02 2.8928e-02 4.0659e-02
It: 29500, Time: 13.59, mse_0: 5.6891e-04, mse_f: 2.4823e-03, total loss: 3.2744e-03, Error u,v,p: 2.7900e-02 2.8874e-02 4.0638e-02
It: 29600, Time: 13.60, mse_0: 5.6710e-04, mse_f: 2.4738e-03, total loss: 3.2633e-03, Error u,v,p: 2.7885e-02 2.8839e-02 4.0644e-02
It: 29700, Time: 13.63, mse_0: 5.6610e-04, mse_f: 2.4636e-03, total loss: 3.2517e-03, Error u,v,p: 2.7854e-02 2.8808e-02 4.0709e-02
It: 29800, Time: 13.58, mse_0: 5.6282e-04, mse_f: 2.4550e-03, total loss: 3.2391e-03, Error u,v,p: 2.7824e-02 2.8769e-02 4.0766e-02
It: 29900, Time: 13.74, mse_0: 5.6047e-04, mse_f: 2.4467e-03, total loss: 3.2279e-03, Error u,v,p: 2.7810e-02 2.8731e-02 4.0761e-02
It: 30000, Time: 13.63, mse_0: 5.5860e-04, mse_f: 2.4375e-03, total loss: 3.2166e-03, Error u,v,p: 2.7815e-02 2.8744e-02 4.0811e-02
It: 30100, Time: 13.63, mse_0: 5.5603e-04, mse_f: 2.4297e-03, total loss: 3.2051e-03, Error u,v,p: 2.7877e-02 2.8746e-02 4.0872e-02
It: 30200, Time: 13.73, mse_0: 5.5362e-04, mse_f: 2.4213e-03, total loss: 3.1943e-03, Error u,v,p: 2.7859e-02 2.8694e-02 4.0954e-02
It: 30300, Time: 13.49, mse_0: 5.5266e-04, mse_f: 2.4112e-03, total loss: 3.1822e-03, Error u,v,p: 2.7771e-02 2.8654e-02 4.1023e-02
It: 30400, Time: 13.55, mse_0: 5.5068e-04, mse_f: 2.4025e-03, total loss: 3.1713e-03, Error u,v,p: 2.7650e-02 2.8607e-02 4.1040e-02
It: 30500, Time: 13.59, mse_0: 5.4896e-04, mse_f: 2.3942e-03, total loss: 3.1607e-03, Error u,v,p: 2.7635e-02 2.8589e-02 4.1108e-02
It: 30600, Time: 13.57, mse_0: 5.4874e-04, mse_f: 2.3837e-03, total loss: 3.1496e-03, Error u,v,p: 2.7580e-02 2.8506e-02 4.1003e-02
It: 30700, Time: 13.71, mse_0: 5.4772e-04, mse_f: 2.3755e-03, total loss: 3.1395e-03, Error u,v,p: 2.7497e-02 2.8479e-02 4.0977e-02
It: 30800, Time: 13.54, mse_0: 5.4613e-04, mse_f: 2.3673e-03, total loss: 3.1295e-03, Error u,v,p: 2.7412e-02 2.8397e-02 4.0968e-02
It: 30900, Time: 13.57, mse_0: 5.4439e-04, mse_f: 2.3594e-03, total loss: 3.1188e-03, Error u,v,p: 2.7349e-02 2.8326e-02 4.0839e-02
It: 31000, Time: 13.85, mse_0: 5.4220e-04, mse_f: 2.3499e-03, total loss: 3.1065e-03, Error u,v,p: 2.7346e-02 2.8259e-02 4.0769e-02
It: 31100, Time: 13.59, mse_0: 5.4056e-04, mse_f: 2.3408e-03, total loss: 3.0949e-03, Error u,v,p: 2.7293e-02 2.8190e-02 4.0777e-02
It: 31200, Time: 13.59, mse_0: 5.3895e-04, mse_f: 2.3324e-03, total loss: 3.0839e-03, Error u,v,p: 2.7259e-02 2.8165e-02 4.0750e-02
It: 31300, Time: 13.58, mse_0: 5.3761e-04, mse_f: 2.3235e-03, total loss: 3.0728e-03, Error u,v,p: 2.7226e-02 2.8080e-02 4.0669e-02
It: 31400, Time: 13.53, mse_0: 5.3681e-04, mse_f: 2.3139e-03, total loss: 3.0616e-03, Error u,v,p: 2.7198e-02 2.8020e-02 4.0558e-02
It: 31500, Time: 13.48, mse_0: 5.3534e-04, mse_f: 2.3065e-03, total loss: 3.0516e-03, Error u,v,p: 2.7139e-02 2.7951e-02 4.0443e-02
It: 31600, Time: 13.54, mse_0: 5.3428e-04, mse_f: 2.2989e-03, total loss: 3.0423e-03, Error u,v,p: 2.7066e-02 2.7936e-02 4.0342e-02
It: 31700, Time: 13.63, mse_0: 5.3342e-04, mse_f: 2.2898e-03, total loss: 3.0319e-03, Error u,v,p: 2.7046e-02 2.7898e-02 4.0255e-02
It: 31800, Time: 13.46, mse_0: 5.3136e-04, mse_f: 2.2826e-03, total loss: 3.0221e-03, Error u,v,p: 2.7006e-02 2.7825e-02 4.0166e-02
It: 31900, Time: 13.69, mse_0: 5.2975e-04, mse_f: 2.2746e-03, total loss: 3.0116e-03, Error u,v,p: 2.6986e-02 2.7773e-02 4.0146e-02
It: 32000, Time: 13.65, mse_0: 5.2765e-04, mse_f: 2.2673e-03, total loss: 3.0018e-03, Error u,v,p: 2.6974e-02 2.7756e-02 4.0101e-02
It: 32100, Time: 13.56, mse_0: 5.2696e-04, mse_f: 2.2573e-03, total loss: 2.9908e-03, Error u,v,p: 2.6962e-02 2.7722e-02 4.0108e-02
It: 32200, Time: 13.59, mse_0: 5.2554e-04, mse_f: 2.2488e-03, total loss: 2.9800e-03, Error u,v,p: 2.6891e-02 2.7698e-02 4.0063e-02
It: 32300, Time: 13.42, mse_0: 5.2502e-04, mse_f: 2.2395e-03, total loss: 2.9696e-03, Error u,v,p: 2.6860e-02 2.7601e-02 3.9956e-02
It: 32400, Time: 13.66, mse_0: 5.2400e-04, mse_f: 2.2307e-03, total loss: 2.9593e-03, Error u,v,p: 2.6813e-02 2.7555e-02 3.9934e-02
It: 32500, Time: 13.64, mse_0: 5.2295e-04, mse_f: 2.2214e-03, total loss: 2.9488e-03, Error u,v,p: 2.6794e-02 2.7526e-02 3.9935e-02
It: 32600, Time: 13.66, mse_0: 5.2227e-04, mse_f: 2.2127e-03, total loss: 2.9387e-03, Error u,v,p: 2.6791e-02 2.7530e-02 3.9908e-02
It: 32700, Time: 13.57, mse_0: 5.2181e-04, mse_f: 2.2031e-03, total loss: 2.9279e-03, Error u,v,p: 2.6792e-02 2.7526e-02 3.9931e-02
It: 32800, Time: 13.76, mse_0: 5.1954e-04, mse_f: 2.1958e-03, total loss: 2.9173e-03, Error u,v,p: 2.6743e-02 2.7528e-02 3.9948e-02
It: 32900, Time: 13.75, mse_0: 5.1927e-04, mse_f: 2.1878e-03, total loss: 2.9075e-03, Error u,v,p: 2.6724e-02 2.7474e-02 3.9974e-02
It: 33000, Time: 13.61, mse_0: 5.1806e-04, mse_f: 2.1803e-03, total loss: 2.8978e-03, Error u,v,p: 2.6716e-02 2.7467e-02 4.0056e-02
It: 33100, Time: 13.66, mse_0: 5.1658e-04, mse_f: 2.1727e-03, total loss: 2.8881e-03, Error u,v,p: 2.6700e-02 2.7440e-02 4.0168e-02
It: 33200, Time: 13.74, mse_0: 5.1570e-04, mse_f: 2.1652e-03, total loss: 2.8785e-03, Error u,v,p: 2.6683e-02 2.7396e-02 4.0265e-02
It: 33300, Time: 13.52, mse_0: 5.1385e-04, mse_f: 2.1571e-03, total loss: 2.8678e-03, Error u,v,p: 2.6626e-02 2.7340e-02 4.0320e-02
It: 33400, Time: 13.73, mse_0: 5.1260e-04, mse_f: 2.1490e-03, total loss: 2.8580e-03, Error u,v,p: 2.6606e-02 2.7347e-02 4.0419e-02
It: 33500, Time: 13.52, mse_0: 5.1091e-04, mse_f: 2.1419e-03, total loss: 2.8487e-03, Error u,v,p: 2.6604e-02 2.7338e-02 4.0482e-02
It: 33600, Time: 13.41, mse_0: 5.0988e-04, mse_f: 2.1347e-03, total loss: 2.8395e-03, Error u,v,p: 2.6612e-02 2.7298e-02 4.0523e-02
It: 33700, Time: 13.67, mse_0: 5.0806e-04, mse_f: 2.1272e-03, total loss: 2.8295e-03, Error u,v,p: 2.6595e-02 2.7288e-02 4.0571e-02
It: 33800, Time: 13.69, mse_0: 5.0663e-04, mse_f: 2.1190e-03, total loss: 2.8192e-03, Error u,v,p: 2.6558e-02 2.7256e-02 4.0563e-02
It: 33900, Time: 13.50, mse_0: 5.0570e-04, mse_f: 2.1104e-03, total loss: 2.8090e-03, Error u,v,p: 2.6544e-02 2.7200e-02 4.0579e-02
It: 34000, Time: 13.51, mse_0: 5.0554e-04, mse_f: 2.1020e-03, total loss: 2.7992e-03, Error u,v,p: 2.6458e-02 2.7186e-02 4.0640e-02
It: 34100, Time: 13.54, mse_0: 5.0505e-04, mse_f: 2.0944e-03, total loss: 2.7902e-03, Error u,v,p: 2.6429e-02 2.7156e-02 4.0682e-02
It: 34200, Time: 13.62, mse_0: 5.0445e-04, mse_f: 2.0875e-03, total loss: 2.7819e-03, Error u,v,p: 2.6391e-02 2.7113e-02 4.0667e-02
It: 34300, Time: 13.52, mse_0: 5.0389e-04, mse_f: 2.0801e-03, total loss: 2.7730e-03, Error u,v,p: 2.6306e-02 2.7098e-02 4.0728e-02
It: 34400, Time: 13.63, mse_0: 5.0258e-04, mse_f: 2.0735e-03, total loss: 2.7639e-03, Error u,v,p: 2.6209e-02 2.7037e-02 4.0739e-02
It: 34500, Time: 13.63, mse_0: 5.0236e-04, mse_f: 2.0651e-03, total loss: 2.7544e-03, Error u,v,p: 2.6175e-02 2.6978e-02 4.0717e-02
It: 34600, Time: 13.71, mse_0: 5.0173e-04, mse_f: 2.0576e-03, total loss: 2.7457e-03, Error u,v,p: 2.6157e-02 2.6951e-02 4.0790e-02
It: 34700, Time: 13.68, mse_0: 4.9977e-04, mse_f: 2.0516e-03, total loss: 2.7367e-03, Error u,v,p: 2.6056e-02 2.6918e-02 4.0823e-02
It: 34800, Time: 13.72, mse_0: 4.9919e-04, mse_f: 2.0437e-03, total loss: 2.7275e-03, Error u,v,p: 2.6027e-02 2.6878e-02 4.0820e-02
It: 34900, Time: 13.65, mse_0: 4.9834e-04, mse_f: 2.0353e-03, total loss: 2.7179e-03, Error u,v,p: 2.6027e-02 2.6879e-02 4.0914e-02
It: 35000, Time: 13.59, mse_0: 4.9697e-04, mse_f: 2.0281e-03, total loss: 2.7087e-03, Error u,v,p: 2.6051e-02 2.6832e-02 4.0953e-02
It: 35100, Time: 13.52, mse_0: 4.9606e-04, mse_f: 2.0210e-03, total loss: 2.7000e-03, Error u,v,p: 2.6052e-02 2.6808e-02 4.1031e-02
It: 35200, Time: 13.48, mse_0: 4.9414e-04, mse_f: 2.0158e-03, total loss: 2.6923e-03, Error u,v,p: 2.6040e-02 2.6774e-02 4.1075e-02
It: 35300, Time: 13.75, mse_0: 4.9334e-04, mse_f: 2.0087e-03, total loss: 2.6836e-03, Error u,v,p: 2.6026e-02 2.6752e-02 4.1159e-02
It: 35400, Time: 13.59, mse_0: 4.9245e-04, mse_f: 2.0027e-03, total loss: 2.6763e-03, Error u,v,p: 2.6044e-02 2.6756e-02 4.1212e-02
It: 35500, Time: 13.53, mse_0: 4.9153e-04, mse_f: 1.9968e-03, total loss: 2.6689e-03, Error u,v,p: 2.6036e-02 2.6758e-02 4.1323e-02
It: 35600, Time: 13.68, mse_0: 4.9054e-04, mse_f: 1.9906e-03, total loss: 2.6611e-03, Error u,v,p: 2.5993e-02 2.6762e-02 4.1392e-02
It: 35700, Time: 13.54, mse_0: 4.8881e-04, mse_f: 1.9848e-03, total loss: 2.6531e-03, Error u,v,p: 2.6025e-02 2.6705e-02 4.1470e-02
It: 35800, Time: 13.52, mse_0: 4.8694e-04, mse_f: 1.9786e-03, total loss: 2.6445e-03, Error u,v,p: 2.5979e-02 2.6649e-02 4.1538e-02
It: 35900, Time: 13.55, mse_0: 4.8516e-04, mse_f: 1.9725e-03, total loss: 2.6356e-03, Error u,v,p: 2.5934e-02 2.6603e-02 4.1567e-02
It: 36000, Time: 13.58, mse_0: 4.8386e-04, mse_f: 1.9660e-03, total loss: 2.6271e-03, Error u,v,p: 2.5856e-02 2.6528e-02 4.1560e-02
It: 36100, Time: 13.50, mse_0: 4.8197e-04, mse_f: 1.9605e-03, total loss: 2.6194e-03, Error u,v,p: 2.5883e-02 2.6498e-02 4.1641e-02
It: 36200, Time: 13.63, mse_0: 4.8083e-04, mse_f: 1.9538e-03, total loss: 2.6111e-03, Error u,v,p: 2.5881e-02 2.6425e-02 4.1647e-02
It: 36300, Time: 13.68, mse_0: 4.7919e-04, mse_f: 1.9485e-03, total loss: 2.6034e-03, Error u,v,p: 2.5831e-02 2.6377e-02 4.1660e-02
It: 36400, Time: 13.73, mse_0: 4.7823e-04, mse_f: 1.9417e-03, total loss: 2.5948e-03, Error u,v,p: 2.5785e-02 2.6337e-02 4.1623e-02
It: 36500, Time: 13.72, mse_0: 4.7633e-04, mse_f: 1.9367e-03, total loss: 2.5871e-03, Error u,v,p: 2.5766e-02 2.6300e-02 4.1663e-02
It: 36600, Time: 13.64, mse_0: 4.7524e-04, mse_f: 1.9301e-03, total loss: 2.5792e-03, Error u,v,p: 2.5748e-02 2.6267e-02 4.1782e-02
It: 36700, Time: 13.58, mse_0: 4.7407e-04, mse_f: 1.9240e-03, total loss: 2.5714e-03, Error u,v,p: 2.5695e-02 2.6254e-02 4.1887e-02
It: 36800, Time: 13.56, mse_0: 4.7196e-04, mse_f: 1.9192e-03, total loss: 2.5639e-03, Error u,v,p: 2.5678e-02 2.6211e-02 4.1946e-02
It: 36900, Time: 13.69, mse_0: 4.7099e-04, mse_f: 1.9128e-03, total loss: 2.5561e-03, Error u,v,p: 2.5649e-02 2.6140e-02 4.1939e-02
It: 37000, Time: 13.62, mse_0: 4.7028e-04, mse_f: 1.9066e-03, total loss: 2.5487e-03, Error u,v,p: 2.5622e-02 2.6132e-02 4.1942e-02
It: 37100, Time: 13.64, mse_0: 4.7000e-04, mse_f: 1.9005e-03, total loss: 2.5415e-03, Error u,v,p: 2.5596e-02 2.6156e-02 4.1953e-02
It: 37200, Time: 13.83, mse_0: 4.6847e-04, mse_f: 1.8949e-03, total loss: 2.5339e-03, Error u,v,p: 2.5554e-02 2.6090e-02 4.1947e-02
It: 37300, Time: 13.78, mse_0: 4.6764e-04, mse_f: 1.8888e-03, total loss: 2.5266e-03, Error u,v,p: 2.5523e-02 2.6078e-02 4.1975e-02
It: 37400, Time: 13.63, mse_0: 4.6708e-04, mse_f: 1.8819e-03, total loss: 2.5189e-03, Error u,v,p: 2.5510e-02 2.6016e-02 4.2044e-02
It: 37500, Time: 13.48, mse_0: 4.6621e-04, mse_f: 1.8755e-03, total loss: 2.5115e-03, Error u,v,p: 2.5481e-02 2.5959e-02 4.2004e-02
It: 37600, Time: 13.57, mse_0: 4.6470e-04, mse_f: 1.8700e-03, total loss: 2.5039e-03, Error u,v,p: 2.5458e-02 2.5893e-02 4.1992e-02
It: 37700, Time: 13.62, mse_0: 4.6328e-04, mse_f: 1.8651e-03, total loss: 2.4969e-03, Error u,v,p: 2.5429e-02 2.5877e-02 4.2013e-02
It: 37800, Time: 13.49, mse_0: 4.6229e-04, mse_f: 1.8593e-03, total loss: 2.4891e-03, Error u,v,p: 2.5403e-02 2.5847e-02 4.1985e-02
It: 37900, Time: 13.57, mse_0: 4.6085e-04, mse_f: 1.8539e-03, total loss: 2.4816e-03, Error u,v,p: 2.5312e-02 2.5811e-02 4.1964e-02
It: 38000, Time: 13.71, mse_0: 4.5900e-04, mse_f: 1.8483e-03, total loss: 2.4735e-03, Error u,v,p: 2.5254e-02 2.5759e-02 4.1949e-02
It: 38100, Time: 13.61, mse_0: 4.5839e-04, mse_f: 1.8425e-03, total loss: 2.4665e-03, Error u,v,p: 2.5217e-02 2.5731e-02 4.1958e-02
It: 38200, Time: 13.69, mse_0: 4.5810e-04, mse_f: 1.8361e-03, total loss: 2.4591e-03, Error u,v,p: 2.5227e-02 2.5648e-02 4.1952e-02
It: 38300, Time: 13.68, mse_0: 4.5719e-04, mse_f: 1.8301e-03, total loss: 2.4521e-03, Error u,v,p: 2.5182e-02 2.5604e-02 4.1944e-02
It: 38400, Time: 13.50, mse_0: 4.5592e-04, mse_f: 1.8243e-03, total loss: 2.4445e-03, Error u,v,p: 2.5126e-02 2.5561e-02 4.1956e-02
It: 38500, Time: 13.55, mse_0: 4.5562e-04, mse_f: 1.8185e-03, total loss: 2.4374e-03, Error u,v,p: 2.5091e-02 2.5528e-02 4.1928e-02
It: 38600, Time: 13.57, mse_0: 4.5403e-04, mse_f: 1.8130e-03, total loss: 2.4298e-03, Error u,v,p: 2.5031e-02 2.5469e-02 4.1925e-02
It: 38700, Time: 13.50, mse_0: 4.5381e-04, mse_f: 1.8066e-03, total loss: 2.4227e-03, Error u,v,p: 2.5003e-02 2.5393e-02 4.1871e-02
It: 38800, Time: 13.63, mse_0: 4.5194e-04, mse_f: 1.8020e-03, total loss: 2.4159e-03, Error u,v,p: 2.4958e-02 2.5346e-02 4.1796e-02
It: 38900, Time: 13.63, mse_0: 4.5128e-04, mse_f: 1.7961e-03, total loss: 2.4090e-03, Error u,v,p: 2.4893e-02 2.5311e-02 4.1727e-02
It: 39000, Time: 13.56, mse_0: 4.5048e-04, mse_f: 1.7903e-03, total loss: 2.4022e-03, Error u,v,p: 2.4858e-02 2.5258e-02 4.1604e-02
It: 39100, Time: 13.49, mse_0: 4.4982e-04, mse_f: 1.7848e-03, total loss: 2.3953e-03, Error u,v,p: 2.4849e-02 2.5218e-02 4.1484e-02
It: 39200, Time: 13.57, mse_0: 4.4908e-04, mse_f: 1.7795e-03, total loss: 2.3887e-03, Error u,v,p: 2.4786e-02 2.5183e-02 4.1433e-02
It: 39300, Time: 13.65, mse_0: 4.4769e-04, mse_f: 1.7746e-03, total loss: 2.3823e-03, Error u,v,p: 2.4808e-02 2.5149e-02 4.1416e-02
It: 39400, Time: 13.67, mse_0: 4.4533e-04, mse_f: 1.7709e-03, total loss: 2.3758e-03, Error u,v,p: 2.4811e-02 2.5110e-02 4.1349e-02
It: 39500, Time: 13.56, mse_0: 4.4464e-04, mse_f: 1.7657e-03, total loss: 2.3694e-03, Error u,v,p: 2.4801e-02 2.5054e-02 4.1299e-02
It: 39600, Time: 13.57, mse_0: 4.4416e-04, mse_f: 1.7603e-03, total loss: 2.3634e-03, Error u,v,p: 2.4774e-02 2.5042e-02 4.1245e-02
It: 39700, Time: 13.51, mse_0: 4.4342e-04, mse_f: 1.7551e-03, total loss: 2.3572e-03, Error u,v,p: 2.4752e-02 2.5037e-02 4.1216e-02
It: 39800, Time: 13.65, mse_0: 4.4347e-04, mse_f: 1.7495e-03, total loss: 2.3513e-03, Error u,v,p: 2.4749e-02 2.4971e-02 4.1137e-02
It: 39900, Time: 13.53, mse_0: 4.4226e-04, mse_f: 1.7438e-03, total loss: 2.3445e-03, Error u,v,p: 2.4718e-02 2.4923e-02 4.1096e-02
It: 40000, Time: 13.74, mse_0: 4.4137e-04, mse_f: 1.7386e-03, total loss: 2.3382e-03, Error u,v,p: 2.4692e-02 2.4915e-02 4.1043e-02
It: 40100, Time: 13.51, mse_0: 4.4079e-04, mse_f: 1.7335e-03, total loss: 2.3322e-03, Error u,v,p: 2.4643e-02 2.4906e-02 4.0969e-02
It: 40200, Time: 13.64, mse_0: 4.3979e-04, mse_f: 1.7291e-03, total loss: 2.3262e-03, Error u,v,p: 2.4585e-02 2.4863e-02 4.0863e-02
It: 40300, Time: 13.70, mse_0: 4.3867e-04, mse_f: 1.7240e-03, total loss: 2.3198e-03, Error u,v,p: 2.4551e-02 2.4793e-02 4.0772e-02
It: 40400, Time: 13.79, mse_0: 4.3850e-04, mse_f: 1.7179e-03, total loss: 2.3129e-03, Error u,v,p: 2.4528e-02 2.4764e-02 4.0732e-02
It: 40500, Time: 13.66, mse_0: 4.3837e-04, mse_f: 1.7125e-03, total loss: 2.3069e-03, Error u,v,p: 2.4473e-02 2.4705e-02 4.0674e-02
It: 40600, Time: 13.64, mse_0: 4.3755e-04, mse_f: 1.7075e-03, total loss: 2.3008e-03, Error u,v,p: 2.4433e-02 2.4674e-02 4.0598e-02
It: 40700, Time: 13.93, mse_0: 4.3664e-04, mse_f: 1.7020e-03, total loss: 2.2943e-03, Error u,v,p: 2.4416e-02 2.4606e-02 4.0479e-02
It: 40800, Time: 13.69, mse_0: 4.3687e-04, mse_f: 1.6956e-03, total loss: 2.2878e-03, Error u,v,p: 2.4378e-02 2.4548e-02 4.0380e-02
It: 40900, Time: 13.44, mse_0: 4.3503e-04, mse_f: 1.6917e-03, total loss: 2.2814e-03, Error u,v,p: 2.4333e-02 2.4518e-02 4.0331e-02
It: 41000, Time: 13.62, mse_0: 4.3412e-04, mse_f: 1.6870e-03, total loss: 2.2754e-03, Error u,v,p: 2.4312e-02 2.4504e-02 4.0292e-02
It: 41100, Time: 13.74, mse_0: 4.3308e-04, mse_f: 1.6820e-03, total loss: 2.2693e-03, Error u,v,p: 2.4300e-02 2.4479e-02 4.0268e-02
It: 41200, Time: 13.61, mse_0: 4.3284e-04, mse_f: 1.6770e-03, total loss: 2.2635e-03, Error u,v,p: 2.4287e-02 2.4478e-02 4.0251e-02
It: 41300, Time: 13.55, mse_0: 4.3129e-04, mse_f: 1.6731e-03, total loss: 2.2577e-03, Error u,v,p: 2.4224e-02 2.4429e-02 4.0189e-02
It: 41400, Time: 13.60, mse_0: 4.3080e-04, mse_f: 1.6684e-03, total loss: 2.2519e-03, Error u,v,p: 2.4181e-02 2.4406e-02 4.0157e-02
It: 41500, Time: 13.70, mse_0: 4.3057e-04, mse_f: 1.6635e-03, total loss: 2.2464e-03, Error u,v,p: 2.4158e-02 2.4421e-02 4.0153e-02
It: 41600, Time: 13.57, mse_0: 4.3055e-04, mse_f: 1.6575e-03, total loss: 2.2401e-03, Error u,v,p: 2.4133e-02 2.4418e-02 4.0153e-02
It: 41700, Time: 13.54, mse_0: 4.2957e-04, mse_f: 1.6529e-03, total loss: 2.2342e-03, Error u,v,p: 2.4120e-02 2.4380e-02 4.0117e-02
It: 41800, Time: 13.81, mse_0: 4.2935e-04, mse_f: 1.6477e-03, total loss: 2.2282e-03, Error u,v,p: 2.4086e-02 2.4351e-02 4.0084e-02
It: 41900, Time: 13.54, mse_0: 4.2914e-04, mse_f: 1.6426e-03, total loss: 2.2225e-03, Error u,v,p: 2.4047e-02 2.4309e-02 4.0021e-02
It: 42000, Time: 13.56, mse_0: 4.2788e-04, mse_f: 1.6383e-03, total loss: 2.2164e-03, Error u,v,p: 2.4023e-02 2.4263e-02 3.9944e-02
It: 42100, Time: 13.45, mse_0: 4.2744e-04, mse_f: 1.6332e-03, total loss: 2.2100e-03, Error u,v,p: 2.4003e-02 2.4253e-02 3.9898e-02
It: 42200, Time: 13.78, mse_0: 4.2716e-04, mse_f: 1.6283e-03, total loss: 2.2043e-03, Error u,v,p: 2.3972e-02 2.4262e-02 3.9822e-02
It: 42300, Time: 13.65, mse_0: 4.2631e-04, mse_f: 1.6240e-03, total loss: 2.1987e-03, Error u,v,p: 2.3928e-02 2.4203e-02 3.9732e-02
It: 42400, Time: 13.59, mse_0: 4.2526e-04, mse_f: 1.6203e-03, total loss: 2.1935e-03, Error u,v,p: 2.3872e-02 2.4136e-02 3.9627e-02
It: 42500, Time: 13.55, mse_0: 4.2417e-04, mse_f: 1.6161e-03, total loss: 2.1880e-03, Error u,v,p: 2.3809e-02 2.4087e-02 3.9594e-02
It: 42600, Time: 13.54, mse_0: 4.2411e-04, mse_f: 1.6107e-03, total loss: 2.1823e-03, Error u,v,p: 2.3788e-02 2.4054e-02 3.9572e-02
It: 42700, Time: 13.56, mse_0: 4.2357e-04, mse_f: 1.6060e-03, total loss: 2.1766e-03, Error u,v,p: 2.3763e-02 2.4002e-02 3.9539e-02
It: 42800, Time: 13.50, mse_0: 4.2317e-04, mse_f: 1.6014e-03, total loss: 2.1713e-03, Error u,v,p: 2.3730e-02 2.3961e-02 3.9477e-02
It: 42900, Time: 13.67, mse_0: 4.2300e-04, mse_f: 1.5966e-03, total loss: 2.1661e-03, Error u,v,p: 2.3691e-02 2.3934e-02 3.9420e-02
It: 43000, Time: 13.44, mse_0: 4.2209e-04, mse_f: 1.5930e-03, total loss: 2.1610e-03, Error u,v,p: 2.3655e-02 2.3893e-02 3.9325e-02
It: 43100, Time: 13.67, mse_0: 4.2151e-04, mse_f: 1.5882e-03, total loss: 2.1553e-03, Error u,v,p: 2.3605e-02 2.3877e-02 3.9338e-02
It: 43200, Time: 13.63, mse_0: 4.2036e-04, mse_f: 1.5836e-03, total loss: 2.1492e-03, Error u,v,p: 2.3648e-02 2.3849e-02 3.9367e-02
It: 43300, Time: 13.52, mse_0: 4.1958e-04, mse_f: 1.5793e-03, total loss: 2.1436e-03, Error u,v,p: 2.3633e-02 2.3809e-02 3.9352e-02
It: 43400, Time: 13.60, mse_0: 4.1852e-04, mse_f: 1.5755e-03, total loss: 2.1384e-03, Error u,v,p: 2.3627e-02 2.3781e-02 3.9340e-02
It: 43500, Time: 13.60, mse_0: 4.1652e-04, mse_f: 1.5725e-03, total loss: 2.1329e-03, Error u,v,p: 2.3599e-02 2.3761e-02 3.9343e-02
It: 43600, Time: 13.61, mse_0: 4.1536e-04, mse_f: 1.5681e-03, total loss: 2.1268e-03, Error u,v,p: 2.3576e-02 2.3743e-02 3.9302e-02
It: 43700, Time: 13.72, mse_0: 4.1501e-04, mse_f: 1.5634e-03, total loss: 2.1213e-03, Error u,v,p: 2.3543e-02 2.3700e-02 3.9238e-02
It: 43800, Time: 13.64, mse_0: 4.1386e-04, mse_f: 1.5592e-03, total loss: 2.1158e-03, Error u,v,p: 2.3531e-02 2.3670e-02 3.9189e-02
It: 43900, Time: 13.50, mse_0: 4.1319e-04, mse_f: 1.5546e-03, total loss: 2.1099e-03, Error u,v,p: 2.3509e-02 2.3608e-02 3.9186e-02
It: 44000, Time: 13.98, mse_0: 4.1263e-04, mse_f: 1.5494e-03, total loss: 2.1039e-03, Error u,v,p: 2.3454e-02 2.3577e-02 3.9187e-02
It: 44100, Time: 13.65, mse_0: 4.1163e-04, mse_f: 1.5451e-03, total loss: 2.0984e-03, Error u,v,p: 2.3412e-02 2.3527e-02 3.9163e-02
It: 44200, Time: 13.70, mse_0: 4.1067e-04, mse_f: 1.5410e-03, total loss: 2.0930e-03, Error u,v,p: 2.3356e-02 2.3489e-02 3.9162e-02
It: 44300, Time: 13.77, mse_0: 4.0987e-04, mse_f: 1.5365e-03, total loss: 2.0875e-03, Error u,v,p: 2.3330e-02 2.3464e-02 3.9149e-02
It: 44400, Time: 13.68, mse_0: 4.0939e-04, mse_f: 1.5315e-03, total loss: 2.0819e-03, Error u,v,p: 2.3283e-02 2.3430e-02 3.9132e-02
It: 44500, Time: 13.55, mse_0: 4.0884e-04, mse_f: 1.5266e-03, total loss: 2.0762e-03, Error u,v,p: 2.3258e-02 2.3393e-02 3.9112e-02
It: 44600, Time: 13.59, mse_0: 4.0820e-04, mse_f: 1.5220e-03, total loss: 2.0705e-03, Error u,v,p: 2.3230e-02 2.3353e-02 3.9108e-02
It: 44700, Time: 13.65, mse_0: 4.0806e-04, mse_f: 1.5173e-03, total loss: 2.0650e-03, Error u,v,p: 2.3197e-02 2.3345e-02 3.9159e-02
It: 44800, Time: 13.63, mse_0: 4.0765e-04, mse_f: 1.5129e-03, total loss: 2.0599e-03, Error u,v,p: 2.3159e-02 2.3329e-02 3.9169e-02
It: 44900, Time: 13.74, mse_0: 4.0669e-04, mse_f: 1.5092e-03, total loss: 2.0549e-03, Error u,v,p: 2.3181e-02 2.3270e-02 3.9166e-02
It: 45000, Time: 13.94, mse_0: 4.0619e-04, mse_f: 1.5050e-03, total loss: 2.0499e-03, Error u,v,p: 2.3168e-02 2.3242e-02 3.9181e-02
It: 45100, Time: 13.63, mse_0: 4.0597e-04, mse_f: 1.5003e-03, total loss: 2.0447e-03, Error u,v,p: 2.3159e-02 2.3226e-02 3.9207e-02
It: 45200, Time: 13.56, mse_0: 4.0553e-04, mse_f: 1.4964e-03, total loss: 2.0397e-03, Error u,v,p: 2.3141e-02 2.3202e-02 3.9225e-02
It: 45300, Time: 13.61, mse_0: 4.0523e-04, mse_f: 1.4921e-03, total loss: 2.0348e-03, Error u,v,p: 2.3122e-02 2.3173e-02 3.9264e-02
It: 45400, Time: 13.62, mse_0: 4.0445e-04, mse_f: 1.4883e-03, total loss: 2.0298e-03, Error u,v,p: 2.3099e-02 2.3154e-02 3.9238e-02
It: 45500, Time: 13.60, mse_0: 4.0386e-04, mse_f: 1.4838e-03, total loss: 2.0243e-03, Error u,v,p: 2.3091e-02 2.3133e-02 3.9190e-02
It: 45600, Time: 13.71, mse_0: 4.0269e-04, mse_f: 1.4801e-03, total loss: 2.0191e-03, Error u,v,p: 2.3071e-02 2.3115e-02 3.9142e-02
It: 45700, Time: 13.61, mse_0: 4.0201e-04, mse_f: 1.4767e-03, total loss: 2.0146e-03, Error u,v,p: 2.3042e-02 2.3077e-02 3.9143e-02
It: 45800, Time: 13.66, mse_0: 4.0183e-04, mse_f: 1.4724e-03, total loss: 2.0097e-03, Error u,v,p: 2.3008e-02 2.3083e-02 3.9150e-02
It: 45900, Time: 13.56, mse_0: 4.0127e-04, mse_f: 1.4686e-03, total loss: 2.0050e-03, Error u,v,p: 2.3017e-02 2.3047e-02 3.9160e-02
It: 46000, Time: 13.73, mse_0: 4.0057e-04, mse_f: 1.4650e-03, total loss: 2.0002e-03, Error u,v,p: 2.2999e-02 2.3012e-02 3.9177e-02
It: 46100, Time: 13.73, mse_0: 4.0100e-04, mse_f: 1.4605e-03, total loss: 1.9958e-03, Error u,v,p: 2.2982e-02 2.3014e-02 3.9223e-02
It: 46200, Time: 13.62, mse_0: 4.0091e-04, mse_f: 1.4562e-03, total loss: 1.9912e-03, Error u,v,p: 2.2965e-02 2.3007e-02 3.9196e-02
It: 46300, Time: 13.49, mse_0: 4.0031e-04, mse_f: 1.4526e-03, total loss: 1.9866e-03, Error u,v,p: 2.2942e-02 2.2979e-02 3.9175e-02
It: 46400, Time: 13.44, mse_0: 3.9973e-04, mse_f: 1.4489e-03, total loss: 1.9818e-03, Error u,v,p: 2.2949e-02 2.2954e-02 3.9135e-02
It: 46500, Time: 13.45, mse_0: 3.9883e-04, mse_f: 1.4461e-03, total loss: 1.9776e-03, Error u,v,p: 2.2936e-02 2.2951e-02 3.9114e-02
It: 46600, Time: 13.54, mse_0: 3.9952e-04, mse_f: 1.4412e-03, total loss: 1.9729e-03, Error u,v,p: 2.2889e-02 2.2906e-02 3.9059e-02
It: 46700, Time: 13.56, mse_0: 3.9898e-04, mse_f: 1.4375e-03, total loss: 1.9680e-03, Error u,v,p: 2.2872e-02 2.2863e-02 3.9031e-02
It: 46800, Time: 13.80, mse_0: 3.9808e-04, mse_f: 1.4336e-03, total loss: 1.9631e-03, Error u,v,p: 2.2837e-02 2.2839e-02 3.9035e-02
It: 46900, Time: 13.58, mse_0: 3.9858e-04, mse_f: 1.4285e-03, total loss: 1.9582e-03, Error u,v,p: 2.2837e-02 2.2802e-02 3.9020e-02
It: 47000, Time: 13.65, mse_0: 3.9797e-04, mse_f: 1.4245e-03, total loss: 1.9534e-03, Error u,v,p: 2.2810e-02 2.2759e-02 3.8994e-02
It: 47100, Time: 13.83, mse_0: 3.9751e-04, mse_f: 1.4206e-03, total loss: 1.9487e-03, Error u,v,p: 2.2750e-02 2.2745e-02 3.8963e-02
It: 47200, Time: 13.53, mse_0: 3.9690e-04, mse_f: 1.4173e-03, total loss: 1.9445e-03, Error u,v,p: 2.2704e-02 2.2698e-02 3.8952e-02
It: 47300, Time: 13.57, mse_0: 3.9617e-04, mse_f: 1.4138e-03, total loss: 1.9400e-03, Error u,v,p: 2.2674e-02 2.2661e-02 3.8966e-02
It: 47400, Time: 13.56, mse_0: 3.9536e-04, mse_f: 1.4106e-03, total loss: 1.9358e-03, Error u,v,p: 2.2646e-02 2.2638e-02 3.8932e-02
It: 47500, Time: 13.68, mse_0: 3.9467e-04, mse_f: 1.4074e-03, total loss: 1.9316e-03, Error u,v,p: 2.2609e-02 2.2598e-02 3.8877e-02
It: 47600, Time: 13.60, mse_0: 3.9320e-04, mse_f: 1.4051e-03, total loss: 1.9275e-03, Error u,v,p: 2.2594e-02 2.2573e-02 3.8811e-02
It: 47700, Time: 13.62, mse_0: 3.9285e-04, mse_f: 1.4021e-03, total loss: 1.9237e-03, Error u,v,p: 2.2569e-02 2.2536e-02 3.8742e-02
It: 47800, Time: 13.73, mse_0: 3.9192e-04, mse_f: 1.3989e-03, total loss: 1.9192e-03, Error u,v,p: 2.2551e-02 2.2515e-02 3.8658e-02
It: 47900, Time: 13.69, mse_0: 3.9147e-04, mse_f: 1.3957e-03, total loss: 1.9151e-03, Error u,v,p: 2.2535e-02 2.2507e-02 3.8603e-02
It: 48000, Time: 13.66, mse_0: 3.9073e-04, mse_f: 1.3921e-03, total loss: 1.9106e-03, Error u,v,p: 2.2516e-02 2.2488e-02 3.8531e-02
It: 48100, Time: 13.66, mse_0: 3.9006e-04, mse_f: 1.3893e-03, total loss: 1.9070e-03, Error u,v,p: 2.2488e-02 2.2468e-02 3.8495e-02
It: 48200, Time: 13.62, mse_0: 3.8993e-04, mse_f: 1.3856e-03, total loss: 1.9029e-03, Error u,v,p: 2.2480e-02 2.2461e-02 3.8446e-02
It: 48300, Time: 13.61, mse_0: 3.8891e-04, mse_f: 1.3825e-03, total loss: 1.8987e-03, Error u,v,p: 2.2461e-02 2.2423e-02 3.8371e-02
It: 48400, Time: 13.52, mse_0: 3.8781e-04, mse_f: 1.3794e-03, total loss: 1.8944e-03, Error u,v,p: 2.2416e-02 2.2376e-02 3.8279e-02
It: 48500, Time: 13.51, mse_0: 3.8806e-04, mse_f: 1.3754e-03, total loss: 1.8904e-03, Error u,v,p: 2.2393e-02 2.2364e-02 3.8210e-02
It: 48600, Time: 13.69, mse_0: 3.8686e-04, mse_f: 1.3728e-03, total loss: 1.8863e-03, Error u,v,p: 2.2351e-02 2.2322e-02 3.8175e-02
It: 48700, Time: 13.64, mse_0: 3.8687e-04, mse_f: 1.3686e-03, total loss: 1.8821e-03, Error u,v,p: 2.2351e-02 2.2291e-02 3.8126e-02
It: 48800, Time: 13.70, mse_0: 3.8617e-04, mse_f: 1.3655e-03, total loss: 1.8781e-03, Error u,v,p: 2.2347e-02 2.2270e-02 3.8073e-02
It: 48900, Time: 13.70, mse_0: 3.8515e-04, mse_f: 1.3627e-03, total loss: 1.8738e-03, Error u,v,p: 2.2349e-02 2.2260e-02 3.8062e-02
It: 49000, Time: 13.56, mse_0: 3.8486e-04, mse_f: 1.3592e-03, total loss: 1.8698e-03, Error u,v,p: 2.2352e-02 2.2250e-02 3.8015e-02
It: 49100, Time: 13.49, mse_0: 3.8411e-04, mse_f: 1.3563e-03, total loss: 1.8660e-03, Error u,v,p: 2.2335e-02 2.2212e-02 3.7941e-02
It: 49200, Time: 13.60, mse_0: 3.8323e-04, mse_f: 1.3533e-03, total loss: 1.8619e-03, Error u,v,p: 2.2334e-02 2.2186e-02 3.7920e-02
It: 49300, Time: 13.66, mse_0: 3.8365e-04, mse_f: 1.3490e-03, total loss: 1.8577e-03, Error u,v,p: 2.2320e-02 2.2170e-02 3.7870e-02
It: 49400, Time: 13.52, mse_0: 3.8251e-04, mse_f: 1.3461e-03, total loss: 1.8535e-03, Error u,v,p: 2.2302e-02 2.2159e-02 3.7852e-02
It: 49500, Time: 13.60, mse_0: 3.8179e-04, mse_f: 1.3432e-03, total loss: 1.8495e-03, Error u,v,p: 2.2283e-02 2.2140e-02 3.7819e-02
It: 49600, Time: 13.66, mse_0: 3.8142e-04, mse_f: 1.3401e-03, total loss: 1.8457e-03, Error u,v,p: 2.2271e-02 2.2101e-02 3.7804e-02
It: 49700, Time: 13.61, mse_0: 3.8103e-04, mse_f: 1.3369e-03, total loss: 1.8416e-03, Error u,v,p: 2.2266e-02 2.2088e-02 3.7779e-02
It: 49800, Time: 13.70, mse_0: 3.8011e-04, mse_f: 1.3338e-03, total loss: 1.8376e-03, Error u,v,p: 2.2256e-02 2.2081e-02 3.7774e-02
It: 49900, Time: 13.62, mse_0: 3.7945e-04, mse_f: 1.3307e-03, total loss: 1.8336e-03, Error u,v,p: 2.2261e-02 2.2083e-02 3.7758e-02
It: 50000, Time: 13.83, mse_0: 3.7884e-04, mse_f: 1.3277e-03, total loss: 1.8298e-03, Error u,v,p: 2.2259e-02 2.2073e-02 3.7697e-02
It: 50100, Time: 13.72, mse_0: 3.7813e-04, mse_f: 1.3246e-03, total loss: 1.8256e-03, Error u,v,p: 2.2238e-02 2.2044e-02 3.7656e-02
It: 50200, Time: 13.59, mse_0: 3.7735e-04, mse_f: 1.3221e-03, total loss: 1.8220e-03, Error u,v,p: 2.2227e-02 2.2026e-02 3.7643e-02
It: 50300, Time: 13.65, mse_0: 3.7697e-04, mse_f: 1.3190e-03, total loss: 1.8181e-03, Error u,v,p: 2.2254e-02 2.2008e-02 3.7628e-02
It: 50400, Time: 13.65, mse_0: 3.7659e-04, mse_f: 1.3162e-03, total loss: 1.8144e-03, Error u,v,p: 2.2252e-02 2.1988e-02 3.7588e-02
It: 50500, Time: 13.45, mse_0: 3.7557e-04, mse_f: 1.3137e-03, total loss: 1.8106e-03, Error u,v,p: 2.2260e-02 2.1954e-02 3.7576e-02
It: 50600, Time: 13.62, mse_0: 3.7413e-04, mse_f: 1.3116e-03, total loss: 1.8067e-03, Error u,v,p: 2.2261e-02 2.1933e-02 3.7613e-02
It: 50700, Time: 13.76, mse_0: 3.7393e-04, mse_f: 1.3077e-03, total loss: 1.8025e-03, Error u,v,p: 2.2245e-02 2.1928e-02 3.7660e-02
It: 50800, Time: 13.63, mse_0: 3.7326e-04, mse_f: 1.3050e-03, total loss: 1.7985e-03, Error u,v,p: 2.2229e-02 2.1920e-02 3.7687e-02
It: 50900, Time: 13.66, mse_0: 3.7303e-04, mse_f: 1.3019e-03, total loss: 1.7949e-03, Error u,v,p: 2.2230e-02 2.1890e-02 3.7670e-02
It: 51000, Time: 13.79, mse_0: 3.7269e-04, mse_f: 1.2988e-03, total loss: 1.7911e-03, Error u,v,p: 2.2208e-02 2.1877e-02 3.7675e-02
It: 51100, Time: 13.71, mse_0: 3.7285e-04, mse_f: 1.2951e-03, total loss: 1.7874e-03, Error u,v,p: 2.2191e-02 2.1848e-02 3.7671e-02
It: 51200, Time: 13.45, mse_0: 3.7267e-04, mse_f: 1.2921e-03, total loss: 1.7837e-03, Error u,v,p: 2.2156e-02 2.1829e-02 3.7670e-02
It: 51300, Time: 13.62, mse_0: 3.7213e-04, mse_f: 1.2893e-03, total loss: 1.7802e-03, Error u,v,p: 2.2130e-02 2.1786e-02 3.7656e-02
It: 51400, Time: 13.62, mse_0: 3.7234e-04, mse_f: 1.2854e-03, total loss: 1.7764e-03, Error u,v,p: 2.2092e-02 2.1742e-02 3.7657e-02
It: 51500, Time: 13.63, mse_0: 3.7185e-04, mse_f: 1.2828e-03, total loss: 1.7726e-03, Error u,v,p: 2.2065e-02 2.1722e-02 3.7653e-02
It: 51600, Time: 13.52, mse_0: 3.7106e-04, mse_f: 1.2802e-03, total loss: 1.7688e-03, Error u,v,p: 2.2048e-02 2.1678e-02 3.7649e-02
It: 51700, Time: 13.83, mse_0: 3.7039e-04, mse_f: 1.2774e-03, total loss: 1.7649e-03, Error u,v,p: 2.2013e-02 2.1673e-02 3.7630e-02
It: 51800, Time: 13.66, mse_0: 3.6970e-04, mse_f: 1.2744e-03, total loss: 1.7611e-03, Error u,v,p: 2.1953e-02 2.1617e-02 3.7605e-02
It: 51900, Time: 13.76, mse_0: 3.6938e-04, mse_f: 1.2715e-03, total loss: 1.7576e-03, Error u,v,p: 2.1911e-02 2.1588e-02 3.7584e-02
It: 52000, Time: 13.63, mse_0: 3.6898e-04, mse_f: 1.2686e-03, total loss: 1.7540e-03, Error u,v,p: 2.1878e-02 2.1570e-02 3.7566e-02
It: 52100, Time: 13.58, mse_0: 3.6813e-04, mse_f: 1.2662e-03, total loss: 1.7505e-03, Error u,v,p: 2.1868e-02 2.1528e-02 3.7579e-02
It: 52200, Time: 13.61, mse_0: 3.6787e-04, mse_f: 1.2635e-03, total loss: 1.7471e-03, Error u,v,p: 2.1854e-02 2.1506e-02 3.7610e-02
It: 52300, Time: 13.59, mse_0: 3.6704e-04, mse_f: 1.2610e-03, total loss: 1.7435e-03, Error u,v,p: 2.1823e-02 2.1503e-02 3.7645e-02
It: 52400, Time: 13.61, mse_0: 3.6607e-04, mse_f: 1.2584e-03, total loss: 1.7396e-03, Error u,v,p: 2.1808e-02 2.1508e-02 3.7705e-02
It: 52500, Time: 13.67, mse_0: 3.6544e-04, mse_f: 1.2561e-03, total loss: 1.7362e-03, Error u,v,p: 2.1798e-02 2.1485e-02 3.7751e-02
It: 52600, Time: 13.68, mse_0: 3.6414e-04, mse_f: 1.2542e-03, total loss: 1.7326e-03, Error u,v,p: 2.1795e-02 2.1471e-02 3.7788e-02
It: 52700, Time: 13.63, mse_0: 3.6353e-04, mse_f: 1.2514e-03, total loss: 1.7290e-03, Error u,v,p: 2.1796e-02 2.1441e-02 3.7839e-02
It: 52800, Time: 13.56, mse_0: 3.6335e-04, mse_f: 1.2481e-03, total loss: 1.7252e-03, Error u,v,p: 2.1780e-02 2.1420e-02 3.7862e-02
It: 52900, Time: 13.68, mse_0: 3.6228e-04, mse_f: 1.2461e-03, total loss: 1.7215e-03, Error u,v,p: 2.1762e-02 2.1457e-02 3.7896e-02
It: 53000, Time: 13.59, mse_0: 3.6133e-04, mse_f: 1.2436e-03, total loss: 1.7179e-03, Error u,v,p: 2.1769e-02 2.1434e-02 3.7871e-02
It: 53100, Time: 13.58, mse_0: 3.6063e-04, mse_f: 1.2410e-03, total loss: 1.7142e-03, Error u,v,p: 2.1764e-02 2.1417e-02 3.7924e-02
It: 53200, Time: 13.73, mse_0: 3.6011e-04, mse_f: 1.2382e-03, total loss: 1.7105e-03, Error u,v,p: 2.1754e-02 2.1428e-02 3.7966e-02
It: 53300, Time: 13.56, mse_0: 3.5918e-04, mse_f: 1.2358e-03, total loss: 1.7069e-03, Error u,v,p: 2.1729e-02 2.1426e-02 3.7973e-02
It: 53400, Time: 13.56, mse_0: 3.5872e-04, mse_f: 1.2329e-03, total loss: 1.7034e-03, Error u,v,p: 2.1700e-02 2.1407e-02 3.7968e-02
It: 53500, Time: 13.83, mse_0: 3.5809e-04, mse_f: 1.2305e-03, total loss: 1.7000e-03, Error u,v,p: 2.1677e-02 2.1387e-02 3.7957e-02
It: 53600, Time: 13.52, mse_0: 3.5777e-04, mse_f: 1.2275e-03, total loss: 1.6965e-03, Error u,v,p: 2.1648e-02 2.1371e-02 3.7908e-02
It: 53700, Time: 13.64, mse_0: 3.5738e-04, mse_f: 1.2247e-03, total loss: 1.6932e-03, Error u,v,p: 2.1627e-02 2.1357e-02 3.7873e-02
It: 53800, Time: 13.47, mse_0: 3.5672e-04, mse_f: 1.2222e-03, total loss: 1.6899e-03, Error u,v,p: 2.1598e-02 2.1345e-02 3.7884e-02
It: 53900, Time: 13.60, mse_0: 3.5599e-04, mse_f: 1.2197e-03, total loss: 1.6864e-03, Error u,v,p: 2.1595e-02 2.1322e-02 3.7886e-02
It: 54000, Time: 13.56, mse_0: 3.5575e-04, mse_f: 1.2167e-03, total loss: 1.6829e-03, Error u,v,p: 2.1610e-02 2.1300e-02 3.7901e-02
It: 54100, Time: 13.63, mse_0: 3.5531e-04, mse_f: 1.2138e-03, total loss: 1.6795e-03, Error u,v,p: 2.1620e-02 2.1287e-02 3.7898e-02
It: 54200, Time: 13.66, mse_0: 3.5477e-04, mse_f: 1.2112e-03, total loss: 1.6761e-03, Error u,v,p: 2.1598e-02 2.1281e-02 3.7916e-02
It: 54300, Time: 13.59, mse_0: 3.5461e-04, mse_f: 1.2086e-03, total loss: 1.6727e-03, Error u,v,p: 2.1587e-02 2.1272e-02 3.7926e-02
It: 54400, Time: 13.52, mse_0: 3.5366e-04, mse_f: 1.2065e-03, total loss: 1.6693e-03, Error u,v,p: 2.1554e-02 2.1246e-02 3.7912e-02
It: 54500, Time: 13.63, mse_0: 3.5301e-04, mse_f: 1.2039e-03, total loss: 1.6658e-03, Error u,v,p: 2.1534e-02 2.1215e-02 3.7874e-02
It: 54600, Time: 13.65, mse_0: 3.5226e-04, mse_f: 1.2014e-03, total loss: 1.6623e-03, Error u,v,p: 2.1490e-02 2.1206e-02 3.7826e-02
It: 54700, Time: 13.67, mse_0: 3.5178e-04, mse_f: 1.1988e-03, total loss: 1.6589e-03, Error u,v,p: 2.1479e-02 2.1202e-02 3.7786e-02
It: 54800, Time: 13.66, mse_0: 3.5101e-04, mse_f: 1.1966e-03, total loss: 1.6558e-03, Error u,v,p: 2.1435e-02 2.1166e-02 3.7739e-02
It: 54900, Time: 13.61, mse_0: 3.5065e-04, mse_f: 1.1937e-03, total loss: 1.6525e-03, Error u,v,p: 2.1388e-02 2.1126e-02 3.7665e-02
It: 55000, Time: 13.79, mse_0: 3.5022e-04, mse_f: 1.1910e-03, total loss: 1.6489e-03, Error u,v,p: 2.1335e-02 2.1079e-02 3.7599e-02
It: 55100, Time: 13.69, mse_0: 3.4956e-04, mse_f: 1.1886e-03, total loss: 1.6456e-03, Error u,v,p: 2.1295e-02 2.1054e-02 3.7539e-02
It: 55200, Time: 13.39, mse_0: 3.4899e-04, mse_f: 1.1860e-03, total loss: 1.6423e-03, Error u,v,p: 2.1262e-02 2.1039e-02 3.7502e-02
It: 55300, Time: 13.60, mse_0: 3.4836e-04, mse_f: 1.1838e-03, total loss: 1.6390e-03, Error u,v,p: 2.1248e-02 2.1037e-02 3.7462e-02
It: 55400, Time: 13.53, mse_0: 3.4819e-04, mse_f: 1.1808e-03, total loss: 1.6357e-03, Error u,v,p: 2.1213e-02 2.1018e-02 3.7413e-02
It: 55500, Time: 13.65, mse_0: 3.4748e-04, mse_f: 1.1782e-03, total loss: 1.6323e-03, Error u,v,p: 2.1192e-02 2.0993e-02 3.7340e-02
It: 55600, Time: 13.77, mse_0: 3.4723e-04, mse_f: 1.1756e-03, total loss: 1.6290e-03, Error u,v,p: 2.1156e-02 2.0962e-02 3.7252e-02
It: 55700, Time: 13.64, mse_0: 3.4690e-04, mse_f: 1.1729e-03, total loss: 1.6256e-03, Error u,v,p: 2.1130e-02 2.0946e-02 3.7209e-02
It: 55800, Time: 13.54, mse_0: 3.4628e-04, mse_f: 1.1708e-03, total loss: 1.6227e-03, Error u,v,p: 2.1109e-02 2.0912e-02 3.7157e-02
It: 55900, Time: 13.71, mse_0: 3.4569e-04, mse_f: 1.1685e-03, total loss: 1.6196e-03, Error u,v,p: 2.1096e-02 2.0899e-02 3.7131e-02
It: 56000, Time: 13.54, mse_0: 3.4515e-04, mse_f: 1.1661e-03, total loss: 1.6164e-03, Error u,v,p: 2.1092e-02 2.0858e-02 3.7095e-02
It: 56100, Time: 13.55, mse_0: 3.4440e-04, mse_f: 1.1640e-03, total loss: 1.6133e-03, Error u,v,p: 2.1097e-02 2.0822e-02 3.7079e-02
It: 56200, Time: 13.66, mse_0: 3.4432e-04, mse_f: 1.1612e-03, total loss: 1.6104e-03, Error u,v,p: 2.1064e-02 2.0794e-02 3.7071e-02
It: 56300, Time: 13.53, mse_0: 3.4403e-04, mse_f: 1.1587e-03, total loss: 1.6074e-03, Error u,v,p: 2.1019e-02 2.0776e-02 3.7066e-02
It: 56400, Time: 13.60, mse_0: 3.4341e-04, mse_f: 1.1568e-03, total loss: 1.6046e-03, Error u,v,p: 2.0991e-02 2.0760e-02 3.7037e-02
It: 56500, Time: 13.82, mse_0: 3.4314e-04, mse_f: 1.1544e-03, total loss: 1.6015e-03, Error u,v,p: 2.0964e-02 2.0764e-02 3.6996e-02
It: 56600, Time: 13.66, mse_0: 3.4258e-04, mse_f: 1.1522e-03, total loss: 1.5985e-03, Error u,v,p: 2.0975e-02 2.0731e-02 3.6970e-02
It: 56700, Time: 13.70, mse_0: 3.4186e-04, mse_f: 1.1503e-03, total loss: 1.5956e-03, Error u,v,p: 2.0970e-02 2.0732e-02 3.6926e-02
It: 56800, Time: 13.58, mse_0: 3.4126e-04, mse_f: 1.1483e-03, total loss: 1.5930e-03, Error u,v,p: 2.0962e-02 2.0731e-02 3.6892e-02
It: 56900, Time: 13.58, mse_0: 3.4062e-04, mse_f: 1.1465e-03, total loss: 1.5903e-03, Error u,v,p: 2.0957e-02 2.0716e-02 3.6870e-02
It: 57000, Time: 13.45, mse_0: 3.3973e-04, mse_f: 1.1447e-03, total loss: 1.5875e-03, Error u,v,p: 2.0959e-02 2.0707e-02 3.6854e-02
It: 57100, Time: 13.82, mse_0: 3.3944e-04, mse_f: 1.1423e-03, total loss: 1.5847e-03, Error u,v,p: 2.0966e-02 2.0718e-02 3.6887e-02
It: 57200, Time: 13.73, mse_0: 3.3867e-04, mse_f: 1.1404e-03, total loss: 1.5818e-03, Error u,v,p: 2.0951e-02 2.0728e-02 3.6915e-02
It: 57300, Time: 13.53, mse_0: 3.3789e-04, mse_f: 1.1383e-03, total loss: 1.5787e-03, Error u,v,p: 2.0940e-02 2.0731e-02 3.6936e-02
It: 57400, Time: 13.85, mse_0: 3.3739e-04, mse_f: 1.1361e-03, total loss: 1.5756e-03, Error u,v,p: 2.0905e-02 2.0734e-02 3.6965e-02
It: 57500, Time: 13.59, mse_0: 3.3695e-04, mse_f: 1.1338e-03, total loss: 1.5728e-03, Error u,v,p: 2.0912e-02 2.0720e-02 3.6948e-02
It: 57600, Time: 13.53, mse_0: 3.3703e-04, mse_f: 1.1309e-03, total loss: 1.5698e-03, Error u,v,p: 2.0901e-02 2.0695e-02 3.6912e-02
It: 57700, Time: 13.46, mse_0: 3.3713e-04, mse_f: 1.1280e-03, total loss: 1.5667e-03, Error u,v,p: 2.0893e-02 2.0697e-02 3.6917e-02
It: 57800, Time: 13.80, mse_0: 3.3696e-04, mse_f: 1.1251e-03, total loss: 1.5636e-03, Error u,v,p: 2.0870e-02 2.0666e-02 3.6955e-02
It: 57900, Time: 13.66, mse_0: 3.3690e-04, mse_f: 1.1221e-03, total loss: 1.5604e-03, Error u,v,p: 2.0870e-02 2.0661e-02 3.6986e-02
It: 58000, Time: 13.80, mse_0: 3.3655e-04, mse_f: 1.1200e-03, total loss: 1.5577e-03, Error u,v,p: 2.0855e-02 2.0676e-02 3.7028e-02
It: 58100, Time: 13.62, mse_0: 3.3635e-04, mse_f: 1.1175e-03, total loss: 1.5548e-03, Error u,v,p: 2.0871e-02 2.0673e-02 3.7049e-02
It: 58200, Time: 13.56, mse_0: 3.3573e-04, mse_f: 1.1154e-03, total loss: 1.5518e-03, Error u,v,p: 2.0878e-02 2.0689e-02 3.7087e-02
It: 58300, Time: 13.45, mse_0: 3.3565e-04, mse_f: 1.1129e-03, total loss: 1.5491e-03, Error u,v,p: 2.0885e-02 2.0689e-02 3.7100e-02
It: 58400, Time: 13.68, mse_0: 3.3530e-04, mse_f: 1.1109e-03, total loss: 1.5466e-03, Error u,v,p: 2.0885e-02 2.0691e-02 3.7096e-02
It: 58500, Time: 13.48, mse_0: 3.3504e-04, mse_f: 1.1085e-03, total loss: 1.5438e-03, Error u,v,p: 2.0879e-02 2.0706e-02 3.7121e-02
It: 58600, Time: 13.60, mse_0: 3.3447e-04, mse_f: 1.1065e-03, total loss: 1.5410e-03, Error u,v,p: 2.0836e-02 2.0692e-02 3.7135e-02
It: 58700, Time: 13.73, mse_0: 3.3409e-04, mse_f: 1.1042e-03, total loss: 1.5382e-03, Error u,v,p: 2.0832e-02 2.0674e-02 3.7131e-02
It: 58800, Time: 13.58, mse_0: 3.3360e-04, mse_f: 1.1019e-03, total loss: 1.5353e-03, Error u,v,p: 2.0790e-02 2.0663e-02 3.7125e-02
It: 58900, Time: 13.67, mse_0: 3.3299e-04, mse_f: 1.0997e-03, total loss: 1.5324e-03, Error u,v,p: 2.0798e-02 2.0667e-02 3.7142e-02
It: 59000, Time: 13.62, mse_0: 3.3288e-04, mse_f: 1.0973e-03, total loss: 1.5296e-03, Error u,v,p: 2.0780e-02 2.0691e-02 3.7130e-02
It: 59100, Time: 13.43, mse_0: 3.3266e-04, mse_f: 1.0948e-03, total loss: 1.5269e-03, Error u,v,p: 2.0767e-02 2.0680e-02 3.7144e-02
It: 59200, Time: 13.65, mse_0: 3.3176e-04, mse_f: 1.0932e-03, total loss: 1.5243e-03, Error u,v,p: 2.0776e-02 2.0674e-02 3.7125e-02
It: 59300, Time: 13.59, mse_0: 3.3098e-04, mse_f: 1.0919e-03, total loss: 1.5220e-03, Error u,v,p: 2.0774e-02 2.0669e-02 3.7142e-02
It: 59400, Time: 13.53, mse_0: 3.3068e-04, mse_f: 1.0896e-03, total loss: 1.5194e-03, Error u,v,p: 2.0793e-02 2.0667e-02 3.7152e-02
It: 59500, Time: 13.62, mse_0: 3.3027e-04, mse_f: 1.0876e-03, total loss: 1.5166e-03, Error u,v,p: 2.0789e-02 2.0654e-02 3.7157e-02
It: 59600, Time: 13.67, mse_0: 3.2964e-04, mse_f: 1.0860e-03, total loss: 1.5141e-03, Error u,v,p: 2.0808e-02 2.0627e-02 3.7161e-02
It: 59700, Time: 13.57, mse_0: 3.2922e-04, mse_f: 1.0837e-03, total loss: 1.5114e-03, Error u,v,p: 2.0814e-02 2.0630e-02 3.7158e-02
It: 59800, Time: 13.67, mse_0: 3.2877e-04, mse_f: 1.0815e-03, total loss: 1.5087e-03, Error u,v,p: 2.0821e-02 2.0610e-02 3.7174e-02
It: 59900, Time: 13.70, mse_0: 3.2891e-04, mse_f: 1.0789e-03, total loss: 1.5061e-03, Error u,v,p: 2.0821e-02 2.0588e-02 3.7163e-02
It: 60000, Time: 13.54, mse_0: 3.2848e-04, mse_f: 1.0768e-03, total loss: 1.5035e-03, Error u,v,p: 2.0835e-02 2.0577e-02 3.7173e-02
It: 60100, Time: 13.56, mse_0: 3.2767e-04, mse_f: 1.0749e-03, total loss: 1.5008e-03, Error u,v,p: 2.0823e-02 2.0559e-02 3.7140e-02
It: 60200, Time: 13.52, mse_0: 3.2733e-04, mse_f: 1.0727e-03, total loss: 1.4981e-03, Error u,v,p: 2.0817e-02 2.0555e-02 3.7127e-02
It: 60300, Time: 13.63, mse_0: 3.2706e-04, mse_f: 1.0705e-03, total loss: 1.4956e-03, Error u,v,p: 2.0797e-02 2.0568e-02 3.7110e-02
It: 60400, Time: 13.59, mse_0: 3.2648e-04, mse_f: 1.0685e-03, total loss: 1.4929e-03, Error u,v,p: 2.0780e-02 2.0575e-02 3.7089e-02
It: 60500, Time: 13.70, mse_0: 3.2546e-04, mse_f: 1.0671e-03, total loss: 1.4904e-03, Error u,v,p: 2.0789e-02 2.0574e-02 3.7045e-02
It: 60600, Time: 13.76, mse_0: 3.2485e-04, mse_f: 1.0653e-03, total loss: 1.4878e-03, Error u,v,p: 2.0790e-02 2.0572e-02 3.6988e-02
It: 60700, Time: 13.61, mse_0: 3.2504e-04, mse_f: 1.0627e-03, total loss: 1.4853e-03, Error u,v,p: 2.0771e-02 2.0563e-02 3.6960e-02
It: 60800, Time: 13.74, mse_0: 3.2477e-04, mse_f: 1.0604e-03, total loss: 1.4825e-03, Error u,v,p: 2.0748e-02 2.0577e-02 3.6952e-02
It: 60900, Time: 13.40, mse_0: 3.2401e-04, mse_f: 1.0589e-03, total loss: 1.4799e-03, Error u,v,p: 2.0743e-02 2.0600e-02 3.6968e-02
It: 61000, Time: 13.69, mse_0: 3.2331e-04, mse_f: 1.0573e-03, total loss: 1.4774e-03, Error u,v,p: 2.0700e-02 2.0608e-02 3.6969e-02
It: 61100, Time: 13.70, mse_0: 3.2312e-04, mse_f: 1.0549e-03, total loss: 1.4748e-03, Error u,v,p: 2.0672e-02 2.0585e-02 3.6946e-02
It: 61200, Time: 13.50, mse_0: 3.2286e-04, mse_f: 1.0526e-03, total loss: 1.4719e-03, Error u,v,p: 2.0617e-02 2.0578e-02 3.6977e-02
It: 61300, Time: 13.72, mse_0: 3.2230e-04, mse_f: 1.0506e-03, total loss: 1.4692e-03, Error u,v,p: 2.0611e-02 2.0555e-02 3.6966e-02
It: 61400, Time: 13.80, mse_0: 3.2158e-04, mse_f: 1.0486e-03, total loss: 1.4666e-03, Error u,v,p: 2.0603e-02 2.0566e-02 3.6976e-02
It: 61500, Time: 13.70, mse_0: 3.2134e-04, mse_f: 1.0466e-03, total loss: 1.4642e-03, Error u,v,p: 2.0593e-02 2.0555e-02 3.7004e-02
It: 61600, Time: 13.63, mse_0: 3.2114e-04, mse_f: 1.0443e-03, total loss: 1.4616e-03, Error u,v,p: 2.0594e-02 2.0549e-02 3.7050e-02
It: 61700, Time: 13.70, mse_0: 3.2048e-04, mse_f: 1.0425e-03, total loss: 1.4590e-03, Error u,v,p: 2.0613e-02 2.0550e-02 3.7081e-02
It: 61800, Time: 13.65, mse_0: 3.1961e-04, mse_f: 1.0410e-03, total loss: 1.4565e-03, Error u,v,p: 2.0592e-02 2.0549e-02 3.7085e-02
It: 61900, Time: 13.66, mse_0: 3.1918e-04, mse_f: 1.0390e-03, total loss: 1.4541e-03, Error u,v,p: 2.0570e-02 2.0556e-02 3.7114e-02
It: 62000, Time: 13.52, mse_0: 3.1884e-04, mse_f: 1.0369e-03, total loss: 1.4514e-03, Error u,v,p: 2.0555e-02 2.0545e-02 3.7123e-02
It: 62100, Time: 13.45, mse_0: 3.1857e-04, mse_f: 1.0347e-03, total loss: 1.4489e-03, Error u,v,p: 2.0541e-02 2.0534e-02 3.7130e-02
It: 62200, Time: 13.65, mse_0: 3.1827e-04, mse_f: 1.0328e-03, total loss: 1.4465e-03, Error u,v,p: 2.0509e-02 2.0519e-02 3.7144e-02
It: 62300, Time: 13.50, mse_0: 3.1759e-04, mse_f: 1.0311e-03, total loss: 1.4441e-03, Error u,v,p: 2.0506e-02 2.0524e-02 3.7156e-02
It: 62400, Time: 13.46, mse_0: 3.1745e-04, mse_f: 1.0288e-03, total loss: 1.4415e-03, Error u,v,p: 2.0479e-02 2.0505e-02 3.7150e-02
It: 62500, Time: 13.80, mse_0: 3.1710e-04, mse_f: 1.0266e-03, total loss: 1.4388e-03, Error u,v,p: 2.0449e-02 2.0484e-02 3.7155e-02
It: 62600, Time: 13.56, mse_0: 3.1699e-04, mse_f: 1.0245e-03, total loss: 1.4363e-03, Error u,v,p: 2.0417e-02 2.0464e-02 3.7176e-02
It: 62700, Time: 13.52, mse_0: 3.1664e-04, mse_f: 1.0228e-03, total loss: 1.4341e-03, Error u,v,p: 2.0400e-02 2.0445e-02 3.7185e-02
It: 62800, Time: 13.76, mse_0: 3.1624e-04, mse_f: 1.0210e-03, total loss: 1.4317e-03, Error u,v,p: 2.0388e-02 2.0411e-02 3.7199e-02
It: 62900, Time: 13.51, mse_0: 3.1628e-04, mse_f: 1.0189e-03, total loss: 1.4295e-03, Error u,v,p: 2.0350e-02 2.0402e-02 3.7221e-02
It: 63000, Time: 13.67, mse_0: 3.1608e-04, mse_f: 1.0172e-03, total loss: 1.4273e-03, Error u,v,p: 2.0322e-02 2.0379e-02 3.7256e-02
It: 63100, Time: 13.63, mse_0: 3.1554e-04, mse_f: 1.0156e-03, total loss: 1.4250e-03, Error u,v,p: 2.0301e-02 2.0357e-02 3.7263e-02
It: 63200, Time: 13.61, mse_0: 3.1470e-04, mse_f: 1.0142e-03, total loss: 1.4227e-03, Error u,v,p: 2.0287e-02 2.0341e-02 3.7274e-02
It: 63300, Time: 13.53, mse_0: 3.1447e-04, mse_f: 1.0123e-03, total loss: 1.4204e-03, Error u,v,p: 2.0273e-02 2.0323e-02 3.7257e-02
It: 63400, Time: 13.54, mse_0: 3.1418e-04, mse_f: 1.0105e-03, total loss: 1.4181e-03, Error u,v,p: 2.0273e-02 2.0309e-02 3.7269e-02
It: 63500, Time: 13.58, mse_0: 3.1372e-04, mse_f: 1.0090e-03, total loss: 1.4160e-03, Error u,v,p: 2.0274e-02 2.0301e-02 3.7303e-02
It: 63600, Time: 13.48, mse_0: 3.1300e-04, mse_f: 1.0077e-03, total loss: 1.4138e-03, Error u,v,p: 2.0262e-02 2.0294e-02 3.7347e-02
It: 63700, Time: 13.73, mse_0: 3.1292e-04, mse_f: 1.0058e-03, total loss: 1.4115e-03, Error u,v,p: 2.0268e-02 2.0287e-02 3.7383e-02
It: 63800, Time: 13.57, mse_0: 3.1290e-04, mse_f: 1.0038e-03, total loss: 1.4093e-03, Error u,v,p: 2.0231e-02 2.0276e-02 3.7382e-02
It: 63900, Time: 13.57, mse_0: 3.1253e-04, mse_f: 1.0020e-03, total loss: 1.4069e-03, Error u,v,p: 2.0223e-02 2.0267e-02 3.7376e-02
It: 64000, Time: 13.66, mse_0: 3.1235e-04, mse_f: 1.0000e-03, total loss: 1.4046e-03, Error u,v,p: 2.0219e-02 2.0256e-02 3.7386e-02
It: 64100, Time: 13.49, mse_0: 3.1199e-04, mse_f: 9.9843e-04, total loss: 1.4025e-03, Error u,v,p: 2.0209e-02 2.0226e-02 3.7381e-02
It: 64200, Time: 13.52, mse_0: 3.1123e-04, mse_f: 9.9714e-04, total loss: 1.4003e-03, Error u,v,p: 2.0205e-02 2.0222e-02 3.7371e-02
It: 64300, Time: 13.58, mse_0: 3.1107e-04, mse_f: 9.9530e-04, total loss: 1.3981e-03, Error u,v,p: 2.0189e-02 2.0217e-02 3.7364e-02
It: 64400, Time: 13.54, mse_0: 3.1061e-04, mse_f: 9.9352e-04, total loss: 1.3958e-03, Error u,v,p: 2.0186e-02 2.0182e-02 3.7367e-02
It: 64500, Time: 13.69, mse_0: 3.1037e-04, mse_f: 9.9161e-04, total loss: 1.3937e-03, Error u,v,p: 2.0171e-02 2.0161e-02 3.7341e-02
It: 64600, Time: 13.82, mse_0: 3.1045e-04, mse_f: 9.8987e-04, total loss: 1.3917e-03, Error u,v,p: 2.0148e-02 2.0138e-02 3.7366e-02
It: 64700, Time: 13.71, mse_0: 3.1047e-04, mse_f: 9.8813e-04, total loss: 1.3898e-03, Error u,v,p: 2.0122e-02 2.0138e-02 3.7369e-02
It: 64800, Time: 13.56, mse_0: 3.1014e-04, mse_f: 9.8658e-04, total loss: 1.3877e-03, Error u,v,p: 2.0102e-02 2.0119e-02 3.7372e-02
It: 64900, Time: 13.65, mse_0: 3.0970e-04, mse_f: 9.8503e-04, total loss: 1.3856e-03, Error u,v,p: 2.0105e-02 2.0106e-02 3.7359e-02
It: 65000, Time: 13.66, mse_0: 3.0960e-04, mse_f: 9.8325e-04, total loss: 1.3834e-03, Error u,v,p: 2.0083e-02 2.0094e-02 3.7341e-02
It: 65100, Time: 13.67, mse_0: 3.0920e-04, mse_f: 9.8156e-04, total loss: 1.3811e-03, Error u,v,p: 2.0057e-02 2.0105e-02 3.7352e-02
It: 65200, Time: 13.60, mse_0: 3.0900e-04, mse_f: 9.7964e-04, total loss: 1.3788e-03, Error u,v,p: 2.0058e-02 2.0096e-02 3.7350e-02
It: 65300, Time: 13.80, mse_0: 3.0859e-04, mse_f: 9.7796e-04, total loss: 1.3767e-03, Error u,v,p: 2.0059e-02 2.0076e-02 3.7315e-02
It: 65400, Time: 13.70, mse_0: 3.0861e-04, mse_f: 9.7586e-04, total loss: 1.3746e-03, Error u,v,p: 2.0036e-02 2.0059e-02 3.7296e-02
It: 65500, Time: 13.48, mse_0: 3.0843e-04, mse_f: 9.7415e-04, total loss: 1.3726e-03, Error u,v,p: 2.0010e-02 2.0043e-02 3.7298e-02
It: 65600, Time: 13.74, mse_0: 3.0821e-04, mse_f: 9.7241e-04, total loss: 1.3706e-03, Error u,v,p: 2.0000e-02 2.0017e-02 3.7261e-02
It: 65700, Time: 13.53, mse_0: 3.0794e-04, mse_f: 9.7057e-04, total loss: 1.3684e-03, Error u,v,p: 1.9968e-02 1.9996e-02 3.7244e-02
It: 65800, Time: 13.68, mse_0: 3.0756e-04, mse_f: 9.6885e-04, total loss: 1.3662e-03, Error u,v,p: 1.9950e-02 1.9985e-02 3.7252e-02
It: 65900, Time: 13.59, mse_0: 3.0739e-04, mse_f: 9.6690e-04, total loss: 1.3640e-03, Error u,v,p: 1.9922e-02 1.9975e-02 3.7270e-02
It: 66000, Time: 13.65, mse_0: 3.0718e-04, mse_f: 9.6511e-04, total loss: 1.3618e-03, Error u,v,p: 1.9922e-02 1.9977e-02 3.7267e-02
It: 66100, Time: 13.69, mse_0: 3.0681e-04, mse_f: 9.6350e-04, total loss: 1.3598e-03, Error u,v,p: 1.9931e-02 1.9981e-02 3.7245e-02
It: 66200, Time: 13.68, mse_0: 3.0676e-04, mse_f: 9.6185e-04, total loss: 1.3579e-03, Error u,v,p: 1.9919e-02 1.9979e-02 3.7238e-02
It: 66300, Time: 13.67, mse_0: 3.0646e-04, mse_f: 9.6042e-04, total loss: 1.3559e-03, Error u,v,p: 1.9932e-02 1.9973e-02 3.7213e-02
It: 66400, Time: 13.53, mse_0: 3.0611e-04, mse_f: 9.5903e-04, total loss: 1.3540e-03, Error u,v,p: 1.9930e-02 1.9957e-02 3.7201e-02
It: 66500, Time: 13.63, mse_0: 3.0608e-04, mse_f: 9.5712e-04, total loss: 1.3519e-03, Error u,v,p: 1.9925e-02 1.9965e-02 3.7201e-02
It: 66600, Time: 13.50, mse_0: 3.0634e-04, mse_f: 9.5490e-04, total loss: 1.3498e-03, Error u,v,p: 1.9901e-02 1.9973e-02 3.7207e-02
It: 66700, Time: 13.69, mse_0: 3.0629e-04, mse_f: 9.5303e-04, total loss: 1.3477e-03, Error u,v,p: 1.9888e-02 1.9981e-02 3.7200e-02
It: 66800, Time: 13.71, mse_0: 3.0579e-04, mse_f: 9.5155e-04, total loss: 1.3455e-03, Error u,v,p: 1.9884e-02 1.9955e-02 3.7174e-02
It: 66900, Time: 13.60, mse_0: 3.0555e-04, mse_f: 9.5015e-04, total loss: 1.3437e-03, Error u,v,p: 1.9853e-02 1.9942e-02 3.7173e-02
It: 67000, Time: 13.65, mse_0: 3.0528e-04, mse_f: 9.4863e-04, total loss: 1.3419e-03, Error u,v,p: 1.9836e-02 1.9925e-02 3.7170e-02
It: 67100, Time: 13.60, mse_0: 3.0476e-04, mse_f: 9.4732e-04, total loss: 1.3399e-03, Error u,v,p: 1.9821e-02 1.9921e-02 3.7149e-02
It: 67200, Time: 13.57, mse_0: 3.0457e-04, mse_f: 9.4569e-04, total loss: 1.3379e-03, Error u,v,p: 1.9811e-02 1.9939e-02 3.7175e-02
It: 67300, Time: 13.45, mse_0: 3.0388e-04, mse_f: 9.4444e-04, total loss: 1.3358e-03, Error u,v,p: 1.9798e-02 1.9911e-02 3.7172e-02
It: 67400, Time: 13.72, mse_0: 3.0379e-04, mse_f: 9.4275e-04, total loss: 1.3337e-03, Error u,v,p: 1.9773e-02 1.9897e-02 3.7200e-02
It: 67500, Time: 13.59, mse_0: 3.0329e-04, mse_f: 9.4151e-04, total loss: 1.3318e-03, Error u,v,p: 1.9752e-02 1.9904e-02 3.7227e-02
It: 67600, Time: 13.58, mse_0: 3.0264e-04, mse_f: 9.4033e-04, total loss: 1.3296e-03, Error u,v,p: 1.9724e-02 1.9907e-02 3.7243e-02
It: 67700, Time: 13.78, mse_0: 3.0211e-04, mse_f: 9.3912e-04, total loss: 1.3278e-03, Error u,v,p: 1.9709e-02 1.9908e-02 3.7243e-02
It: 67800, Time: 13.83, mse_0: 3.0196e-04, mse_f: 9.3759e-04, total loss: 1.3259e-03, Error u,v,p: 1.9678e-02 1.9873e-02 3.7237e-02
It: 67900, Time: 13.56, mse_0: 3.0164e-04, mse_f: 9.3629e-04, total loss: 1.3241e-03, Error u,v,p: 1.9663e-02 1.9856e-02 3.7252e-02
It: 68000, Time: 13.47, mse_0: 3.0121e-04, mse_f: 9.3493e-04, total loss: 1.3222e-03, Error u,v,p: 1.9639e-02 1.9837e-02 3.7296e-02
It: 68100, Time: 13.59, mse_0: 3.0124e-04, mse_f: 9.3298e-04, total loss: 1.3201e-03, Error u,v,p: 1.9622e-02 1.9824e-02 3.7340e-02
It: 68200, Time: 13.71, mse_0: 3.0063e-04, mse_f: 9.3198e-04, total loss: 1.3183e-03, Error u,v,p: 1.9609e-02 1.9825e-02 3.7371e-02
It: 68300, Time: 13.53, mse_0: 3.0058e-04, mse_f: 9.3031e-04, total loss: 1.3164e-03, Error u,v,p: 1.9589e-02 1.9794e-02 3.7411e-02
It: 68400, Time: 13.78, mse_0: 3.0014e-04, mse_f: 9.2906e-04, total loss: 1.3144e-03, Error u,v,p: 1.9583e-02 1.9779e-02 3.7485e-02
It: 68500, Time: 13.86, mse_0: 2.9981e-04, mse_f: 9.2756e-04, total loss: 1.3125e-03, Error u,v,p: 1.9590e-02 1.9772e-02 3.7519e-02
It: 68600, Time: 13.56, mse_0: 2.9953e-04, mse_f: 9.2619e-04, total loss: 1.3106e-03, Error u,v,p: 1.9579e-02 1.9774e-02 3.7564e-02
It: 68700, Time: 13.62, mse_0: 2.9934e-04, mse_f: 9.2467e-04, total loss: 1.3088e-03, Error u,v,p: 1.9570e-02 1.9777e-02 3.7605e-02
It: 68800, Time: 13.48, mse_0: 2.9876e-04, mse_f: 9.2351e-04, total loss: 1.3068e-03, Error u,v,p: 1.9565e-02 1.9777e-02 3.7668e-02
It: 68900, Time: 13.77, mse_0: 2.9872e-04, mse_f: 9.2182e-04, total loss: 1.3049e-03, Error u,v,p: 1.9566e-02 1.9770e-02 3.7739e-02
It: 69000, Time: 13.78, mse_0: 2.9872e-04, mse_f: 9.2000e-04, total loss: 1.3028e-03, Error u,v,p: 1.9565e-02 1.9774e-02 3.7758e-02
It: 69100, Time: 13.55, mse_0: 2.9820e-04, mse_f: 9.1872e-04, total loss: 1.3009e-03, Error u,v,p: 1.9576e-02 1.9783e-02 3.7785e-02
It: 69200, Time: 13.57, mse_0: 2.9769e-04, mse_f: 9.1734e-04, total loss: 1.2990e-03, Error u,v,p: 1.9566e-02 1.9792e-02 3.7798e-02
It: 69300, Time: 13.58, mse_0: 2.9761e-04, mse_f: 9.1557e-04, total loss: 1.2970e-03, Error u,v,p: 1.9563e-02 1.9800e-02 3.7827e-02
It: 69400, Time: 13.66, mse_0: 2.9742e-04, mse_f: 9.1386e-04, total loss: 1.2951e-03, Error u,v,p: 1.9541e-02 1.9800e-02 3.7832e-02
It: 69500, Time: 13.58, mse_0: 2.9711e-04, mse_f: 9.1260e-04, total loss: 1.2933e-03, Error u,v,p: 1.9521e-02 1.9817e-02 3.7815e-02
It: 69600, Time: 13.61, mse_0: 2.9731e-04, mse_f: 9.1081e-04, total loss: 1.2916e-03, Error u,v,p: 1.9526e-02 1.9797e-02 3.7815e-02
It: 69700, Time: 13.52, mse_0: 2.9709e-04, mse_f: 9.0948e-04, total loss: 1.2899e-03, Error u,v,p: 1.9533e-02 1.9776e-02 3.7824e-02
It: 69800, Time: 13.56, mse_0: 2.9667e-04, mse_f: 9.0832e-04, total loss: 1.2882e-03, Error u,v,p: 1.9534e-02 1.9777e-02 3.7825e-02
It: 69900, Time: 13.65, mse_0: 2.9628e-04, mse_f: 9.0711e-04, total loss: 1.2865e-03, Error u,v,p: 1.9539e-02 1.9760e-02 3.7827e-02
It: 70000, Time: 13.43, mse_0: 2.9574e-04, mse_f: 9.0593e-04, total loss: 1.2847e-03, Error u,v,p: 1.9531e-02 1.9776e-02 3.7822e-02
Error u: 1.953134e-02
Error v: 1.977582e-02
Error p: 3.782209e-02
ferru =  0.0029143172
ferrv =  0.0029587084
ferrp =  0.012116389
Error u: 1.763359e-02
Error v: 1.792263e-02
Error p: 2.899841e-02
NeuralNet(
  (network): Sequential(
    (0): Linear(in_features=3, out_features=96, bias=True)
    (1): Tanh()
    (2): Linear(in_features=96, out_features=96, bias=True)
    (3): Tanh()
    (4): Linear(in_features=96, out_features=96, bias=True)
    (5): Tanh()
    (6): Linear(in_features=96, out_features=96, bias=True)
    (7): Tanh()
    (8): Linear(in_features=96, out_features=96, bias=True)
    (9): Tanh()
    (10): Linear(in_features=96, out_features=96, bias=True)
    (11): Tanh()
    (12): Linear(in_features=96, out_features=3, bias=True)
  )
)
starting Adam training
It: 100, Time: 11.93, mse_0: 8.3345e-03, mse_f: 4.5360e+00, total loss: 4.9404e+00, Error u,v,p: 1.0089e+00 1.0181e+00 1.0243e+00
It: 200, Time: 11.87, mse_0: 1.3449e-02, mse_f: 6.5946e+00, total loss: 7.1777e+00, Error u,v,p: 1.0162e+00 1.0045e+00 1.0172e+00
It: 300, Time: 11.92, mse_0: 1.9418e-02, mse_f: 9.2234e+00, total loss: 9.9542e+00, Error u,v,p: 1.0118e+00 1.0030e+00 8.9778e-01
It: 400, Time: 11.87, mse_0: 1.1538e-02, mse_f: 1.2321e+01, total loss: 1.3261e+01, Error u,v,p: 1.0155e+00 1.0228e+00 8.5741e-01
It: 500, Time: 11.93, mse_0: 3.8808e-02, mse_f: 1.5620e+01, total loss: 1.6698e+01, Error u,v,p: 1.0416e+00 1.0266e+00 8.2809e-01
It: 600, Time: 12.06, mse_0: 2.1393e-02, mse_f: 1.9902e+01, total loss: 2.1091e+01, Error u,v,p: 1.0631e+00 1.0578e+00 7.8566e-01
It: 700, Time: 11.86, mse_0: 1.5458e-02, mse_f: 2.4993e+01, total loss: 2.6371e+01, Error u,v,p: 1.0609e+00 1.0500e+00 8.5036e-01
It: 800, Time: 12.04, mse_0: 2.1442e-02, mse_f: 3.0620e+01, total loss: 3.2181e+01, Error u,v,p: 1.1436e+00 1.1819e+00 7.7136e-01
It: 900, Time: 11.79, mse_0: 3.8766e-02, mse_f: 3.5626e+01, total loss: 3.7265e+01, Error u,v,p: 1.1536e+00 1.2882e+00 7.8335e-01
It: 1000, Time: 11.93, mse_0: 5.9197e-02, mse_f: 4.0821e+01, total loss: 4.2236e+01, Error u,v,p: 1.1811e+00 1.4256e+00 7.5892e-01
It: 1100, Time: 11.90, mse_0: 1.4301e-01, mse_f: 4.4628e+01, total loss: 4.5981e+01, Error u,v,p: 1.6480e+00 1.7904e+00 7.7979e-01
It: 1200, Time: 11.90, mse_0: 1.9179e-01, mse_f: 4.6819e+01, total loss: 4.8190e+01, Error u,v,p: 2.0457e+00 2.0100e+00 7.6824e-01
It: 1300, Time: 11.89, mse_0: 3.7328e-01, mse_f: 4.7720e+01, total loss: 4.9524e+01, Error u,v,p: 2.3244e+00 2.4622e+00 8.1350e-01
It: 1400, Time: 12.00, mse_0: 4.4819e-01, mse_f: 4.5628e+01, total loss: 4.7309e+01, Error u,v,p: 2.3992e+00 2.2497e+00 7.7012e-01
It: 1500, Time: 11.91, mse_0: 5.9876e-01, mse_f: 3.8977e+01, total loss: 4.0698e+01, Error u,v,p: 2.3221e+00 2.2127e+00 6.8089e-01
It: 1600, Time: 11.92, mse_0: 7.5720e-01, mse_f: 2.2617e+01, total loss: 2.4380e+01, Error u,v,p: 2.2872e+00 2.5272e+00 6.4818e-01
It: 1700, Time: 11.96, mse_0: 5.1052e-01, mse_f: 1.2184e+01, total loss: 1.3267e+01, Error u,v,p: 1.9992e+00 2.0729e+00 5.6778e-01
It: 1800, Time: 11.88, mse_0: 2.6354e-01, mse_f: 8.1295e+00, total loss: 8.7924e+00, Error u,v,p: 1.7059e+00 1.7093e+00 4.8511e-01
It: 1900, Time: 11.81, mse_0: 1.7631e-01, mse_f: 6.4938e+00, total loss: 6.8513e+00, Error u,v,p: 1.4660e+00 1.4626e+00 3.9954e-01
It: 2000, Time: 12.00, mse_0: 1.5039e-01, mse_f: 5.8424e+00, total loss: 6.1128e+00, Error u,v,p: 1.3462e+00 1.3404e+00 3.2612e-01
It: 2100, Time: 12.01, mse_0: 1.5748e-01, mse_f: 5.4299e+00, total loss: 5.6868e+00, Error u,v,p: 1.2815e+00 1.2781e+00 3.0867e-01
It: 2200, Time: 11.89, mse_0: 1.7180e-01, mse_f: 5.1996e+00, total loss: 5.4648e+00, Error u,v,p: 1.2515e+00 1.2575e+00 2.9399e-01
It: 2300, Time: 11.79, mse_0: 1.9095e-01, mse_f: 4.8538e+00, total loss: 5.1327e+00, Error u,v,p: 1.2399e+00 1.2546e+00 3.0513e-01
It: 2400, Time: 11.97, mse_0: 2.0889e-01, mse_f: 4.6288e+00, total loss: 4.9330e+00, Error u,v,p: 1.2259e+00 1.2495e+00 2.9852e-01
It: 2500, Time: 12.02, mse_0: 2.2950e-01, mse_f: 4.6008e+00, total loss: 4.9268e+00, Error u,v,p: 1.2105e+00 1.2460e+00 3.2603e-01
It: 2600, Time: 11.86, mse_0: 2.4231e-01, mse_f: 3.9804e+00, total loss: 4.3099e+00, Error u,v,p: 1.1820e+00 1.2241e+00 3.1850e-01
It: 2700, Time: 11.89, mse_0: 2.5815e-01, mse_f: 3.7673e+00, total loss: 4.1153e+00, Error u,v,p: 1.1564e+00 1.2047e+00 3.1968e-01
It: 2800, Time: 11.98, mse_0: 2.6740e-01, mse_f: 3.4731e+00, total loss: 3.8247e+00, Error u,v,p: 1.1277e+00 1.1760e+00 3.2389e-01
It: 2900, Time: 11.91, mse_0: 2.7065e-01, mse_f: 3.2166e+00, total loss: 3.5659e+00, Error u,v,p: 1.0961e+00 1.1383e+00 3.3570e-01
It: 3000, Time: 11.83, mse_0: 2.7236e-01, mse_f: 3.1083e+00, total loss: 3.4716e+00, Error u,v,p: 1.0595e+00 1.1022e+00 3.6010e-01
It: 3100, Time: 11.85, mse_0: 2.6925e-01, mse_f: 2.7177e+00, total loss: 3.0623e+00, Error u,v,p: 1.0185e+00 1.0708e+00 3.1267e-01
It: 3200, Time: 11.90, mse_0: 2.6711e-01, mse_f: 2.5736e+00, total loss: 2.9186e+00, Error u,v,p: 9.7138e-01 1.0327e+00 3.4095e-01
It: 3300, Time: 11.96, mse_0: 2.5845e-01, mse_f: 2.3305e+00, total loss: 2.6596e+00, Error u,v,p: 9.1997e-01 9.9713e-01 2.7528e-01
It: 3400, Time: 11.90, mse_0: 2.3993e-01, mse_f: 2.1077e+00, total loss: 2.4196e+00, Error u,v,p: 8.7511e-01 9.5488e-01 2.9526e-01
It: 3500, Time: 11.81, mse_0: 2.3480e-01, mse_f: 2.0736e+00, total loss: 2.3873e+00, Error u,v,p: 8.1479e-01 9.0753e-01 2.7921e-01
It: 3600, Time: 11.97, mse_0: 2.0526e-01, mse_f: 1.8207e+00, total loss: 2.0875e+00, Error u,v,p: 7.7161e-01 8.6021e-01 2.8422e-01
It: 3700, Time: 11.89, mse_0: 1.9599e-01, mse_f: 1.6611e+00, total loss: 1.9338e+00, Error u,v,p: 7.2853e-01 8.0607e-01 2.8713e-01
It: 3800, Time: 11.85, mse_0: 1.7111e-01, mse_f: 1.5569e+00, total loss: 1.7932e+00, Error u,v,p: 6.8930e-01 7.5616e-01 2.8933e-01
It: 3900, Time: 11.76, mse_0: 1.5416e-01, mse_f: 1.3346e+00, total loss: 1.5441e+00, Error u,v,p: 6.5147e-01 7.0846e-01 2.8981e-01
It: 4000, Time: 12.01, mse_0: 1.4174e-01, mse_f: 1.2786e+00, total loss: 1.4783e+00, Error u,v,p: 6.0580e-01 6.6289e-01 2.6655e-01
It: 4100, Time: 11.82, mse_0: 1.2624e-01, mse_f: 1.1290e+00, total loss: 1.3059e+00, Error u,v,p: 5.6436e-01 6.2534e-01 2.6047e-01
It: 4200, Time: 11.96, mse_0: 1.1895e-01, mse_f: 1.0854e+00, total loss: 1.2674e+00, Error u,v,p: 5.4392e-01 5.9204e-01 2.4423e-01
It: 4300, Time: 11.93, mse_0: 1.1105e-01, mse_f: 9.3556e-01, total loss: 1.0909e+00, Error u,v,p: 4.9542e-01 5.5451e-01 2.2046e-01
It: 4400, Time: 11.80, mse_0: 9.9022e-02, mse_f: 9.4781e-01, total loss: 1.0940e+00, Error u,v,p: 4.9073e-01 5.1753e-01 2.1961e-01
It: 4500, Time: 11.86, mse_0: 9.1426e-02, mse_f: 8.3726e-01, total loss: 9.7396e-01, Error u,v,p: 4.6707e-01 5.0161e-01 2.0890e-01
It: 4600, Time: 11.96, mse_0: 9.3055e-02, mse_f: 8.1578e-01, total loss: 9.6543e-01, Error u,v,p: 4.3598e-01 4.7713e-01 2.5735e-01
It: 4700, Time: 11.91, mse_0: 8.1814e-02, mse_f: 7.4862e-01, total loss: 8.7340e-01, Error u,v,p: 4.2974e-01 4.4701e-01 2.1657e-01
It: 4800, Time: 11.83, mse_0: 7.5116e-02, mse_f: 7.2508e-01, total loss: 8.3796e-01, Error u,v,p: 4.1273e-01 4.2701e-01 1.8995e-01
It: 4900, Time: 11.82, mse_0: 7.2805e-02, mse_f: 7.1554e-01, total loss: 8.3077e-01, Error u,v,p: 3.9048e-01 4.1999e-01 2.1444e-01
It: 5000, Time: 11.86, mse_0: 6.5948e-02, mse_f: 6.0357e-01, total loss: 7.0398e-01, Error u,v,p: 3.8557e-01 3.9593e-01 1.8343e-01
It: 5100, Time: 11.86, mse_0: 6.6327e-02, mse_f: 6.3530e-01, total loss: 7.4076e-01, Error u,v,p: 3.6364e-01 3.8925e-01 2.0151e-01
It: 5200, Time: 11.80, mse_0: 6.6672e-02, mse_f: 5.9998e-01, total loss: 7.2241e-01, Error u,v,p: 3.5937e-01 3.6801e-01 2.2172e-01
It: 5300, Time: 11.83, mse_0: 5.9066e-02, mse_f: 5.1300e-01, total loss: 6.1102e-01, Error u,v,p: 3.4282e-01 3.5613e-01 1.9595e-01
It: 5400, Time: 11.95, mse_0: 5.4478e-02, mse_f: 5.0352e-01, total loss: 5.9199e-01, Error u,v,p: 3.4140e-01 3.4448e-01 1.8016e-01
It: 5500, Time: 11.90, mse_0: 5.5179e-02, mse_f: 4.7871e-01, total loss: 5.6440e-01, Error u,v,p: 3.3330e-01 3.3455e-01 1.6782e-01
It: 5600, Time: 11.92, mse_0: 5.4623e-02, mse_f: 4.7617e-01, total loss: 5.7351e-01, Error u,v,p: 3.1737e-01 3.2672e-01 1.5966e-01
It: 5700, Time: 11.96, mse_0: 5.3096e-02, mse_f: 5.0450e-01, total loss: 5.9718e-01, Error u,v,p: 3.3460e-01 3.1855e-01 2.0189e-01
It: 5800, Time: 11.95, mse_0: 4.4821e-02, mse_f: 4.0155e-01, total loss: 4.7124e-01, Error u,v,p: 3.0054e-01 3.1139e-01 1.7736e-01
It: 5900, Time: 11.94, mse_0: 4.6366e-02, mse_f: 4.4133e-01, total loss: 5.2515e-01, Error u,v,p: 2.9855e-01 3.0221e-01 1.6848e-01
It: 6000, Time: 12.02, mse_0: 5.1063e-02, mse_f: 4.7645e-01, total loss: 5.6953e-01, Error u,v,p: 3.1136e-01 2.9447e-01 1.7522e-01
It: 6100, Time: 11.93, mse_0: 4.1131e-02, mse_f: 3.5579e-01, total loss: 4.2030e-01, Error u,v,p: 2.8140e-01 2.8565e-01 1.4740e-01
It: 6200, Time: 11.92, mse_0: 4.3161e-02, mse_f: 3.9938e-01, total loss: 4.7550e-01, Error u,v,p: 2.7748e-01 2.8660e-01 1.6371e-01
It: 6300, Time: 11.95, mse_0: 4.2161e-02, mse_f: 3.6009e-01, total loss: 4.3191e-01, Error u,v,p: 2.7739e-01 2.8157e-01 1.6444e-01
It: 6400, Time: 11.93, mse_0: 4.0757e-02, mse_f: 3.6677e-01, total loss: 4.3191e-01, Error u,v,p: 2.6500e-01 2.8931e-01 1.4886e-01
It: 6500, Time: 11.90, mse_0: 3.8026e-02, mse_f: 3.8192e-01, total loss: 4.4853e-01, Error u,v,p: 2.7330e-01 2.7132e-01 1.6644e-01
It: 6600, Time: 11.98, mse_0: 4.3266e-02, mse_f: 3.8471e-01, total loss: 4.5636e-01, Error u,v,p: 2.6271e-01 2.7237e-01 1.5384e-01
It: 6700, Time: 11.86, mse_0: 3.5738e-02, mse_f: 3.1835e-01, total loss: 3.7772e-01, Error u,v,p: 2.5111e-01 2.5502e-01 1.4213e-01
It: 6800, Time: 12.09, mse_0: 4.3562e-02, mse_f: 3.3385e-01, total loss: 4.1059e-01, Error u,v,p: 2.6273e-01 2.5923e-01 1.3630e-01
It: 6900, Time: 11.92, mse_0: 3.4709e-02, mse_f: 3.4775e-01, total loss: 4.1121e-01, Error u,v,p: 2.4887e-01 2.5322e-01 1.5399e-01
It: 7000, Time: 11.79, mse_0: 3.4742e-02, mse_f: 2.8658e-01, total loss: 3.4561e-01, Error u,v,p: 2.3829e-01 2.3982e-01 1.2686e-01
It: 7100, Time: 11.78, mse_0: 3.2938e-02, mse_f: 3.2855e-01, total loss: 3.8360e-01, Error u,v,p: 2.4071e-01 2.4075e-01 1.5122e-01
It: 7200, Time: 11.86, mse_0: 3.4899e-02, mse_f: 3.0565e-01, total loss: 3.6910e-01, Error u,v,p: 2.3449e-01 2.5369e-01 1.3405e-01
It: 7300, Time: 11.95, mse_0: 3.1919e-02, mse_f: 3.6832e-01, total loss: 4.2640e-01, Error u,v,p: 2.3307e-01 2.3857e-01 1.3604e-01
It: 7400, Time: 11.85, mse_0: 3.2048e-02, mse_f: 3.4453e-01, total loss: 4.0810e-01, Error u,v,p: 2.3295e-01 2.3545e-01 1.4019e-01
It: 7500, Time: 11.91, mse_0: 3.6452e-02, mse_f: 3.4983e-01, total loss: 4.1569e-01, Error u,v,p: 2.2808e-01 2.4292e-01 1.2397e-01
It: 7600, Time: 12.00, mse_0: 3.1056e-02, mse_f: 3.0366e-01, total loss: 3.6255e-01, Error u,v,p: 2.2459e-01 2.3398e-01 1.5244e-01
It: 7700, Time: 11.79, mse_0: 2.8805e-02, mse_f: 2.9029e-01, total loss: 3.4502e-01, Error u,v,p: 2.2175e-01 2.1685e-01 1.2554e-01
It: 7800, Time: 12.06, mse_0: 3.2687e-02, mse_f: 2.7406e-01, total loss: 3.3292e-01, Error u,v,p: 2.1744e-01 2.2994e-01 1.1966e-01
It: 7900, Time: 11.91, mse_0: 3.3212e-02, mse_f: 2.8543e-01, total loss: 3.3852e-01, Error u,v,p: 2.1901e-01 2.1557e-01 1.3867e-01
It: 8000, Time: 11.94, mse_0: 3.3400e-02, mse_f: 2.6842e-01, total loss: 3.3058e-01, Error u,v,p: 2.1229e-01 2.3457e-01 1.4209e-01
It: 8100, Time: 11.88, mse_0: 2.9896e-02, mse_f: 2.9539e-01, total loss: 3.4826e-01, Error u,v,p: 2.1433e-01 2.1390e-01 1.4339e-01
It: 8200, Time: 12.04, mse_0: 2.9691e-02, mse_f: 3.1000e-01, total loss: 3.7248e-01, Error u,v,p: 2.0947e-01 2.2198e-01 1.1760e-01
It: 8300, Time: 11.77, mse_0: 2.6036e-02, mse_f: 2.4965e-01, total loss: 2.9694e-01, Error u,v,p: 2.0373e-01 2.0879e-01 1.3056e-01
It: 8400, Time: 11.88, mse_0: 2.4892e-02, mse_f: 2.8279e-01, total loss: 3.2652e-01, Error u,v,p: 2.0741e-01 2.1211e-01 1.2366e-01
It: 8500, Time: 11.93, mse_0: 2.8550e-02, mse_f: 2.2647e-01, total loss: 2.7735e-01, Error u,v,p: 2.0247e-01 2.0532e-01 1.3845e-01
It: 8600, Time: 11.96, mse_0: 2.8736e-02, mse_f: 2.1774e-01, total loss: 2.6541e-01, Error u,v,p: 2.0055e-01 2.0393e-01 1.3456e-01
It: 8700, Time: 11.87, mse_0: 2.4672e-02, mse_f: 2.6313e-01, total loss: 3.0891e-01, Error u,v,p: 2.0519e-01 2.0441e-01 1.2068e-01
It: 8800, Time: 11.89, mse_0: 2.8536e-02, mse_f: 2.9669e-01, total loss: 3.5608e-01, Error u,v,p: 2.0165e-01 2.1252e-01 1.3954e-01
It: 8900, Time: 11.89, mse_0: 2.5731e-02, mse_f: 2.8665e-01, total loss: 3.3235e-01, Error u,v,p: 1.9826e-01 2.1201e-01 1.2065e-01
It: 9000, Time: 11.92, mse_0: 2.5678e-02, mse_f: 2.2985e-01, total loss: 2.8058e-01, Error u,v,p: 2.0320e-01 2.0462e-01 1.3399e-01
It: 9100, Time: 11.90, mse_0: 2.3464e-02, mse_f: 1.9276e-01, total loss: 2.3599e-01, Error u,v,p: 1.8587e-01 1.8713e-01 1.1267e-01
It: 9200, Time: 11.91, mse_0: 2.6303e-02, mse_f: 2.4161e-01, total loss: 2.8564e-01, Error u,v,p: 2.0239e-01 1.9577e-01 1.1852e-01
It: 9300, Time: 11.95, mse_0: 2.4007e-02, mse_f: 2.2636e-01, total loss: 2.7127e-01, Error u,v,p: 1.8469e-01 2.0228e-01 1.1150e-01
It: 9400, Time: 11.94, mse_0: 2.3958e-02, mse_f: 2.5199e-01, total loss: 2.9967e-01, Error u,v,p: 1.9230e-01 1.9062e-01 1.1090e-01
It: 9500, Time: 11.94, mse_0: 2.3281e-02, mse_f: 2.1324e-01, total loss: 2.5961e-01, Error u,v,p: 1.8132e-01 1.8300e-01 1.1159e-01
It: 9600, Time: 11.88, mse_0: 2.8535e-02, mse_f: 2.7628e-01, total loss: 3.2665e-01, Error u,v,p: 1.9497e-01 1.8486e-01 1.1277e-01
It: 9700, Time: 12.00, mse_0: 2.2493e-02, mse_f: 2.4685e-01, total loss: 2.9090e-01, Error u,v,p: 1.8498e-01 1.9094e-01 1.1248e-01
It: 9800, Time: 11.84, mse_0: 2.6516e-02, mse_f: 2.5690e-01, total loss: 3.0964e-01, Error u,v,p: 1.7755e-01 2.0323e-01 1.0798e-01
It: 9900, Time: 11.88, mse_0: 2.3014e-02, mse_f: 2.3430e-01, total loss: 2.8337e-01, Error u,v,p: 1.7985e-01 1.8395e-01 1.1069e-01
It: 10000, Time: 12.02, mse_0: 2.1947e-02, mse_f: 2.5779e-01, total loss: 3.0111e-01, Error u,v,p: 1.8213e-01 1.8840e-01 1.0939e-01
It: 10100, Time: 11.86, mse_0: 2.5109e-02, mse_f: 2.3441e-01, total loss: 2.8593e-01, Error u,v,p: 1.9019e-01 1.9961e-01 1.4764e-01
It: 10200, Time: 11.95, mse_0: 2.1979e-02, mse_f: 2.4933e-01, total loss: 2.9859e-01, Error u,v,p: 1.8334e-01 1.7791e-01 1.1626e-01
It: 10300, Time: 11.99, mse_0: 2.3151e-02, mse_f: 2.5499e-01, total loss: 2.9840e-01, Error u,v,p: 1.7614e-01 1.7791e-01 1.1810e-01
It: 10400, Time: 11.83, mse_0: 1.9901e-02, mse_f: 1.7661e-01, total loss: 2.1452e-01, Error u,v,p: 1.7964e-01 1.7794e-01 1.0744e-01
It: 10500, Time: 11.85, mse_0: 2.5364e-02, mse_f: 2.4372e-01, total loss: 2.9509e-01, Error u,v,p: 1.9029e-01 1.7333e-01 1.0312e-01
It: 10600, Time: 12.10, mse_0: 2.3883e-02, mse_f: 2.4574e-01, total loss: 2.9358e-01, Error u,v,p: 1.8348e-01 1.8054e-01 1.0203e-01
It: 10700, Time: 11.96, mse_0: 2.2345e-02, mse_f: 2.4497e-01, total loss: 2.8751e-01, Error u,v,p: 1.7390e-01 1.6980e-01 1.0564e-01
It: 10800, Time: 11.85, mse_0: 2.0082e-02, mse_f: 2.3662e-01, total loss: 2.8350e-01, Error u,v,p: 1.7065e-01 1.7402e-01 1.0769e-01
It: 10900, Time: 11.84, mse_0: 2.8959e-02, mse_f: 2.4688e-01, total loss: 2.9813e-01, Error u,v,p: 1.7577e-01 1.8306e-01 1.0174e-01
It: 11000, Time: 11.90, mse_0: 2.4972e-02, mse_f: 2.3170e-01, total loss: 2.8373e-01, Error u,v,p: 2.0374e-01 1.7094e-01 1.0197e-01
It: 11100, Time: 11.85, mse_0: 2.2093e-02, mse_f: 2.3617e-01, total loss: 2.7927e-01, Error u,v,p: 1.9389e-01 1.7029e-01 1.2050e-01
It: 11200, Time: 12.08, mse_0: 2.2385e-02, mse_f: 2.4876e-01, total loss: 3.0268e-01, Error u,v,p: 1.6851e-01 1.8785e-01 1.0272e-01
It: 11300, Time: 11.73, mse_0: 1.8468e-02, mse_f: 1.6043e-01, total loss: 1.9316e-01, Error u,v,p: 1.5978e-01 1.6801e-01 1.0228e-01
It: 11400, Time: 11.94, mse_0: 2.0482e-02, mse_f: 1.5687e-01, total loss: 1.9446e-01, Error u,v,p: 1.6975e-01 1.8431e-01 1.2531e-01
It: 11500, Time: 11.97, mse_0: 2.0447e-02, mse_f: 1.8544e-01, total loss: 2.2886e-01, Error u,v,p: 1.6483e-01 1.6618e-01 1.0985e-01
It: 11600, Time: 11.91, mse_0: 2.0621e-02, mse_f: 1.5952e-01, total loss: 1.9701e-01, Error u,v,p: 1.6142e-01 1.5815e-01 9.8155e-02
It: 11700, Time: 11.93, mse_0: 2.1404e-02, mse_f: 1.8875e-01, total loss: 2.3116e-01, Error u,v,p: 1.5883e-01 1.7329e-01 1.0340e-01
It: 11800, Time: 11.92, mse_0: 1.8193e-02, mse_f: 1.9142e-01, total loss: 2.2804e-01, Error u,v,p: 1.6925e-01 1.7418e-01 1.0713e-01
It: 11900, Time: 11.91, mse_0: 1.6268e-02, mse_f: 1.3006e-01, total loss: 1.5658e-01, Error u,v,p: 1.5768e-01 1.6069e-01 1.1812e-01
It: 12000, Time: 11.93, mse_0: 1.9438e-02, mse_f: 1.8287e-01, total loss: 2.1832e-01, Error u,v,p: 1.7446e-01 1.6645e-01 1.1818e-01
It: 12100, Time: 11.94, mse_0: 2.6951e-02, mse_f: 3.3300e-01, total loss: 3.9721e-01, Error u,v,p: 1.9960e-01 1.7859e-01 1.0729e-01
It: 12200, Time: 11.98, mse_0: 2.1027e-02, mse_f: 1.5835e-01, total loss: 2.0313e-01, Error u,v,p: 1.5370e-01 1.6798e-01 9.7381e-02
It: 12300, Time: 11.81, mse_0: 1.6667e-02, mse_f: 1.3904e-01, total loss: 1.6889e-01, Error u,v,p: 1.5551e-01 1.5263e-01 1.0514e-01
It: 12400, Time: 11.83, mse_0: 2.3732e-02, mse_f: 1.6626e-01, total loss: 2.1392e-01, Error u,v,p: 1.6215e-01 2.0967e-01 9.4212e-02
It: 12500, Time: 12.00, mse_0: 2.5518e-02, mse_f: 2.2047e-01, total loss: 2.7112e-01, Error u,v,p: 1.5053e-01 1.5588e-01 1.0057e-01
It: 12600, Time: 11.87, mse_0: 2.3548e-02, mse_f: 2.7928e-01, total loss: 3.3602e-01, Error u,v,p: 1.7118e-01 1.6290e-01 1.0389e-01
It: 12700, Time: 11.82, mse_0: 2.0629e-02, mse_f: 1.4923e-01, total loss: 1.9101e-01, Error u,v,p: 1.5559e-01 1.5630e-01 1.0270e-01
It: 12800, Time: 11.90, mse_0: 1.5309e-02, mse_f: 1.2334e-01, total loss: 1.4850e-01, Error u,v,p: 1.4929e-01 1.5171e-01 9.7616e-02
It: 12900, Time: 11.81, mse_0: 1.6083e-02, mse_f: 1.4057e-01, total loss: 1.6878e-01, Error u,v,p: 1.4661e-01 1.5195e-01 9.6376e-02
It: 13000, Time: 11.94, mse_0: 1.8218e-02, mse_f: 1.3294e-01, total loss: 1.6531e-01, Error u,v,p: 1.5220e-01 1.9743e-01 1.2098e-01
It: 13100, Time: 12.06, mse_0: 2.2031e-02, mse_f: 2.3676e-01, total loss: 2.9123e-01, Error u,v,p: 1.5902e-01 1.6630e-01 1.2246e-01
It: 13200, Time: 11.99, mse_0: 1.6308e-02, mse_f: 1.5761e-01, total loss: 1.8639e-01, Error u,v,p: 1.4527e-01 1.4807e-01 1.0381e-01
It: 13300, Time: 11.84, mse_0: 1.6801e-02, mse_f: 1.4393e-01, total loss: 1.7267e-01, Error u,v,p: 1.4093e-01 1.5390e-01 9.9979e-02
It: 13400, Time: 11.87, mse_0: 2.1570e-02, mse_f: 2.0451e-01, total loss: 2.4650e-01, Error u,v,p: 1.6018e-01 1.5621e-01 9.5649e-02
It: 13500, Time: 11.97, mse_0: 1.9294e-02, mse_f: 1.9045e-01, total loss: 2.2405e-01, Error u,v,p: 1.4908e-01 1.4690e-01 1.0249e-01
It: 13600, Time: 11.80, mse_0: 2.0157e-02, mse_f: 1.9942e-01, total loss: 2.4606e-01, Error u,v,p: 1.4940e-01 1.5851e-01 1.0826e-01
It: 13700, Time: 12.05, mse_0: 1.5681e-02, mse_f: 2.1381e-01, total loss: 2.4699e-01, Error u,v,p: 1.4794e-01 1.5408e-01 9.8437e-02
It: 13800, Time: 11.96, mse_0: 2.5811e-02, mse_f: 1.8764e-01, total loss: 2.3616e-01, Error u,v,p: 1.9813e-01 1.5645e-01 1.0891e-01
It: 13900, Time: 12.05, mse_0: 2.0943e-02, mse_f: 1.3415e-01, total loss: 1.7695e-01, Error u,v,p: 1.4085e-01 1.5752e-01 9.4857e-02
It: 14000, Time: 11.87, mse_0: 2.1842e-02, mse_f: 1.8999e-01, total loss: 2.3309e-01, Error u,v,p: 1.5599e-01 1.5256e-01 1.1244e-01
It: 14100, Time: 11.96, mse_0: 1.5800e-02, mse_f: 1.9569e-01, total loss: 2.3049e-01, Error u,v,p: 1.4031e-01 1.4451e-01 9.7409e-02
It: 14200, Time: 11.97, mse_0: 3.4640e-02, mse_f: 6.6183e-01, total loss: 7.6552e-01, Error u,v,p: 1.9676e-01 1.9081e-01 1.2117e-01
It: 14300, Time: 12.01, mse_0: 2.0183e-02, mse_f: 1.7367e-01, total loss: 2.2231e-01, Error u,v,p: 1.5375e-01 1.8978e-01 9.8699e-02
It: 14400, Time: 11.82, mse_0: 1.5383e-02, mse_f: 1.2987e-01, total loss: 1.6357e-01, Error u,v,p: 1.4414e-01 1.4976e-01 9.8258e-02
It: 14500, Time: 11.83, mse_0: 1.3635e-02, mse_f: 1.1547e-01, total loss: 1.3997e-01, Error u,v,p: 1.3196e-01 1.3955e-01 9.8947e-02
It: 14600, Time: 11.99, mse_0: 2.0537e-02, mse_f: 3.6082e-01, total loss: 4.2369e-01, Error u,v,p: 1.6973e-01 1.7652e-01 1.2009e-01
It: 14700, Time: 11.77, mse_0: 1.8531e-02, mse_f: 1.5054e-01, total loss: 1.9198e-01, Error u,v,p: 1.3710e-01 1.4155e-01 9.8919e-02
It: 14800, Time: 11.89, mse_0: 1.3405e-02, mse_f: 1.1449e-01, total loss: 1.3888e-01, Error u,v,p: 1.3596e-01 1.4055e-01 1.0179e-01
It: 14900, Time: 11.89, mse_0: 1.2144e-02, mse_f: 1.0203e-01, total loss: 1.2110e-01, Error u,v,p: 1.3500e-01 1.3410e-01 9.1492e-02
It: 15000, Time: 12.06, mse_0: 1.7558e-02, mse_f: 2.3115e-01, total loss: 2.6705e-01, Error u,v,p: 1.3449e-01 1.4592e-01 9.1194e-02
It: 15100, Time: 11.96, mse_0: 1.3621e-02, mse_f: 1.3682e-01, total loss: 1.6288e-01, Error u,v,p: 1.3648e-01 1.3733e-01 9.8191e-02
It: 15200, Time: 11.92, mse_0: 1.3558e-02, mse_f: 1.1471e-01, total loss: 1.3838e-01, Error u,v,p: 1.3016e-01 1.3882e-01 9.0327e-02
It: 15300, Time: 11.81, mse_0: 1.7661e-02, mse_f: 1.9282e-01, total loss: 2.2981e-01, Error u,v,p: 1.4245e-01 1.5251e-01 9.9506e-02
It: 15400, Time: 11.91, mse_0: 1.9370e-02, mse_f: 1.2052e-01, total loss: 1.6762e-01, Error u,v,p: 1.3034e-01 1.3556e-01 9.3378e-02
It: 15500, Time: 11.90, mse_0: 1.5600e-02, mse_f: 1.8475e-01, total loss: 2.2041e-01, Error u,v,p: 1.3512e-01 1.3911e-01 9.1216e-02
It: 15600, Time: 11.85, mse_0: 1.2582e-02, mse_f: 1.0767e-01, total loss: 1.2874e-01, Error u,v,p: 1.2727e-01 1.3103e-01 9.1781e-02
It: 15700, Time: 11.92, mse_0: 2.6526e-02, mse_f: 1.9553e-01, total loss: 2.5285e-01, Error u,v,p: 1.4722e-01 1.3405e-01 9.5184e-02
It: 15800, Time: 11.93, mse_0: 1.4605e-02, mse_f: 1.4071e-01, total loss: 1.6929e-01, Error u,v,p: 1.5355e-01 1.4832e-01 1.1065e-01
It: 15900, Time: 11.92, mse_0: 1.9441e-02, mse_f: 1.7151e-01, total loss: 2.1439e-01, Error u,v,p: 1.6633e-01 1.3465e-01 9.1371e-02
It: 16000, Time: 11.80, mse_0: 1.4797e-02, mse_f: 1.0644e-01, total loss: 1.3468e-01, Error u,v,p: 1.3222e-01 1.3462e-01 9.4460e-02
It: 16100, Time: 12.01, mse_0: 1.2564e-02, mse_f: 1.2784e-01, total loss: 1.5162e-01, Error u,v,p: 1.2718e-01 1.2951e-01 9.4448e-02
It: 16200, Time: 11.90, mse_0: 2.0151e-02, mse_f: 2.0819e-01, total loss: 2.5807e-01, Error u,v,p: 1.5981e-01 1.6132e-01 9.0968e-02
It: 16300, Time: 11.94, mse_0: 2.3391e-02, mse_f: 1.5771e-01, total loss: 2.0928e-01, Error u,v,p: 1.4660e-01 1.6892e-01 1.0297e-01
It: 16400, Time: 11.90, mse_0: 1.2351e-02, mse_f: 1.0938e-01, total loss: 1.3126e-01, Error u,v,p: 1.3131e-01 1.3581e-01 9.5482e-02
It: 16500, Time: 11.90, mse_0: 1.9843e-02, mse_f: 1.4575e-01, total loss: 1.9157e-01, Error u,v,p: 1.2693e-01 1.6738e-01 9.4064e-02
It: 16600, Time: 11.80, mse_0: 1.7986e-02, mse_f: 1.3530e-01, total loss: 1.7820e-01, Error u,v,p: 1.4680e-01 1.4368e-01 9.0369e-02
It: 16700, Time: 11.77, mse_0: 1.3995e-02, mse_f: 1.0495e-01, total loss: 1.3784e-01, Error u,v,p: 1.2344e-01 1.2949e-01 8.7425e-02
It: 16800, Time: 11.87, mse_0: 1.3893e-02, mse_f: 1.0837e-01, total loss: 1.3725e-01, Error u,v,p: 1.3043e-01 1.5334e-01 1.0319e-01
It: 16900, Time: 11.89, mse_0: 1.5305e-02, mse_f: 1.2651e-01, total loss: 1.5930e-01, Error u,v,p: 1.3491e-01 1.5423e-01 1.0819e-01
It: 17000, Time: 11.87, mse_0: 1.3339e-02, mse_f: 1.0476e-01, total loss: 1.3004e-01, Error u,v,p: 1.2356e-01 1.2482e-01 8.5239e-02
It: 17100, Time: 12.00, mse_0: 2.4478e-02, mse_f: 2.0283e-01, total loss: 2.6525e-01, Error u,v,p: 1.4541e-01 1.4543e-01 1.0093e-01
It: 17200, Time: 12.02, mse_0: 1.5514e-02, mse_f: 1.2657e-01, total loss: 1.5672e-01, Error u,v,p: 1.2959e-01 1.2551e-01 9.9153e-02
It: 17300, Time: 11.84, mse_0: 1.1686e-02, mse_f: 1.0423e-01, total loss: 1.2706e-01, Error u,v,p: 1.2324e-01 1.2426e-01 9.4368e-02
It: 17400, Time: 11.95, mse_0: 1.4495e-02, mse_f: 1.6347e-01, total loss: 1.9609e-01, Error u,v,p: 1.3264e-01 1.4982e-01 9.3773e-02
It: 17500, Time: 11.93, mse_0: 1.4285e-02, mse_f: 1.1556e-01, total loss: 1.4585e-01, Error u,v,p: 1.2402e-01 1.2501e-01 9.1069e-02
It: 17600, Time: 11.99, mse_0: 2.2240e-02, mse_f: 1.2937e-01, total loss: 1.8244e-01, Error u,v,p: 1.2520e-01 1.5555e-01 8.8953e-02
It: 17700, Time: 11.96, mse_0: 1.7535e-02, mse_f: 1.4022e-01, total loss: 1.8919e-01, Error u,v,p: 1.3489e-01 1.5662e-01 9.9864e-02
It: 17800, Time: 11.91, mse_0: 1.2175e-02, mse_f: 9.9529e-02, total loss: 1.2431e-01, Error u,v,p: 1.1790e-01 1.2184e-01 9.3275e-02
It: 17900, Time: 11.84, mse_0: 1.7901e-02, mse_f: 1.4057e-01, total loss: 1.8109e-01, Error u,v,p: 1.6168e-01 1.7847e-01 1.3157e-01
It: 18000, Time: 11.91, mse_0: 2.2925e-02, mse_f: 1.3269e-01, total loss: 1.9198e-01, Error u,v,p: 1.2338e-01 1.2496e-01 9.6206e-02
It: 18100, Time: 11.89, mse_0: 1.2707e-02, mse_f: 1.0219e-01, total loss: 1.2819e-01, Error u,v,p: 1.3367e-01 1.2761e-01 1.0256e-01
It: 18200, Time: 11.90, mse_0: 1.2235e-02, mse_f: 1.3772e-01, total loss: 1.6469e-01, Error u,v,p: 1.2773e-01 1.3148e-01 8.6323e-02
It: 18300, Time: 11.86, mse_0: 1.1274e-02, mse_f: 1.0500e-01, total loss: 1.2637e-01, Error u,v,p: 1.2292e-01 1.3553e-01 9.2863e-02
It: 18400, Time: 11.94, mse_0: 1.4195e-02, mse_f: 1.3247e-01, total loss: 1.6462e-01, Error u,v,p: 1.2130e-01 1.4303e-01 9.5757e-02
It: 18500, Time: 11.84, mse_0: 1.9934e-02, mse_f: 1.6691e-01, total loss: 2.0536e-01, Error u,v,p: 1.4470e-01 1.7900e-01 9.4555e-02
It: 18600, Time: 12.03, mse_0: 1.6099e-02, mse_f: 1.1688e-01, total loss: 1.5136e-01, Error u,v,p: 1.1683e-01 1.2543e-01 9.0733e-02
It: 18700, Time: 12.07, mse_0: 2.0169e-02, mse_f: 1.4999e-01, total loss: 1.8851e-01, Error u,v,p: 1.4836e-01 1.4178e-01 9.0329e-02
It: 18800, Time: 11.85, mse_0: 2.2444e-02, mse_f: 1.4799e-01, total loss: 2.0485e-01, Error u,v,p: 1.6287e-01 1.3226e-01 1.0244e-01
It: 18900, Time: 11.88, mse_0: 1.3784e-02, mse_f: 1.6417e-01, total loss: 1.9185e-01, Error u,v,p: 1.2977e-01 1.2849e-01 8.6492e-02
It: 19000, Time: 11.82, mse_0: 1.0254e-02, mse_f: 8.7038e-02, total loss: 1.0532e-01, Error u,v,p: 1.1611e-01 1.2082e-01 8.4677e-02
It: 19100, Time: 11.85, mse_0: 1.6328e-02, mse_f: 1.0948e-01, total loss: 1.4543e-01, Error u,v,p: 1.2397e-01 1.1866e-01 8.6183e-02
It: 19200, Time: 11.96, mse_0: 1.4501e-02, mse_f: 1.5508e-01, total loss: 1.8759e-01, Error u,v,p: 1.4186e-01 1.2467e-01 8.6917e-02
It: 19300, Time: 11.87, mse_0: 1.1559e-02, mse_f: 1.4057e-01, total loss: 1.6634e-01, Error u,v,p: 1.2164e-01 1.3345e-01 8.9756e-02
It: 19400, Time: 11.74, mse_0: 1.3044e-02, mse_f: 1.1023e-01, total loss: 1.4459e-01, Error u,v,p: 1.1995e-01 1.3377e-01 1.0069e-01
It: 19500, Time: 11.90, mse_0: 1.5691e-02, mse_f: 1.2401e-01, total loss: 1.6028e-01, Error u,v,p: 1.6247e-01 1.2580e-01 9.7714e-02
It: 19600, Time: 11.77, mse_0: 1.4695e-02, mse_f: 9.7520e-02, total loss: 1.2686e-01, Error u,v,p: 1.1817e-01 1.3140e-01 8.8412e-02
It: 19700, Time: 11.93, mse_0: 1.3897e-02, mse_f: 1.2039e-01, total loss: 1.5138e-01, Error u,v,p: 1.2124e-01 1.3010e-01 8.4968e-02
It: 19800, Time: 11.93, mse_0: 1.4393e-02, mse_f: 1.0851e-01, total loss: 1.4038e-01, Error u,v,p: 1.2080e-01 1.3047e-01 1.0528e-01
It: 19900, Time: 11.94, mse_0: 1.3713e-02, mse_f: 1.1022e-01, total loss: 1.4061e-01, Error u,v,p: 1.1879e-01 1.3069e-01 8.3311e-02
It: 20000, Time: 11.89, mse_0: 1.4836e-02, mse_f: 1.6543e-01, total loss: 2.0571e-01, Error u,v,p: 1.2521e-01 1.3244e-01 1.0534e-01
It: 20100, Time: 11.88, mse_0: 1.2764e-02, mse_f: 1.3068e-01, total loss: 1.5848e-01, Error u,v,p: 1.1853e-01 1.3558e-01 9.2523e-02
It: 20200, Time: 11.92, mse_0: 1.2951e-02, mse_f: 1.2812e-01, total loss: 1.5881e-01, Error u,v,p: 1.1730e-01 1.3901e-01 8.9355e-02
It: 20300, Time: 11.89, mse_0: 1.0672e-02, mse_f: 1.6150e-01, total loss: 1.8979e-01, Error u,v,p: 1.2218e-01 1.2353e-01 9.0529e-02
It: 20400, Time: 11.89, mse_0: 1.3109e-02, mse_f: 1.2842e-01, total loss: 1.5350e-01, Error u,v,p: 1.2045e-01 1.2769e-01 9.4121e-02
It: 20500, Time: 11.91, mse_0: 1.1627e-02, mse_f: 8.6387e-02, total loss: 1.0708e-01, Error u,v,p: 1.1657e-01 1.4280e-01 9.2948e-02
It: 20600, Time: 11.92, mse_0: 1.2043e-02, mse_f: 1.6167e-01, total loss: 2.0095e-01, Error u,v,p: 1.2323e-01 1.2698e-01 9.2660e-02
It: 20700, Time: 11.97, mse_0: 1.8465e-02, mse_f: 1.5916e-01, total loss: 2.0854e-01, Error u,v,p: 1.4705e-01 1.2520e-01 8.9603e-02
It: 20800, Time: 11.83, mse_0: 1.3758e-02, mse_f: 1.4192e-01, total loss: 1.7468e-01, Error u,v,p: 1.3358e-01 1.2768e-01 9.9022e-02
It: 20900, Time: 11.97, mse_0: 1.5096e-02, mse_f: 9.4412e-02, total loss: 1.2118e-01, Error u,v,p: 1.2539e-01 1.3094e-01 9.3726e-02
It: 21000, Time: 11.80, mse_0: 1.4533e-02, mse_f: 1.0873e-01, total loss: 1.4225e-01, Error u,v,p: 1.1828e-01 1.2135e-01 8.5555e-02
It: 21100, Time: 11.89, mse_0: 1.0510e-02, mse_f: 1.4892e-01, total loss: 1.7663e-01, Error u,v,p: 1.1443e-01 1.3045e-01 8.8983e-02
It: 21200, Time: 11.98, mse_0: 1.0830e-02, mse_f: 9.5086e-02, total loss: 1.1768e-01, Error u,v,p: 1.1162e-01 1.2804e-01 9.0711e-02
It: 21300, Time: 11.96, mse_0: 9.4610e-03, mse_f: 8.1368e-02, total loss: 9.9568e-02, Error u,v,p: 1.1269e-01 1.2065e-01 9.0740e-02
It: 21400, Time: 11.81, mse_0: 1.5324e-02, mse_f: 1.1541e-01, total loss: 1.4603e-01, Error u,v,p: 1.2228e-01 1.3343e-01 8.2844e-02
It: 21500, Time: 11.93, mse_0: 1.3959e-02, mse_f: 1.5608e-01, total loss: 1.8851e-01, Error u,v,p: 1.2118e-01 1.2560e-01 9.7807e-02
It: 21600, Time: 12.12, mse_0: 9.5041e-03, mse_f: 8.1367e-02, total loss: 9.9583e-02, Error u,v,p: 1.0938e-01 1.1903e-01 8.5371e-02
It: 21700, Time: 11.86, mse_0: 1.1696e-02, mse_f: 1.0471e-01, total loss: 1.2884e-01, Error u,v,p: 1.1423e-01 1.1646e-01 9.2004e-02
It: 21800, Time: 11.89, mse_0: 1.7001e-02, mse_f: 1.4535e-01, total loss: 1.9699e-01, Error u,v,p: 1.2564e-01 1.2309e-01 9.4855e-02
It: 21900, Time: 11.98, mse_0: 1.1087e-02, mse_f: 9.2397e-02, total loss: 1.1913e-01, Error u,v,p: 1.2262e-01 1.2146e-01 8.4776e-02
It: 22000, Time: 12.02, mse_0: 1.0316e-02, mse_f: 1.2204e-01, total loss: 1.4713e-01, Error u,v,p: 1.1040e-01 1.1269e-01 8.5303e-02
It: 22100, Time: 12.03, mse_0: 1.3419e-02, mse_f: 1.6635e-01, total loss: 2.0426e-01, Error u,v,p: 1.1606e-01 1.2483e-01 9.4552e-02
It: 22200, Time: 11.78, mse_0: 1.0391e-02, mse_f: 1.2688e-01, total loss: 1.5387e-01, Error u,v,p: 1.1590e-01 1.1484e-01 8.1954e-02
It: 22300, Time: 11.90, mse_0: 1.5059e-02, mse_f: 9.6897e-02, total loss: 1.3490e-01, Error u,v,p: 1.1678e-01 1.3303e-01 7.9693e-02
It: 22400, Time: 11.86, mse_0: 1.0162e-02, mse_f: 9.4808e-02, total loss: 1.1596e-01, Error u,v,p: 1.1986e-01 1.1397e-01 8.7609e-02
It: 22500, Time: 11.89, mse_0: 1.0963e-02, mse_f: 1.3592e-01, total loss: 1.7099e-01, Error u,v,p: 1.2252e-01 1.1320e-01 8.7451e-02
It: 22600, Time: 11.92, mse_0: 1.4775e-02, mse_f: 1.5084e-01, total loss: 1.8269e-01, Error u,v,p: 1.3638e-01 1.1597e-01 9.1199e-02
It: 22700, Time: 11.89, mse_0: 1.0027e-02, mse_f: 1.0306e-01, total loss: 1.2280e-01, Error u,v,p: 1.1586e-01 1.1780e-01 9.1231e-02
It: 22800, Time: 11.83, mse_0: 1.3854e-02, mse_f: 1.1113e-01, total loss: 1.5058e-01, Error u,v,p: 1.1443e-01 1.1322e-01 8.1483e-02
It: 22900, Time: 11.82, mse_0: 1.3441e-02, mse_f: 1.3512e-01, total loss: 1.6308e-01, Error u,v,p: 1.1589e-01 1.2327e-01 8.9418e-02
It: 23000, Time: 11.90, mse_0: 1.0416e-02, mse_f: 1.1729e-01, total loss: 1.4081e-01, Error u,v,p: 1.1077e-01 1.2073e-01 8.7625e-02
It: 23100, Time: 11.92, mse_0: 1.1360e-02, mse_f: 9.0582e-02, total loss: 1.2124e-01, Error u,v,p: 1.0637e-01 1.1541e-01 8.4354e-02
It: 23200, Time: 11.92, mse_0: 1.1464e-02, mse_f: 1.2170e-01, total loss: 1.5111e-01, Error u,v,p: 1.0981e-01 1.1509e-01 8.9709e-02
It: 23300, Time: 11.85, mse_0: 1.1434e-02, mse_f: 1.3710e-01, total loss: 1.6854e-01, Error u,v,p: 1.2019e-01 1.1094e-01 8.6474e-02
It: 23400, Time: 12.04, mse_0: 1.3380e-02, mse_f: 1.1795e-01, total loss: 1.5152e-01, Error u,v,p: 1.1748e-01 1.1529e-01 8.8734e-02
It: 23500, Time: 11.82, mse_0: 1.0404e-02, mse_f: 9.2290e-02, total loss: 1.1437e-01, Error u,v,p: 1.1327e-01 1.0761e-01 8.2424e-02
It: 23600, Time: 11.90, mse_0: 1.1429e-02, mse_f: 1.0120e-01, total loss: 1.2395e-01, Error u,v,p: 1.0893e-01 1.2530e-01 9.2406e-02
It: 23700, Time: 11.88, mse_0: 1.1155e-02, mse_f: 9.4655e-02, total loss: 1.1824e-01, Error u,v,p: 1.1259e-01 1.1365e-01 9.0257e-02
It: 23800, Time: 11.83, mse_0: 1.0995e-02, mse_f: 1.0329e-01, total loss: 1.2828e-01, Error u,v,p: 1.0618e-01 1.2202e-01 8.3375e-02
It: 23900, Time: 11.78, mse_0: 1.0326e-02, mse_f: 1.3314e-01, total loss: 1.6114e-01, Error u,v,p: 1.1345e-01 1.1984e-01 8.9359e-02
It: 24000, Time: 11.93, mse_0: 9.7164e-03, mse_f: 9.2957e-02, total loss: 1.1100e-01, Error u,v,p: 1.1563e-01 1.1586e-01 9.3901e-02
It: 24100, Time: 11.90, mse_0: 1.2014e-02, mse_f: 9.7171e-02, total loss: 1.2300e-01, Error u,v,p: 1.0980e-01 1.2088e-01 8.5292e-02
It: 24200, Time: 11.87, mse_0: 1.3622e-02, mse_f: 1.3602e-01, total loss: 1.7133e-01, Error u,v,p: 1.0680e-01 1.3211e-01 8.4136e-02
It: 24300, Time: 11.89, mse_0: 1.3990e-02, mse_f: 1.4636e-01, total loss: 1.8243e-01, Error u,v,p: 1.0981e-01 1.2994e-01 8.8555e-02
It: 24400, Time: 11.92, mse_0: 1.3649e-02, mse_f: 1.3701e-01, total loss: 1.7216e-01, Error u,v,p: 1.0863e-01 1.3404e-01 9.2250e-02
It: 24500, Time: 11.94, mse_0: 9.5664e-03, mse_f: 9.1562e-02, total loss: 1.1416e-01, Error u,v,p: 1.1316e-01 1.1357e-01 9.2923e-02
It: 24600, Time: 11.85, mse_0: 1.0888e-02, mse_f: 9.3578e-02, total loss: 1.1398e-01, Error u,v,p: 1.0449e-01 1.2627e-01 8.3910e-02
It: 24700, Time: 11.85, mse_0: 1.3027e-02, mse_f: 8.6373e-02, total loss: 1.2450e-01, Error u,v,p: 1.0846e-01 1.2495e-01 8.4858e-02
It: 24800, Time: 11.89, mse_0: 1.3293e-02, mse_f: 1.3509e-01, total loss: 1.6585e-01, Error u,v,p: 1.1808e-01 1.1792e-01 8.7662e-02
It: 24900, Time: 11.92, mse_0: 1.4298e-02, mse_f: 1.1864e-01, total loss: 1.6224e-01, Error u,v,p: 1.1859e-01 1.3085e-01 9.2744e-02
It: 25000, Time: 11.79, mse_0: 1.0501e-02, mse_f: 7.9549e-02, total loss: 1.0227e-01, Error u,v,p: 1.0379e-01 1.0923e-01 9.2348e-02
It: 25100, Time: 11.78, mse_0: 8.9934e-03, mse_f: 8.8400e-02, total loss: 1.0737e-01, Error u,v,p: 1.0586e-01 1.0810e-01 9.3269e-02
It: 25200, Time: 11.99, mse_0: 1.3155e-02, mse_f: 1.0169e-01, total loss: 1.2989e-01, Error u,v,p: 1.0413e-01 1.3065e-01 8.0558e-02
It: 25300, Time: 11.88, mse_0: 1.4422e-02, mse_f: 1.0675e-01, total loss: 1.4759e-01, Error u,v,p: 1.1139e-01 1.2533e-01 9.9702e-02
It: 25400, Time: 11.70, mse_0: 1.1477e-02, mse_f: 7.5338e-02, total loss: 1.0052e-01, Error u,v,p: 1.0799e-01 1.1082e-01 8.8246e-02
It: 25500, Time: 11.73, mse_0: 1.3921e-02, mse_f: 1.0835e-01, total loss: 1.3688e-01, Error u,v,p: 1.3589e-01 1.1594e-01 8.8254e-02
It: 25600, Time: 11.96, mse_0: 1.3280e-02, mse_f: 1.0537e-01, total loss: 1.3771e-01, Error u,v,p: 1.0559e-01 1.2457e-01 8.1578e-02
It: 25700, Time: 11.83, mse_0: 1.1936e-02, mse_f: 1.3977e-01, total loss: 1.6869e-01, Error u,v,p: 1.0884e-01 1.1926e-01 1.0026e-01
It: 25800, Time: 11.80, mse_0: 1.0523e-02, mse_f: 1.2087e-01, total loss: 1.4809e-01, Error u,v,p: 1.1057e-01 1.1245e-01 9.2024e-02
It: 25900, Time: 11.90, mse_0: 1.3273e-02, mse_f: 8.9098e-02, total loss: 1.1445e-01, Error u,v,p: 1.1289e-01 1.0478e-01 8.9907e-02
It: 26000, Time: 12.00, mse_0: 1.2136e-02, mse_f: 9.6683e-02, total loss: 1.2521e-01, Error u,v,p: 1.0085e-01 1.0352e-01 7.8393e-02
It: 26100, Time: 11.90, mse_0: 1.3003e-02, mse_f: 1.2272e-01, total loss: 1.5033e-01, Error u,v,p: 1.1220e-01 1.0972e-01 7.8815e-02
It: 26200, Time: 11.84, mse_0: 1.0880e-02, mse_f: 8.7415e-02, total loss: 1.1282e-01, Error u,v,p: 1.1379e-01 1.0539e-01 8.0685e-02
It: 26300, Time: 11.92, mse_0: 1.3483e-02, mse_f: 1.3524e-01, total loss: 1.7282e-01, Error u,v,p: 1.0788e-01 1.2301e-01 8.6599e-02
It: 26400, Time: 11.91, mse_0: 1.3164e-02, mse_f: 1.3228e-01, total loss: 1.6622e-01, Error u,v,p: 1.0760e-01 1.1719e-01 9.8360e-02
It: 26500, Time: 11.91, mse_0: 1.5326e-02, mse_f: 1.3081e-01, total loss: 1.7073e-01, Error u,v,p: 1.1517e-01 1.2119e-01 9.5329e-02
It: 26600, Time: 12.01, mse_0: 1.5038e-02, mse_f: 9.1524e-02, total loss: 1.2652e-01, Error u,v,p: 1.2504e-01 1.1276e-01 9.4134e-02
It: 26700, Time: 12.16, mse_0: 1.2720e-02, mse_f: 8.6765e-02, total loss: 1.1420e-01, Error u,v,p: 1.0777e-01 1.1948e-01 7.9929e-02
It: 26800, Time: 11.98, mse_0: 9.5956e-03, mse_f: 1.2802e-01, total loss: 1.4918e-01, Error u,v,p: 1.0476e-01 1.0773e-01 9.0192e-02
It: 26900, Time: 11.78, mse_0: 1.0410e-02, mse_f: 1.3201e-01, total loss: 1.5639e-01, Error u,v,p: 1.1075e-01 1.1420e-01 8.8735e-02
It: 27000, Time: 11.95, mse_0: 1.3074e-02, mse_f: 1.4061e-01, total loss: 1.7366e-01, Error u,v,p: 1.0698e-01 1.1989e-01 8.8696e-02
It: 27100, Time: 11.86, mse_0: 9.2585e-03, mse_f: 8.8267e-02, total loss: 1.0771e-01, Error u,v,p: 1.0671e-01 1.1504e-01 8.3634e-02
It: 27200, Time: 11.78, mse_0: 1.4945e-02, mse_f: 1.0907e-01, total loss: 1.4632e-01, Error u,v,p: 1.0574e-01 1.2352e-01 9.8140e-02
It: 27300, Time: 11.81, mse_0: 1.3824e-02, mse_f: 9.8618e-02, total loss: 1.3205e-01, Error u,v,p: 9.9367e-02 1.0625e-01 8.0668e-02
It: 27400, Time: 11.97, mse_0: 1.4430e-02, mse_f: 1.2823e-01, total loss: 1.6664e-01, Error u,v,p: 1.0086e-01 1.2793e-01 8.1341e-02
It: 27500, Time: 11.81, mse_0: 1.0528e-02, mse_f: 1.3697e-01, total loss: 1.6710e-01, Error u,v,p: 1.0309e-01 1.0831e-01 9.1250e-02
It: 27600, Time: 11.83, mse_0: 1.1953e-02, mse_f: 1.2186e-01, total loss: 1.5041e-01, Error u,v,p: 1.2997e-01 1.0346e-01 9.2227e-02
It: 27700, Time: 11.96, mse_0: 9.1914e-03, mse_f: 8.0327e-02, total loss: 9.8307e-02, Error u,v,p: 1.0551e-01 1.1235e-01 7.7512e-02
It: 27800, Time: 11.78, mse_0: 1.0350e-02, mse_f: 1.2830e-01, total loss: 1.6158e-01, Error u,v,p: 1.0537e-01 1.1107e-01 9.0080e-02
It: 27900, Time: 11.84, mse_0: 1.0816e-02, mse_f: 9.0811e-02, total loss: 1.2305e-01, Error u,v,p: 1.1142e-01 1.0130e-01 8.2260e-02
It: 28000, Time: 11.86, mse_0: 1.1713e-02, mse_f: 8.9208e-02, total loss: 1.1191e-01, Error u,v,p: 1.0140e-01 1.1920e-01 8.7678e-02
It: 28100, Time: 12.02, mse_0: 9.8960e-03, mse_f: 7.9135e-02, total loss: 1.0018e-01, Error u,v,p: 1.0490e-01 1.0554e-01 9.1890e-02
It: 28200, Time: 11.98, mse_0: 1.3021e-02, mse_f: 9.6980e-02, total loss: 1.3157e-01, Error u,v,p: 9.8700e-02 1.2596e-01 8.8918e-02
It: 28300, Time: 11.74, mse_0: 1.0116e-02, mse_f: 1.1765e-01, total loss: 1.4630e-01, Error u,v,p: 1.0522e-01 1.0424e-01 7.9876e-02
It: 28400, Time: 11.84, mse_0: 1.1946e-02, mse_f: 8.2190e-02, total loss: 1.0910e-01, Error u,v,p: 1.1143e-01 1.0609e-01 9.5904e-02
It: 28500, Time: 11.94, mse_0: 1.1205e-02, mse_f: 7.9818e-02, total loss: 1.0868e-01, Error u,v,p: 1.0135e-01 1.2175e-01 7.9361e-02
It: 28600, Time: 11.86, mse_0: 1.0723e-02, mse_f: 6.4934e-02, total loss: 9.4384e-02, Error u,v,p: 1.0450e-01 1.0832e-01 7.7951e-02
It: 28700, Time: 11.93, mse_0: 1.0165e-02, mse_f: 9.0781e-02, total loss: 1.1269e-01, Error u,v,p: 1.1510e-01 1.0377e-01 8.7850e-02
It: 28800, Time: 11.99, mse_0: 1.5164e-02, mse_f: 1.2177e-01, total loss: 1.5287e-01, Error u,v,p: 1.3027e-01 1.0245e-01 8.3218e-02
It: 28900, Time: 11.86, mse_0: 8.9835e-03, mse_f: 1.2844e-01, total loss: 1.5500e-01, Error u,v,p: 1.0395e-01 1.0430e-01 9.3076e-02
It: 29000, Time: 11.77, mse_0: 1.1387e-02, mse_f: 6.9748e-02, total loss: 9.7679e-02, Error u,v,p: 9.8141e-02 1.1348e-01 7.6715e-02
It: 29100, Time: 11.84, mse_0: 1.0127e-02, mse_f: 1.1586e-01, total loss: 1.4680e-01, Error u,v,p: 1.0026e-01 9.9641e-02 8.0883e-02
It: 29200, Time: 11.94, mse_0: 1.6316e-02, mse_f: 1.3619e-01, total loss: 1.7496e-01, Error u,v,p: 1.0690e-01 1.3189e-01 9.6671e-02
It: 29300, Time: 11.82, mse_0: 1.1405e-02, mse_f: 1.0019e-01, total loss: 1.3283e-01, Error u,v,p: 1.0626e-01 1.0972e-01 7.8172e-02
It: 29400, Time: 11.82, mse_0: 1.1883e-02, mse_f: 6.9589e-02, total loss: 1.0314e-01, Error u,v,p: 1.1384e-01 1.0448e-01 8.2154e-02
It: 29500, Time: 11.94, mse_0: 1.2806e-02, mse_f: 7.0615e-02, total loss: 9.6774e-02, Error u,v,p: 1.2191e-01 1.0310e-01 8.2566e-02
It: 29600, Time: 11.81, mse_0: 8.5400e-03, mse_f: 9.5292e-02, total loss: 1.1566e-01, Error u,v,p: 1.0103e-01 1.0512e-01 8.2761e-02
It: 29700, Time: 11.81, mse_0: 1.3461e-02, mse_f: 1.2434e-01, total loss: 1.5368e-01, Error u,v,p: 1.0745e-01 1.2283e-01 9.1636e-02
It: 29800, Time: 11.87, mse_0: 1.0462e-02, mse_f: 1.2761e-01, total loss: 1.5532e-01, Error u,v,p: 1.0904e-01 1.0322e-01 8.2438e-02
It: 29900, Time: 12.08, mse_0: 1.1603e-02, mse_f: 9.6082e-02, total loss: 1.2753e-01, Error u,v,p: 1.0194e-01 1.0720e-01 7.7449e-02
It: 30000, Time: 11.98, mse_0: 1.1517e-02, mse_f: 1.0931e-01, total loss: 1.4811e-01, Error u,v,p: 1.1303e-01 1.1133e-01 9.2187e-02
starting L-BFGS training
It: 100, Time: 12.59, mse_0: 5.9930e-03, mse_f: 4.9015e-02, total loss: 5.7702e-02, Error u,v,p: 8.9969e-02 9.1649e-02 8.0568e-02
It: 200, Time: 13.56, mse_0: 5.9997e-03, mse_f: 4.8713e-02, total loss: 5.7402e-02, Error u,v,p: 8.9416e-02 9.1179e-02 8.0454e-02
It: 300, Time: 13.63, mse_0: 6.0237e-03, mse_f: 4.8265e-02, total loss: 5.6973e-02, Error u,v,p: 8.9124e-02 9.0801e-02 8.0889e-02
It: 400, Time: 13.58, mse_0: 6.0331e-03, mse_f: 4.7635e-02, total loss: 5.6346e-02, Error u,v,p: 8.8721e-02 9.0471e-02 8.0642e-02
It: 500, Time: 13.64, mse_0: 6.0217e-03, mse_f: 4.7021e-02, total loss: 5.5704e-02, Error u,v,p: 8.8269e-02 8.9802e-02 7.9661e-02
It: 600, Time: 13.79, mse_0: 5.9965e-03, mse_f: 4.6309e-02, total loss: 5.4953e-02, Error u,v,p: 8.7892e-02 8.9489e-02 7.9426e-02
It: 700, Time: 14.17, mse_0: 5.9544e-03, mse_f: 4.5593e-02, total loss: 5.4182e-02, Error u,v,p: 8.7585e-02 8.9125e-02 7.8600e-02
It: 800, Time: 13.71, mse_0: 5.9150e-03, mse_f: 4.4715e-02, total loss: 5.3253e-02, Error u,v,p: 8.6651e-02 8.8342e-02 7.7872e-02
It: 900, Time: 13.60, mse_0: 5.8625e-03, mse_f: 4.3754e-02, total loss: 5.2231e-02, Error u,v,p: 8.5664e-02 8.7797e-02 7.7550e-02
It: 1000, Time: 13.85, mse_0: 5.8314e-03, mse_f: 4.2931e-02, total loss: 5.1351e-02, Error u,v,p: 8.5361e-02 8.7019e-02 7.7505e-02
It: 1100, Time: 13.64, mse_0: 5.7696e-03, mse_f: 4.2072e-02, total loss: 5.0440e-02, Error u,v,p: 8.4632e-02 8.6396e-02 7.6977e-02
It: 1200, Time: 13.33, mse_0: 5.7302e-03, mse_f: 4.1139e-02, total loss: 4.9451e-02, Error u,v,p: 8.4017e-02 8.5201e-02 7.5777e-02
It: 1300, Time: 13.66, mse_0: 5.6994e-03, mse_f: 4.0280e-02, total loss: 4.8529e-02, Error u,v,p: 8.3377e-02 8.4474e-02 7.5590e-02
It: 1400, Time: 13.60, mse_0: 5.6006e-03, mse_f: 3.9515e-02, total loss: 4.7642e-02, Error u,v,p: 8.2828e-02 8.3799e-02 7.5294e-02
It: 1500, Time: 13.60, mse_0: 5.5246e-03, mse_f: 3.8777e-02, total loss: 4.6784e-02, Error u,v,p: 8.2348e-02 8.3125e-02 7.5119e-02
It: 1600, Time: 13.51, mse_0: 5.4527e-03, mse_f: 3.7982e-02, total loss: 4.5875e-02, Error u,v,p: 8.1346e-02 8.2409e-02 7.4486e-02
It: 1700, Time: 13.53, mse_0: 5.3699e-03, mse_f: 3.7122e-02, total loss: 4.4906e-02, Error u,v,p: 8.0438e-02 8.1809e-02 7.4034e-02
It: 1800, Time: 13.55, mse_0: 5.3082e-03, mse_f: 3.6300e-02, total loss: 4.3983e-02, Error u,v,p: 7.9635e-02 8.1211e-02 7.4005e-02
It: 1900, Time: 13.63, mse_0: 5.2343e-03, mse_f: 3.5393e-02, total loss: 4.2986e-02, Error u,v,p: 7.8629e-02 8.0408e-02 7.3927e-02
It: 2000, Time: 13.65, mse_0: 5.1624e-03, mse_f: 3.4648e-02, total loss: 4.2143e-02, Error u,v,p: 7.7893e-02 7.9839e-02 7.3088e-02
It: 2100, Time: 13.41, mse_0: 5.0849e-03, mse_f: 3.3929e-02, total loss: 4.1307e-02, Error u,v,p: 7.6909e-02 7.9256e-02 7.2744e-02
It: 2200, Time: 13.49, mse_0: 5.0152e-03, mse_f: 3.3183e-02, total loss: 4.0429e-02, Error u,v,p: 7.5975e-02 7.8518e-02 7.1594e-02
It: 2300, Time: 13.49, mse_0: 4.9314e-03, mse_f: 3.2521e-02, total loss: 3.9636e-02, Error u,v,p: 7.5422e-02 7.7816e-02 7.0435e-02
It: 2400, Time: 13.51, mse_0: 4.8585e-03, mse_f: 3.1841e-02, total loss: 3.8840e-02, Error u,v,p: 7.4791e-02 7.7155e-02 7.0169e-02
It: 2500, Time: 13.73, mse_0: 4.8054e-03, mse_f: 3.1244e-02, total loss: 3.8153e-02, Error u,v,p: 7.4066e-02 7.6458e-02 6.9406e-02
It: 2600, Time: 13.41, mse_0: 4.7548e-03, mse_f: 3.0658e-02, total loss: 3.7478e-02, Error u,v,p: 7.3447e-02 7.5945e-02 6.9012e-02
It: 2700, Time: 13.57, mse_0: 4.7035e-03, mse_f: 3.0078e-02, total loss: 3.6825e-02, Error u,v,p: 7.3117e-02 7.5088e-02 6.8649e-02
It: 2800, Time: 13.57, mse_0: 4.6362e-03, mse_f: 2.9482e-02, total loss: 3.6128e-02, Error u,v,p: 7.2694e-02 7.4336e-02 6.8066e-02
It: 2900, Time: 13.53, mse_0: 4.5838e-03, mse_f: 2.8926e-02, total loss: 3.5495e-02, Error u,v,p: 7.1922e-02 7.4070e-02 6.7976e-02
It: 3000, Time: 13.56, mse_0: 4.5230e-03, mse_f: 2.8380e-02, total loss: 3.4856e-02, Error u,v,p: 7.1282e-02 7.3518e-02 6.7451e-02
It: 3100, Time: 13.52, mse_0: 4.4837e-03, mse_f: 2.7835e-02, total loss: 3.4239e-02, Error u,v,p: 7.0896e-02 7.3107e-02 6.7310e-02
It: 3200, Time: 13.38, mse_0: 4.4314e-03, mse_f: 2.7330e-02, total loss: 3.3644e-02, Error u,v,p: 7.0185e-02 7.2345e-02 6.6891e-02
It: 3300, Time: 13.57, mse_0: 4.3945e-03, mse_f: 2.6846e-02, total loss: 3.3099e-02, Error u,v,p: 6.9782e-02 7.1804e-02 6.6947e-02
It: 3400, Time: 13.79, mse_0: 4.3434e-03, mse_f: 2.6387e-02, total loss: 3.2574e-02, Error u,v,p: 6.8982e-02 7.1085e-02 6.6516e-02
It: 3500, Time: 13.49, mse_0: 4.2921e-03, mse_f: 2.5949e-02, total loss: 3.2059e-02, Error u,v,p: 6.8096e-02 7.0589e-02 6.5826e-02
It: 3600, Time: 13.51, mse_0: 4.2702e-03, mse_f: 2.5440e-02, total loss: 3.1504e-02, Error u,v,p: 6.7419e-02 6.9987e-02 6.5275e-02
It: 3700, Time: 13.56, mse_0: 4.2060e-03, mse_f: 2.5046e-02, total loss: 3.1028e-02, Error u,v,p: 6.7033e-02 6.9518e-02 6.4765e-02
It: 3800, Time: 13.60, mse_0: 4.1466e-03, mse_f: 2.4640e-02, total loss: 3.0526e-02, Error u,v,p: 6.6678e-02 6.9080e-02 6.4525e-02
It: 3900, Time: 13.59, mse_0: 4.0777e-03, mse_f: 2.4273e-02, total loss: 3.0080e-02, Error u,v,p: 6.6201e-02 6.8342e-02 6.4797e-02
It: 4000, Time: 13.66, mse_0: 4.0256e-03, mse_f: 2.3915e-02, total loss: 2.9645e-02, Error u,v,p: 6.6054e-02 6.8012e-02 6.4776e-02
It: 4100, Time: 13.70, mse_0: 3.9582e-03, mse_f: 2.3569e-02, total loss: 2.9216e-02, Error u,v,p: 6.5670e-02 6.7658e-02 6.4768e-02
It: 4200, Time: 14.07, mse_0: 3.9111e-03, mse_f: 2.3234e-02, total loss: 2.8812e-02, Error u,v,p: 6.5363e-02 6.7354e-02 6.4921e-02
It: 4300, Time: 14.00, mse_0: 3.8635e-03, mse_f: 2.2900e-02, total loss: 2.8413e-02, Error u,v,p: 6.5164e-02 6.6953e-02 6.4171e-02
It: 4400, Time: 13.44, mse_0: 3.8027e-03, mse_f: 2.2591e-02, total loss: 2.8023e-02, Error u,v,p: 6.4983e-02 6.6494e-02 6.4021e-02
It: 4500, Time: 13.61, mse_0: 3.7483e-03, mse_f: 2.2273e-02, total loss: 2.7637e-02, Error u,v,p: 6.4453e-02 6.6321e-02 6.3759e-02
It: 4600, Time: 13.58, mse_0: 3.6938e-03, mse_f: 2.1953e-02, total loss: 2.7247e-02, Error u,v,p: 6.4153e-02 6.6035e-02 6.3776e-02
It: 4700, Time: 13.48, mse_0: 3.6476e-03, mse_f: 2.1634e-02, total loss: 2.6851e-02, Error u,v,p: 6.3751e-02 6.6093e-02 6.3604e-02
It: 4800, Time: 13.54, mse_0: 3.6100e-03, mse_f: 2.1324e-02, total loss: 2.6490e-02, Error u,v,p: 6.3662e-02 6.5613e-02 6.3913e-02
It: 4900, Time: 13.64, mse_0: 3.5700e-03, mse_f: 2.1049e-02, total loss: 2.6152e-02, Error u,v,p: 6.3321e-02 6.5518e-02 6.3645e-02
It: 5000, Time: 13.54, mse_0: 3.5185e-03, mse_f: 2.0788e-02, total loss: 2.5834e-02, Error u,v,p: 6.3055e-02 6.5307e-02 6.3695e-02
It: 5100, Time: 13.66, mse_0: 3.4706e-03, mse_f: 2.0490e-02, total loss: 2.5464e-02, Error u,v,p: 6.2664e-02 6.4901e-02 6.3384e-02
It: 5200, Time: 13.63, mse_0: 3.4268e-03, mse_f: 2.0202e-02, total loss: 2.5114e-02, Error u,v,p: 6.2562e-02 6.4858e-02 6.3033e-02
It: 5300, Time: 13.68, mse_0: 3.3836e-03, mse_f: 1.9917e-02, total loss: 2.4763e-02, Error u,v,p: 6.2357e-02 6.4603e-02 6.3186e-02
It: 5400, Time: 13.43, mse_0: 3.3470e-03, mse_f: 1.9652e-02, total loss: 2.4442e-02, Error u,v,p: 6.2083e-02 6.4399e-02 6.2922e-02
It: 5500, Time: 13.52, mse_0: 3.2939e-03, mse_f: 1.9397e-02, total loss: 2.4113e-02, Error u,v,p: 6.1992e-02 6.4080e-02 6.2627e-02
It: 5600, Time: 13.57, mse_0: 3.2679e-03, mse_f: 1.9146e-02, total loss: 2.3819e-02, Error u,v,p: 6.1649e-02 6.3864e-02 6.2622e-02
It: 5700, Time: 13.50, mse_0: 3.2283e-03, mse_f: 1.8944e-02, total loss: 2.3556e-02, Error u,v,p: 6.1380e-02 6.3609e-02 6.2458e-02
It: 5800, Time: 13.55, mse_0: 3.1822e-03, mse_f: 1.8713e-02, total loss: 2.3259e-02, Error u,v,p: 6.0976e-02 6.3255e-02 6.2278e-02
It: 5900, Time: 13.52, mse_0: 3.1446e-03, mse_f: 1.8470e-02, total loss: 2.2963e-02, Error u,v,p: 6.0701e-02 6.2711e-02 6.2350e-02
It: 6000, Time: 13.42, mse_0: 3.1192e-03, mse_f: 1.8218e-02, total loss: 2.2670e-02, Error u,v,p: 6.0381e-02 6.2300e-02 6.1917e-02
It: 6100, Time: 13.61, mse_0: 3.0893e-03, mse_f: 1.8001e-02, total loss: 2.2395e-02, Error u,v,p: 6.0120e-02 6.1961e-02 6.1363e-02
It: 6200, Time: 13.43, mse_0: 3.0460e-03, mse_f: 1.7821e-02, total loss: 2.2154e-02, Error u,v,p: 5.9786e-02 6.1572e-02 6.1091e-02
It: 6300, Time: 13.65, mse_0: 3.0198e-03, mse_f: 1.7614e-02, total loss: 2.1909e-02, Error u,v,p: 5.9589e-02 6.1151e-02 6.1056e-02
It: 6400, Time: 13.65, mse_0: 2.9833e-03, mse_f: 1.7403e-02, total loss: 2.1656e-02, Error u,v,p: 5.9186e-02 6.0884e-02 6.0683e-02
It: 6500, Time: 13.37, mse_0: 2.9534e-03, mse_f: 1.7215e-02, total loss: 2.1423e-02, Error u,v,p: 5.8886e-02 6.0500e-02 6.0289e-02
It: 6600, Time: 13.54, mse_0: 2.9195e-03, mse_f: 1.7039e-02, total loss: 2.1204e-02, Error u,v,p: 5.8873e-02 6.0274e-02 6.0297e-02
It: 6700, Time: 13.62, mse_0: 2.8786e-03, mse_f: 1.6814e-02, total loss: 2.0924e-02, Error u,v,p: 5.8653e-02 6.0145e-02 6.0409e-02
It: 6800, Time: 13.53, mse_0: 2.8485e-03, mse_f: 1.6597e-02, total loss: 2.0667e-02, Error u,v,p: 5.8483e-02 6.0074e-02 6.0502e-02
It: 6900, Time: 13.51, mse_0: 2.8120e-03, mse_f: 1.6423e-02, total loss: 2.0434e-02, Error u,v,p: 5.8237e-02 5.9880e-02 6.0796e-02
It: 7000, Time: 13.65, mse_0: 2.7813e-03, mse_f: 1.6223e-02, total loss: 2.0190e-02, Error u,v,p: 5.8035e-02 5.9693e-02 6.0489e-02
It: 7100, Time: 13.60, mse_0: 2.7419e-03, mse_f: 1.6040e-02, total loss: 1.9956e-02, Error u,v,p: 5.7620e-02 5.9550e-02 6.0112e-02
It: 7200, Time: 13.51, mse_0: 2.7058e-03, mse_f: 1.5847e-02, total loss: 1.9716e-02, Error u,v,p: 5.7477e-02 5.9353e-02 5.9902e-02
It: 7300, Time: 14.04, mse_0: 2.6699e-03, mse_f: 1.5664e-02, total loss: 1.9489e-02, Error u,v,p: 5.7289e-02 5.9102e-02 6.0331e-02
It: 7400, Time: 13.67, mse_0: 2.6370e-03, mse_f: 1.5488e-02, total loss: 1.9271e-02, Error u,v,p: 5.6975e-02 5.8838e-02 6.0411e-02
It: 7500, Time: 13.57, mse_0: 2.6060e-03, mse_f: 1.5319e-02, total loss: 1.9052e-02, Error u,v,p: 5.6707e-02 5.8458e-02 6.0135e-02
It: 7600, Time: 13.59, mse_0: 2.5843e-03, mse_f: 1.5171e-02, total loss: 1.8868e-02, Error u,v,p: 5.6639e-02 5.8411e-02 6.0157e-02
It: 7700, Time: 14.17, mse_0: 2.5573e-03, mse_f: 1.5024e-02, total loss: 1.8680e-02, Error u,v,p: 5.6525e-02 5.8379e-02 5.9913e-02
It: 7800, Time: 14.09, mse_0: 2.5338e-03, mse_f: 1.4877e-02, total loss: 1.8494e-02, Error u,v,p: 5.6375e-02 5.8111e-02 5.9506e-02
It: 7900, Time: 13.70, mse_0: 2.5056e-03, mse_f: 1.4725e-02, total loss: 1.8306e-02, Error u,v,p: 5.6217e-02 5.8077e-02 5.9330e-02
It: 8000, Time: 13.52, mse_0: 2.4873e-03, mse_f: 1.4570e-02, total loss: 1.8117e-02, Error u,v,p: 5.6051e-02 5.7904e-02 5.8943e-02
It: 8100, Time: 13.59, mse_0: 2.4606e-03, mse_f: 1.4408e-02, total loss: 1.7912e-02, Error u,v,p: 5.5848e-02 5.7728e-02 5.8840e-02
It: 8200, Time: 13.46, mse_0: 2.4375e-03, mse_f: 1.4247e-02, total loss: 1.7717e-02, Error u,v,p: 5.5650e-02 5.7574e-02 5.8679e-02
It: 8300, Time: 13.45, mse_0: 2.4138e-03, mse_f: 1.4084e-02, total loss: 1.7516e-02, Error u,v,p: 5.5279e-02 5.7215e-02 5.8489e-02
It: 8400, Time: 13.62, mse_0: 2.3916e-03, mse_f: 1.3921e-02, total loss: 1.7329e-02, Error u,v,p: 5.5018e-02 5.7101e-02 5.7933e-02
It: 8500, Time: 13.51, mse_0: 2.3776e-03, mse_f: 1.3783e-02, total loss: 1.7167e-02, Error u,v,p: 5.4690e-02 5.6979e-02 5.7848e-02
It: 8600, Time: 13.68, mse_0: 2.3557e-03, mse_f: 1.3652e-02, total loss: 1.7002e-02, Error u,v,p: 5.4602e-02 5.6927e-02 5.7734e-02
It: 8700, Time: 13.41, mse_0: 2.3366e-03, mse_f: 1.3503e-02, total loss: 1.6825e-02, Error u,v,p: 5.4385e-02 5.6684e-02 5.7746e-02
It: 8800, Time: 13.62, mse_0: 2.3197e-03, mse_f: 1.3339e-02, total loss: 1.6635e-02, Error u,v,p: 5.4071e-02 5.6474e-02 5.7475e-02
It: 8900, Time: 13.64, mse_0: 2.2957e-03, mse_f: 1.3184e-02, total loss: 1.6450e-02, Error u,v,p: 5.3952e-02 5.6415e-02 5.7739e-02
It: 9000, Time: 13.44, mse_0: 2.2696e-03, mse_f: 1.3052e-02, total loss: 1.6283e-02, Error u,v,p: 5.3789e-02 5.6173e-02 5.7824e-02
It: 9100, Time: 13.55, mse_0: 2.2473e-03, mse_f: 1.2926e-02, total loss: 1.6122e-02, Error u,v,p: 5.3551e-02 5.6033e-02 5.7871e-02
It: 9200, Time: 13.66, mse_0: 2.2263e-03, mse_f: 1.2796e-02, total loss: 1.5964e-02, Error u,v,p: 5.3413e-02 5.5788e-02 5.7851e-02
It: 9300, Time: 13.45, mse_0: 2.2024e-03, mse_f: 1.2666e-02, total loss: 1.5804e-02, Error u,v,p: 5.3256e-02 5.5595e-02 5.7394e-02
It: 9400, Time: 13.41, mse_0: 2.1872e-03, mse_f: 1.2556e-02, total loss: 1.5671e-02, Error u,v,p: 5.3002e-02 5.5363e-02 5.7019e-02
It: 9500, Time: 13.57, mse_0: 2.1639e-03, mse_f: 1.2451e-02, total loss: 1.5533e-02, Error u,v,p: 5.2902e-02 5.5233e-02 5.6490e-02
It: 9600, Time: 13.51, mse_0: 2.1359e-03, mse_f: 1.2333e-02, total loss: 1.5376e-02, Error u,v,p: 5.2728e-02 5.4953e-02 5.6263e-02
It: 9700, Time: 13.40, mse_0: 2.1172e-03, mse_f: 1.2203e-02, total loss: 1.5222e-02, Error u,v,p: 5.2527e-02 5.4810e-02 5.6389e-02
It: 9800, Time: 13.72, mse_0: 2.0927e-03, mse_f: 1.2074e-02, total loss: 1.5061e-02, Error u,v,p: 5.2367e-02 5.4515e-02 5.6005e-02
It: 9900, Time: 13.60, mse_0: 2.0759e-03, mse_f: 1.1950e-02, total loss: 1.4910e-02, Error u,v,p: 5.2333e-02 5.4226e-02 5.5759e-02
It: 10000, Time: 13.54, mse_0: 2.0555e-03, mse_f: 1.1826e-02, total loss: 1.4762e-02, Error u,v,p: 5.2297e-02 5.4204e-02 5.5661e-02
It: 10100, Time: 13.77, mse_0: 2.0408e-03, mse_f: 1.1725e-02, total loss: 1.4638e-02, Error u,v,p: 5.2245e-02 5.4164e-02 5.5626e-02
It: 10200, Time: 13.62, mse_0: 2.0193e-03, mse_f: 1.1627e-02, total loss: 1.4510e-02, Error u,v,p: 5.2097e-02 5.4075e-02 5.5574e-02
It: 10300, Time: 13.39, mse_0: 2.0056e-03, mse_f: 1.1516e-02, total loss: 1.4380e-02, Error u,v,p: 5.1961e-02 5.3813e-02 5.5746e-02
It: 10400, Time: 13.56, mse_0: 1.9870e-03, mse_f: 1.1401e-02, total loss: 1.4245e-02, Error u,v,p: 5.1736e-02 5.3632e-02 5.5516e-02
It: 10500, Time: 13.54, mse_0: 1.9720e-03, mse_f: 1.1286e-02, total loss: 1.4109e-02, Error u,v,p: 5.1634e-02 5.3448e-02 5.5580e-02
It: 10600, Time: 13.68, mse_0: 1.9609e-03, mse_f: 1.1172e-02, total loss: 1.3983e-02, Error u,v,p: 5.1467e-02 5.3260e-02 5.5413e-02
It: 10700, Time: 13.53, mse_0: 1.9527e-03, mse_f: 1.1075e-02, total loss: 1.3871e-02, Error u,v,p: 5.1190e-02 5.2963e-02 5.5441e-02
It: 10800, Time: 13.69, mse_0: 1.9396e-03, mse_f: 1.0970e-02, total loss: 1.3750e-02, Error u,v,p: 5.1039e-02 5.2824e-02 5.5253e-02
It: 10900, Time: 14.03, mse_0: 1.9222e-03, mse_f: 1.0872e-02, total loss: 1.3632e-02, Error u,v,p: 5.0905e-02 5.2754e-02 5.5142e-02
It: 11000, Time: 13.87, mse_0: 1.9027e-03, mse_f: 1.0767e-02, total loss: 1.3498e-02, Error u,v,p: 5.0759e-02 5.2603e-02 5.4831e-02
It: 11100, Time: 13.96, mse_0: 1.8852e-03, mse_f: 1.0673e-02, total loss: 1.3377e-02, Error u,v,p: 5.0678e-02 5.2496e-02 5.4593e-02
It: 11200, Time: 13.99, mse_0: 1.8724e-03, mse_f: 1.0574e-02, total loss: 1.3256e-02, Error u,v,p: 5.0540e-02 5.2338e-02 5.4306e-02
It: 11300, Time: 14.10, mse_0: 1.8554e-03, mse_f: 1.0484e-02, total loss: 1.3142e-02, Error u,v,p: 5.0537e-02 5.2208e-02 5.4087e-02
It: 11400, Time: 13.82, mse_0: 1.8466e-03, mse_f: 1.0393e-02, total loss: 1.3032e-02, Error u,v,p: 5.0330e-02 5.2073e-02 5.4000e-02
It: 11500, Time: 13.44, mse_0: 1.8345e-03, mse_f: 1.0304e-02, total loss: 1.2923e-02, Error u,v,p: 5.0159e-02 5.1892e-02 5.3903e-02
It: 11600, Time: 13.58, mse_0: 1.8175e-03, mse_f: 1.0217e-02, total loss: 1.2812e-02, Error u,v,p: 5.0121e-02 5.1673e-02 5.3866e-02
It: 11700, Time: 13.74, mse_0: 1.8024e-03, mse_f: 1.0134e-02, total loss: 1.2710e-02, Error u,v,p: 5.0037e-02 5.1702e-02 5.3672e-02
It: 11800, Time: 13.40, mse_0: 1.7870e-03, mse_f: 1.0045e-02, total loss: 1.2601e-02, Error u,v,p: 5.0015e-02 5.1527e-02 5.3525e-02
It: 11900, Time: 13.60, mse_0: 1.7719e-03, mse_f: 9.9661e-03, total loss: 1.2498e-02, Error u,v,p: 4.9833e-02 5.1354e-02 5.3297e-02
It: 12000, Time: 13.62, mse_0: 1.7597e-03, mse_f: 9.8817e-03, total loss: 1.2394e-02, Error u,v,p: 4.9627e-02 5.1146e-02 5.3156e-02
It: 12100, Time: 13.49, mse_0: 1.7451e-03, mse_f: 9.7983e-03, total loss: 1.2290e-02, Error u,v,p: 4.9410e-02 5.0891e-02 5.2894e-02
It: 12200, Time: 13.66, mse_0: 1.7316e-03, mse_f: 9.7231e-03, total loss: 1.2197e-02, Error u,v,p: 4.9260e-02 5.0860e-02 5.2750e-02
It: 12300, Time: 13.70, mse_0: 1.7166e-03, mse_f: 9.6450e-03, total loss: 1.2101e-02, Error u,v,p: 4.9032e-02 5.0684e-02 5.2580e-02
It: 12400, Time: 13.64, mse_0: 1.7003e-03, mse_f: 9.5735e-03, total loss: 1.2006e-02, Error u,v,p: 4.8944e-02 5.0478e-02 5.2188e-02
It: 12500, Time: 13.62, mse_0: 1.6848e-03, mse_f: 9.4972e-03, total loss: 1.1911e-02, Error u,v,p: 4.8806e-02 5.0298e-02 5.1986e-02
It: 12600, Time: 13.50, mse_0: 1.6683e-03, mse_f: 9.4106e-03, total loss: 1.1802e-02, Error u,v,p: 4.8703e-02 5.0189e-02 5.1903e-02
It: 12700, Time: 13.61, mse_0: 1.6599e-03, mse_f: 9.3345e-03, total loss: 1.1712e-02, Error u,v,p: 4.8568e-02 4.9796e-02 5.1578e-02
It: 12800, Time: 13.47, mse_0: 1.6476e-03, mse_f: 9.2589e-03, total loss: 1.1618e-02, Error u,v,p: 4.8457e-02 4.9702e-02 5.1676e-02
It: 12900, Time: 13.49, mse_0: 1.6334e-03, mse_f: 9.1893e-03, total loss: 1.1526e-02, Error u,v,p: 4.8343e-02 4.9583e-02 5.1832e-02
It: 13000, Time: 13.58, mse_0: 1.6207e-03, mse_f: 9.1162e-03, total loss: 1.1438e-02, Error u,v,p: 4.8233e-02 4.9536e-02 5.1724e-02
It: 13100, Time: 13.64, mse_0: 1.6130e-03, mse_f: 9.0412e-03, total loss: 1.1350e-02, Error u,v,p: 4.8078e-02 4.9492e-02 5.1578e-02
It: 13200, Time: 13.58, mse_0: 1.6050e-03, mse_f: 8.9712e-03, total loss: 1.1266e-02, Error u,v,p: 4.7955e-02 4.9280e-02 5.1231e-02
It: 13300, Time: 13.51, mse_0: 1.5962e-03, mse_f: 8.8991e-03, total loss: 1.1184e-02, Error u,v,p: 4.7868e-02 4.9149e-02 5.1242e-02
It: 13400, Time: 13.59, mse_0: 1.5867e-03, mse_f: 8.8298e-03, total loss: 1.1098e-02, Error u,v,p: 4.7659e-02 4.9037e-02 5.1188e-02
It: 13500, Time: 13.47, mse_0: 1.5750e-03, mse_f: 8.7637e-03, total loss: 1.1013e-02, Error u,v,p: 4.7495e-02 4.8866e-02 5.1052e-02
It: 13600, Time: 13.43, mse_0: 1.5668e-03, mse_f: 8.6955e-03, total loss: 1.0930e-02, Error u,v,p: 4.7341e-02 4.8749e-02 5.0770e-02
It: 13700, Time: 13.76, mse_0: 1.5553e-03, mse_f: 8.6357e-03, total loss: 1.0852e-02, Error u,v,p: 4.7124e-02 4.8536e-02 5.0522e-02
It: 13800, Time: 13.71, mse_0: 1.5467e-03, mse_f: 8.5714e-03, total loss: 1.0772e-02, Error u,v,p: 4.6902e-02 4.8402e-02 5.0253e-02
It: 13900, Time: 13.50, mse_0: 1.5327e-03, mse_f: 8.5050e-03, total loss: 1.0689e-02, Error u,v,p: 4.6753e-02 4.8209e-02 5.0242e-02
It: 14000, Time: 13.65, mse_0: 1.5203e-03, mse_f: 8.4409e-03, total loss: 1.0609e-02, Error u,v,p: 4.6596e-02 4.8113e-02 5.0182e-02
It: 14100, Time: 13.77, mse_0: 1.5063e-03, mse_f: 8.3771e-03, total loss: 1.0525e-02, Error u,v,p: 4.6435e-02 4.8169e-02 5.0188e-02
It: 14200, Time: 13.40, mse_0: 1.4948e-03, mse_f: 8.3134e-03, total loss: 1.0444e-02, Error u,v,p: 4.6168e-02 4.7972e-02 5.0186e-02
It: 14300, Time: 13.56, mse_0: 1.4797e-03, mse_f: 8.2502e-03, total loss: 1.0363e-02, Error u,v,p: 4.5946e-02 4.7732e-02 5.0227e-02
It: 14400, Time: 13.60, mse_0: 1.4689e-03, mse_f: 8.1883e-03, total loss: 1.0287e-02, Error u,v,p: 4.5823e-02 4.7624e-02 5.0225e-02
It: 14500, Time: 13.84, mse_0: 1.4541e-03, mse_f: 8.1327e-03, total loss: 1.0213e-02, Error u,v,p: 4.5741e-02 4.7590e-02 5.0188e-02
It: 14600, Time: 13.52, mse_0: 1.4411e-03, mse_f: 8.0693e-03, total loss: 1.0131e-02, Error u,v,p: 4.5570e-02 4.7511e-02 5.0069e-02
It: 14700, Time: 13.57, mse_0: 1.4270e-03, mse_f: 8.0154e-03, total loss: 1.0060e-02, Error u,v,p: 4.5483e-02 4.7396e-02 4.9899e-02
It: 14800, Time: 13.63, mse_0: 1.4133e-03, mse_f: 7.9590e-03, total loss: 9.9872e-03, Error u,v,p: 4.5274e-02 4.7350e-02 4.9786e-02
It: 14900, Time: 13.51, mse_0: 1.4014e-03, mse_f: 7.9005e-03, total loss: 9.9168e-03, Error u,v,p: 4.4965e-02 4.7192e-02 4.9546e-02
It: 15000, Time: 13.71, mse_0: 1.3908e-03, mse_f: 7.8440e-03, total loss: 9.8442e-03, Error u,v,p: 4.4877e-02 4.7102e-02 4.9602e-02
It: 15100, Time: 13.62, mse_0: 1.3786e-03, mse_f: 7.7908e-03, total loss: 9.7760e-03, Error u,v,p: 4.4760e-02 4.6968e-02 4.9536e-02
It: 15200, Time: 13.90, mse_0: 1.3693e-03, mse_f: 7.7344e-03, total loss: 9.7040e-03, Error u,v,p: 4.4706e-02 4.6925e-02 4.9505e-02
It: 15300, Time: 13.94, mse_0: 1.3585e-03, mse_f: 7.6769e-03, total loss: 9.6303e-03, Error u,v,p: 4.4691e-02 4.6844e-02 4.9570e-02
It: 15400, Time: 13.45, mse_0: 1.3453e-03, mse_f: 7.6236e-03, total loss: 9.5591e-03, Error u,v,p: 4.4546e-02 4.6628e-02 4.9179e-02
It: 15500, Time: 13.63, mse_0: 1.3343e-03, mse_f: 7.5714e-03, total loss: 9.4926e-03, Error u,v,p: 4.4524e-02 4.6472e-02 4.9098e-02
It: 15600, Time: 13.52, mse_0: 1.3241e-03, mse_f: 7.5174e-03, total loss: 9.4262e-03, Error u,v,p: 4.4425e-02 4.6471e-02 4.8993e-02
It: 15700, Time: 13.51, mse_0: 1.3136e-03, mse_f: 7.4686e-03, total loss: 9.3617e-03, Error u,v,p: 4.4378e-02 4.6419e-02 4.9231e-02
It: 15800, Time: 13.55, mse_0: 1.3049e-03, mse_f: 7.4168e-03, total loss: 9.2955e-03, Error u,v,p: 4.4252e-02 4.6321e-02 4.9293e-02
It: 15900, Time: 13.68, mse_0: 1.2937e-03, mse_f: 7.3641e-03, total loss: 9.2284e-03, Error u,v,p: 4.4117e-02 4.6240e-02 4.9301e-02
It: 16000, Time: 13.56, mse_0: 1.2860e-03, mse_f: 7.3122e-03, total loss: 9.1640e-03, Error u,v,p: 4.3885e-02 4.6081e-02 4.9224e-02
It: 16100, Time: 13.43, mse_0: 1.2774e-03, mse_f: 7.2633e-03, total loss: 9.1029e-03, Error u,v,p: 4.3641e-02 4.5798e-02 4.9123e-02
It: 16200, Time: 13.45, mse_0: 1.2675e-03, mse_f: 7.2122e-03, total loss: 9.0379e-03, Error u,v,p: 4.3534e-02 4.5750e-02 4.9103e-02
It: 16300, Time: 13.43, mse_0: 1.2550e-03, mse_f: 7.1698e-03, total loss: 8.9777e-03, Error u,v,p: 4.3506e-02 4.5663e-02 4.9128e-02
It: 16400, Time: 13.53, mse_0: 1.2474e-03, mse_f: 7.1290e-03, total loss: 8.9249e-03, Error u,v,p: 4.3383e-02 4.5583e-02 4.9112e-02
It: 16500, Time: 13.67, mse_0: 1.2395e-03, mse_f: 7.0895e-03, total loss: 8.8745e-03, Error u,v,p: 4.3409e-02 4.5430e-02 4.8935e-02
It: 16600, Time: 13.48, mse_0: 1.2311e-03, mse_f: 7.0469e-03, total loss: 8.8202e-03, Error u,v,p: 4.3281e-02 4.5348e-02 4.8902e-02
It: 16700, Time: 13.51, mse_0: 1.2225e-03, mse_f: 7.0045e-03, total loss: 8.7674e-03, Error u,v,p: 4.3150e-02 4.5213e-02 4.8916e-02
It: 16800, Time: 13.55, mse_0: 1.2156e-03, mse_f: 6.9612e-03, total loss: 8.7128e-03, Error u,v,p: 4.3150e-02 4.5089e-02 4.8871e-02
It: 16900, Time: 13.54, mse_0: 1.2060e-03, mse_f: 6.9192e-03, total loss: 8.6590e-03, Error u,v,p: 4.3138e-02 4.5006e-02 4.8844e-02
It: 17000, Time: 13.56, mse_0: 1.1981e-03, mse_f: 6.8764e-03, total loss: 8.6037e-03, Error u,v,p: 4.3065e-02 4.4923e-02 4.8860e-02
It: 17100, Time: 13.70, mse_0: 1.1897e-03, mse_f: 6.8321e-03, total loss: 8.5461e-03, Error u,v,p: 4.2983e-02 4.4832e-02 4.8732e-02
It: 17200, Time: 13.52, mse_0: 1.1835e-03, mse_f: 6.7878e-03, total loss: 8.4931e-03, Error u,v,p: 4.2856e-02 4.4679e-02 4.8664e-02
It: 17300, Time: 13.63, mse_0: 1.1779e-03, mse_f: 6.7464e-03, total loss: 8.4449e-03, Error u,v,p: 4.2768e-02 4.4607e-02 4.8710e-02
It: 17400, Time: 13.47, mse_0: 1.1706e-03, mse_f: 6.7109e-03, total loss: 8.4002e-03, Error u,v,p: 4.2704e-02 4.4473e-02 4.8659e-02
It: 17500, Time: 13.64, mse_0: 1.1614e-03, mse_f: 6.6701e-03, total loss: 8.3478e-03, Error u,v,p: 4.2622e-02 4.4338e-02 4.8724e-02
It: 17600, Time: 13.51, mse_0: 1.1528e-03, mse_f: 6.6293e-03, total loss: 8.2951e-03, Error u,v,p: 4.2614e-02 4.4178e-02 4.8647e-02
It: 17700, Time: 13.86, mse_0: 1.1477e-03, mse_f: 6.5869e-03, total loss: 8.2450e-03, Error u,v,p: 4.2429e-02 4.4137e-02 4.8428e-02
It: 17800, Time: 13.62, mse_0: 1.1393e-03, mse_f: 6.5516e-03, total loss: 8.1985e-03, Error u,v,p: 4.2277e-02 4.4092e-02 4.8364e-02
It: 17900, Time: 13.61, mse_0: 1.1311e-03, mse_f: 6.5117e-03, total loss: 8.1469e-03, Error u,v,p: 4.2216e-02 4.3924e-02 4.8372e-02
It: 18000, Time: 13.65, mse_0: 1.1225e-03, mse_f: 6.4741e-03, total loss: 8.0961e-03, Error u,v,p: 4.2130e-02 4.3773e-02 4.8367e-02
It: 18100, Time: 13.63, mse_0: 1.1166e-03, mse_f: 6.4398e-03, total loss: 8.0507e-03, Error u,v,p: 4.2062e-02 4.3692e-02 4.8411e-02
It: 18200, Time: 13.60, mse_0: 1.1110e-03, mse_f: 6.4040e-03, total loss: 8.0063e-03, Error u,v,p: 4.2026e-02 4.3624e-02 4.8243e-02
It: 18300, Time: 13.74, mse_0: 1.1072e-03, mse_f: 6.3668e-03, total loss: 7.9634e-03, Error u,v,p: 4.1941e-02 4.3416e-02 4.8091e-02
It: 18400, Time: 13.51, mse_0: 1.1008e-03, mse_f: 6.3281e-03, total loss: 7.9173e-03, Error u,v,p: 4.1787e-02 4.3271e-02 4.7826e-02
It: 18500, Time: 13.52, mse_0: 1.0944e-03, mse_f: 6.2876e-03, total loss: 7.8694e-03, Error u,v,p: 4.1608e-02 4.3281e-02 4.7748e-02
It: 18600, Time: 13.54, mse_0: 1.0888e-03, mse_f: 6.2469e-03, total loss: 7.8213e-03, Error u,v,p: 4.1648e-02 4.3215e-02 4.7586e-02
It: 18700, Time: 13.84, mse_0: 1.0843e-03, mse_f: 6.2142e-03, total loss: 7.7811e-03, Error u,v,p: 4.1545e-02 4.3127e-02 4.7392e-02
It: 18800, Time: 13.80, mse_0: 1.0782e-03, mse_f: 6.1793e-03, total loss: 7.7360e-03, Error u,v,p: 4.1553e-02 4.3020e-02 4.7205e-02
It: 18900, Time: 13.68, mse_0: 1.0728e-03, mse_f: 6.1400e-03, total loss: 7.6900e-03, Error u,v,p: 4.1478e-02 4.3034e-02 4.7101e-02
It: 19000, Time: 13.78, mse_0: 1.0675e-03, mse_f: 6.1051e-03, total loss: 7.6444e-03, Error u,v,p: 4.1367e-02 4.2973e-02 4.7018e-02
It: 19100, Time: 13.64, mse_0: 1.0633e-03, mse_f: 6.0640e-03, total loss: 7.5969e-03, Error u,v,p: 4.1219e-02 4.2889e-02 4.6827e-02
It: 19200, Time: 13.69, mse_0: 1.0592e-03, mse_f: 6.0259e-03, total loss: 7.5521e-03, Error u,v,p: 4.1124e-02 4.2901e-02 4.6730e-02
It: 19300, Time: 13.53, mse_0: 1.0540e-03, mse_f: 5.9913e-03, total loss: 7.5094e-03, Error u,v,p: 4.1034e-02 4.2808e-02 4.6743e-02
It: 19400, Time: 13.49, mse_0: 1.0471e-03, mse_f: 5.9562e-03, total loss: 7.4654e-03, Error u,v,p: 4.0984e-02 4.2739e-02 4.6781e-02
It: 19500, Time: 13.66, mse_0: 1.0398e-03, mse_f: 5.9263e-03, total loss: 7.4241e-03, Error u,v,p: 4.0935e-02 4.2796e-02 4.6764e-02
It: 19600, Time: 13.58, mse_0: 1.0348e-03, mse_f: 5.8950e-03, total loss: 7.3846e-03, Error u,v,p: 4.0849e-02 4.2607e-02 4.6733e-02
It: 19700, Time: 13.56, mse_0: 1.0294e-03, mse_f: 5.8603e-03, total loss: 7.3411e-03, Error u,v,p: 4.0777e-02 4.2449e-02 4.6647e-02
It: 19800, Time: 13.66, mse_0: 1.0251e-03, mse_f: 5.8267e-03, total loss: 7.3009e-03, Error u,v,p: 4.0768e-02 4.2421e-02 4.6561e-02
It: 19900, Time: 13.49, mse_0: 1.0187e-03, mse_f: 5.7951e-03, total loss: 7.2597e-03, Error u,v,p: 4.0704e-02 4.2404e-02 4.6439e-02
It: 20000, Time: 13.35, mse_0: 1.0124e-03, mse_f: 5.7642e-03, total loss: 7.2195e-03, Error u,v,p: 4.0614e-02 4.2324e-02 4.6291e-02
It: 20100, Time: 13.47, mse_0: 1.0072e-03, mse_f: 5.7350e-03, total loss: 7.1817e-03, Error u,v,p: 4.0493e-02 4.2250e-02 4.6119e-02
It: 20200, Time: 13.54, mse_0: 9.9979e-04, mse_f: 5.7056e-03, total loss: 7.1415e-03, Error u,v,p: 4.0382e-02 4.2161e-02 4.5976e-02
It: 20300, Time: 13.58, mse_0: 9.9478e-04, mse_f: 5.6740e-03, total loss: 7.1022e-03, Error u,v,p: 4.0334e-02 4.2097e-02 4.5905e-02
It: 20400, Time: 13.50, mse_0: 9.9000e-04, mse_f: 5.6480e-03, total loss: 7.0689e-03, Error u,v,p: 4.0281e-02 4.2108e-02 4.6005e-02
It: 20500, Time: 13.80, mse_0: 9.8287e-04, mse_f: 5.6157e-03, total loss: 7.0282e-03, Error u,v,p: 4.0265e-02 4.1959e-02 4.5971e-02
It: 20600, Time: 13.51, mse_0: 9.7832e-04, mse_f: 5.5848e-03, total loss: 6.9912e-03, Error u,v,p: 4.0212e-02 4.1898e-02 4.5959e-02
It: 20700, Time: 13.50, mse_0: 9.7416e-04, mse_f: 5.5536e-03, total loss: 6.9538e-03, Error u,v,p: 4.0167e-02 4.1855e-02 4.5969e-02
It: 20800, Time: 13.69, mse_0: 9.6859e-04, mse_f: 5.5266e-03, total loss: 6.9189e-03, Error u,v,p: 4.0091e-02 4.1693e-02 4.5932e-02
It: 20900, Time: 13.63, mse_0: 9.6601e-04, mse_f: 5.4942e-03, total loss: 6.8817e-03, Error u,v,p: 4.0070e-02 4.1643e-02 4.5843e-02
It: 21000, Time: 13.63, mse_0: 9.6296e-04, mse_f: 5.4661e-03, total loss: 6.8466e-03, Error u,v,p: 3.9996e-02 4.1605e-02 4.5874e-02
It: 21100, Time: 13.50, mse_0: 9.5731e-04, mse_f: 5.4384e-03, total loss: 6.8103e-03, Error u,v,p: 4.0011e-02 4.1549e-02 4.5904e-02
It: 21200, Time: 13.54, mse_0: 9.5233e-04, mse_f: 5.4101e-03, total loss: 6.7756e-03, Error u,v,p: 3.9896e-02 4.1468e-02 4.5827e-02
It: 21300, Time: 13.62, mse_0: 9.5004e-04, mse_f: 5.3820e-03, total loss: 6.7427e-03, Error u,v,p: 3.9869e-02 4.1413e-02 4.5739e-02
It: 21400, Time: 13.69, mse_0: 9.4360e-04, mse_f: 5.3533e-03, total loss: 6.7057e-03, Error u,v,p: 3.9835e-02 4.1443e-02 4.5641e-02
It: 21500, Time: 13.53, mse_0: 9.4012e-04, mse_f: 5.3236e-03, total loss: 6.6699e-03, Error u,v,p: 3.9760e-02 4.1314e-02 4.5613e-02
It: 21600, Time: 13.81, mse_0: 9.3642e-04, mse_f: 5.2980e-03, total loss: 6.6379e-03, Error u,v,p: 3.9747e-02 4.1251e-02 4.5698e-02
It: 21700, Time: 13.75, mse_0: 9.3012e-04, mse_f: 5.2710e-03, total loss: 6.6030e-03, Error u,v,p: 3.9690e-02 4.1174e-02 4.5866e-02
It: 21800, Time: 13.51, mse_0: 9.2781e-04, mse_f: 5.2429e-03, total loss: 6.5696e-03, Error u,v,p: 3.9638e-02 4.1080e-02 4.5853e-02
It: 21900, Time: 13.60, mse_0: 9.2325e-04, mse_f: 5.2194e-03, total loss: 6.5384e-03, Error u,v,p: 3.9561e-02 4.1026e-02 4.5786e-02
It: 22000, Time: 13.73, mse_0: 9.1821e-04, mse_f: 5.1934e-03, total loss: 6.5061e-03, Error u,v,p: 3.9489e-02 4.0926e-02 4.5748e-02
It: 22100, Time: 13.48, mse_0: 9.1359e-04, mse_f: 5.1687e-03, total loss: 6.4756e-03, Error u,v,p: 3.9431e-02 4.0815e-02 4.5720e-02
It: 22200, Time: 13.74, mse_0: 9.1051e-04, mse_f: 5.1430e-03, total loss: 6.4446e-03, Error u,v,p: 3.9286e-02 4.0812e-02 4.5581e-02
It: 22300, Time: 13.90, mse_0: 9.0598e-04, mse_f: 5.1162e-03, total loss: 6.4108e-03, Error u,v,p: 3.9264e-02 4.0680e-02 4.5672e-02
It: 22400, Time: 13.77, mse_0: 8.9970e-04, mse_f: 5.0903e-03, total loss: 6.3772e-03, Error u,v,p: 3.9195e-02 4.0601e-02 4.5757e-02
It: 22500, Time: 13.51, mse_0: 8.9491e-04, mse_f: 5.0658e-03, total loss: 6.3466e-03, Error u,v,p: 3.9150e-02 4.0473e-02 4.5681e-02
It: 22600, Time: 13.65, mse_0: 8.8856e-04, mse_f: 5.0439e-03, total loss: 6.3151e-03, Error u,v,p: 3.9026e-02 4.0358e-02 4.5490e-02
It: 22700, Time: 13.52, mse_0: 8.8391e-04, mse_f: 5.0195e-03, total loss: 6.2839e-03, Error u,v,p: 3.9031e-02 4.0310e-02 4.5285e-02
It: 22800, Time: 13.48, mse_0: 8.7964e-04, mse_f: 4.9971e-03, total loss: 6.2550e-03, Error u,v,p: 3.8959e-02 4.0264e-02 4.5201e-02
It: 22900, Time: 13.65, mse_0: 8.7492e-04, mse_f: 4.9751e-03, total loss: 6.2246e-03, Error u,v,p: 3.8891e-02 4.0208e-02 4.5145e-02
It: 23000, Time: 13.83, mse_0: 8.7142e-04, mse_f: 4.9510e-03, total loss: 6.1958e-03, Error u,v,p: 3.8862e-02 4.0146e-02 4.5241e-02
It: 23100, Time: 13.52, mse_0: 8.6758e-04, mse_f: 4.9238e-03, total loss: 6.1638e-03, Error u,v,p: 3.8784e-02 4.0074e-02 4.5227e-02
It: 23200, Time: 13.58, mse_0: 8.6351e-04, mse_f: 4.8999e-03, total loss: 6.1335e-03, Error u,v,p: 3.8728e-02 4.0048e-02 4.5180e-02
It: 23300, Time: 13.56, mse_0: 8.6290e-04, mse_f: 4.8729e-03, total loss: 6.1033e-03, Error u,v,p: 3.8676e-02 3.9972e-02 4.5138e-02
It: 23400, Time: 13.55, mse_0: 8.5908e-04, mse_f: 4.8519e-03, total loss: 6.0766e-03, Error u,v,p: 3.8611e-02 3.9971e-02 4.5096e-02
It: 23500, Time: 13.50, mse_0: 8.5435e-04, mse_f: 4.8313e-03, total loss: 6.0492e-03, Error u,v,p: 3.8615e-02 3.9947e-02 4.5067e-02
It: 23600, Time: 13.54, mse_0: 8.5151e-04, mse_f: 4.8077e-03, total loss: 6.0209e-03, Error u,v,p: 3.8614e-02 3.9904e-02 4.5064e-02
It: 23700, Time: 13.43, mse_0: 8.4961e-04, mse_f: 4.7804e-03, total loss: 5.9900e-03, Error u,v,p: 3.8541e-02 3.9872e-02 4.5020e-02
It: 23800, Time: 13.51, mse_0: 8.4640e-04, mse_f: 4.7564e-03, total loss: 5.9606e-03, Error u,v,p: 3.8474e-02 3.9857e-02 4.4980e-02
It: 23900, Time: 13.45, mse_0: 8.4403e-04, mse_f: 4.7300e-03, total loss: 5.9303e-03, Error u,v,p: 3.8357e-02 3.9750e-02 4.4959e-02
It: 24000, Time: 13.48, mse_0: 8.4111e-04, mse_f: 4.7111e-03, total loss: 5.9048e-03, Error u,v,p: 3.8326e-02 3.9661e-02 4.4881e-02
It: 24100, Time: 13.61, mse_0: 8.3857e-04, mse_f: 4.6888e-03, total loss: 5.8780e-03, Error u,v,p: 3.8277e-02 3.9585e-02 4.4820e-02
It: 24200, Time: 13.49, mse_0: 8.3476e-04, mse_f: 4.6692e-03, total loss: 5.8515e-03, Error u,v,p: 3.8157e-02 3.9535e-02 4.4769e-02
It: 24300, Time: 13.49, mse_0: 8.3244e-04, mse_f: 4.6467e-03, total loss: 5.8242e-03, Error u,v,p: 3.8164e-02 3.9573e-02 4.4808e-02
It: 24400, Time: 13.73, mse_0: 8.3016e-04, mse_f: 4.6247e-03, total loss: 5.7981e-03, Error u,v,p: 3.8069e-02 3.9550e-02 4.4680e-02
It: 24500, Time: 13.34, mse_0: 8.2726e-04, mse_f: 4.6028e-03, total loss: 5.7711e-03, Error u,v,p: 3.8014e-02 3.9472e-02 4.4583e-02
It: 24600, Time: 13.42, mse_0: 8.2460e-04, mse_f: 4.5832e-03, total loss: 5.7466e-03, Error u,v,p: 3.8000e-02 3.9467e-02 4.4500e-02
It: 24700, Time: 13.51, mse_0: 8.2197e-04, mse_f: 4.5616e-03, total loss: 5.7217e-03, Error u,v,p: 3.8009e-02 3.9363e-02 4.4374e-02
It: 24800, Time: 13.63, mse_0: 8.1819e-04, mse_f: 4.5419e-03, total loss: 5.6972e-03, Error u,v,p: 3.8039e-02 3.9290e-02 4.4263e-02
It: 24900, Time: 13.49, mse_0: 8.1588e-04, mse_f: 4.5219e-03, total loss: 5.6732e-03, Error u,v,p: 3.7954e-02 3.9255e-02 4.4205e-02
It: 25000, Time: 13.60, mse_0: 8.1396e-04, mse_f: 4.5039e-03, total loss: 5.6519e-03, Error u,v,p: 3.7932e-02 3.9183e-02 4.4081e-02
It: 25100, Time: 13.66, mse_0: 8.1161e-04, mse_f: 4.4857e-03, total loss: 5.6294e-03, Error u,v,p: 3.7955e-02 3.9192e-02 4.4027e-02
It: 25200, Time: 13.60, mse_0: 8.0794e-04, mse_f: 4.4687e-03, total loss: 5.6074e-03, Error u,v,p: 3.7906e-02 3.9209e-02 4.3927e-02
It: 25300, Time: 13.57, mse_0: 8.0464e-04, mse_f: 4.4508e-03, total loss: 5.5847e-03, Error u,v,p: 3.7828e-02 3.9125e-02 4.3839e-02
It: 25400, Time: 13.64, mse_0: 8.0021e-04, mse_f: 4.4336e-03, total loss: 5.5613e-03, Error u,v,p: 3.7738e-02 3.9040e-02 4.3638e-02
It: 25500, Time: 13.53, mse_0: 7.9718e-04, mse_f: 4.4173e-03, total loss: 5.5405e-03, Error u,v,p: 3.7749e-02 3.8988e-02 4.3530e-02
It: 25600, Time: 13.59, mse_0: 7.9419e-04, mse_f: 4.4004e-03, total loss: 5.5189e-03, Error u,v,p: 3.7670e-02 3.8924e-02 4.3496e-02
It: 25700, Time: 13.71, mse_0: 7.9125e-04, mse_f: 4.3805e-03, total loss: 5.4941e-03, Error u,v,p: 3.7612e-02 3.8879e-02 4.3359e-02
It: 25800, Time: 13.77, mse_0: 7.8913e-04, mse_f: 4.3606e-03, total loss: 5.4711e-03, Error u,v,p: 3.7461e-02 3.8792e-02 4.3338e-02
It: 25900, Time: 13.78, mse_0: 7.8660e-04, mse_f: 4.3416e-03, total loss: 5.4480e-03, Error u,v,p: 3.7355e-02 3.8701e-02 4.3410e-02
It: 26000, Time: 13.66, mse_0: 7.8502e-04, mse_f: 4.3242e-03, total loss: 5.4263e-03, Error u,v,p: 3.7338e-02 3.8661e-02 4.3476e-02
It: 26100, Time: 13.61, mse_0: 7.8187e-04, mse_f: 4.3065e-03, total loss: 5.4039e-03, Error u,v,p: 3.7330e-02 3.8690e-02 4.3429e-02
It: 26200, Time: 13.58, mse_0: 7.7897e-04, mse_f: 4.2890e-03, total loss: 5.3829e-03, Error u,v,p: 3.7258e-02 3.8573e-02 4.3470e-02
It: 26300, Time: 13.53, mse_0: 7.7486e-04, mse_f: 4.2707e-03, total loss: 5.3594e-03, Error u,v,p: 3.7232e-02 3.8450e-02 4.3410e-02
It: 26400, Time: 13.70, mse_0: 7.7257e-04, mse_f: 4.2531e-03, total loss: 5.3365e-03, Error u,v,p: 3.7233e-02 3.8415e-02 4.3580e-02
It: 26500, Time: 13.58, mse_0: 7.7083e-04, mse_f: 4.2364e-03, total loss: 5.3161e-03, Error u,v,p: 3.7156e-02 3.8407e-02 4.3546e-02
It: 26600, Time: 13.50, mse_0: 7.6894e-04, mse_f: 4.2195e-03, total loss: 5.2949e-03, Error u,v,p: 3.7096e-02 3.8361e-02 4.3568e-02
It: 26700, Time: 13.53, mse_0: 7.6554e-04, mse_f: 4.2018e-03, total loss: 5.2722e-03, Error u,v,p: 3.7100e-02 3.8283e-02 4.3576e-02
It: 26800, Time: 13.47, mse_0: 7.6124e-04, mse_f: 4.1868e-03, total loss: 5.2516e-03, Error u,v,p: 3.7037e-02 3.8283e-02 4.3553e-02
It: 26900, Time: 13.57, mse_0: 7.5756e-04, mse_f: 4.1708e-03, total loss: 5.2299e-03, Error u,v,p: 3.7020e-02 3.8260e-02 4.3448e-02
It: 27000, Time: 13.51, mse_0: 7.5624e-04, mse_f: 4.1517e-03, total loss: 5.2074e-03, Error u,v,p: 3.6997e-02 3.8247e-02 4.3303e-02
It: 27100, Time: 13.49, mse_0: 7.5338e-04, mse_f: 4.1345e-03, total loss: 5.1867e-03, Error u,v,p: 3.6912e-02 3.8207e-02 4.3323e-02
It: 27200, Time: 13.60, mse_0: 7.5080e-04, mse_f: 4.1169e-03, total loss: 5.1655e-03, Error u,v,p: 3.6875e-02 3.8203e-02 4.3316e-02
It: 27300, Time: 13.73, mse_0: 7.4641e-04, mse_f: 4.1021e-03, total loss: 5.1452e-03, Error u,v,p: 3.6898e-02 3.8128e-02 4.3308e-02
It: 27400, Time: 13.57, mse_0: 7.4347e-04, mse_f: 4.0863e-03, total loss: 5.1238e-03, Error u,v,p: 3.6874e-02 3.8081e-02 4.3304e-02
It: 27500, Time: 13.52, mse_0: 7.3992e-04, mse_f: 4.0720e-03, total loss: 5.1040e-03, Error u,v,p: 3.6840e-02 3.8073e-02 4.3279e-02
It: 27600, Time: 13.92, mse_0: 7.3728e-04, mse_f: 4.0564e-03, total loss: 5.0839e-03, Error u,v,p: 3.6755e-02 3.8074e-02 4.3276e-02
It: 27700, Time: 14.16, mse_0: 7.3421e-04, mse_f: 4.0413e-03, total loss: 5.0638e-03, Error u,v,p: 3.6761e-02 3.8045e-02 4.3352e-02
It: 27800, Time: 14.38, mse_0: 7.3295e-04, mse_f: 4.0245e-03, total loss: 5.0442e-03, Error u,v,p: 3.6664e-02 3.8048e-02 4.3320e-02
It: 27900, Time: 14.17, mse_0: 7.3100e-04, mse_f: 4.0095e-03, total loss: 5.0250e-03, Error u,v,p: 3.6622e-02 3.8050e-02 4.3332e-02
It: 28000, Time: 14.35, mse_0: 7.2826e-04, mse_f: 3.9937e-03, total loss: 5.0050e-03, Error u,v,p: 3.6604e-02 3.7998e-02 4.3349e-02
It: 28100, Time: 14.41, mse_0: 7.2536e-04, mse_f: 3.9789e-03, total loss: 4.9859e-03, Error u,v,p: 3.6567e-02 3.8014e-02 4.3246e-02
It: 28200, Time: 14.32, mse_0: 7.2253e-04, mse_f: 3.9662e-03, total loss: 4.9689e-03, Error u,v,p: 3.6546e-02 3.7966e-02 4.3084e-02
It: 28300, Time: 14.41, mse_0: 7.2010e-04, mse_f: 3.9499e-03, total loss: 4.9495e-03, Error u,v,p: 3.6563e-02 3.8005e-02 4.2975e-02
It: 28400, Time: 14.37, mse_0: 7.1857e-04, mse_f: 3.9337e-03, total loss: 4.9304e-03, Error u,v,p: 3.6545e-02 3.7897e-02 4.2839e-02
It: 28500, Time: 14.38, mse_0: 7.1541e-04, mse_f: 3.9190e-03, total loss: 4.9109e-03, Error u,v,p: 3.6534e-02 3.7875e-02 4.2875e-02
It: 28600, Time: 14.35, mse_0: 7.1234e-04, mse_f: 3.9025e-03, total loss: 4.8907e-03, Error u,v,p: 3.6489e-02 3.7903e-02 4.2990e-02
It: 28700, Time: 14.41, mse_0: 7.1047e-04, mse_f: 3.8869e-03, total loss: 4.8720e-03, Error u,v,p: 3.6440e-02 3.7888e-02 4.3024e-02
It: 28800, Time: 14.00, mse_0: 7.0816e-04, mse_f: 3.8716e-03, total loss: 4.8534e-03, Error u,v,p: 3.6369e-02 3.7886e-02 4.2908e-02
It: 28900, Time: 13.80, mse_0: 7.0524e-04, mse_f: 3.8549e-03, total loss: 4.8326e-03, Error u,v,p: 3.6306e-02 3.7833e-02 4.2874e-02
It: 29000, Time: 14.25, mse_0: 7.0312e-04, mse_f: 3.8400e-03, total loss: 4.8146e-03, Error u,v,p: 3.6257e-02 3.7753e-02 4.2891e-02
It: 29100, Time: 14.42, mse_0: 6.9942e-04, mse_f: 3.8275e-03, total loss: 4.7971e-03, Error u,v,p: 3.6243e-02 3.7706e-02 4.2898e-02
It: 29200, Time: 13.66, mse_0: 6.9595e-04, mse_f: 3.8122e-03, total loss: 4.7775e-03, Error u,v,p: 3.6218e-02 3.7693e-02 4.2934e-02
It: 29300, Time: 13.51, mse_0: 6.9290e-04, mse_f: 3.7989e-03, total loss: 4.7600e-03, Error u,v,p: 3.6217e-02 3.7739e-02 4.2927e-02
It: 29400, Time: 13.74, mse_0: 6.9017e-04, mse_f: 3.7847e-03, total loss: 4.7415e-03, Error u,v,p: 3.6135e-02 3.7677e-02 4.2870e-02
It: 29500, Time: 14.22, mse_0: 6.8812e-04, mse_f: 3.7699e-03, total loss: 4.7229e-03, Error u,v,p: 3.6039e-02 3.7603e-02 4.2848e-02
It: 29600, Time: 13.98, mse_0: 6.8567e-04, mse_f: 3.7564e-03, total loss: 4.7062e-03, Error u,v,p: 3.6054e-02 3.7555e-02 4.2792e-02
It: 29700, Time: 13.87, mse_0: 6.8256e-04, mse_f: 3.7421e-03, total loss: 4.6870e-03, Error u,v,p: 3.6018e-02 3.7520e-02 4.2694e-02
It: 29800, Time: 13.79, mse_0: 6.7998e-04, mse_f: 3.7279e-03, total loss: 4.6699e-03, Error u,v,p: 3.5941e-02 3.7447e-02 4.2703e-02
It: 29900, Time: 14.06, mse_0: 6.7773e-04, mse_f: 3.7133e-03, total loss: 4.6525e-03, Error u,v,p: 3.5879e-02 3.7331e-02 4.2680e-02
It: 30000, Time: 13.77, mse_0: 6.7613e-04, mse_f: 3.6998e-03, total loss: 4.6361e-03, Error u,v,p: 3.5808e-02 3.7265e-02 4.2640e-02
It: 30100, Time: 14.06, mse_0: 6.7383e-04, mse_f: 3.6883e-03, total loss: 4.6213e-03, Error u,v,p: 3.5751e-02 3.7227e-02 4.2626e-02
It: 30200, Time: 13.81, mse_0: 6.7194e-04, mse_f: 3.6743e-03, total loss: 4.6045e-03, Error u,v,p: 3.5698e-02 3.7223e-02 4.2606e-02
It: 30300, Time: 13.89, mse_0: 6.6930e-04, mse_f: 3.6624e-03, total loss: 4.5881e-03, Error u,v,p: 3.5608e-02 3.7168e-02 4.2570e-02
It: 30400, Time: 13.92, mse_0: 6.6624e-04, mse_f: 3.6489e-03, total loss: 4.5710e-03, Error u,v,p: 3.5584e-02 3.7139e-02 4.2471e-02
It: 30500, Time: 14.00, mse_0: 6.6447e-04, mse_f: 3.6346e-03, total loss: 4.5545e-03, Error u,v,p: 3.5618e-02 3.7097e-02 4.2492e-02
It: 30600, Time: 14.12, mse_0: 6.6239e-04, mse_f: 3.6229e-03, total loss: 4.5398e-03, Error u,v,p: 3.5584e-02 3.7098e-02 4.2507e-02
It: 30700, Time: 13.83, mse_0: 6.6159e-04, mse_f: 3.6099e-03, total loss: 4.5255e-03, Error u,v,p: 3.5631e-02 3.7017e-02 4.2498e-02
It: 30800, Time: 13.88, mse_0: 6.5982e-04, mse_f: 3.5969e-03, total loss: 4.5093e-03, Error u,v,p: 3.5580e-02 3.6964e-02 4.2397e-02
It: 30900, Time: 13.99, mse_0: 6.5745e-04, mse_f: 3.5855e-03, total loss: 4.4946e-03, Error u,v,p: 3.5531e-02 3.6906e-02 4.2339e-02
It: 31000, Time: 14.00, mse_0: 6.5659e-04, mse_f: 3.5717e-03, total loss: 4.4792e-03, Error u,v,p: 3.5483e-02 3.6783e-02 4.2288e-02
It: 31100, Time: 14.28, mse_0: 6.5519e-04, mse_f: 3.5584e-03, total loss: 4.4633e-03, Error u,v,p: 3.5461e-02 3.6775e-02 4.2307e-02
It: 31200, Time: 14.19, mse_0: 6.5482e-04, mse_f: 3.5453e-03, total loss: 4.4489e-03, Error u,v,p: 3.5438e-02 3.6816e-02 4.2288e-02
It: 31300, Time: 14.30, mse_0: 6.5307e-04, mse_f: 3.5333e-03, total loss: 4.4345e-03, Error u,v,p: 3.5414e-02 3.6786e-02 4.2149e-02
It: 31400, Time: 14.38, mse_0: 6.5002e-04, mse_f: 3.5217e-03, total loss: 4.4190e-03, Error u,v,p: 3.5382e-02 3.6768e-02 4.2133e-02
It: 31500, Time: 14.28, mse_0: 6.4962e-04, mse_f: 3.5068e-03, total loss: 4.4031e-03, Error u,v,p: 3.5356e-02 3.6683e-02 4.2096e-02
It: 31600, Time: 14.28, mse_0: 6.4836e-04, mse_f: 3.4932e-03, total loss: 4.3882e-03, Error u,v,p: 3.5295e-02 3.6699e-02 4.1972e-02
It: 31700, Time: 14.36, mse_0: 6.4581e-04, mse_f: 3.4821e-03, total loss: 4.3737e-03, Error u,v,p: 3.5321e-02 3.6656e-02 4.1966e-02
It: 31800, Time: 14.42, mse_0: 6.4369e-04, mse_f: 3.4695e-03, total loss: 4.3589e-03, Error u,v,p: 3.5261e-02 3.6633e-02 4.1971e-02
It: 31900, Time: 14.24, mse_0: 6.4116e-04, mse_f: 3.4581e-03, total loss: 4.3446e-03, Error u,v,p: 3.5224e-02 3.6602e-02 4.1957e-02
It: 32000, Time: 14.36, mse_0: 6.3882e-04, mse_f: 3.4463e-03, total loss: 4.3298e-03, Error u,v,p: 3.5169e-02 3.6611e-02 4.1852e-02
It: 32100, Time: 14.30, mse_0: 6.3827e-04, mse_f: 3.4334e-03, total loss: 4.3153e-03, Error u,v,p: 3.5144e-02 3.6577e-02 4.1771e-02
It: 32200, Time: 14.00, mse_0: 6.3656e-04, mse_f: 3.4209e-03, total loss: 4.3004e-03, Error u,v,p: 3.5056e-02 3.6506e-02 4.1822e-02
It: 32300, Time: 13.97, mse_0: 6.3354e-04, mse_f: 3.4107e-03, total loss: 4.2867e-03, Error u,v,p: 3.5024e-02 3.6445e-02 4.1755e-02
It: 32400, Time: 14.09, mse_0: 6.3142e-04, mse_f: 3.3994e-03, total loss: 4.2724e-03, Error u,v,p: 3.4992e-02 3.6404e-02 4.1719e-02
It: 32500, Time: 14.33, mse_0: 6.2897e-04, mse_f: 3.3884e-03, total loss: 4.2583e-03, Error u,v,p: 3.4988e-02 3.6313e-02 4.1759e-02
It: 32600, Time: 13.82, mse_0: 6.2710e-04, mse_f: 3.3761e-03, total loss: 4.2432e-03, Error u,v,p: 3.4904e-02 3.6287e-02 4.1607e-02
It: 32700, Time: 13.80, mse_0: 6.2382e-04, mse_f: 3.3659e-03, total loss: 4.2288e-03, Error u,v,p: 3.4862e-02 3.6242e-02 4.1541e-02
It: 32800, Time: 13.94, mse_0: 6.2216e-04, mse_f: 3.3552e-03, total loss: 4.2152e-03, Error u,v,p: 3.4868e-02 3.6216e-02 4.1464e-02
It: 32900, Time: 14.19, mse_0: 6.2021e-04, mse_f: 3.3442e-03, total loss: 4.2014e-03, Error u,v,p: 3.4801e-02 3.6124e-02 4.1460e-02
It: 33000, Time: 13.85, mse_0: 6.1928e-04, mse_f: 3.3328e-03, total loss: 4.1878e-03, Error u,v,p: 3.4800e-02 3.6122e-02 4.1490e-02
It: 33100, Time: 13.86, mse_0: 6.1573e-04, mse_f: 3.3231e-03, total loss: 4.1736e-03, Error u,v,p: 3.4779e-02 3.6121e-02 4.1431e-02
It: 33200, Time: 13.95, mse_0: 6.1400e-04, mse_f: 3.3113e-03, total loss: 4.1594e-03, Error u,v,p: 3.4754e-02 3.6078e-02 4.1382e-02
It: 33300, Time: 13.94, mse_0: 6.1382e-04, mse_f: 3.2978e-03, total loss: 4.1445e-03, Error u,v,p: 3.4652e-02 3.6080e-02 4.1343e-02
It: 33400, Time: 14.04, mse_0: 6.1271e-04, mse_f: 3.2857e-03, total loss: 4.1311e-03, Error u,v,p: 3.4605e-02 3.6065e-02 4.1311e-02
It: 33500, Time: 13.79, mse_0: 6.1127e-04, mse_f: 3.2737e-03, total loss: 4.1166e-03, Error u,v,p: 3.4544e-02 3.6026e-02 4.1290e-02
It: 33600, Time: 14.00, mse_0: 6.0937e-04, mse_f: 3.2615e-03, total loss: 4.1016e-03, Error u,v,p: 3.4486e-02 3.5941e-02 4.1228e-02
It: 33700, Time: 13.83, mse_0: 6.0732e-04, mse_f: 3.2509e-03, total loss: 4.0883e-03, Error u,v,p: 3.4479e-02 3.5896e-02 4.1225e-02
It: 33800, Time: 13.92, mse_0: 6.0563e-04, mse_f: 3.2413e-03, total loss: 4.0758e-03, Error u,v,p: 3.4475e-02 3.5869e-02 4.1192e-02
It: 33900, Time: 13.91, mse_0: 6.0311e-04, mse_f: 3.2320e-03, total loss: 4.0632e-03, Error u,v,p: 3.4489e-02 3.5852e-02 4.1129e-02
It: 34000, Time: 13.75, mse_0: 6.0095e-04, mse_f: 3.2224e-03, total loss: 4.0504e-03, Error u,v,p: 3.4449e-02 3.5839e-02 4.1105e-02
It: 34100, Time: 14.02, mse_0: 5.9958e-04, mse_f: 3.2117e-03, total loss: 4.0373e-03, Error u,v,p: 3.4429e-02 3.5786e-02 4.1146e-02
It: 34200, Time: 13.89, mse_0: 5.9860e-04, mse_f: 3.2007e-03, total loss: 4.0247e-03, Error u,v,p: 3.4385e-02 3.5744e-02 4.1194e-02
It: 34300, Time: 13.92, mse_0: 5.9651e-04, mse_f: 3.1896e-03, total loss: 4.0113e-03, Error u,v,p: 3.4344e-02 3.5640e-02 4.1113e-02
It: 34400, Time: 14.09, mse_0: 5.9494e-04, mse_f: 3.1791e-03, total loss: 3.9989e-03, Error u,v,p: 3.4301e-02 3.5654e-02 4.1133e-02
It: 34500, Time: 14.01, mse_0: 5.9336e-04, mse_f: 3.1689e-03, total loss: 3.9861e-03, Error u,v,p: 3.4282e-02 3.5566e-02 4.1125e-02
It: 34600, Time: 14.12, mse_0: 5.9178e-04, mse_f: 3.1607e-03, total loss: 3.9756e-03, Error u,v,p: 3.4222e-02 3.5559e-02 4.1142e-02
It: 34700, Time: 14.29, mse_0: 5.9002e-04, mse_f: 3.1522e-03, total loss: 3.9641e-03, Error u,v,p: 3.4220e-02 3.5609e-02 4.1127e-02
It: 34800, Time: 14.14, mse_0: 5.8870e-04, mse_f: 3.1421e-03, total loss: 3.9518e-03, Error u,v,p: 3.4209e-02 3.5600e-02 4.1189e-02
It: 34900, Time: 13.90, mse_0: 5.8716e-04, mse_f: 3.1324e-03, total loss: 3.9394e-03, Error u,v,p: 3.4167e-02 3.5606e-02 4.1196e-02
It: 35000, Time: 13.99, mse_0: 5.8524e-04, mse_f: 3.1231e-03, total loss: 3.9279e-03, Error u,v,p: 3.4128e-02 3.5607e-02 4.1220e-02
It: 35100, Time: 14.00, mse_0: 5.8187e-04, mse_f: 3.1146e-03, total loss: 3.9157e-03, Error u,v,p: 3.4145e-02 3.5630e-02 4.1249e-02
It: 35200, Time: 14.17, mse_0: 5.8031e-04, mse_f: 3.1049e-03, total loss: 3.9041e-03, Error u,v,p: 3.4086e-02 3.5559e-02 4.1212e-02
It: 35300, Time: 14.46, mse_0: 5.7976e-04, mse_f: 3.0933e-03, total loss: 3.8918e-03, Error u,v,p: 3.4024e-02 3.5507e-02 4.1122e-02
It: 35400, Time: 13.94, mse_0: 5.7804e-04, mse_f: 3.0843e-03, total loss: 3.8806e-03, Error u,v,p: 3.3995e-02 3.5475e-02 4.1107e-02
It: 35500, Time: 13.52, mse_0: 5.7646e-04, mse_f: 3.0749e-03, total loss: 3.8690e-03, Error u,v,p: 3.3971e-02 3.5445e-02 4.1076e-02
It: 35600, Time: 13.51, mse_0: 5.7575e-04, mse_f: 3.0638e-03, total loss: 3.8570e-03, Error u,v,p: 3.3919e-02 3.5385e-02 4.1051e-02
It: 35700, Time: 13.81, mse_0: 5.7307e-04, mse_f: 3.0548e-03, total loss: 3.8452e-03, Error u,v,p: 3.3911e-02 3.5349e-02 4.1057e-02
It: 35800, Time: 13.97, mse_0: 5.7130e-04, mse_f: 3.0448e-03, total loss: 3.8330e-03, Error u,v,p: 3.3868e-02 3.5360e-02 4.1008e-02
It: 35900, Time: 14.34, mse_0: 5.7025e-04, mse_f: 3.0342e-03, total loss: 3.8212e-03, Error u,v,p: 3.3814e-02 3.5360e-02 4.0961e-02
It: 36000, Time: 13.94, mse_0: 5.6977e-04, mse_f: 3.0231e-03, total loss: 3.8085e-03, Error u,v,p: 3.3778e-02 3.5325e-02 4.0965e-02
It: 36100, Time: 13.54, mse_0: 5.6924e-04, mse_f: 3.0129e-03, total loss: 3.7966e-03, Error u,v,p: 3.3770e-02 3.5307e-02 4.0899e-02
It: 36200, Time: 13.74, mse_0: 5.6793e-04, mse_f: 3.0031e-03, total loss: 3.7846e-03, Error u,v,p: 3.3791e-02 3.5301e-02 4.0875e-02
It: 36300, Time: 14.03, mse_0: 5.6599e-04, mse_f: 2.9951e-03, total loss: 3.7735e-03, Error u,v,p: 3.3753e-02 3.5266e-02 4.0864e-02
It: 36400, Time: 14.19, mse_0: 5.6477e-04, mse_f: 2.9850e-03, total loss: 3.7616e-03, Error u,v,p: 3.3701e-02 3.5218e-02 4.0827e-02
It: 36500, Time: 14.20, mse_0: 5.6367e-04, mse_f: 2.9757e-03, total loss: 3.7500e-03, Error u,v,p: 3.3660e-02 3.5181e-02 4.0750e-02
It: 36600, Time: 14.04, mse_0: 5.6330e-04, mse_f: 2.9654e-03, total loss: 3.7382e-03, Error u,v,p: 3.3635e-02 3.5138e-02 4.0696e-02
It: 36700, Time: 13.98, mse_0: 5.6140e-04, mse_f: 2.9554e-03, total loss: 3.7257e-03, Error u,v,p: 3.3572e-02 3.5087e-02 4.0726e-02
It: 36800, Time: 14.15, mse_0: 5.6018e-04, mse_f: 2.9463e-03, total loss: 3.7145e-03, Error u,v,p: 3.3529e-02 3.5097e-02 4.0633e-02
It: 36900, Time: 13.96, mse_0: 5.5924e-04, mse_f: 2.9366e-03, total loss: 3.7029e-03, Error u,v,p: 3.3486e-02 3.5107e-02 4.0585e-02
It: 37000, Time: 14.18, mse_0: 5.5774e-04, mse_f: 2.9275e-03, total loss: 3.6913e-03, Error u,v,p: 3.3429e-02 3.5091e-02 4.0484e-02
It: 37100, Time: 14.24, mse_0: 5.5701e-04, mse_f: 2.9190e-03, total loss: 3.6807e-03, Error u,v,p: 3.3381e-02 3.5011e-02 4.0391e-02
It: 37200, Time: 14.58, mse_0: 5.5473e-04, mse_f: 2.9114e-03, total loss: 3.6702e-03, Error u,v,p: 3.3396e-02 3.5052e-02 4.0397e-02
It: 37300, Time: 14.10, mse_0: 5.5388e-04, mse_f: 2.9020e-03, total loss: 3.6596e-03, Error u,v,p: 3.3377e-02 3.5030e-02 4.0339e-02
It: 37400, Time: 14.34, mse_0: 5.5229e-04, mse_f: 2.8922e-03, total loss: 3.6476e-03, Error u,v,p: 3.3324e-02 3.4985e-02 4.0227e-02
It: 37500, Time: 14.25, mse_0: 5.5026e-04, mse_f: 2.8831e-03, total loss: 3.6360e-03, Error u,v,p: 3.3296e-02 3.4919e-02 4.0138e-02
It: 37600, Time: 14.15, mse_0: 5.4960e-04, mse_f: 2.8733e-03, total loss: 3.6250e-03, Error u,v,p: 3.3234e-02 3.4840e-02 4.0041e-02
It: 37700, Time: 14.14, mse_0: 5.4829e-04, mse_f: 2.8648e-03, total loss: 3.6144e-03, Error u,v,p: 3.3217e-02 3.4829e-02 4.0005e-02
It: 37800, Time: 14.21, mse_0: 5.4661e-04, mse_f: 2.8562e-03, total loss: 3.6037e-03, Error u,v,p: 3.3216e-02 3.4826e-02 3.9926e-02
It: 37900, Time: 14.22, mse_0: 5.4536e-04, mse_f: 2.8468e-03, total loss: 3.5922e-03, Error u,v,p: 3.3172e-02 3.4780e-02 3.9881e-02
It: 38000, Time: 14.18, mse_0: 5.4425e-04, mse_f: 2.8381e-03, total loss: 3.5818e-03, Error u,v,p: 3.3150e-02 3.4672e-02 3.9763e-02
It: 38100, Time: 14.34, mse_0: 5.4145e-04, mse_f: 2.8305e-03, total loss: 3.5707e-03, Error u,v,p: 3.3103e-02 3.4648e-02 3.9717e-02
It: 38200, Time: 14.26, mse_0: 5.4069e-04, mse_f: 2.8216e-03, total loss: 3.5603e-03, Error u,v,p: 3.3098e-02 3.4619e-02 3.9714e-02
It: 38300, Time: 14.07, mse_0: 5.3989e-04, mse_f: 2.8126e-03, total loss: 3.5501e-03, Error u,v,p: 3.3074e-02 3.4609e-02 3.9662e-02
It: 38400, Time: 14.25, mse_0: 5.3940e-04, mse_f: 2.8034e-03, total loss: 3.5403e-03, Error u,v,p: 3.2999e-02 3.4616e-02 3.9585e-02
It: 38500, Time: 14.26, mse_0: 5.3777e-04, mse_f: 2.7939e-03, total loss: 3.5284e-03, Error u,v,p: 3.2958e-02 3.4551e-02 3.9440e-02
It: 38600, Time: 14.31, mse_0: 5.3572e-04, mse_f: 2.7860e-03, total loss: 3.5180e-03, Error u,v,p: 3.2945e-02 3.4510e-02 3.9326e-02
It: 38700, Time: 14.32, mse_0: 5.3442e-04, mse_f: 2.7769e-03, total loss: 3.5074e-03, Error u,v,p: 3.2909e-02 3.4489e-02 3.9323e-02
It: 38800, Time: 14.36, mse_0: 5.3217e-04, mse_f: 2.7688e-03, total loss: 3.4965e-03, Error u,v,p: 3.2860e-02 3.4446e-02 3.9309e-02
It: 38900, Time: 14.31, mse_0: 5.3168e-04, mse_f: 2.7594e-03, total loss: 3.4858e-03, Error u,v,p: 3.2794e-02 3.4380e-02 3.9232e-02
It: 39000, Time: 13.99, mse_0: 5.3057e-04, mse_f: 2.7506e-03, total loss: 3.4756e-03, Error u,v,p: 3.2766e-02 3.4347e-02 3.9139e-02
It: 39100, Time: 13.80, mse_0: 5.3003e-04, mse_f: 2.7424e-03, total loss: 3.4658e-03, Error u,v,p: 3.2725e-02 3.4311e-02 3.9070e-02
It: 39200, Time: 13.83, mse_0: 5.2798e-04, mse_f: 2.7350e-03, total loss: 3.4555e-03, Error u,v,p: 3.2738e-02 3.4266e-02 3.9088e-02
It: 39300, Time: 14.28, mse_0: 5.2677e-04, mse_f: 2.7261e-03, total loss: 3.4448e-03, Error u,v,p: 3.2706e-02 3.4210e-02 3.8980e-02
It: 39400, Time: 13.56, mse_0: 5.2500e-04, mse_f: 2.7187e-03, total loss: 3.4345e-03, Error u,v,p: 3.2673e-02 3.4126e-02 3.9002e-02
It: 39500, Time: 13.66, mse_0: 5.2393e-04, mse_f: 2.7110e-03, total loss: 3.4250e-03, Error u,v,p: 3.2692e-02 3.4143e-02 3.9031e-02
It: 39600, Time: 13.67, mse_0: 5.2308e-04, mse_f: 2.7017e-03, total loss: 3.4145e-03, Error u,v,p: 3.2648e-02 3.4129e-02 3.8964e-02
It: 39700, Time: 13.78, mse_0: 5.2282e-04, mse_f: 2.6919e-03, total loss: 3.4039e-03, Error u,v,p: 3.2604e-02 3.4033e-02 3.8924e-02
It: 39800, Time: 13.93, mse_0: 5.2167e-04, mse_f: 2.6833e-03, total loss: 3.3932e-03, Error u,v,p: 3.2580e-02 3.3992e-02 3.8901e-02
It: 39900, Time: 13.89, mse_0: 5.1989e-04, mse_f: 2.6742e-03, total loss: 3.3824e-03, Error u,v,p: 3.2577e-02 3.3983e-02 3.8903e-02
It: 40000, Time: 13.82, mse_0: 5.1930e-04, mse_f: 2.6657e-03, total loss: 3.3726e-03, Error u,v,p: 3.2571e-02 3.3940e-02 3.8879e-02
It: 40100, Time: 13.99, mse_0: 5.1776e-04, mse_f: 2.6567e-03, total loss: 3.3619e-03, Error u,v,p: 3.2584e-02 3.3924e-02 3.8742e-02
It: 40200, Time: 13.95, mse_0: 5.1749e-04, mse_f: 2.6475e-03, total loss: 3.3522e-03, Error u,v,p: 3.2515e-02 3.3923e-02 3.8716e-02
It: 40300, Time: 13.97, mse_0: 5.1707e-04, mse_f: 2.6382e-03, total loss: 3.3417e-03, Error u,v,p: 3.2478e-02 3.3894e-02 3.8678e-02
It: 40400, Time: 13.81, mse_0: 5.1592e-04, mse_f: 2.6303e-03, total loss: 3.3318e-03, Error u,v,p: 3.2445e-02 3.3908e-02 3.8640e-02
It: 40500, Time: 13.85, mse_0: 5.1408e-04, mse_f: 2.6233e-03, total loss: 3.3224e-03, Error u,v,p: 3.2416e-02 3.3841e-02 3.8644e-02
It: 40600, Time: 13.80, mse_0: 5.1276e-04, mse_f: 2.6159e-03, total loss: 3.3133e-03, Error u,v,p: 3.2389e-02 3.3792e-02 3.8584e-02
It: 40700, Time: 13.91, mse_0: 5.1215e-04, mse_f: 2.6080e-03, total loss: 3.3041e-03, Error u,v,p: 3.2357e-02 3.3726e-02 3.8551e-02
It: 40800, Time: 13.75, mse_0: 5.1128e-04, mse_f: 2.5997e-03, total loss: 3.2944e-03, Error u,v,p: 3.2360e-02 3.3692e-02 3.8504e-02
It: 40900, Time: 13.88, mse_0: 5.1020e-04, mse_f: 2.5919e-03, total loss: 3.2849e-03, Error u,v,p: 3.2353e-02 3.3663e-02 3.8489e-02
It: 41000, Time: 13.93, mse_0: 5.0843e-04, mse_f: 2.5853e-03, total loss: 3.2761e-03, Error u,v,p: 3.2361e-02 3.3633e-02 3.8505e-02
It: 41100, Time: 14.09, mse_0: 5.0718e-04, mse_f: 2.5776e-03, total loss: 3.2664e-03, Error u,v,p: 3.2302e-02 3.3646e-02 3.8454e-02
It: 41200, Time: 14.14, mse_0: 5.0610e-04, mse_f: 2.5704e-03, total loss: 3.2575e-03, Error u,v,p: 3.2246e-02 3.3649e-02 3.8469e-02
It: 41300, Time: 14.09, mse_0: 5.0440e-04, mse_f: 2.5631e-03, total loss: 3.2480e-03, Error u,v,p: 3.2183e-02 3.3654e-02 3.8415e-02
It: 41400, Time: 14.13, mse_0: 5.0286e-04, mse_f: 2.5563e-03, total loss: 3.2392e-03, Error u,v,p: 3.2128e-02 3.3642e-02 3.8444e-02
It: 41500, Time: 14.27, mse_0: 5.0133e-04, mse_f: 2.5496e-03, total loss: 3.2304e-03, Error u,v,p: 3.2106e-02 3.3601e-02 3.8355e-02
It: 41600, Time: 14.25, mse_0: 4.9985e-04, mse_f: 2.5424e-03, total loss: 3.2209e-03, Error u,v,p: 3.2114e-02 3.3618e-02 3.8344e-02
It: 41700, Time: 14.19, mse_0: 4.9875e-04, mse_f: 2.5350e-03, total loss: 3.2121e-03, Error u,v,p: 3.2076e-02 3.3581e-02 3.8258e-02
It: 41800, Time: 14.22, mse_0: 4.9786e-04, mse_f: 2.5276e-03, total loss: 3.2032e-03, Error u,v,p: 3.2053e-02 3.3600e-02 3.8212e-02
It: 41900, Time: 14.28, mse_0: 4.9646e-04, mse_f: 2.5208e-03, total loss: 3.1947e-03, Error u,v,p: 3.2005e-02 3.3589e-02 3.8257e-02
It: 42000, Time: 14.28, mse_0: 4.9613e-04, mse_f: 2.5128e-03, total loss: 3.1854e-03, Error u,v,p: 3.1977e-02 3.3553e-02 3.8304e-02
It: 42100, Time: 14.36, mse_0: 4.9580e-04, mse_f: 2.5045e-03, total loss: 3.1766e-03, Error u,v,p: 3.1913e-02 3.3509e-02 3.8355e-02
It: 42200, Time: 14.23, mse_0: 4.9437e-04, mse_f: 2.4981e-03, total loss: 3.1685e-03, Error u,v,p: 3.1886e-02 3.3482e-02 3.8357e-02
It: 42300, Time: 14.12, mse_0: 4.9198e-04, mse_f: 2.4924e-03, total loss: 3.1596e-03, Error u,v,p: 3.1882e-02 3.3478e-02 3.8234e-02
It: 42400, Time: 14.20, mse_0: 4.9001e-04, mse_f: 2.4859e-03, total loss: 3.1507e-03, Error u,v,p: 3.1876e-02 3.3452e-02 3.8193e-02
It: 42500, Time: 13.88, mse_0: 4.8872e-04, mse_f: 2.4793e-03, total loss: 3.1422e-03, Error u,v,p: 3.1904e-02 3.3442e-02 3.8231e-02
It: 42600, Time: 14.04, mse_0: 4.8790e-04, mse_f: 2.4718e-03, total loss: 3.1333e-03, Error u,v,p: 3.1877e-02 3.3412e-02 3.8305e-02
It: 42700, Time: 14.29, mse_0: 4.8752e-04, mse_f: 2.4642e-03, total loss: 3.1243e-03, Error u,v,p: 3.1816e-02 3.3391e-02 3.8293e-02
It: 42800, Time: 14.30, mse_0: 4.8643e-04, mse_f: 2.4573e-03, total loss: 3.1159e-03, Error u,v,p: 3.1799e-02 3.3400e-02 3.8247e-02
It: 42900, Time: 13.45, mse_0: 4.8571e-04, mse_f: 2.4494e-03, total loss: 3.1067e-03, Error u,v,p: 3.1789e-02 3.3382e-02 3.8272e-02
It: 43000, Time: 13.52, mse_0: 4.8463e-04, mse_f: 2.4423e-03, total loss: 3.0978e-03, Error u,v,p: 3.1762e-02 3.3385e-02 3.8219e-02
It: 43100, Time: 13.75, mse_0: 4.8371e-04, mse_f: 2.4350e-03, total loss: 3.0892e-03, Error u,v,p: 3.1711e-02 3.3379e-02 3.8217e-02
It: 43200, Time: 13.91, mse_0: 4.8257e-04, mse_f: 2.4280e-03, total loss: 3.0805e-03, Error u,v,p: 3.1688e-02 3.3347e-02 3.8334e-02
It: 43300, Time: 13.90, mse_0: 4.8117e-04, mse_f: 2.4213e-03, total loss: 3.0721e-03, Error u,v,p: 3.1692e-02 3.3328e-02 3.8329e-02
It: 43400, Time: 14.01, mse_0: 4.8008e-04, mse_f: 2.4142e-03, total loss: 3.0635e-03, Error u,v,p: 3.1647e-02 3.3334e-02 3.8312e-02
It: 43500, Time: 13.76, mse_0: 4.7856e-04, mse_f: 2.4080e-03, total loss: 3.0554e-03, Error u,v,p: 3.1650e-02 3.3305e-02 3.8287e-02
It: 43600, Time: 13.85, mse_0: 4.7674e-04, mse_f: 2.4025e-03, total loss: 3.0477e-03, Error u,v,p: 3.1631e-02 3.3327e-02 3.8282e-02
It: 43700, Time: 14.04, mse_0: 4.7590e-04, mse_f: 2.3952e-03, total loss: 3.0395e-03, Error u,v,p: 3.1568e-02 3.3230e-02 3.8225e-02
It: 43800, Time: 13.88, mse_0: 4.7551e-04, mse_f: 2.3880e-03, total loss: 3.0315e-03, Error u,v,p: 3.1538e-02 3.3188e-02 3.8237e-02
It: 43900, Time: 13.92, mse_0: 4.7455e-04, mse_f: 2.3814e-03, total loss: 3.0236e-03, Error u,v,p: 3.1547e-02 3.3201e-02 3.8255e-02
It: 44000, Time: 13.96, mse_0: 4.7328e-04, mse_f: 2.3752e-03, total loss: 3.0160e-03, Error u,v,p: 3.1532e-02 3.3214e-02 3.8186e-02
It: 44100, Time: 13.81, mse_0: 4.7211e-04, mse_f: 2.3688e-03, total loss: 3.0078e-03, Error u,v,p: 3.1513e-02 3.3164e-02 3.8180e-02
It: 44200, Time: 14.02, mse_0: 4.7160e-04, mse_f: 2.3618e-03, total loss: 3.0002e-03, Error u,v,p: 3.1434e-02 3.3142e-02 3.8135e-02
It: 44300, Time: 13.97, mse_0: 4.7043e-04, mse_f: 2.3556e-03, total loss: 2.9924e-03, Error u,v,p: 3.1406e-02 3.3117e-02 3.8082e-02
It: 44400, Time: 13.97, mse_0: 4.6906e-04, mse_f: 2.3489e-03, total loss: 2.9838e-03, Error u,v,p: 3.1366e-02 3.3093e-02 3.8120e-02
It: 44500, Time: 14.01, mse_0: 4.6802e-04, mse_f: 2.3428e-03, total loss: 2.9759e-03, Error u,v,p: 3.1365e-02 3.3079e-02 3.8136e-02
It: 44600, Time: 14.33, mse_0: 4.6678e-04, mse_f: 2.3364e-03, total loss: 2.9678e-03, Error u,v,p: 3.1326e-02 3.3071e-02 3.8089e-02
It: 44700, Time: 13.89, mse_0: 4.6548e-04, mse_f: 2.3310e-03, total loss: 2.9608e-03, Error u,v,p: 3.1288e-02 3.3060e-02 3.8060e-02
It: 44800, Time: 14.36, mse_0: 4.6458e-04, mse_f: 2.3244e-03, total loss: 2.9530e-03, Error u,v,p: 3.1282e-02 3.3103e-02 3.8033e-02
It: 44900, Time: 14.56, mse_0: 4.6327e-04, mse_f: 2.3180e-03, total loss: 2.9451e-03, Error u,v,p: 3.1246e-02 3.3104e-02 3.8026e-02
It: 45000, Time: 14.15, mse_0: 4.6231e-04, mse_f: 2.3112e-03, total loss: 2.9370e-03, Error u,v,p: 3.1243e-02 3.3050e-02 3.8023e-02
It: 45100, Time: 14.28, mse_0: 4.6193e-04, mse_f: 2.3043e-03, total loss: 2.9292e-03, Error u,v,p: 3.1235e-02 3.3004e-02 3.8016e-02
It: 45200, Time: 14.01, mse_0: 4.6160e-04, mse_f: 2.2975e-03, total loss: 2.9217e-03, Error u,v,p: 3.1246e-02 3.3038e-02 3.8073e-02
It: 45300, Time: 14.34, mse_0: 4.6062e-04, mse_f: 2.2916e-03, total loss: 2.9145e-03, Error u,v,p: 3.1257e-02 3.2996e-02 3.8053e-02
It: 45400, Time: 13.92, mse_0: 4.5949e-04, mse_f: 2.2854e-03, total loss: 2.9069e-03, Error u,v,p: 3.1237e-02 3.2977e-02 3.8078e-02
It: 45500, Time: 14.21, mse_0: 4.5943e-04, mse_f: 2.2785e-03, total loss: 2.8994e-03, Error u,v,p: 3.1192e-02 3.2955e-02 3.8062e-02
It: 45600, Time: 14.26, mse_0: 4.5886e-04, mse_f: 2.2726e-03, total loss: 2.8926e-03, Error u,v,p: 3.1174e-02 3.2912e-02 3.7992e-02
It: 45700, Time: 14.20, mse_0: 4.5742e-04, mse_f: 2.2672e-03, total loss: 2.8855e-03, Error u,v,p: 3.1167e-02 3.2878e-02 3.8012e-02
It: 45800, Time: 13.96, mse_0: 4.5724e-04, mse_f: 2.2606e-03, total loss: 2.8784e-03, Error u,v,p: 3.1155e-02 3.2818e-02 3.7983e-02
It: 45900, Time: 13.87, mse_0: 4.5630e-04, mse_f: 2.2550e-03, total loss: 2.8712e-03, Error u,v,p: 3.1121e-02 3.2795e-02 3.7994e-02
It: 46000, Time: 13.78, mse_0: 4.5542e-04, mse_f: 2.2491e-03, total loss: 2.8644e-03, Error u,v,p: 3.1097e-02 3.2766e-02 3.8002e-02
It: 46100, Time: 14.12, mse_0: 4.5522e-04, mse_f: 2.2427e-03, total loss: 2.8575e-03, Error u,v,p: 3.1048e-02 3.2793e-02 3.8013e-02
It: 46200, Time: 14.08, mse_0: 4.5409e-04, mse_f: 2.2372e-03, total loss: 2.8505e-03, Error u,v,p: 3.1060e-02 3.2783e-02 3.8039e-02
It: 46300, Time: 13.49, mse_0: 4.5333e-04, mse_f: 2.2318e-03, total loss: 2.8437e-03, Error u,v,p: 3.1053e-02 3.2730e-02 3.8028e-02
It: 46400, Time: 13.38, mse_0: 4.5274e-04, mse_f: 2.2263e-03, total loss: 2.8371e-03, Error u,v,p: 3.1055e-02 3.2681e-02 3.8083e-02
It: 46500, Time: 13.61, mse_0: 4.5219e-04, mse_f: 2.2210e-03, total loss: 2.8309e-03, Error u,v,p: 3.0991e-02 3.2655e-02 3.8048e-02
It: 46600, Time: 13.80, mse_0: 4.5148e-04, mse_f: 2.2156e-03, total loss: 2.8241e-03, Error u,v,p: 3.0959e-02 3.2630e-02 3.8063e-02
It: 46700, Time: 13.83, mse_0: 4.5045e-04, mse_f: 2.2106e-03, total loss: 2.8174e-03, Error u,v,p: 3.0962e-02 3.2589e-02 3.8069e-02
It: 46800, Time: 13.72, mse_0: 4.4969e-04, mse_f: 2.2054e-03, total loss: 2.8111e-03, Error u,v,p: 3.0915e-02 3.2560e-02 3.8076e-02
It: 46900, Time: 13.85, mse_0: 4.4889e-04, mse_f: 2.2004e-03, total loss: 2.8048e-03, Error u,v,p: 3.0895e-02 3.2518e-02 3.8000e-02
It: 47000, Time: 13.82, mse_0: 4.4745e-04, mse_f: 2.1964e-03, total loss: 2.7991e-03, Error u,v,p: 3.0872e-02 3.2547e-02 3.7997e-02
It: 47100, Time: 13.84, mse_0: 4.4645e-04, mse_f: 2.1912e-03, total loss: 2.7927e-03, Error u,v,p: 3.0870e-02 3.2538e-02 3.7922e-02
It: 47200, Time: 13.87, mse_0: 4.4607e-04, mse_f: 2.1853e-03, total loss: 2.7860e-03, Error u,v,p: 3.0832e-02 3.2498e-02 3.7823e-02
It: 47300, Time: 13.87, mse_0: 4.4522e-04, mse_f: 2.1807e-03, total loss: 2.7799e-03, Error u,v,p: 3.0827e-02 3.2476e-02 3.7897e-02
It: 47400, Time: 13.73, mse_0: 4.4409e-04, mse_f: 2.1753e-03, total loss: 2.7728e-03, Error u,v,p: 3.0798e-02 3.2439e-02 3.7926e-02
It: 47500, Time: 13.85, mse_0: 4.4406e-04, mse_f: 2.1697e-03, total loss: 2.7665e-03, Error u,v,p: 3.0736e-02 3.2409e-02 3.7867e-02
It: 47600, Time: 13.75, mse_0: 4.4301e-04, mse_f: 2.1644e-03, total loss: 2.7599e-03, Error u,v,p: 3.0737e-02 3.2404e-02 3.7825e-02
It: 47700, Time: 13.75, mse_0: 4.4212e-04, mse_f: 2.1595e-03, total loss: 2.7537e-03, Error u,v,p: 3.0719e-02 3.2408e-02 3.7830e-02
It: 47800, Time: 13.92, mse_0: 4.4135e-04, mse_f: 2.1544e-03, total loss: 2.7479e-03, Error u,v,p: 3.0672e-02 3.2384e-02 3.7880e-02
It: 47900, Time: 13.77, mse_0: 4.4041e-04, mse_f: 2.1486e-03, total loss: 2.7411e-03, Error u,v,p: 3.0689e-02 3.2344e-02 3.7861e-02
It: 48000, Time: 13.89, mse_0: 4.3992e-04, mse_f: 2.1432e-03, total loss: 2.7348e-03, Error u,v,p: 3.0636e-02 3.2321e-02 3.7862e-02
It: 48100, Time: 13.78, mse_0: 4.3929e-04, mse_f: 2.1376e-03, total loss: 2.7282e-03, Error u,v,p: 3.0629e-02 3.2280e-02 3.7893e-02
It: 48200, Time: 13.98, mse_0: 4.3869e-04, mse_f: 2.1320e-03, total loss: 2.7217e-03, Error u,v,p: 3.0634e-02 3.2273e-02 3.7907e-02
It: 48300, Time: 13.95, mse_0: 4.3850e-04, mse_f: 2.1264e-03, total loss: 2.7154e-03, Error u,v,p: 3.0609e-02 3.2239e-02 3.7911e-02
It: 48400, Time: 14.06, mse_0: 4.3821e-04, mse_f: 2.1208e-03, total loss: 2.7088e-03, Error u,v,p: 3.0600e-02 3.2221e-02 3.7906e-02
It: 48500, Time: 14.06, mse_0: 4.3776e-04, mse_f: 2.1149e-03, total loss: 2.7022e-03, Error u,v,p: 3.0568e-02 3.2183e-02 3.7920e-02
It: 48600, Time: 14.15, mse_0: 4.3660e-04, mse_f: 2.1101e-03, total loss: 2.6959e-03, Error u,v,p: 3.0554e-02 3.2162e-02 3.7912e-02
It: 48700, Time: 14.26, mse_0: 4.3577e-04, mse_f: 2.1049e-03, total loss: 2.6893e-03, Error u,v,p: 3.0533e-02 3.2169e-02 3.7858e-02
It: 48800, Time: 14.26, mse_0: 4.3512e-04, mse_f: 2.0995e-03, total loss: 2.6828e-03, Error u,v,p: 3.0542e-02 3.2132e-02 3.7854e-02
It: 48900, Time: 14.27, mse_0: 4.3437e-04, mse_f: 2.0952e-03, total loss: 2.6772e-03, Error u,v,p: 3.0518e-02 3.2113e-02 3.7821e-02
It: 49000, Time: 14.28, mse_0: 4.3343e-04, mse_f: 2.0905e-03, total loss: 2.6712e-03, Error u,v,p: 3.0507e-02 3.2092e-02 3.7785e-02
It: 49100, Time: 14.03, mse_0: 4.3257e-04, mse_f: 2.0861e-03, total loss: 2.6655e-03, Error u,v,p: 3.0509e-02 3.2079e-02 3.7796e-02
It: 49200, Time: 13.44, mse_0: 4.3114e-04, mse_f: 2.0818e-03, total loss: 2.6593e-03, Error u,v,p: 3.0506e-02 3.2037e-02 3.7805e-02
It: 49300, Time: 13.67, mse_0: 4.3033e-04, mse_f: 2.0770e-03, total loss: 2.6533e-03, Error u,v,p: 3.0482e-02 3.2004e-02 3.7848e-02
It: 49400, Time: 13.86, mse_0: 4.2964e-04, mse_f: 2.0719e-03, total loss: 2.6473e-03, Error u,v,p: 3.0452e-02 3.1991e-02 3.7819e-02
It: 49500, Time: 13.82, mse_0: 4.2933e-04, mse_f: 2.0659e-03, total loss: 2.6408e-03, Error u,v,p: 3.0428e-02 3.1979e-02 3.7801e-02
It: 49600, Time: 14.35, mse_0: 4.2877e-04, mse_f: 2.0608e-03, total loss: 2.6349e-03, Error u,v,p: 3.0442e-02 3.1983e-02 3.7825e-02
It: 49700, Time: 13.68, mse_0: 4.2831e-04, mse_f: 2.0556e-03, total loss: 2.6291e-03, Error u,v,p: 3.0400e-02 3.1980e-02 3.7808e-02
It: 49800, Time: 13.23, mse_0: 4.2819e-04, mse_f: 2.0499e-03, total loss: 2.6232e-03, Error u,v,p: 3.0382e-02 3.1957e-02 3.7802e-02
It: 49900, Time: 13.47, mse_0: 4.2738e-04, mse_f: 2.0447e-03, total loss: 2.6171e-03, Error u,v,p: 3.0357e-02 3.1965e-02 3.7772e-02
It: 50000, Time: 13.78, mse_0: 4.2613e-04, mse_f: 2.0402e-03, total loss: 2.6110e-03, Error u,v,p: 3.0333e-02 3.1945e-02 3.7752e-02
It: 50100, Time: 13.83, mse_0: 4.2534e-04, mse_f: 2.0345e-03, total loss: 2.6046e-03, Error u,v,p: 3.0321e-02 3.1939e-02 3.7716e-02
It: 50200, Time: 13.84, mse_0: 4.2444e-04, mse_f: 2.0293e-03, total loss: 2.5983e-03, Error u,v,p: 3.0289e-02 3.1901e-02 3.7661e-02
It: 50300, Time: 14.02, mse_0: 4.2302e-04, mse_f: 2.0251e-03, total loss: 2.5922e-03, Error u,v,p: 3.0286e-02 3.1922e-02 3.7641e-02
It: 50400, Time: 14.01, mse_0: 4.2214e-04, mse_f: 2.0203e-03, total loss: 2.5862e-03, Error u,v,p: 3.0259e-02 3.1900e-02 3.7653e-02
It: 50500, Time: 13.82, mse_0: 4.2120e-04, mse_f: 2.0152e-03, total loss: 2.5800e-03, Error u,v,p: 3.0240e-02 3.1849e-02 3.7722e-02
It: 50600, Time: 13.97, mse_0: 4.2034e-04, mse_f: 2.0104e-03, total loss: 2.5739e-03, Error u,v,p: 3.0235e-02 3.1849e-02 3.7766e-02
It: 50700, Time: 13.80, mse_0: 4.1996e-04, mse_f: 2.0057e-03, total loss: 2.5683e-03, Error u,v,p: 3.0236e-02 3.1831e-02 3.7759e-02
It: 50800, Time: 14.03, mse_0: 4.1906e-04, mse_f: 2.0012e-03, total loss: 2.5623e-03, Error u,v,p: 3.0246e-02 3.1840e-02 3.7764e-02
It: 50900, Time: 13.89, mse_0: 4.1821e-04, mse_f: 1.9966e-03, total loss: 2.5564e-03, Error u,v,p: 3.0249e-02 3.1818e-02 3.7742e-02
It: 51000, Time: 13.83, mse_0: 4.1743e-04, mse_f: 1.9917e-03, total loss: 2.5501e-03, Error u,v,p: 3.0211e-02 3.1772e-02 3.7623e-02
It: 51100, Time: 13.85, mse_0: 4.1668e-04, mse_f: 1.9867e-03, total loss: 2.5441e-03, Error u,v,p: 3.0194e-02 3.1715e-02 3.7513e-02
It: 51200, Time: 13.75, mse_0: 4.1593e-04, mse_f: 1.9813e-03, total loss: 2.5376e-03, Error u,v,p: 3.0150e-02 3.1697e-02 3.7536e-02
It: 51300, Time: 13.84, mse_0: 4.1522e-04, mse_f: 1.9764e-03, total loss: 2.5319e-03, Error u,v,p: 3.0125e-02 3.1703e-02 3.7526e-02
It: 51400, Time: 13.85, mse_0: 4.1495e-04, mse_f: 1.9706e-03, total loss: 2.5259e-03, Error u,v,p: 3.0096e-02 3.1707e-02 3.7470e-02
It: 51500, Time: 13.98, mse_0: 4.1411e-04, mse_f: 1.9659e-03, total loss: 2.5198e-03, Error u,v,p: 3.0074e-02 3.1687e-02 3.7403e-02
It: 51600, Time: 13.91, mse_0: 4.1332e-04, mse_f: 1.9612e-03, total loss: 2.5139e-03, Error u,v,p: 3.0019e-02 3.1654e-02 3.7430e-02
It: 51700, Time: 13.75, mse_0: 4.1240e-04, mse_f: 1.9561e-03, total loss: 2.5081e-03, Error u,v,p: 3.0011e-02 3.1650e-02 3.7418e-02
It: 51800, Time: 13.92, mse_0: 4.1169e-04, mse_f: 1.9517e-03, total loss: 2.5026e-03, Error u,v,p: 2.9987e-02 3.1628e-02 3.7431e-02
It: 51900, Time: 13.89, mse_0: 4.1116e-04, mse_f: 1.9472e-03, total loss: 2.4969e-03, Error u,v,p: 2.9967e-02 3.1603e-02 3.7446e-02
It: 52000, Time: 13.99, mse_0: 4.1086e-04, mse_f: 1.9421e-03, total loss: 2.4914e-03, Error u,v,p: 2.9946e-02 3.1627e-02 3.7481e-02
It: 52100, Time: 13.93, mse_0: 4.1007e-04, mse_f: 1.9379e-03, total loss: 2.4860e-03, Error u,v,p: 2.9939e-02 3.1624e-02 3.7477e-02
It: 52200, Time: 13.88, mse_0: 4.0924e-04, mse_f: 1.9332e-03, total loss: 2.4803e-03, Error u,v,p: 2.9933e-02 3.1586e-02 3.7459e-02
It: 52300, Time: 13.97, mse_0: 4.0868e-04, mse_f: 1.9283e-03, total loss: 2.4746e-03, Error u,v,p: 2.9882e-02 3.1550e-02 3.7450e-02
It: 52400, Time: 13.83, mse_0: 4.0815e-04, mse_f: 1.9237e-03, total loss: 2.4689e-03, Error u,v,p: 2.9848e-02 3.1507e-02 3.7410e-02
It: 52500, Time: 13.99, mse_0: 4.0777e-04, mse_f: 1.9188e-03, total loss: 2.4636e-03, Error u,v,p: 2.9833e-02 3.1507e-02 3.7403e-02
It: 52600, Time: 13.51, mse_0: 4.0695e-04, mse_f: 1.9144e-03, total loss: 2.4582e-03, Error u,v,p: 2.9786e-02 3.1474e-02 3.7378e-02
It: 52700, Time: 13.40, mse_0: 4.0595e-04, mse_f: 1.9100e-03, total loss: 2.4524e-03, Error u,v,p: 2.9762e-02 3.1452e-02 3.7310e-02
It: 52800, Time: 13.93, mse_0: 4.0485e-04, mse_f: 1.9058e-03, total loss: 2.4469e-03, Error u,v,p: 2.9745e-02 3.1430e-02 3.7340e-02
It: 52900, Time: 14.39, mse_0: 4.0362e-04, mse_f: 1.9022e-03, total loss: 2.4415e-03, Error u,v,p: 2.9725e-02 3.1437e-02 3.7387e-02
It: 53000, Time: 14.00, mse_0: 4.0336e-04, mse_f: 1.8969e-03, total loss: 2.4357e-03, Error u,v,p: 2.9738e-02 3.1419e-02 3.7406e-02
It: 53100, Time: 13.92, mse_0: 4.0291e-04, mse_f: 1.8921e-03, total loss: 2.4302e-03, Error u,v,p: 2.9730e-02 3.1434e-02 3.7419e-02
It: 53200, Time: 13.62, mse_0: 4.0164e-04, mse_f: 1.8888e-03, total loss: 2.4252e-03, Error u,v,p: 2.9726e-02 3.1405e-02 3.7447e-02
It: 53300, Time: 13.48, mse_0: 4.0059e-04, mse_f: 1.8842e-03, total loss: 2.4194e-03, Error u,v,p: 2.9685e-02 3.1380e-02 3.7442e-02
It: 53400, Time: 13.54, mse_0: 3.9959e-04, mse_f: 1.8800e-03, total loss: 2.4137e-03, Error u,v,p: 2.9660e-02 3.1370e-02 3.7395e-02
It: 53500, Time: 13.77, mse_0: 3.9882e-04, mse_f: 1.8759e-03, total loss: 2.4085e-03, Error u,v,p: 2.9656e-02 3.1335e-02 3.7367e-02
It: 53600, Time: 13.79, mse_0: 3.9743e-04, mse_f: 1.8726e-03, total loss: 2.4034e-03, Error u,v,p: 2.9639e-02 3.1335e-02 3.7395e-02
It: 53700, Time: 13.82, mse_0: 3.9656e-04, mse_f: 1.8684e-03, total loss: 2.3980e-03, Error u,v,p: 2.9599e-02 3.1323e-02 3.7406e-02
It: 53800, Time: 13.77, mse_0: 3.9588e-04, mse_f: 1.8639e-03, total loss: 2.3927e-03, Error u,v,p: 2.9605e-02 3.1299e-02 3.7470e-02
It: 53900, Time: 14.03, mse_0: 3.9491e-04, mse_f: 1.8600e-03, total loss: 2.3876e-03, Error u,v,p: 2.9591e-02 3.1267e-02 3.7445e-02
It: 54000, Time: 13.71, mse_0: 3.9371e-04, mse_f: 1.8561e-03, total loss: 2.3821e-03, Error u,v,p: 2.9574e-02 3.1224e-02 3.7477e-02
It: 54100, Time: 13.77, mse_0: 3.9276e-04, mse_f: 1.8521e-03, total loss: 2.3771e-03, Error u,v,p: 2.9561e-02 3.1277e-02 3.7539e-02
It: 54200, Time: 13.86, mse_0: 3.9167e-04, mse_f: 1.8483e-03, total loss: 2.3720e-03, Error u,v,p: 2.9566e-02 3.1255e-02 3.7504e-02
It: 54300, Time: 14.05, mse_0: 3.9103e-04, mse_f: 1.8447e-03, total loss: 2.3676e-03, Error u,v,p: 2.9552e-02 3.1252e-02 3.7488e-02
It: 54400, Time: 13.87, mse_0: 3.9053e-04, mse_f: 1.8401e-03, total loss: 2.3624e-03, Error u,v,p: 2.9541e-02 3.1231e-02 3.7441e-02
It: 54500, Time: 13.93, mse_0: 3.8994e-04, mse_f: 1.8358e-03, total loss: 2.3574e-03, Error u,v,p: 2.9504e-02 3.1184e-02 3.7402e-02
It: 54600, Time: 13.82, mse_0: 3.8940e-04, mse_f: 1.8312e-03, total loss: 2.3520e-03, Error u,v,p: 2.9499e-02 3.1145e-02 3.7338e-02
It: 54700, Time: 13.93, mse_0: 3.8895e-04, mse_f: 1.8269e-03, total loss: 2.3467e-03, Error u,v,p: 2.9490e-02 3.1114e-02 3.7257e-02
It: 54800, Time: 13.89, mse_0: 3.8822e-04, mse_f: 1.8231e-03, total loss: 2.3418e-03, Error u,v,p: 2.9519e-02 3.1096e-02 3.7294e-02
It: 54900, Time: 13.83, mse_0: 3.8804e-04, mse_f: 1.8190e-03, total loss: 2.3368e-03, Error u,v,p: 2.9503e-02 3.1072e-02 3.7323e-02
It: 55000, Time: 13.88, mse_0: 3.8676e-04, mse_f: 1.8150e-03, total loss: 2.3316e-03, Error u,v,p: 2.9498e-02 3.1057e-02 3.7285e-02
It: 55100, Time: 13.95, mse_0: 3.8641e-04, mse_f: 1.8105e-03, total loss: 2.3266e-03, Error u,v,p: 2.9507e-02 3.1035e-02 3.7229e-02
It: 55200, Time: 13.99, mse_0: 3.8565e-04, mse_f: 1.8064e-03, total loss: 2.3217e-03, Error u,v,p: 2.9492e-02 3.0985e-02 3.7183e-02
It: 55300, Time: 14.03, mse_0: 3.8463e-04, mse_f: 1.8028e-03, total loss: 2.3166e-03, Error u,v,p: 2.9472e-02 3.0984e-02 3.7164e-02
It: 55400, Time: 13.97, mse_0: 3.8411e-04, mse_f: 1.7985e-03, total loss: 2.3114e-03, Error u,v,p: 2.9439e-02 3.0967e-02 3.7166e-02
It: 55500, Time: 13.88, mse_0: 3.8325e-04, mse_f: 1.7947e-03, total loss: 2.3063e-03, Error u,v,p: 2.9408e-02 3.0982e-02 3.7189e-02
It: 55600, Time: 14.05, mse_0: 3.8230e-04, mse_f: 1.7911e-03, total loss: 2.3015e-03, Error u,v,p: 2.9396e-02 3.1009e-02 3.7176e-02
It: 55700, Time: 14.30, mse_0: 3.8145e-04, mse_f: 1.7872e-03, total loss: 2.2966e-03, Error u,v,p: 2.9369e-02 3.1006e-02 3.7119e-02
It: 55800, Time: 14.25, mse_0: 3.8109e-04, mse_f: 1.7830e-03, total loss: 2.2916e-03, Error u,v,p: 2.9333e-02 3.0971e-02 3.7125e-02
It: 55900, Time: 14.27, mse_0: 3.8067e-04, mse_f: 1.7785e-03, total loss: 2.2867e-03, Error u,v,p: 2.9347e-02 3.0937e-02 3.7125e-02
It: 56000, Time: 14.23, mse_0: 3.7993e-04, mse_f: 1.7746e-03, total loss: 2.2818e-03, Error u,v,p: 2.9331e-02 3.0969e-02 3.7073e-02
It: 56100, Time: 14.36, mse_0: 3.7959e-04, mse_f: 1.7707e-03, total loss: 2.2772e-03, Error u,v,p: 2.9322e-02 3.0939e-02 3.7030e-02
It: 56200, Time: 14.18, mse_0: 3.7911e-04, mse_f: 1.7666e-03, total loss: 2.2723e-03, Error u,v,p: 2.9275e-02 3.0928e-02 3.6976e-02
It: 56300, Time: 13.66, mse_0: 3.7868e-04, mse_f: 1.7620e-03, total loss: 2.2672e-03, Error u,v,p: 2.9271e-02 3.0883e-02 3.6981e-02
It: 56400, Time: 13.96, mse_0: 3.7797e-04, mse_f: 1.7582e-03, total loss: 2.2622e-03, Error u,v,p: 2.9241e-02 3.0898e-02 3.6959e-02
It: 56500, Time: 14.19, mse_0: 3.7691e-04, mse_f: 1.7545e-03, total loss: 2.2573e-03, Error u,v,p: 2.9267e-02 3.0869e-02 3.7025e-02
It: 56600, Time: 14.27, mse_0: 3.7615e-04, mse_f: 1.7503e-03, total loss: 2.2522e-03, Error u,v,p: 2.9241e-02 3.0844e-02 3.6981e-02
It: 56700, Time: 13.42, mse_0: 3.7563e-04, mse_f: 1.7464e-03, total loss: 2.2474e-03, Error u,v,p: 2.9217e-02 3.0824e-02 3.7007e-02
It: 56800, Time: 13.34, mse_0: 3.7530e-04, mse_f: 1.7419e-03, total loss: 2.2427e-03, Error u,v,p: 2.9166e-02 3.0792e-02 3.6955e-02
It: 56900, Time: 13.68, mse_0: 3.7478e-04, mse_f: 1.7381e-03, total loss: 2.2379e-03, Error u,v,p: 2.9145e-02 3.0773e-02 3.6892e-02
It: 57000, Time: 13.79, mse_0: 3.7468e-04, mse_f: 1.7336e-03, total loss: 2.2328e-03, Error u,v,p: 2.9102e-02 3.0744e-02 3.6844e-02
It: 57100, Time: 13.81, mse_0: 3.7438e-04, mse_f: 1.7293e-03, total loss: 2.2278e-03, Error u,v,p: 2.9103e-02 3.0746e-02 3.6811e-02
It: 57200, Time: 13.84, mse_0: 3.7386e-04, mse_f: 1.7247e-03, total loss: 2.2226e-03, Error u,v,p: 2.9104e-02 3.0707e-02 3.6757e-02
It: 57300, Time: 13.80, mse_0: 3.7327e-04, mse_f: 1.7207e-03, total loss: 2.2179e-03, Error u,v,p: 2.9102e-02 3.0694e-02 3.6760e-02
It: 57400, Time: 13.64, mse_0: 3.7253e-04, mse_f: 1.7169e-03, total loss: 2.2134e-03, Error u,v,p: 2.9097e-02 3.0685e-02 3.6760e-02
It: 57500, Time: 14.03, mse_0: 3.7156e-04, mse_f: 1.7132e-03, total loss: 2.2086e-03, Error u,v,p: 2.9093e-02 3.0657e-02 3.6739e-02
It: 57600, Time: 13.80, mse_0: 3.7068e-04, mse_f: 1.7093e-03, total loss: 2.2037e-03, Error u,v,p: 2.9090e-02 3.0644e-02 3.6695e-02
It: 57700, Time: 13.99, mse_0: 3.6980e-04, mse_f: 1.7060e-03, total loss: 2.1994e-03, Error u,v,p: 2.9059e-02 3.0632e-02 3.6717e-02
It: 57800, Time: 13.82, mse_0: 3.6861e-04, mse_f: 1.7023e-03, total loss: 2.1944e-03, Error u,v,p: 2.9051e-02 3.0616e-02 3.6666e-02
It: 57900, Time: 13.81, mse_0: 3.6766e-04, mse_f: 1.6989e-03, total loss: 2.1896e-03, Error u,v,p: 2.9046e-02 3.0597e-02 3.6641e-02
It: 58000, Time: 13.85, mse_0: 3.6700e-04, mse_f: 1.6949e-03, total loss: 2.1848e-03, Error u,v,p: 2.9038e-02 3.0572e-02 3.6599e-02
It: 58100, Time: 13.82, mse_0: 3.6652e-04, mse_f: 1.6908e-03, total loss: 2.1801e-03, Error u,v,p: 2.9019e-02 3.0523e-02 3.6566e-02
It: 58200, Time: 14.10, mse_0: 3.6582e-04, mse_f: 1.6869e-03, total loss: 2.1752e-03, Error u,v,p: 2.8990e-02 3.0501e-02 3.6572e-02
It: 58300, Time: 14.08, mse_0: 3.6509e-04, mse_f: 1.6836e-03, total loss: 2.1707e-03, Error u,v,p: 2.8979e-02 3.0503e-02 3.6629e-02
It: 58400, Time: 13.98, mse_0: 3.6426e-04, mse_f: 1.6800e-03, total loss: 2.1659e-03, Error u,v,p: 2.8946e-02 3.0476e-02 3.6618e-02
It: 58500, Time: 13.97, mse_0: 3.6372e-04, mse_f: 1.6759e-03, total loss: 2.1610e-03, Error u,v,p: 2.8905e-02 3.0473e-02 3.6580e-02
It: 58600, Time: 14.06, mse_0: 3.6296e-04, mse_f: 1.6724e-03, total loss: 2.1564e-03, Error u,v,p: 2.8864e-02 3.0441e-02 3.6521e-02
It: 58700, Time: 14.18, mse_0: 3.6221e-04, mse_f: 1.6689e-03, total loss: 2.1520e-03, Error u,v,p: 2.8809e-02 3.0423e-02 3.6472e-02
It: 58800, Time: 14.14, mse_0: 3.6151e-04, mse_f: 1.6656e-03, total loss: 2.1478e-03, Error u,v,p: 2.8786e-02 3.0432e-02 3.6416e-02
It: 58900, Time: 13.96, mse_0: 3.6051e-04, mse_f: 1.6622e-03, total loss: 2.1431e-03, Error u,v,p: 2.8759e-02 3.0442e-02 3.6391e-02
It: 59000, Time: 14.15, mse_0: 3.5991e-04, mse_f: 1.6584e-03, total loss: 2.1384e-03, Error u,v,p: 2.8751e-02 3.0441e-02 3.6332e-02
It: 59100, Time: 14.26, mse_0: 3.5890e-04, mse_f: 1.6551e-03, total loss: 2.1338e-03, Error u,v,p: 2.8752e-02 3.0435e-02 3.6343e-02
It: 59200, Time: 14.34, mse_0: 3.5808e-04, mse_f: 1.6514e-03, total loss: 2.1292e-03, Error u,v,p: 2.8731e-02 3.0396e-02 3.6330e-02
It: 59300, Time: 14.33, mse_0: 3.5704e-04, mse_f: 1.6482e-03, total loss: 2.1249e-03, Error u,v,p: 2.8730e-02 3.0404e-02 3.6337e-02
It: 59400, Time: 14.40, mse_0: 3.5633e-04, mse_f: 1.6445e-03, total loss: 2.1203e-03, Error u,v,p: 2.8720e-02 3.0396e-02 3.6366e-02
It: 59500, Time: 13.95, mse_0: 3.5623e-04, mse_f: 1.6406e-03, total loss: 2.1161e-03, Error u,v,p: 2.8687e-02 3.0388e-02 3.6332e-02
It: 59600, Time: 13.98, mse_0: 3.5551e-04, mse_f: 1.6370e-03, total loss: 2.1117e-03, Error u,v,p: 2.8673e-02 3.0381e-02 3.6307e-02
It: 59700, Time: 14.00, mse_0: 3.5475e-04, mse_f: 1.6335e-03, total loss: 2.1072e-03, Error u,v,p: 2.8689e-02 3.0389e-02 3.6288e-02
It: 59800, Time: 14.04, mse_0: 3.5416e-04, mse_f: 1.6296e-03, total loss: 2.1026e-03, Error u,v,p: 2.8679e-02 3.0397e-02 3.6252e-02
It: 59900, Time: 13.99, mse_0: 3.5399e-04, mse_f: 1.6253e-03, total loss: 2.0980e-03, Error u,v,p: 2.8642e-02 3.0345e-02 3.6171e-02
It: 60000, Time: 13.97, mse_0: 3.5299e-04, mse_f: 1.6219e-03, total loss: 2.0934e-03, Error u,v,p: 2.8637e-02 3.0327e-02 3.6116e-02
It: 60100, Time: 14.06, mse_0: 3.5239e-04, mse_f: 1.6188e-03, total loss: 2.0891e-03, Error u,v,p: 2.8627e-02 3.0329e-02 3.6137e-02
It: 60200, Time: 13.73, mse_0: 3.5177e-04, mse_f: 1.6155e-03, total loss: 2.0849e-03, Error u,v,p: 2.8628e-02 3.0342e-02 3.6138e-02
It: 60300, Time: 13.76, mse_0: 3.5153e-04, mse_f: 1.6115e-03, total loss: 2.0805e-03, Error u,v,p: 2.8611e-02 3.0281e-02 3.6106e-02
It: 60400, Time: 14.21, mse_0: 3.5099e-04, mse_f: 1.6082e-03, total loss: 2.0765e-03, Error u,v,p: 2.8579e-02 3.0253e-02 3.6106e-02
It: 60500, Time: 13.83, mse_0: 3.5022e-04, mse_f: 1.6050e-03, total loss: 2.0724e-03, Error u,v,p: 2.8563e-02 3.0251e-02 3.6059e-02
It: 60600, Time: 13.94, mse_0: 3.4968e-04, mse_f: 1.6015e-03, total loss: 2.0681e-03, Error u,v,p: 2.8541e-02 3.0201e-02 3.6006e-02
It: 60700, Time: 13.86, mse_0: 3.4942e-04, mse_f: 1.5981e-03, total loss: 2.0642e-03, Error u,v,p: 2.8542e-02 3.0205e-02 3.6001e-02
It: 60800, Time: 14.14, mse_0: 3.4904e-04, mse_f: 1.5945e-03, total loss: 2.0601e-03, Error u,v,p: 2.8521e-02 3.0200e-02 3.5958e-02
It: 60900, Time: 13.95, mse_0: 3.4863e-04, mse_f: 1.5911e-03, total loss: 2.0560e-03, Error u,v,p: 2.8501e-02 3.0206e-02 3.5938e-02
It: 61000, Time: 14.03, mse_0: 3.4837e-04, mse_f: 1.5873e-03, total loss: 2.0518e-03, Error u,v,p: 2.8471e-02 3.0178e-02 3.5883e-02
It: 61100, Time: 14.09, mse_0: 3.4788e-04, mse_f: 1.5836e-03, total loss: 2.0475e-03, Error u,v,p: 2.8449e-02 3.0164e-02 3.5829e-02
It: 61200, Time: 13.78, mse_0: 3.4720e-04, mse_f: 1.5802e-03, total loss: 2.0432e-03, Error u,v,p: 2.8450e-02 3.0168e-02 3.5772e-02
It: 61300, Time: 13.83, mse_0: 3.4664e-04, mse_f: 1.5770e-03, total loss: 2.0390e-03, Error u,v,p: 2.8447e-02 3.0158e-02 3.5794e-02
It: 61400, Time: 13.82, mse_0: 3.4632e-04, mse_f: 1.5737e-03, total loss: 2.0351e-03, Error u,v,p: 2.8410e-02 3.0173e-02 3.5777e-02
It: 61500, Time: 13.82, mse_0: 3.4536e-04, mse_f: 1.5709e-03, total loss: 2.0310e-03, Error u,v,p: 2.8405e-02 3.0161e-02 3.5747e-02
It: 61600, Time: 13.92, mse_0: 3.4512e-04, mse_f: 1.5675e-03, total loss: 2.0272e-03, Error u,v,p: 2.8387e-02 3.0131e-02 3.5737e-02
It: 61700, Time: 13.95, mse_0: 3.4482e-04, mse_f: 1.5638e-03, total loss: 2.0230e-03, Error u,v,p: 2.8368e-02 3.0075e-02 3.5739e-02
It: 61800, Time: 13.94, mse_0: 3.4445e-04, mse_f: 1.5604e-03, total loss: 2.0190e-03, Error u,v,p: 2.8367e-02 3.0057e-02 3.5761e-02
It: 61900, Time: 14.00, mse_0: 3.4368e-04, mse_f: 1.5575e-03, total loss: 2.0150e-03, Error u,v,p: 2.8367e-02 3.0039e-02 3.5676e-02
It: 62000, Time: 14.14, mse_0: 3.4344e-04, mse_f: 1.5543e-03, total loss: 2.0112e-03, Error u,v,p: 2.8334e-02 3.0021e-02 3.5606e-02
It: 62100, Time: 14.14, mse_0: 3.4317e-04, mse_f: 1.5509e-03, total loss: 2.0070e-03, Error u,v,p: 2.8314e-02 3.0001e-02 3.5593e-02
It: 62200, Time: 14.16, mse_0: 3.4228e-04, mse_f: 1.5479e-03, total loss: 2.0032e-03, Error u,v,p: 2.8280e-02 2.9974e-02 3.5511e-02
It: 62300, Time: 14.18, mse_0: 3.4162e-04, mse_f: 1.5444e-03, total loss: 1.9988e-03, Error u,v,p: 2.8250e-02 2.9973e-02 3.5492e-02
It: 62400, Time: 14.27, mse_0: 3.4071e-04, mse_f: 1.5416e-03, total loss: 1.9949e-03, Error u,v,p: 2.8247e-02 2.9954e-02 3.5485e-02
It: 62500, Time: 14.29, mse_0: 3.3978e-04, mse_f: 1.5393e-03, total loss: 1.9912e-03, Error u,v,p: 2.8249e-02 2.9964e-02 3.5447e-02
It: 62600, Time: 13.84, mse_0: 3.3937e-04, mse_f: 1.5362e-03, total loss: 1.9875e-03, Error u,v,p: 2.8232e-02 2.9945e-02 3.5417e-02
It: 62700, Time: 14.23, mse_0: 3.3935e-04, mse_f: 1.5327e-03, total loss: 1.9837e-03, Error u,v,p: 2.8230e-02 2.9965e-02 3.5407e-02
It: 62800, Time: 14.02, mse_0: 3.3900e-04, mse_f: 1.5295e-03, total loss: 1.9798e-03, Error u,v,p: 2.8214e-02 2.9935e-02 3.5371e-02
It: 62900, Time: 14.16, mse_0: 3.3884e-04, mse_f: 1.5263e-03, total loss: 1.9763e-03, Error u,v,p: 2.8191e-02 2.9935e-02 3.5329e-02
It: 63000, Time: 14.43, mse_0: 3.3802e-04, mse_f: 1.5239e-03, total loss: 1.9729e-03, Error u,v,p: 2.8168e-02 2.9940e-02 3.5292e-02
It: 63100, Time: 14.00, mse_0: 3.3777e-04, mse_f: 1.5208e-03, total loss: 1.9694e-03, Error u,v,p: 2.8163e-02 2.9913e-02 3.5258e-02
It: 63200, Time: 13.92, mse_0: 3.3730e-04, mse_f: 1.5179e-03, total loss: 1.9658e-03, Error u,v,p: 2.8151e-02 2.9886e-02 3.5260e-02
It: 63300, Time: 14.12, mse_0: 3.3712e-04, mse_f: 1.5149e-03, total loss: 1.9623e-03, Error u,v,p: 2.8115e-02 2.9854e-02 3.5195e-02
It: 63400, Time: 14.20, mse_0: 3.3636e-04, mse_f: 1.5121e-03, total loss: 1.9585e-03, Error u,v,p: 2.8078e-02 2.9824e-02 3.5136e-02
It: 63500, Time: 13.76, mse_0: 3.3605e-04, mse_f: 1.5088e-03, total loss: 1.9546e-03, Error u,v,p: 2.8037e-02 2.9842e-02 3.5069e-02
It: 63600, Time: 13.37, mse_0: 3.3555e-04, mse_f: 1.5062e-03, total loss: 1.9511e-03, Error u,v,p: 2.8012e-02 2.9807e-02 3.5010e-02
It: 63700, Time: 13.41, mse_0: 3.3497e-04, mse_f: 1.5034e-03, total loss: 1.9478e-03, Error u,v,p: 2.8022e-02 2.9802e-02 3.4994e-02
It: 63800, Time: 14.06, mse_0: 3.3473e-04, mse_f: 1.5006e-03, total loss: 1.9446e-03, Error u,v,p: 2.8008e-02 2.9804e-02 3.4982e-02
It: 63900, Time: 13.93, mse_0: 3.3412e-04, mse_f: 1.4980e-03, total loss: 1.9410e-03, Error u,v,p: 2.8015e-02 2.9783e-02 3.4974e-02
It: 64000, Time: 14.10, mse_0: 3.3382e-04, mse_f: 1.4951e-03, total loss: 1.9376e-03, Error u,v,p: 2.7996e-02 2.9751e-02 3.4953e-02
It: 64100, Time: 13.99, mse_0: 3.3330e-04, mse_f: 1.4921e-03, total loss: 1.9338e-03, Error u,v,p: 2.7978e-02 2.9736e-02 3.4932e-02
It: 64200, Time: 13.88, mse_0: 3.3282e-04, mse_f: 1.4895e-03, total loss: 1.9302e-03, Error u,v,p: 2.7969e-02 2.9717e-02 3.4866e-02
It: 64300, Time: 14.03, mse_0: 3.3254e-04, mse_f: 1.4867e-03, total loss: 1.9266e-03, Error u,v,p: 2.7973e-02 2.9711e-02 3.4849e-02
It: 64400, Time: 14.01, mse_0: 3.3183e-04, mse_f: 1.4841e-03, total loss: 1.9230e-03, Error u,v,p: 2.7970e-02 2.9721e-02 3.4818e-02
It: 64500, Time: 13.88, mse_0: 3.3100e-04, mse_f: 1.4815e-03, total loss: 1.9194e-03, Error u,v,p: 2.7970e-02 2.9713e-02 3.4770e-02
It: 64600, Time: 13.90, mse_0: 3.3084e-04, mse_f: 1.4787e-03, total loss: 1.9161e-03, Error u,v,p: 2.7933e-02 2.9684e-02 3.4729e-02
It: 64700, Time: 13.94, mse_0: 3.3066e-04, mse_f: 1.4755e-03, total loss: 1.9126e-03, Error u,v,p: 2.7922e-02 2.9678e-02 3.4665e-02
It: 64800, Time: 13.82, mse_0: 3.3018e-04, mse_f: 1.4729e-03, total loss: 1.9093e-03, Error u,v,p: 2.7885e-02 2.9657e-02 3.4621e-02
It: 64900, Time: 13.84, mse_0: 3.2980e-04, mse_f: 1.4701e-03, total loss: 1.9058e-03, Error u,v,p: 2.7895e-02 2.9642e-02 3.4621e-02
It: 65000, Time: 13.78, mse_0: 3.2900e-04, mse_f: 1.4676e-03, total loss: 1.9023e-03, Error u,v,p: 2.7882e-02 2.9615e-02 3.4634e-02
It: 65100, Time: 13.90, mse_0: 3.2797e-04, mse_f: 1.4651e-03, total loss: 1.8987e-03, Error u,v,p: 2.7864e-02 2.9583e-02 3.4606e-02
It: 65200, Time: 13.96, mse_0: 3.2719e-04, mse_f: 1.4629e-03, total loss: 1.8952e-03, Error u,v,p: 2.7855e-02 2.9531e-02 3.4570e-02
It: 65300, Time: 13.93, mse_0: 3.2651e-04, mse_f: 1.4603e-03, total loss: 1.8919e-03, Error u,v,p: 2.7833e-02 2.9500e-02 3.4517e-02
It: 65400, Time: 13.97, mse_0: 3.2596e-04, mse_f: 1.4575e-03, total loss: 1.8885e-03, Error u,v,p: 2.7826e-02 2.9494e-02 3.4505e-02
It: 65500, Time: 14.18, mse_0: 3.2579e-04, mse_f: 1.4545e-03, total loss: 1.8850e-03, Error u,v,p: 2.7814e-02 2.9493e-02 3.4488e-02
It: 65600, Time: 14.04, mse_0: 3.2540e-04, mse_f: 1.4517e-03, total loss: 1.8815e-03, Error u,v,p: 2.7803e-02 2.9454e-02 3.4460e-02
It: 65700, Time: 14.24, mse_0: 3.2453e-04, mse_f: 1.4492e-03, total loss: 1.8779e-03, Error u,v,p: 2.7791e-02 2.9433e-02 3.4419e-02
It: 65800, Time: 14.11, mse_0: 3.2384e-04, mse_f: 1.4467e-03, total loss: 1.8745e-03, Error u,v,p: 2.7810e-02 2.9442e-02 3.4404e-02
It: 65900, Time: 14.25, mse_0: 3.2382e-04, mse_f: 1.4435e-03, total loss: 1.8712e-03, Error u,v,p: 2.7788e-02 2.9420e-02 3.4389e-02
It: 66000, Time: 14.31, mse_0: 3.2376e-04, mse_f: 1.4405e-03, total loss: 1.8680e-03, Error u,v,p: 2.7782e-02 2.9380e-02 3.4403e-02
It: 66100, Time: 14.41, mse_0: 3.2331e-04, mse_f: 1.4380e-03, total loss: 1.8648e-03, Error u,v,p: 2.7759e-02 2.9364e-02 3.4347e-02
It: 66200, Time: 14.39, mse_0: 3.2285e-04, mse_f: 1.4355e-03, total loss: 1.8615e-03, Error u,v,p: 2.7742e-02 2.9357e-02 3.4276e-02
It: 66300, Time: 14.23, mse_0: 3.2237e-04, mse_f: 1.4331e-03, total loss: 1.8583e-03, Error u,v,p: 2.7737e-02 2.9331e-02 3.4256e-02
It: 66400, Time: 13.70, mse_0: 3.2241e-04, mse_f: 1.4301e-03, total loss: 1.8549e-03, Error u,v,p: 2.7726e-02 2.9325e-02 3.4260e-02
It: 66500, Time: 14.22, mse_0: 3.2248e-04, mse_f: 1.4269e-03, total loss: 1.8515e-03, Error u,v,p: 2.7719e-02 2.9340e-02 3.4265e-02
It: 66600, Time: 13.98, mse_0: 3.2220e-04, mse_f: 1.4239e-03, total loss: 1.8479e-03, Error u,v,p: 2.7696e-02 2.9309e-02 3.4247e-02
It: 66700, Time: 13.89, mse_0: 3.2140e-04, mse_f: 1.4215e-03, total loss: 1.8445e-03, Error u,v,p: 2.7691e-02 2.9298e-02 3.4216e-02
It: 66800, Time: 14.26, mse_0: 3.2048e-04, mse_f: 1.4194e-03, total loss: 1.8414e-03, Error u,v,p: 2.7683e-02 2.9274e-02 3.4183e-02
It: 66900, Time: 14.17, mse_0: 3.1980e-04, mse_f: 1.4168e-03, total loss: 1.8379e-03, Error u,v,p: 2.7682e-02 2.9270e-02 3.4177e-02
It: 67000, Time: 13.44, mse_0: 3.1973e-04, mse_f: 1.4137e-03, total loss: 1.8347e-03, Error u,v,p: 2.7665e-02 2.9250e-02 3.4167e-02
It: 67100, Time: 13.37, mse_0: 3.1901e-04, mse_f: 1.4113e-03, total loss: 1.8312e-03, Error u,v,p: 2.7639e-02 2.9217e-02 3.4130e-02
It: 67200, Time: 13.81, mse_0: 3.1844e-04, mse_f: 1.4087e-03, total loss: 1.8278e-03, Error u,v,p: 2.7618e-02 2.9219e-02 3.4095e-02
It: 67300, Time: 13.81, mse_0: 3.1791e-04, mse_f: 1.4060e-03, total loss: 1.8246e-03, Error u,v,p: 2.7596e-02 2.9227e-02 3.4103e-02
It: 67400, Time: 13.76, mse_0: 3.1789e-04, mse_f: 1.4030e-03, total loss: 1.8212e-03, Error u,v,p: 2.7580e-02 2.9208e-02 3.4102e-02
It: 67500, Time: 13.83, mse_0: 3.1739e-04, mse_f: 1.4005e-03, total loss: 1.8180e-03, Error u,v,p: 2.7577e-02 2.9192e-02 3.4067e-02
It: 67600, Time: 13.77, mse_0: 3.1675e-04, mse_f: 1.3982e-03, total loss: 1.8149e-03, Error u,v,p: 2.7572e-02 2.9176e-02 3.4043e-02
It: 67700, Time: 13.81, mse_0: 3.1626e-04, mse_f: 1.3960e-03, total loss: 1.8119e-03, Error u,v,p: 2.7565e-02 2.9182e-02 3.3993e-02
It: 67800, Time: 13.71, mse_0: 3.1599e-04, mse_f: 1.3935e-03, total loss: 1.8088e-03, Error u,v,p: 2.7526e-02 2.9177e-02 3.3969e-02
It: 67900, Time: 13.84, mse_0: 3.1600e-04, mse_f: 1.3907e-03, total loss: 1.8058e-03, Error u,v,p: 2.7497e-02 2.9146e-02 3.3919e-02
It: 68000, Time: 13.90, mse_0: 3.1544e-04, mse_f: 1.3885e-03, total loss: 1.8027e-03, Error u,v,p: 2.7490e-02 2.9149e-02 3.3911e-02
It: 68100, Time: 13.89, mse_0: 3.1492e-04, mse_f: 1.3859e-03, total loss: 1.7994e-03, Error u,v,p: 2.7479e-02 2.9145e-02 3.3889e-02
It: 68200, Time: 13.90, mse_0: 3.1450e-04, mse_f: 1.3829e-03, total loss: 1.7958e-03, Error u,v,p: 2.7440e-02 2.9109e-02 3.3826e-02
It: 68300, Time: 13.85, mse_0: 3.1395e-04, mse_f: 1.3803e-03, total loss: 1.7923e-03, Error u,v,p: 2.7436e-02 2.9107e-02 3.3823e-02
It: 68400, Time: 13.80, mse_0: 3.1375e-04, mse_f: 1.3776e-03, total loss: 1.7891e-03, Error u,v,p: 2.7409e-02 2.9086e-02 3.3762e-02
It: 68500, Time: 14.02, mse_0: 3.1306e-04, mse_f: 1.3751e-03, total loss: 1.7859e-03, Error u,v,p: 2.7421e-02 2.9073e-02 3.3692e-02
It: 68600, Time: 14.02, mse_0: 3.1243e-04, mse_f: 1.3727e-03, total loss: 1.7827e-03, Error u,v,p: 2.7401e-02 2.9059e-02 3.3632e-02
It: 68700, Time: 13.87, mse_0: 3.1205e-04, mse_f: 1.3705e-03, total loss: 1.7797e-03, Error u,v,p: 2.7382e-02 2.9051e-02 3.3594e-02
It: 68800, Time: 14.02, mse_0: 3.1189e-04, mse_f: 1.3679e-03, total loss: 1.7767e-03, Error u,v,p: 2.7389e-02 2.9032e-02 3.3521e-02
It: 68900, Time: 13.98, mse_0: 3.1142e-04, mse_f: 1.3654e-03, total loss: 1.7735e-03, Error u,v,p: 2.7403e-02 2.9027e-02 3.3463e-02
It: 69000, Time: 14.08, mse_0: 3.1091e-04, mse_f: 1.3630e-03, total loss: 1.7703e-03, Error u,v,p: 2.7388e-02 2.8994e-02 3.3399e-02
It: 69100, Time: 14.06, mse_0: 3.1067e-04, mse_f: 1.3599e-03, total loss: 1.7669e-03, Error u,v,p: 2.7360e-02 2.8954e-02 3.3337e-02
It: 69200, Time: 13.98, mse_0: 3.1000e-04, mse_f: 1.3576e-03, total loss: 1.7638e-03, Error u,v,p: 2.7333e-02 2.8970e-02 3.3338e-02
It: 69300, Time: 13.98, mse_0: 3.0939e-04, mse_f: 1.3554e-03, total loss: 1.7609e-03, Error u,v,p: 2.7312e-02 2.8977e-02 3.3388e-02
It: 69400, Time: 14.07, mse_0: 3.0911e-04, mse_f: 1.3527e-03, total loss: 1.7577e-03, Error u,v,p: 2.7310e-02 2.8970e-02 3.3401e-02
It: 69500, Time: 14.10, mse_0: 3.0921e-04, mse_f: 1.3498e-03, total loss: 1.7547e-03, Error u,v,p: 2.7296e-02 2.8950e-02 3.3350e-02
It: 69600, Time: 13.94, mse_0: 3.0902e-04, mse_f: 1.3473e-03, total loss: 1.7517e-03, Error u,v,p: 2.7249e-02 2.8942e-02 3.3235e-02
It: 69700, Time: 13.94, mse_0: 3.0855e-04, mse_f: 1.3449e-03, total loss: 1.7487e-03, Error u,v,p: 2.7238e-02 2.8929e-02 3.3214e-02
It: 69800, Time: 14.12, mse_0: 3.0836e-04, mse_f: 1.3425e-03, total loss: 1.7458e-03, Error u,v,p: 2.7232e-02 2.8914e-02 3.3195e-02
It: 69900, Time: 13.93, mse_0: 3.0784e-04, mse_f: 1.3400e-03, total loss: 1.7427e-03, Error u,v,p: 2.7214e-02 2.8915e-02 3.3184e-02
It: 70000, Time: 14.07, mse_0: 3.0731e-04, mse_f: 1.3373e-03, total loss: 1.7395e-03, Error u,v,p: 2.7203e-02 2.8901e-02 3.3176e-02
Error u: 2.720276e-02
Error v: 2.890129e-02
Error p: 3.317551e-02
ferru =  0.0031758852
ferrv =  0.0031958534
ferrp =  0.01591621
Error u: 2.108763e-02
Error v: 2.184998e-02
Error p: 2.629553e-02
NeuralNet(
  (network): Sequential(
    (0): Linear(in_features=3, out_features=96, bias=True)
    (1): Tanh()
    (2): Linear(in_features=96, out_features=96, bias=True)
    (3): Tanh()
    (4): Linear(in_features=96, out_features=96, bias=True)
    (5): Tanh()
    (6): Linear(in_features=96, out_features=96, bias=True)
    (7): Tanh()
    (8): Linear(in_features=96, out_features=96, bias=True)
    (9): Tanh()
    (10): Linear(in_features=96, out_features=96, bias=True)
    (11): Tanh()
    (12): Linear(in_features=96, out_features=3, bias=True)
  )
)
starting Adam training
It: 100, Time: 12.04, mse_0: 2.7746e-01, mse_f: 4.9162e+00, total loss: 5.6138e+00, Error u,v,p: 1.0011e+00 1.0207e+00 1.0008e+00
It: 200, Time: 12.00, mse_0: 5.6831e-01, mse_f: 8.0566e+00, total loss: 9.4044e+00, Error u,v,p: 1.0163e+00 1.0401e+00 9.9277e-01
It: 300, Time: 11.99, mse_0: 9.7152e-01, mse_f: 1.1854e+01, total loss: 1.3997e+01, Error u,v,p: 1.0037e+00 1.0877e+00 9.8065e-01
It: 400, Time: 11.89, mse_0: 1.4665e+00, mse_f: 1.6274e+01, total loss: 1.9208e+01, Error u,v,p: 1.0195e+00 1.0716e+00 9.4057e-01
It: 500, Time: 11.77, mse_0: 2.1045e+00, mse_f: 2.1097e+01, total loss: 2.4832e+01, Error u,v,p: 1.0171e+00 1.0819e+00 9.1588e-01
It: 600, Time: 11.75, mse_0: 2.4800e+00, mse_f: 2.3584e+01, total loss: 2.7541e+01, Error u,v,p: 1.0268e+00 1.1500e+00 9.3834e-01
It: 700, Time: 11.87, mse_0: 2.8808e+00, mse_f: 2.7354e+01, total loss: 3.1385e+01, Error u,v,p: 1.0204e+00 1.2025e+00 8.3928e-01
It: 800, Time: 11.94, mse_0: 3.0655e+00, mse_f: 2.7314e+01, total loss: 3.1621e+01, Error u,v,p: 1.0057e+00 1.2420e+00 7.9132e-01
It: 900, Time: 11.95, mse_0: 3.4800e+00, mse_f: 2.9605e+01, total loss: 3.4223e+01, Error u,v,p: 1.0138e+00 1.2936e+00 7.2595e-01
It: 1000, Time: 11.96, mse_0: 3.7108e+00, mse_f: 3.0509e+01, total loss: 3.5356e+01, Error u,v,p: 1.0243e+00 1.2659e+00 6.8734e-01
It: 1100, Time: 12.00, mse_0: 4.1705e+00, mse_f: 3.1117e+01, total loss: 3.6559e+01, Error u,v,p: 1.0301e+00 1.2121e+00 6.3104e-01
It: 1200, Time: 11.85, mse_0: 4.4749e+00, mse_f: 3.2051e+01, total loss: 3.7564e+01, Error u,v,p: 1.0051e+00 1.2978e+00 5.9309e-01
It: 1300, Time: 11.92, mse_0: 4.8099e+00, mse_f: 3.2745e+01, total loss: 3.8745e+01, Error u,v,p: 9.8933e-01 1.1958e+00 5.6465e-01
It: 1400, Time: 11.94, mse_0: 5.6109e+00, mse_f: 3.2405e+01, total loss: 3.9522e+01, Error u,v,p: 1.0049e+00 1.2377e+00 6.3405e-01
It: 1500, Time: 11.99, mse_0: 5.6536e+00, mse_f: 3.2284e+01, total loss: 3.9125e+01, Error u,v,p: 9.9776e-01 1.1354e+00 5.5885e-01
It: 1600, Time: 11.98, mse_0: 5.8468e+00, mse_f: 3.1736e+01, total loss: 3.8470e+01, Error u,v,p: 9.9095e-01 1.1329e+00 4.8024e-01
It: 1700, Time: 11.91, mse_0: 6.3038e+00, mse_f: 3.0972e+01, total loss: 3.8487e+01, Error u,v,p: 9.7087e-01 1.1186e+00 4.3713e-01
It: 1800, Time: 11.92, mse_0: 6.6531e+00, mse_f: 2.8410e+01, total loss: 3.6026e+01, Error u,v,p: 9.6584e-01 1.0910e+00 4.3619e-01
It: 1900, Time: 11.93, mse_0: 6.6553e+00, mse_f: 2.6619e+01, total loss: 3.4166e+01, Error u,v,p: 9.4096e-01 1.1280e+00 4.4352e-01
It: 2000, Time: 11.98, mse_0: 7.2157e+00, mse_f: 2.4253e+01, total loss: 3.2684e+01, Error u,v,p: 9.3053e-01 1.0924e+00 4.1715e-01
It: 2100, Time: 11.96, mse_0: 6.9277e+00, mse_f: 1.8950e+01, total loss: 2.6752e+01, Error u,v,p: 9.2625e-01 1.0618e+00 3.3077e-01
It: 2200, Time: 11.92, mse_0: 7.0090e+00, mse_f: 1.4721e+01, total loss: 2.2546e+01, Error u,v,p: 9.0806e-01 1.0379e+00 3.3530e-01
It: 2300, Time: 12.04, mse_0: 6.9717e+00, mse_f: 1.0469e+01, total loss: 1.8035e+01, Error u,v,p: 8.8542e-01 1.0281e+00 2.7258e-01
It: 2400, Time: 11.96, mse_0: 7.1693e+00, mse_f: 6.7677e+00, total loss: 1.4701e+01, Error u,v,p: 8.7636e-01 1.0038e+00 3.2681e-01
It: 2500, Time: 11.93, mse_0: 6.8974e+00, mse_f: 5.0733e+00, total loss: 1.2381e+01, Error u,v,p: 8.3563e-01 9.6681e-01 2.4242e-01
It: 2600, Time: 12.01, mse_0: 6.5742e+00, mse_f: 4.2787e+00, total loss: 1.1215e+01, Error u,v,p: 8.1664e-01 9.1860e-01 2.2612e-01
It: 2700, Time: 11.98, mse_0: 6.3679e+00, mse_f: 3.8628e+00, total loss: 1.0539e+01, Error u,v,p: 7.9449e-01 9.0388e-01 2.1553e-01
It: 2800, Time: 12.02, mse_0: 6.1446e+00, mse_f: 3.6336e+00, total loss: 1.0034e+01, Error u,v,p: 7.7399e-01 8.7610e-01 2.0222e-01
It: 2900, Time: 11.89, mse_0: 5.8321e+00, mse_f: 3.5346e+00, total loss: 9.6146e+00, Error u,v,p: 7.5457e-01 8.5659e-01 2.1021e-01
It: 3000, Time: 11.97, mse_0: 5.6784e+00, mse_f: 3.4860e+00, total loss: 9.5463e+00, Error u,v,p: 7.4002e-01 8.3251e-01 2.7414e-01
It: 3100, Time: 11.95, mse_0: 5.1123e+00, mse_f: 3.2241e+00, total loss: 8.5733e+00, Error u,v,p: 7.2049e-01 8.4288e-01 2.1365e-01
It: 3200, Time: 11.94, mse_0: 4.8960e+00, mse_f: 3.6313e+00, total loss: 8.8558e+00, Error u,v,p: 7.1765e-01 8.1578e-01 2.5198e-01
It: 3300, Time: 11.99, mse_0: 4.2588e+00, mse_f: 3.1847e+00, total loss: 7.7043e+00, Error u,v,p: 6.7202e-01 7.5925e-01 2.1454e-01
It: 3400, Time: 12.00, mse_0: 3.6832e+00, mse_f: 2.9911e+00, total loss: 6.9014e+00, Error u,v,p: 6.4152e-01 7.4376e-01 2.0598e-01
It: 3500, Time: 12.04, mse_0: 3.5007e+00, mse_f: 3.1135e+00, total loss: 6.9849e+00, Error u,v,p: 6.3235e-01 7.2463e-01 2.3947e-01
It: 3600, Time: 12.01, mse_0: 2.9484e+00, mse_f: 2.8377e+00, total loss: 6.0110e+00, Error u,v,p: 6.1334e-01 7.3486e-01 1.9696e-01
It: 3700, Time: 12.14, mse_0: 2.5288e+00, mse_f: 2.7504e+00, total loss: 5.4611e+00, Error u,v,p: 5.7687e-01 6.8047e-01 2.0985e-01
It: 3800, Time: 11.84, mse_0: 2.2507e+00, mse_f: 2.5415e+00, total loss: 4.9596e+00, Error u,v,p: 5.5545e-01 6.7611e-01 1.8849e-01
It: 3900, Time: 11.85, mse_0: 1.9785e+00, mse_f: 2.4251e+00, total loss: 4.5575e+00, Error u,v,p: 5.3172e-01 6.4065e-01 1.8395e-01
It: 4000, Time: 12.04, mse_0: 1.8115e+00, mse_f: 2.4379e+00, total loss: 4.4024e+00, Error u,v,p: 5.1956e-01 6.2593e-01 1.9249e-01
It: 4100, Time: 11.87, mse_0: 1.6232e+00, mse_f: 2.3469e+00, total loss: 4.1335e+00, Error u,v,p: 5.0797e-01 6.0770e-01 1.8572e-01
It: 4200, Time: 12.11, mse_0: 1.4308e+00, mse_f: 2.1228e+00, total loss: 3.6888e+00, Error u,v,p: 4.9525e-01 5.8425e-01 1.8372e-01
It: 4300, Time: 12.01, mse_0: 1.3715e+00, mse_f: 2.1203e+00, total loss: 3.6507e+00, Error u,v,p: 4.8378e-01 5.9225e-01 1.8294e-01
It: 4400, Time: 12.05, mse_0: 1.1201e+00, mse_f: 1.8563e+00, total loss: 3.1045e+00, Error u,v,p: 4.5579e-01 5.6020e-01 1.7944e-01
It: 4500, Time: 11.77, mse_0: 1.3158e+00, mse_f: 1.9682e+00, total loss: 3.5183e+00, Error u,v,p: 4.4742e-01 5.6259e-01 1.7437e-01
It: 4600, Time: 11.80, mse_0: 9.3665e-01, mse_f: 1.7260e+00, total loss: 2.7824e+00, Error u,v,p: 4.3502e-01 5.1333e-01 1.8305e-01
It: 4700, Time: 11.79, mse_0: 8.6348e-01, mse_f: 1.7041e+00, total loss: 2.6820e+00, Error u,v,p: 4.2189e-01 4.9542e-01 1.6441e-01
It: 4800, Time: 11.87, mse_0: 7.7415e-01, mse_f: 1.6324e+00, total loss: 2.5251e+00, Error u,v,p: 4.1323e-01 4.8418e-01 1.6960e-01
It: 4900, Time: 11.96, mse_0: 6.8325e-01, mse_f: 1.4842e+00, total loss: 2.2681e+00, Error u,v,p: 4.0018e-01 4.6530e-01 1.7213e-01
It: 5000, Time: 11.91, mse_0: 7.2896e-01, mse_f: 1.4973e+00, total loss: 2.3510e+00, Error u,v,p: 3.9820e-01 4.5926e-01 1.8866e-01
It: 5100, Time: 12.01, mse_0: 7.4005e-01, mse_f: 1.5588e+00, total loss: 2.4388e+00, Error u,v,p: 4.1423e-01 4.5124e-01 2.2229e-01
It: 5200, Time: 12.00, mse_0: 5.8594e-01, mse_f: 1.3279e+00, total loss: 2.0064e+00, Error u,v,p: 3.7735e-01 4.7794e-01 1.7631e-01
It: 5300, Time: 12.05, mse_0: 5.0975e-01, mse_f: 1.2584e+00, total loss: 1.8511e+00, Error u,v,p: 3.6768e-01 4.2626e-01 1.7227e-01
It: 5400, Time: 12.01, mse_0: 5.3892e-01, mse_f: 1.2281e+00, total loss: 1.8666e+00, Error u,v,p: 3.8062e-01 4.2177e-01 2.4155e-01
It: 5500, Time: 12.03, mse_0: 4.6957e-01, mse_f: 1.1998e+00, total loss: 1.7540e+00, Error u,v,p: 3.6064e-01 4.0934e-01 1.7268e-01
It: 5600, Time: 12.03, mse_0: 6.0490e-01, mse_f: 1.3224e+00, total loss: 2.0687e+00, Error u,v,p: 3.5999e-01 4.4306e-01 1.7228e-01
It: 5700, Time: 12.01, mse_0: 4.2834e-01, mse_f: 1.0914e+00, total loss: 1.6177e+00, Error u,v,p: 3.5839e-01 4.0826e-01 2.0906e-01
It: 5800, Time: 11.99, mse_0: 3.7690e-01, mse_f: 1.0194e+00, total loss: 1.4733e+00, Error u,v,p: 3.4643e-01 3.8623e-01 1.7854e-01
It: 5900, Time: 12.01, mse_0: 3.5696e-01, mse_f: 1.0398e+00, total loss: 1.4668e+00, Error u,v,p: 3.3719e-01 3.8168e-01 1.8000e-01
It: 6000, Time: 11.93, mse_0: 4.5642e-01, mse_f: 1.0975e+00, total loss: 1.6486e+00, Error u,v,p: 3.3866e-01 3.9446e-01 1.7415e-01
It: 6100, Time: 12.02, mse_0: 3.4716e-01, mse_f: 9.8650e-01, total loss: 1.4322e+00, Error u,v,p: 3.3048e-01 3.6968e-01 2.1115e-01
It: 6200, Time: 11.92, mse_0: 4.1031e-01, mse_f: 1.0115e+00, total loss: 1.5447e+00, Error u,v,p: 3.4676e-01 3.6845e-01 1.9012e-01
It: 6300, Time: 11.96, mse_0: 3.1866e-01, mse_f: 9.0258e-01, total loss: 1.2843e+00, Error u,v,p: 3.1520e-01 3.5337e-01 2.1832e-01
It: 6400, Time: 11.97, mse_0: 3.5392e-01, mse_f: 1.0640e+00, total loss: 1.5127e+00, Error u,v,p: 3.1932e-01 3.6281e-01 2.3286e-01
It: 6500, Time: 12.01, mse_0: 3.1902e-01, mse_f: 8.8877e-01, total loss: 1.2839e+00, Error u,v,p: 3.0594e-01 3.4503e-01 2.0551e-01
It: 6600, Time: 11.95, mse_0: 2.5907e-01, mse_f: 8.0177e-01, total loss: 1.1162e+00, Error u,v,p: 3.0588e-01 3.5154e-01 2.2224e-01
It: 6700, Time: 11.95, mse_0: 2.6613e-01, mse_f: 8.3741e-01, total loss: 1.1631e+00, Error u,v,p: 3.1616e-01 3.4761e-01 2.3205e-01
It: 6800, Time: 12.06, mse_0: 2.8520e-01, mse_f: 8.5149e-01, total loss: 1.2066e+00, Error u,v,p: 2.9752e-01 3.3294e-01 2.0479e-01
It: 6900, Time: 11.95, mse_0: 2.4718e-01, mse_f: 7.3903e-01, total loss: 1.0469e+00, Error u,v,p: 2.9107e-01 3.3043e-01 2.1317e-01
It: 7000, Time: 12.07, mse_0: 2.2447e-01, mse_f: 7.2635e-01, total loss: 9.9498e-01, Error u,v,p: 2.9173e-01 3.2697e-01 2.0470e-01
It: 7100, Time: 12.09, mse_0: 2.7230e-01, mse_f: 7.5645e-01, total loss: 1.0883e+00, Error u,v,p: 2.9800e-01 3.3853e-01 2.4117e-01
It: 7200, Time: 12.00, mse_0: 2.2614e-01, mse_f: 7.3976e-01, total loss: 1.0375e+00, Error u,v,p: 2.8803e-01 3.3184e-01 2.2042e-01
It: 7300, Time: 11.96, mse_0: 2.0463e-01, mse_f: 6.7890e-01, total loss: 9.3061e-01, Error u,v,p: 2.7894e-01 3.1290e-01 2.0210e-01
It: 7400, Time: 11.84, mse_0: 2.7163e-01, mse_f: 7.7498e-01, total loss: 1.1514e+00, Error u,v,p: 3.0215e-01 3.2368e-01 2.4724e-01
It: 7500, Time: 12.03, mse_0: 3.0984e-01, mse_f: 7.1909e-01, total loss: 1.1297e+00, Error u,v,p: 2.9348e-01 3.1482e-01 1.9971e-01
It: 7600, Time: 12.04, mse_0: 2.1698e-01, mse_f: 6.3232e-01, total loss: 9.2679e-01, Error u,v,p: 2.7530e-01 2.9961e-01 2.2660e-01
It: 7700, Time: 12.04, mse_0: 1.8785e-01, mse_f: 6.4163e-01, total loss: 8.7775e-01, Error u,v,p: 2.8201e-01 3.0993e-01 2.0304e-01
It: 7800, Time: 11.75, mse_0: 3.7000e-01, mse_f: 7.9563e-01, total loss: 1.3624e+00, Error u,v,p: 3.1506e-01 3.0803e-01 2.0643e-01
It: 7900, Time: 11.94, mse_0: 1.9445e-01, mse_f: 6.5575e-01, total loss: 8.9862e-01, Error u,v,p: 2.6235e-01 2.9560e-01 2.1252e-01
It: 8000, Time: 12.16, mse_0: 1.9445e-01, mse_f: 6.0141e-01, total loss: 8.5178e-01, Error u,v,p: 2.5737e-01 3.0244e-01 2.6571e-01
It: 8100, Time: 12.06, mse_0: 2.3241e-01, mse_f: 6.5194e-01, total loss: 9.8393e-01, Error u,v,p: 2.9282e-01 3.0395e-01 2.7048e-01
It: 8200, Time: 12.17, mse_0: 2.2364e-01, mse_f: 6.6916e-01, total loss: 9.6033e-01, Error u,v,p: 2.7070e-01 2.9544e-01 2.0256e-01
It: 8300, Time: 12.04, mse_0: 1.8759e-01, mse_f: 6.1856e-01, total loss: 8.5278e-01, Error u,v,p: 2.5550e-01 3.0606e-01 2.1067e-01
It: 8400, Time: 12.07, mse_0: 2.6022e-01, mse_f: 6.8513e-01, total loss: 1.0033e+00, Error u,v,p: 2.5304e-01 3.4401e-01 2.2466e-01
It: 8500, Time: 11.79, mse_0: 1.6353e-01, mse_f: 5.6836e-01, total loss: 7.9653e-01, Error u,v,p: 2.5520e-01 3.0663e-01 2.5444e-01
It: 8600, Time: 11.78, mse_0: 1.8083e-01, mse_f: 6.6733e-01, total loss: 9.2610e-01, Error u,v,p: 2.5962e-01 2.7847e-01 2.1775e-01
It: 8700, Time: 11.77, mse_0: 2.3222e-01, mse_f: 6.5026e-01, total loss: 9.4847e-01, Error u,v,p: 2.5428e-01 3.0508e-01 2.0306e-01
It: 8800, Time: 12.04, mse_0: 1.3725e-01, mse_f: 5.0281e-01, total loss: 6.8383e-01, Error u,v,p: 2.4581e-01 2.7804e-01 2.3655e-01
It: 8900, Time: 11.93, mse_0: 3.2671e-01, mse_f: 6.5487e-01, total loss: 1.1184e+00, Error u,v,p: 2.9057e-01 2.8991e-01 2.3353e-01
It: 9000, Time: 12.09, mse_0: 1.9941e-01, mse_f: 5.6316e-01, total loss: 8.3376e-01, Error u,v,p: 2.7541e-01 2.6806e-01 2.1689e-01
It: 9100, Time: 11.99, mse_0: 2.2436e-01, mse_f: 8.9005e-01, total loss: 1.2535e+00, Error u,v,p: 2.5924e-01 2.8934e-01 2.1397e-01
It: 9200, Time: 11.92, mse_0: 1.4485e-01, mse_f: 5.9973e-01, total loss: 8.1407e-01, Error u,v,p: 2.3793e-01 2.5864e-01 2.2414e-01
It: 9300, Time: 11.97, mse_0: 1.7382e-01, mse_f: 5.4987e-01, total loss: 7.8922e-01, Error u,v,p: 2.3829e-01 2.7996e-01 1.9529e-01
It: 9400, Time: 11.93, mse_0: 1.2746e-01, mse_f: 4.7521e-01, total loss: 6.3842e-01, Error u,v,p: 2.3487e-01 2.5986e-01 2.0488e-01
It: 9500, Time: 11.99, mse_0: 1.9261e-01, mse_f: 5.3464e-01, total loss: 8.1905e-01, Error u,v,p: 2.4354e-01 2.7136e-01 1.9000e-01
It: 9600, Time: 11.92, mse_0: 1.4186e-01, mse_f: 5.0143e-01, total loss: 6.9281e-01, Error u,v,p: 2.3736e-01 2.6518e-01 2.4624e-01
It: 9700, Time: 11.92, mse_0: 1.0943e-01, mse_f: 4.3451e-01, total loss: 5.7279e-01, Error u,v,p: 2.2862e-01 2.4821e-01 2.0590e-01
It: 9800, Time: 11.88, mse_0: 1.5575e-01, mse_f: 5.1128e-01, total loss: 7.3549e-01, Error u,v,p: 2.3057e-01 2.5968e-01 2.4983e-01
It: 9900, Time: 11.90, mse_0: 1.5567e-01, mse_f: 5.1165e-01, total loss: 7.1984e-01, Error u,v,p: 2.3061e-01 2.5594e-01 2.1325e-01
It: 10000, Time: 11.94, mse_0: 1.7145e-01, mse_f: 5.0291e-01, total loss: 7.2241e-01, Error u,v,p: 2.6956e-01 2.6119e-01 2.5237e-01
It: 10100, Time: 11.97, mse_0: 1.1639e-01, mse_f: 4.2411e-01, total loss: 5.7805e-01, Error u,v,p: 2.2268e-01 2.5199e-01 1.9215e-01
It: 10200, Time: 11.99, mse_0: 1.4499e-01, mse_f: 4.8949e-01, total loss: 6.7823e-01, Error u,v,p: 2.2435e-01 2.4446e-01 2.0488e-01
It: 10300, Time: 11.94, mse_0: 1.4833e-01, mse_f: 4.5652e-01, total loss: 6.5432e-01, Error u,v,p: 2.2828e-01 2.6169e-01 1.9647e-01
It: 10400, Time: 11.96, mse_0: 1.3427e-01, mse_f: 5.1777e-01, total loss: 7.1207e-01, Error u,v,p: 2.2093e-01 2.6077e-01 2.2190e-01
It: 10500, Time: 12.02, mse_0: 1.2194e-01, mse_f: 4.4832e-01, total loss: 6.1144e-01, Error u,v,p: 2.2872e-01 2.4523e-01 2.3931e-01
It: 10600, Time: 11.96, mse_0: 2.5521e-01, mse_f: 7.3660e-01, total loss: 1.2127e+00, Error u,v,p: 2.8902e-01 2.3784e-01 2.2189e-01
It: 10700, Time: 11.99, mse_0: 1.2952e-01, mse_f: 4.7743e-01, total loss: 6.5436e-01, Error u,v,p: 2.4197e-01 2.4715e-01 2.5002e-01
It: 10800, Time: 11.96, mse_0: 1.7342e-01, mse_f: 5.3073e-01, total loss: 7.7069e-01, Error u,v,p: 2.3072e-01 2.8070e-01 2.5737e-01
It: 10900, Time: 11.92, mse_0: 9.8445e-02, mse_f: 3.8381e-01, total loss: 5.0963e-01, Error u,v,p: 2.0990e-01 2.5465e-01 2.0831e-01
It: 11000, Time: 12.06, mse_0: 1.7001e-01, mse_f: 4.5752e-01, total loss: 6.9402e-01, Error u,v,p: 2.7342e-01 2.4918e-01 2.1130e-01
It: 11100, Time: 12.11, mse_0: 9.5866e-02, mse_f: 3.9859e-01, total loss: 5.2872e-01, Error u,v,p: 2.1428e-01 2.2908e-01 2.1036e-01
It: 11200, Time: 12.03, mse_0: 1.8600e-01, mse_f: 4.6099e-01, total loss: 7.2572e-01, Error u,v,p: 2.3996e-01 2.3096e-01 2.1818e-01
It: 11300, Time: 12.07, mse_0: 1.0197e-01, mse_f: 3.9033e-01, total loss: 5.3096e-01, Error u,v,p: 2.0306e-01 2.2702e-01 2.1103e-01
It: 11400, Time: 12.02, mse_0: 1.8492e-01, mse_f: 4.5891e-01, total loss: 7.2174e-01, Error u,v,p: 2.0650e-01 2.3597e-01 2.4698e-01
It: 11500, Time: 12.12, mse_0: 1.0609e-01, mse_f: 3.9495e-01, total loss: 5.3845e-01, Error u,v,p: 2.0567e-01 2.4378e-01 2.1781e-01
It: 11600, Time: 12.01, mse_0: 8.5061e-02, mse_f: 3.5673e-01, total loss: 4.6776e-01, Error u,v,p: 2.0158e-01 2.2590e-01 2.3695e-01
It: 11700, Time: 12.04, mse_0: 1.1815e-01, mse_f: 4.5754e-01, total loss: 6.2330e-01, Error u,v,p: 2.0529e-01 2.2321e-01 1.9469e-01
It: 11800, Time: 12.00, mse_0: 1.0239e-01, mse_f: 3.8794e-01, total loss: 5.3169e-01, Error u,v,p: 2.0415e-01 2.5214e-01 2.2829e-01
It: 11900, Time: 11.93, mse_0: 2.0874e-01, mse_f: 6.1897e-01, total loss: 9.8656e-01, Error u,v,p: 2.5258e-01 2.3686e-01 2.0975e-01
It: 12000, Time: 12.13, mse_0: 1.2347e-01, mse_f: 4.1389e-01, total loss: 5.9040e-01, Error u,v,p: 2.1926e-01 2.4589e-01 2.3053e-01
It: 12100, Time: 11.92, mse_0: 8.6088e-02, mse_f: 3.4670e-01, total loss: 4.6352e-01, Error u,v,p: 2.0768e-01 2.4876e-01 2.4543e-01
It: 12200, Time: 12.01, mse_0: 1.2360e-01, mse_f: 3.9382e-01, total loss: 5.5882e-01, Error u,v,p: 2.1300e-01 2.1994e-01 2.4208e-01
It: 12300, Time: 11.94, mse_0: 1.3796e-01, mse_f: 4.2402e-01, total loss: 6.1748e-01, Error u,v,p: 1.9760e-01 2.1728e-01 2.4348e-01
It: 12400, Time: 12.02, mse_0: 8.9693e-02, mse_f: 3.5784e-01, total loss: 4.8361e-01, Error u,v,p: 2.0096e-01 2.1484e-01 2.2168e-01
It: 12500, Time: 11.71, mse_0: 8.7346e-02, mse_f: 3.8782e-01, total loss: 5.2421e-01, Error u,v,p: 2.0627e-01 2.1678e-01 2.1741e-01
It: 12600, Time: 11.84, mse_0: 1.3272e-01, mse_f: 4.0921e-01, total loss: 6.0617e-01, Error u,v,p: 2.2500e-01 2.1376e-01 2.1751e-01
It: 12700, Time: 11.72, mse_0: 1.0381e-01, mse_f: 3.8611e-01, total loss: 5.4286e-01, Error u,v,p: 2.0762e-01 2.3842e-01 2.1348e-01
It: 12800, Time: 11.97, mse_0: 8.9267e-02, mse_f: 3.5522e-01, total loss: 4.8575e-01, Error u,v,p: 2.0331e-01 2.3551e-01 2.1582e-01
It: 12900, Time: 11.99, mse_0: 1.0249e-01, mse_f: 3.5894e-01, total loss: 5.0433e-01, Error u,v,p: 1.9611e-01 2.1338e-01 2.4720e-01
It: 13000, Time: 11.82, mse_0: 4.3238e-01, mse_f: 9.1536e-01, total loss: 1.6277e+00, Error u,v,p: 3.2127e-01 3.2166e-01 2.9605e-01
It: 13100, Time: 11.91, mse_0: 2.1852e-01, mse_f: 5.0291e-01, total loss: 8.1107e-01, Error u,v,p: 2.0947e-01 2.1986e-01 2.3465e-01
It: 13200, Time: 11.93, mse_0: 7.6684e-02, mse_f: 3.4445e-01, total loss: 4.5398e-01, Error u,v,p: 2.0717e-01 2.2052e-01 2.1499e-01
It: 13300, Time: 11.99, mse_0: 7.8509e-02, mse_f: 3.2012e-01, total loss: 4.2667e-01, Error u,v,p: 1.8591e-01 2.0603e-01 2.3057e-01
It: 13400, Time: 12.03, mse_0: 1.5691e-01, mse_f: 4.0208e-01, total loss: 6.2674e-01, Error u,v,p: 2.2223e-01 2.3806e-01 2.5631e-01
It: 13500, Time: 11.97, mse_0: 8.1498e-02, mse_f: 3.3615e-01, total loss: 4.5190e-01, Error u,v,p: 2.0821e-01 2.2002e-01 2.7447e-01
It: 13600, Time: 11.94, mse_0: 1.0529e-01, mse_f: 3.4600e-01, total loss: 4.9624e-01, Error u,v,p: 1.8578e-01 2.0856e-01 2.3225e-01
It: 13700, Time: 12.02, mse_0: 6.0321e-02, mse_f: 2.8400e-01, total loss: 3.6281e-01, Error u,v,p: 1.8860e-01 2.0312e-01 2.4229e-01
It: 13800, Time: 12.02, mse_0: 2.2585e-01, mse_f: 4.9750e-01, total loss: 8.4461e-01, Error u,v,p: 2.0731e-01 2.2364e-01 2.5154e-01
It: 13900, Time: 11.98, mse_0: 1.0962e-01, mse_f: 3.2557e-01, total loss: 4.8581e-01, Error u,v,p: 2.0699e-01 2.0973e-01 2.0056e-01
It: 14000, Time: 11.95, mse_0: 1.2412e-01, mse_f: 4.2648e-01, total loss: 6.2449e-01, Error u,v,p: 2.0657e-01 2.2739e-01 2.0977e-01
It: 14100, Time: 11.96, mse_0: 9.3154e-02, mse_f: 3.8169e-01, total loss: 5.2095e-01, Error u,v,p: 1.8910e-01 2.0050e-01 2.3188e-01
It: 14200, Time: 12.04, mse_0: 6.5452e-02, mse_f: 2.8882e-01, total loss: 3.7846e-01, Error u,v,p: 1.8043e-01 1.9746e-01 2.2206e-01
It: 14300, Time: 11.97, mse_0: 1.9703e-01, mse_f: 6.1485e-01, total loss: 9.8043e-01, Error u,v,p: 2.5796e-01 2.1300e-01 2.2092e-01
It: 14400, Time: 11.97, mse_0: 1.3734e-01, mse_f: 3.5495e-01, total loss: 5.6668e-01, Error u,v,p: 1.9498e-01 2.1438e-01 2.4380e-01
It: 14500, Time: 12.17, mse_0: 1.1809e-01, mse_f: 3.7638e-01, total loss: 5.4674e-01, Error u,v,p: 2.0642e-01 2.2518e-01 2.2118e-01
It: 14600, Time: 12.14, mse_0: 8.1455e-02, mse_f: 3.1981e-01, total loss: 4.2832e-01, Error u,v,p: 1.7921e-01 1.9613e-01 2.1677e-01
It: 14700, Time: 12.08, mse_0: 8.7714e-02, mse_f: 3.4218e-01, total loss: 4.6247e-01, Error u,v,p: 1.8152e-01 2.0746e-01 2.2468e-01
It: 14800, Time: 12.01, mse_0: 1.3350e-01, mse_f: 4.4786e-01, total loss: 6.4576e-01, Error u,v,p: 2.0395e-01 2.1272e-01 2.7376e-01
It: 14900, Time: 12.12, mse_0: 9.1408e-02, mse_f: 3.3225e-01, total loss: 4.6019e-01, Error u,v,p: 1.8882e-01 2.0640e-01 2.0165e-01
It: 15000, Time: 12.05, mse_0: 1.0227e-01, mse_f: 3.3592e-01, total loss: 4.9961e-01, Error u,v,p: 2.0505e-01 2.0342e-01 2.1869e-01
It: 15100, Time: 12.18, mse_0: 1.2346e-01, mse_f: 3.3742e-01, total loss: 5.2116e-01, Error u,v,p: 2.0517e-01 2.2139e-01 1.9723e-01
It: 15200, Time: 12.07, mse_0: 1.1893e-01, mse_f: 3.4374e-01, total loss: 5.0824e-01, Error u,v,p: 1.9368e-01 2.1345e-01 2.3730e-01
It: 15300, Time: 12.17, mse_0: 1.0472e-01, mse_f: 3.7323e-01, total loss: 5.3046e-01, Error u,v,p: 1.9213e-01 1.9804e-01 2.3584e-01
It: 15400, Time: 12.36, mse_0: 1.0288e-01, mse_f: 3.5808e-01, total loss: 5.1455e-01, Error u,v,p: 1.9687e-01 2.0731e-01 2.3665e-01
It: 15500, Time: 12.11, mse_0: 7.0046e-02, mse_f: 2.8850e-01, total loss: 3.8098e-01, Error u,v,p: 1.7226e-01 1.9647e-01 2.2639e-01
It: 15600, Time: 12.07, mse_0: 1.6088e-01, mse_f: 3.5919e-01, total loss: 5.9113e-01, Error u,v,p: 1.9795e-01 2.2535e-01 2.8800e-01
It: 15700, Time: 12.08, mse_0: 9.9016e-02, mse_f: 3.7866e-01, total loss: 5.5149e-01, Error u,v,p: 1.8472e-01 1.9539e-01 2.2476e-01
It: 15800, Time: 11.69, mse_0: 8.2970e-02, mse_f: 2.9521e-01, total loss: 4.1127e-01, Error u,v,p: 1.8776e-01 2.1690e-01 2.2004e-01
It: 15900, Time: 11.67, mse_0: 7.4724e-02, mse_f: 2.9436e-01, total loss: 3.9945e-01, Error u,v,p: 1.9435e-01 2.0365e-01 2.2585e-01
It: 16000, Time: 11.93, mse_0: 1.0371e-01, mse_f: 3.0547e-01, total loss: 4.6665e-01, Error u,v,p: 2.0013e-01 1.9394e-01 2.4483e-01
It: 16100, Time: 11.92, mse_0: 1.2389e-01, mse_f: 3.2257e-01, total loss: 4.9487e-01, Error u,v,p: 1.8975e-01 2.4733e-01 2.0694e-01
It: 16200, Time: 12.06, mse_0: 7.7803e-02, mse_f: 3.2619e-01, total loss: 4.3453e-01, Error u,v,p: 1.7807e-01 1.9983e-01 2.2274e-01
It: 16300, Time: 12.14, mse_0: 7.4121e-02, mse_f: 3.4155e-01, total loss: 4.5694e-01, Error u,v,p: 1.8256e-01 1.8758e-01 2.2816e-01
It: 16400, Time: 12.39, mse_0: 7.2267e-02, mse_f: 2.6518e-01, total loss: 3.6470e-01, Error u,v,p: 1.7629e-01 1.8801e-01 1.8830e-01
It: 16500, Time: 11.81, mse_0: 9.7772e-02, mse_f: 3.6860e-01, total loss: 5.4600e-01, Error u,v,p: 2.0750e-01 2.2239e-01 2.2428e-01
It: 16600, Time: 11.81, mse_0: 5.6927e-02, mse_f: 2.4091e-01, total loss: 3.2012e-01, Error u,v,p: 1.7419e-01 1.8290e-01 2.3727e-01
It: 16700, Time: 11.99, mse_0: 2.3379e-01, mse_f: 6.1921e-01, total loss: 1.0524e+00, Error u,v,p: 2.4282e-01 2.0302e-01 1.9672e-01
It: 16800, Time: 12.20, mse_0: 1.1069e-01, mse_f: 3.0034e-01, total loss: 4.6441e-01, Error u,v,p: 1.8549e-01 2.1208e-01 2.5407e-01
It: 16900, Time: 12.16, mse_0: 1.2564e-01, mse_f: 3.2922e-01, total loss: 5.0329e-01, Error u,v,p: 2.1701e-01 2.6956e-01 1.9612e-01
It: 17000, Time: 12.11, mse_0: 1.0990e-01, mse_f: 3.0092e-01, total loss: 4.7282e-01, Error u,v,p: 1.7583e-01 1.9275e-01 2.5983e-01
It: 17100, Time: 12.23, mse_0: 6.3764e-02, mse_f: 2.4983e-01, total loss: 3.3900e-01, Error u,v,p: 1.7801e-01 1.8182e-01 1.9157e-01
It: 17200, Time: 12.10, mse_0: 7.9381e-02, mse_f: 2.9829e-01, total loss: 4.4012e-01, Error u,v,p: 1.8503e-01 1.8685e-01 2.2460e-01
It: 17300, Time: 12.15, mse_0: 5.5180e-02, mse_f: 2.3164e-01, total loss: 3.1168e-01, Error u,v,p: 1.6406e-01 1.9018e-01 2.1144e-01
It: 17400, Time: 12.13, mse_0: 8.3458e-02, mse_f: 3.0070e-01, total loss: 4.2355e-01, Error u,v,p: 1.7085e-01 1.8885e-01 1.8836e-01
It: 17500, Time: 12.06, mse_0: 4.8554e-02, mse_f: 2.2373e-01, total loss: 2.8973e-01, Error u,v,p: 1.6319e-01 1.7721e-01 2.0142e-01
It: 17600, Time: 11.97, mse_0: 1.0020e-01, mse_f: 2.7145e-01, total loss: 4.1599e-01, Error u,v,p: 1.8149e-01 1.8747e-01 2.4005e-01
It: 17700, Time: 12.23, mse_0: 7.5350e-02, mse_f: 3.3238e-01, total loss: 4.6287e-01, Error u,v,p: 1.7413e-01 1.8007e-01 2.3367e-01
It: 17800, Time: 12.02, mse_0: 8.5275e-02, mse_f: 2.8118e-01, total loss: 4.0953e-01, Error u,v,p: 1.9076e-01 1.8252e-01 2.3344e-01
It: 17900, Time: 12.19, mse_0: 6.2163e-02, mse_f: 2.4299e-01, total loss: 3.3123e-01, Error u,v,p: 1.6444e-01 1.7601e-01 2.0137e-01
It: 18000, Time: 12.06, mse_0: 1.3856e-01, mse_f: 4.5421e-01, total loss: 6.9155e-01, Error u,v,p: 2.1228e-01 1.8591e-01 2.1439e-01
It: 18100, Time: 12.04, mse_0: 9.1356e-02, mse_f: 2.6850e-01, total loss: 3.9992e-01, Error u,v,p: 1.8181e-01 2.2852e-01 2.3825e-01
It: 18200, Time: 12.09, mse_0: 1.1400e-01, mse_f: 4.7487e-01, total loss: 6.5598e-01, Error u,v,p: 2.1435e-01 2.0466e-01 2.1264e-01
It: 18300, Time: 12.01, mse_0: 8.4896e-02, mse_f: 3.1178e-01, total loss: 4.3749e-01, Error u,v,p: 1.6779e-01 1.8054e-01 2.1276e-01
It: 18400, Time: 11.97, mse_0: 5.9181e-02, mse_f: 2.3130e-01, total loss: 3.1638e-01, Error u,v,p: 1.6199e-01 1.7726e-01 2.1844e-01
It: 18500, Time: 11.94, mse_0: 1.0660e-01, mse_f: 2.7570e-01, total loss: 4.2937e-01, Error u,v,p: 1.6960e-01 2.1098e-01 2.1240e-01
It: 18600, Time: 11.86, mse_0: 1.1774e-01, mse_f: 3.8693e-01, total loss: 6.2045e-01, Error u,v,p: 1.9857e-01 1.7335e-01 2.2068e-01
It: 18700, Time: 12.05, mse_0: 5.6547e-02, mse_f: 2.1951e-01, total loss: 3.0424e-01, Error u,v,p: 1.6142e-01 1.8946e-01 2.2021e-01
It: 18800, Time: 11.94, mse_0: 5.3046e-02, mse_f: 2.4135e-01, total loss: 3.1988e-01, Error u,v,p: 1.6299e-01 1.7601e-01 2.1611e-01
It: 18900, Time: 11.89, mse_0: 6.0404e-02, mse_f: 2.9459e-01, total loss: 3.9109e-01, Error u,v,p: 1.6543e-01 1.7360e-01 2.2565e-01
It: 19000, Time: 12.08, mse_0: 1.7755e-01, mse_f: 4.6487e-01, total loss: 8.0432e-01, Error u,v,p: 2.5055e-01 1.9795e-01 2.0282e-01
It: 19100, Time: 12.04, mse_0: 8.3248e-02, mse_f: 2.7489e-01, total loss: 3.9835e-01, Error u,v,p: 1.8604e-01 2.0969e-01 2.3742e-01
It: 19200, Time: 12.02, mse_0: 6.4430e-02, mse_f: 2.6192e-01, total loss: 3.5700e-01, Error u,v,p: 1.7122e-01 1.9542e-01 1.9200e-01
It: 19300, Time: 12.17, mse_0: 4.5209e-02, mse_f: 2.1682e-01, total loss: 2.7992e-01, Error u,v,p: 1.6092e-01 1.7742e-01 2.0120e-01
It: 19400, Time: 12.25, mse_0: 1.4354e-01, mse_f: 3.5195e-01, total loss: 5.4318e-01, Error u,v,p: 1.7360e-01 3.4769e-01 1.8595e-01
It: 19500, Time: 12.18, mse_0: 8.5206e-02, mse_f: 3.0853e-01, total loss: 4.4285e-01, Error u,v,p: 1.6970e-01 1.7451e-01 2.1292e-01
It: 19600, Time: 12.24, mse_0: 7.9891e-02, mse_f: 2.6638e-01, total loss: 3.9846e-01, Error u,v,p: 1.8733e-01 1.7510e-01 2.1127e-01
It: 19700, Time: 12.14, mse_0: 6.9587e-02, mse_f: 3.0747e-01, total loss: 4.2453e-01, Error u,v,p: 1.7083e-01 1.7496e-01 2.0251e-01
It: 19800, Time: 12.22, mse_0: 7.1773e-02, mse_f: 2.4476e-01, total loss: 3.6032e-01, Error u,v,p: 1.8148e-01 1.6934e-01 2.1655e-01
It: 19900, Time: 12.07, mse_0: 8.2707e-02, mse_f: 2.2639e-01, total loss: 3.4475e-01, Error u,v,p: 1.5766e-01 1.7531e-01 2.4105e-01
It: 20000, Time: 11.73, mse_0: 1.1762e-01, mse_f: 2.9401e-01, total loss: 4.6931e-01, Error u,v,p: 1.7579e-01 2.0284e-01 1.9281e-01
It: 20100, Time: 11.86, mse_0: 9.1883e-02, mse_f: 2.5321e-01, total loss: 3.9553e-01, Error u,v,p: 1.6965e-01 1.7242e-01 2.5880e-01
It: 20200, Time: 11.69, mse_0: 6.6493e-02, mse_f: 2.3121e-01, total loss: 3.1914e-01, Error u,v,p: 1.5260e-01 1.8821e-01 1.9316e-01
It: 20300, Time: 11.81, mse_0: 8.8559e-02, mse_f: 2.2830e-01, total loss: 3.6652e-01, Error u,v,p: 1.6628e-01 2.0645e-01 2.2061e-01
It: 20400, Time: 11.88, mse_0: 1.0231e-01, mse_f: 2.8181e-01, total loss: 4.2661e-01, Error u,v,p: 1.5453e-01 2.2269e-01 2.0240e-01
It: 20500, Time: 11.85, mse_0: 6.3652e-02, mse_f: 2.7382e-01, total loss: 3.6993e-01, Error u,v,p: 1.6033e-01 1.7045e-01 2.1232e-01
It: 20600, Time: 11.81, mse_0: 6.4746e-02, mse_f: 2.2553e-01, total loss: 3.1179e-01, Error u,v,p: 1.5363e-01 1.8417e-01 1.9123e-01
It: 20700, Time: 11.83, mse_0: 7.0192e-02, mse_f: 2.4315e-01, total loss: 3.4222e-01, Error u,v,p: 1.6527e-01 1.9388e-01 2.1546e-01
It: 20800, Time: 11.83, mse_0: 5.5210e-02, mse_f: 2.3058e-01, total loss: 3.0879e-01, Error u,v,p: 1.6172e-01 1.6536e-01 2.1129e-01
It: 20900, Time: 11.75, mse_0: 9.1458e-02, mse_f: 2.9750e-01, total loss: 4.2786e-01, Error u,v,p: 1.5920e-01 1.7383e-01 1.9127e-01
It: 21000, Time: 11.75, mse_0: 8.7383e-02, mse_f: 2.3711e-01, total loss: 3.6603e-01, Error u,v,p: 1.6799e-01 1.7323e-01 2.5150e-01
It: 21100, Time: 11.88, mse_0: 7.6627e-02, mse_f: 2.1931e-01, total loss: 3.3490e-01, Error u,v,p: 1.6335e-01 1.7061e-01 2.1917e-01
It: 21200, Time: 11.89, mse_0: 7.6278e-02, mse_f: 2.8927e-01, total loss: 3.9789e-01, Error u,v,p: 1.5161e-01 1.7237e-01 2.0574e-01
It: 21300, Time: 11.76, mse_0: 6.4785e-02, mse_f: 2.7292e-01, total loss: 3.7705e-01, Error u,v,p: 1.6362e-01 1.6844e-01 2.2420e-01
It: 21400, Time: 11.84, mse_0: 7.3476e-02, mse_f: 2.2138e-01, total loss: 3.2689e-01, Error u,v,p: 1.6047e-01 1.7735e-01 1.8550e-01
It: 21500, Time: 11.85, mse_0: 6.6418e-02, mse_f: 2.0542e-01, total loss: 3.0152e-01, Error u,v,p: 1.5939e-01 1.7676e-01 2.1834e-01
It: 21600, Time: 11.80, mse_0: 6.3809e-02, mse_f: 2.1388e-01, total loss: 3.0751e-01, Error u,v,p: 1.5664e-01 1.8693e-01 2.1365e-01
It: 21700, Time: 11.75, mse_0: 6.9633e-02, mse_f: 2.6054e-01, total loss: 3.6835e-01, Error u,v,p: 1.5846e-01 1.6443e-01 2.0391e-01
It: 21800, Time: 11.73, mse_0: 1.3273e-01, mse_f: 2.4053e-01, total loss: 4.7051e-01, Error u,v,p: 2.0290e-01 1.5922e-01 2.1451e-01
It: 21900, Time: 11.67, mse_0: 7.3128e-02, mse_f: 2.5420e-01, total loss: 3.5765e-01, Error u,v,p: 1.6124e-01 1.7686e-01 2.0112e-01
It: 22000, Time: 11.82, mse_0: 8.2257e-02, mse_f: 2.4573e-01, total loss: 3.6399e-01, Error u,v,p: 1.6565e-01 1.8628e-01 1.8212e-01
It: 22100, Time: 11.79, mse_0: 8.6896e-02, mse_f: 3.2850e-01, total loss: 4.8637e-01, Error u,v,p: 1.9268e-01 1.6519e-01 2.1723e-01
It: 22200, Time: 11.80, mse_0: 5.5872e-02, mse_f: 2.4319e-01, total loss: 3.2806e-01, Error u,v,p: 1.5334e-01 1.7653e-01 1.9964e-01
It: 22300, Time: 11.81, mse_0: 4.9012e-02, mse_f: 2.2421e-01, total loss: 2.9528e-01, Error u,v,p: 1.4924e-01 1.5733e-01 2.1036e-01
It: 22400, Time: 11.82, mse_0: 1.4087e-01, mse_f: 2.9481e-01, total loss: 5.0170e-01, Error u,v,p: 1.6177e-01 2.2305e-01 2.2951e-01
It: 22500, Time: 11.86, mse_0: 5.4461e-02, mse_f: 2.1339e-01, total loss: 2.9630e-01, Error u,v,p: 1.6090e-01 1.6511e-01 2.3163e-01
It: 22600, Time: 11.88, mse_0: 4.3523e-02, mse_f: 2.0113e-01, total loss: 2.6848e-01, Error u,v,p: 1.5576e-01 1.6386e-01 2.1789e-01
It: 22700, Time: 11.69, mse_0: 4.8156e-02, mse_f: 1.8301e-01, total loss: 2.5383e-01, Error u,v,p: 1.5714e-01 1.6266e-01 2.2766e-01
It: 22800, Time: 11.89, mse_0: 8.5671e-02, mse_f: 3.8505e-01, total loss: 5.3457e-01, Error u,v,p: 1.6533e-01 1.6716e-01 1.8552e-01
It: 22900, Time: 11.97, mse_0: 6.7521e-02, mse_f: 2.3947e-01, total loss: 3.4391e-01, Error u,v,p: 1.4751e-01 1.6593e-01 1.9522e-01
It: 23000, Time: 11.76, mse_0: 4.1354e-02, mse_f: 1.8279e-01, total loss: 2.4023e-01, Error u,v,p: 1.5190e-01 1.6256e-01 1.8446e-01
It: 23100, Time: 11.95, mse_0: 4.0063e-02, mse_f: 1.7988e-01, total loss: 2.4431e-01, Error u,v,p: 1.5948e-01 1.6136e-01 1.9338e-01
It: 23200, Time: 11.79, mse_0: 5.9526e-02, mse_f: 2.1594e-01, total loss: 3.0390e-01, Error u,v,p: 1.5194e-01 1.6006e-01 2.1673e-01
It: 23300, Time: 12.04, mse_0: 5.5054e-02, mse_f: 1.9266e-01, total loss: 2.7961e-01, Error u,v,p: 1.4950e-01 1.5297e-01 1.7913e-01
It: 23400, Time: 11.88, mse_0: 8.9298e-02, mse_f: 2.3829e-01, total loss: 3.7386e-01, Error u,v,p: 1.5479e-01 1.6628e-01 2.2710e-01
It: 23500, Time: 11.89, mse_0: 4.6647e-02, mse_f: 1.9478e-01, total loss: 2.6058e-01, Error u,v,p: 1.4764e-01 1.6200e-01 2.1362e-01
It: 23600, Time: 11.89, mse_0: 1.2154e-01, mse_f: 2.9627e-01, total loss: 4.8195e-01, Error u,v,p: 1.7233e-01 1.8368e-01 1.8345e-01
It: 23700, Time: 11.83, mse_0: 7.1293e-02, mse_f: 2.2159e-01, total loss: 3.2840e-01, Error u,v,p: 1.5909e-01 1.7252e-01 1.9317e-01
It: 23800, Time: 11.73, mse_0: 7.8505e-02, mse_f: 2.0488e-01, total loss: 3.2578e-01, Error u,v,p: 1.6967e-01 1.5281e-01 2.0088e-01
It: 23900, Time: 11.84, mse_0: 6.1581e-02, mse_f: 2.8275e-01, total loss: 3.8027e-01, Error u,v,p: 1.5459e-01 1.8216e-01 1.9812e-01
It: 24000, Time: 11.81, mse_0: 5.5854e-02, mse_f: 1.8859e-01, total loss: 2.6913e-01, Error u,v,p: 1.5227e-01 1.6381e-01 1.7925e-01
It: 24100, Time: 11.88, mse_0: 8.8588e-02, mse_f: 2.5265e-01, total loss: 3.8519e-01, Error u,v,p: 1.5536e-01 1.9226e-01 1.8910e-01
It: 24200, Time: 11.81, mse_0: 4.1497e-02, mse_f: 1.8299e-01, total loss: 2.4550e-01, Error u,v,p: 1.4082e-01 1.6390e-01 1.8515e-01
It: 24300, Time: 11.77, mse_0: 8.9661e-02, mse_f: 2.5730e-01, total loss: 3.8464e-01, Error u,v,p: 1.4825e-01 1.5206e-01 1.8501e-01
It: 24400, Time: 11.77, mse_0: 4.7836e-02, mse_f: 2.0323e-01, total loss: 2.7707e-01, Error u,v,p: 1.4887e-01 1.6283e-01 1.8948e-01
It: 24500, Time: 11.77, mse_0: 4.2485e-02, mse_f: 1.9230e-01, total loss: 2.5793e-01, Error u,v,p: 1.4743e-01 1.5604e-01 1.9991e-01
It: 24600, Time: 11.68, mse_0: 4.2540e-02, mse_f: 1.9836e-01, total loss: 2.6532e-01, Error u,v,p: 1.4427e-01 1.5055e-01 1.8965e-01
It: 24700, Time: 11.70, mse_0: 3.7620e-02, mse_f: 1.9155e-01, total loss: 2.5577e-01, Error u,v,p: 1.4381e-01 1.4877e-01 1.9263e-01
It: 24800, Time: 11.87, mse_0: 1.0003e-01, mse_f: 2.3527e-01, total loss: 3.8848e-01, Error u,v,p: 1.6958e-01 1.5898e-01 2.0990e-01
It: 24900, Time: 11.79, mse_0: 9.9582e-02, mse_f: 2.8099e-01, total loss: 4.3583e-01, Error u,v,p: 1.4220e-01 1.5428e-01 1.7926e-01
It: 25000, Time: 11.93, mse_0: 5.3959e-02, mse_f: 1.9487e-01, total loss: 2.7625e-01, Error u,v,p: 1.4873e-01 1.7945e-01 2.2636e-01
It: 25100, Time: 11.85, mse_0: 3.8677e-02, mse_f: 1.6333e-01, total loss: 2.1743e-01, Error u,v,p: 1.4511e-01 1.4928e-01 1.7305e-01
It: 25200, Time: 11.79, mse_0: 1.4013e-01, mse_f: 2.9728e-01, total loss: 5.2703e-01, Error u,v,p: 1.5818e-01 1.6209e-01 1.6990e-01
It: 25300, Time: 11.72, mse_0: 4.9032e-02, mse_f: 1.7901e-01, total loss: 2.5896e-01, Error u,v,p: 1.5492e-01 1.6171e-01 2.2401e-01
It: 25400, Time: 11.87, mse_0: 3.2249e-02, mse_f: 1.5598e-01, total loss: 2.0417e-01, Error u,v,p: 1.4838e-01 1.5070e-01 1.8074e-01
It: 25500, Time: 11.76, mse_0: 3.5202e-02, mse_f: 1.5218e-01, total loss: 2.0369e-01, Error u,v,p: 1.4077e-01 1.4527e-01 1.8847e-01
It: 25600, Time: 11.85, mse_0: 2.7789e-02, mse_f: 1.4986e-01, total loss: 1.8759e-01, Error u,v,p: 1.3715e-01 1.5052e-01 1.8344e-01
It: 25700, Time: 11.83, mse_0: 5.9914e-02, mse_f: 1.9816e-01, total loss: 2.7914e-01, Error u,v,p: 1.4554e-01 1.8200e-01 1.9757e-01
It: 25800, Time: 11.73, mse_0: 3.8831e-02, mse_f: 1.7896e-01, total loss: 2.3403e-01, Error u,v,p: 1.4397e-01 1.4882e-01 1.8259e-01
It: 25900, Time: 11.81, mse_0: 5.6273e-02, mse_f: 2.2579e-01, total loss: 3.0990e-01, Error u,v,p: 1.4266e-01 1.5210e-01 1.7743e-01
It: 26000, Time: 11.86, mse_0: 4.7944e-02, mse_f: 1.8750e-01, total loss: 2.5776e-01, Error u,v,p: 1.4449e-01 1.6687e-01 1.9037e-01
It: 26100, Time: 11.79, mse_0: 5.5888e-02, mse_f: 1.7369e-01, total loss: 2.7190e-01, Error u,v,p: 1.4497e-01 1.4472e-01 1.9676e-01
It: 26200, Time: 11.69, mse_0: 4.6799e-02, mse_f: 1.8918e-01, total loss: 2.6309e-01, Error u,v,p: 1.4459e-01 1.4486e-01 1.9092e-01
It: 26300, Time: 11.79, mse_0: 7.5782e-02, mse_f: 2.7380e-01, total loss: 4.0259e-01, Error u,v,p: 1.4630e-01 1.6819e-01 1.8442e-01
It: 26400, Time: 11.83, mse_0: 5.3321e-02, mse_f: 1.6826e-01, total loss: 2.4959e-01, Error u,v,p: 1.3882e-01 1.4850e-01 1.7438e-01
It: 26500, Time: 11.79, mse_0: 5.5334e-02, mse_f: 2.0119e-01, total loss: 2.8410e-01, Error u,v,p: 1.4060e-01 1.6482e-01 2.0048e-01
It: 26600, Time: 11.72, mse_0: 7.8862e-02, mse_f: 2.1714e-01, total loss: 3.2881e-01, Error u,v,p: 1.4255e-01 1.9717e-01 1.8255e-01
It: 26700, Time: 11.74, mse_0: 4.7368e-02, mse_f: 1.9575e-01, total loss: 2.6904e-01, Error u,v,p: 1.4303e-01 1.6062e-01 1.8244e-01
It: 26800, Time: 11.75, mse_0: 1.0333e-01, mse_f: 2.1981e-01, total loss: 3.8802e-01, Error u,v,p: 1.9294e-01 1.7940e-01 1.8394e-01
It: 26900, Time: 11.76, mse_0: 5.9956e-02, mse_f: 2.2749e-01, total loss: 3.1168e-01, Error u,v,p: 1.4386e-01 1.5363e-01 2.0114e-01
It: 27000, Time: 11.78, mse_0: 8.7739e-02, mse_f: 2.7737e-01, total loss: 4.1014e-01, Error u,v,p: 1.5770e-01 1.5823e-01 2.0800e-01
It: 27100, Time: 11.81, mse_0: 3.6196e-02, mse_f: 1.5789e-01, total loss: 2.0949e-01, Error u,v,p: 1.3862e-01 1.4725e-01 1.8697e-01
It: 27200, Time: 11.82, mse_0: 4.4852e-02, mse_f: 1.6027e-01, total loss: 2.2886e-01, Error u,v,p: 1.3602e-01 1.4554e-01 1.9222e-01
It: 27300, Time: 11.87, mse_0: 5.9405e-02, mse_f: 2.2395e-01, total loss: 3.3766e-01, Error u,v,p: 1.4211e-01 1.5780e-01 1.8792e-01
It: 27400, Time: 11.77, mse_0: 5.1269e-02, mse_f: 2.1602e-01, total loss: 2.9539e-01, Error u,v,p: 1.4045e-01 1.6517e-01 1.9379e-01
It: 27500, Time: 12.01, mse_0: 7.5972e-02, mse_f: 2.6714e-01, total loss: 4.0585e-01, Error u,v,p: 1.5514e-01 1.6820e-01 1.7706e-01
It: 27600, Time: 11.81, mse_0: 6.2470e-02, mse_f: 1.9745e-01, total loss: 2.9410e-01, Error u,v,p: 1.5031e-01 1.4562e-01 2.2312e-01
It: 27700, Time: 11.89, mse_0: 6.2436e-02, mse_f: 1.6154e-01, total loss: 2.7163e-01, Error u,v,p: 1.5649e-01 1.4015e-01 2.0526e-01
It: 27800, Time: 11.96, mse_0: 7.1772e-02, mse_f: 3.4685e-01, total loss: 5.1030e-01, Error u,v,p: 1.6946e-01 1.4662e-01 1.8470e-01
It: 27900, Time: 11.92, mse_0: 6.4878e-02, mse_f: 2.2165e-01, total loss: 3.2460e-01, Error u,v,p: 1.4058e-01 1.5707e-01 1.9438e-01
It: 28000, Time: 11.73, mse_0: 6.9708e-02, mse_f: 2.6881e-01, total loss: 4.0015e-01, Error u,v,p: 1.5509e-01 1.5934e-01 2.0127e-01
It: 28100, Time: 11.83, mse_0: 9.9812e-02, mse_f: 2.1551e-01, total loss: 3.7647e-01, Error u,v,p: 1.8090e-01 1.7377e-01 2.1856e-01
It: 28200, Time: 11.83, mse_0: 6.3371e-02, mse_f: 1.8849e-01, total loss: 2.7765e-01, Error u,v,p: 1.3787e-01 1.7340e-01 2.0617e-01
It: 28300, Time: 11.69, mse_0: 4.6056e-02, mse_f: 1.8413e-01, total loss: 2.6033e-01, Error u,v,p: 1.5080e-01 1.7789e-01 1.8073e-01
It: 28400, Time: 11.80, mse_0: 5.4347e-02, mse_f: 1.7924e-01, total loss: 2.5910e-01, Error u,v,p: 1.5135e-01 1.4783e-01 1.8367e-01
It: 28500, Time: 11.81, mse_0: 3.8023e-02, mse_f: 1.7278e-01, total loss: 2.2786e-01, Error u,v,p: 1.4689e-01 1.5646e-01 1.7683e-01
It: 28600, Time: 11.75, mse_0: 1.1712e-01, mse_f: 2.6326e-01, total loss: 4.4228e-01, Error u,v,p: 1.4359e-01 1.5714e-01 1.7028e-01
It: 28700, Time: 11.86, mse_0: 5.0538e-02, mse_f: 1.6750e-01, total loss: 2.4109e-01, Error u,v,p: 1.4420e-01 1.4065e-01 2.1140e-01
It: 28800, Time: 11.71, mse_0: 4.9032e-02, mse_f: 1.8274e-01, total loss: 2.5852e-01, Error u,v,p: 1.4556e-01 1.4223e-01 2.0659e-01
It: 28900, Time: 11.78, mse_0: 3.8765e-02, mse_f: 1.6457e-01, total loss: 2.2845e-01, Error u,v,p: 1.4329e-01 1.3876e-01 2.0629e-01
It: 29000, Time: 11.87, mse_0: 6.3305e-02, mse_f: 1.9985e-01, total loss: 3.0067e-01, Error u,v,p: 1.4945e-01 1.7476e-01 1.6503e-01
It: 29100, Time: 11.74, mse_0: 4.9786e-02, mse_f: 1.7390e-01, total loss: 2.5104e-01, Error u,v,p: 1.3972e-01 1.4218e-01 2.0385e-01
It: 29200, Time: 11.78, mse_0: 4.6365e-02, mse_f: 1.8087e-01, total loss: 2.5339e-01, Error u,v,p: 1.3561e-01 1.5229e-01 1.9852e-01
It: 29300, Time: 11.79, mse_0: 4.6274e-02, mse_f: 1.5861e-01, total loss: 2.3689e-01, Error u,v,p: 1.4369e-01 1.3604e-01 1.9460e-01
It: 29400, Time: 11.81, mse_0: 3.2869e-02, mse_f: 1.5812e-01, total loss: 2.0535e-01, Error u,v,p: 1.3148e-01 1.4188e-01 1.8006e-01
It: 29500, Time: 11.65, mse_0: 4.6204e-02, mse_f: 1.5690e-01, total loss: 2.2232e-01, Error u,v,p: 1.3206e-01 1.4677e-01 1.9053e-01
It: 29600, Time: 11.84, mse_0: 8.2203e-02, mse_f: 2.4959e-01, total loss: 3.7681e-01, Error u,v,p: 1.5097e-01 1.8980e-01 1.7894e-01
It: 29700, Time: 11.79, mse_0: 4.1642e-02, mse_f: 1.5875e-01, total loss: 2.1820e-01, Error u,v,p: 1.3943e-01 1.6557e-01 1.9586e-01
It: 29800, Time: 11.75, mse_0: 5.5674e-02, mse_f: 1.6502e-01, total loss: 2.4822e-01, Error u,v,p: 1.3735e-01 1.6178e-01 1.7063e-01
It: 29900, Time: 11.81, mse_0: 1.4060e-01, mse_f: 3.2423e-01, total loss: 5.4580e-01, Error u,v,p: 1.5498e-01 1.4599e-01 1.6836e-01
It: 30000, Time: 11.84, mse_0: 4.7510e-02, mse_f: 1.6523e-01, total loss: 2.3814e-01, Error u,v,p: 1.3771e-01 1.4240e-01 1.6938e-01
starting L-BFGS training
It: 100, Time: 12.64, mse_0: 2.0313e-02, mse_f: 1.1834e-01, total loss: 1.4525e-01, Error u,v,p: 1.2820e-01 1.3258e-01 1.8581e-01
It: 200, Time: 13.55, mse_0: 2.0126e-02, mse_f: 1.1752e-01, total loss: 1.4418e-01, Error u,v,p: 1.2767e-01 1.3231e-01 1.8629e-01
It: 300, Time: 13.44, mse_0: 1.9810e-02, mse_f: 1.1680e-01, total loss: 1.4316e-01, Error u,v,p: 1.2733e-01 1.3271e-01 1.8649e-01
It: 400, Time: 13.55, mse_0: 1.9642e-02, mse_f: 1.1563e-01, total loss: 1.4181e-01, Error u,v,p: 1.2750e-01 1.3294e-01 1.8738e-01
It: 500, Time: 13.54, mse_0: 1.9310e-02, mse_f: 1.1452e-01, total loss: 1.4038e-01, Error u,v,p: 1.2729e-01 1.3260e-01 1.8762e-01
It: 600, Time: 13.43, mse_0: 1.8958e-02, mse_f: 1.1312e-01, total loss: 1.3860e-01, Error u,v,p: 1.2712e-01 1.3296e-01 1.8917e-01
It: 700, Time: 13.55, mse_0: 1.8661e-02, mse_f: 1.1162e-01, total loss: 1.3680e-01, Error u,v,p: 1.2720e-01 1.3271e-01 1.9128e-01
It: 800, Time: 13.55, mse_0: 1.8324e-02, mse_f: 1.1007e-01, total loss: 1.3489e-01, Error u,v,p: 1.2718e-01 1.3293e-01 1.9304e-01
It: 900, Time: 13.37, mse_0: 1.7934e-02, mse_f: 1.0852e-01, total loss: 1.3293e-01, Error u,v,p: 1.2683e-01 1.3313e-01 1.9475e-01
It: 1000, Time: 13.56, mse_0: 1.7583e-02, mse_f: 1.0692e-01, total loss: 1.3093e-01, Error u,v,p: 1.2665e-01 1.3291e-01 1.9639e-01
It: 1100, Time: 13.49, mse_0: 1.7163e-02, mse_f: 1.0509e-01, total loss: 1.2868e-01, Error u,v,p: 1.2683e-01 1.3305e-01 1.9863e-01
It: 1200, Time: 13.47, mse_0: 1.6682e-02, mse_f: 1.0331e-01, total loss: 1.2628e-01, Error u,v,p: 1.2655e-01 1.3249e-01 1.9821e-01
It: 1300, Time: 13.46, mse_0: 1.6263e-02, mse_f: 1.0179e-01, total loss: 1.2429e-01, Error u,v,p: 1.2623e-01 1.3271e-01 1.9899e-01
It: 1400, Time: 13.59, mse_0: 1.5790e-02, mse_f: 9.9933e-02, total loss: 1.2186e-01, Error u,v,p: 1.2574e-01 1.3231e-01 1.9979e-01
It: 1500, Time: 13.61, mse_0: 1.5404e-02, mse_f: 9.8391e-02, total loss: 1.1990e-01, Error u,v,p: 1.2579e-01 1.3202e-01 2.0093e-01
It: 1600, Time: 13.34, mse_0: 1.5114e-02, mse_f: 9.6563e-02, total loss: 1.1775e-01, Error u,v,p: 1.2620e-01 1.3137e-01 2.0268e-01
It: 1700, Time: 13.60, mse_0: 1.4895e-02, mse_f: 9.4969e-02, total loss: 1.1584e-01, Error u,v,p: 1.2579e-01 1.3142e-01 2.0351e-01
It: 1800, Time: 13.65, mse_0: 1.4642e-02, mse_f: 9.3448e-02, total loss: 1.1407e-01, Error u,v,p: 1.2521e-01 1.3130e-01 2.0329e-01
It: 1900, Time: 13.38, mse_0: 1.4368e-02, mse_f: 9.1845e-02, total loss: 1.1206e-01, Error u,v,p: 1.2499e-01 1.3084e-01 2.0318e-01
It: 2000, Time: 13.51, mse_0: 1.4058e-02, mse_f: 9.0377e-02, total loss: 1.1022e-01, Error u,v,p: 1.2540e-01 1.2958e-01 2.0422e-01
It: 2100, Time: 13.60, mse_0: 1.3726e-02, mse_f: 8.9056e-02, total loss: 1.0848e-01, Error u,v,p: 1.2498e-01 1.2971e-01 2.0428e-01
It: 2200, Time: 13.58, mse_0: 1.3430e-02, mse_f: 8.7741e-02, total loss: 1.0679e-01, Error u,v,p: 1.2395e-01 1.2913e-01 2.0306e-01
It: 2300, Time: 13.45, mse_0: 1.3172e-02, mse_f: 8.6272e-02, total loss: 1.0493e-01, Error u,v,p: 1.2329e-01 1.2770e-01 2.0175e-01
It: 2400, Time: 13.43, mse_0: 1.2996e-02, mse_f: 8.4913e-02, total loss: 1.0335e-01, Error u,v,p: 1.2321e-01 1.2769e-01 2.0172e-01
It: 2500, Time: 13.56, mse_0: 1.2721e-02, mse_f: 8.3716e-02, total loss: 1.0182e-01, Error u,v,p: 1.2359e-01 1.2764e-01 2.0232e-01
It: 2600, Time: 13.41, mse_0: 1.2553e-02, mse_f: 8.2643e-02, total loss: 1.0052e-01, Error u,v,p: 1.2314e-01 1.2726e-01 2.0341e-01
It: 2700, Time: 13.48, mse_0: 1.2319e-02, mse_f: 8.1426e-02, total loss: 9.9034e-02, Error u,v,p: 1.2263e-01 1.2687e-01 2.0304e-01
It: 2800, Time: 13.52, mse_0: 1.1987e-02, mse_f: 8.0305e-02, total loss: 9.7515e-02, Error u,v,p: 1.2224e-01 1.2727e-01 2.0325e-01
It: 2900, Time: 13.46, mse_0: 1.1736e-02, mse_f: 7.9229e-02, total loss: 9.6141e-02, Error u,v,p: 1.2216e-01 1.2628e-01 2.0264e-01
It: 3000, Time: 13.48, mse_0: 1.1573e-02, mse_f: 7.8222e-02, total loss: 9.4904e-02, Error u,v,p: 1.2134e-01 1.2527e-01 2.0153e-01
It: 3100, Time: 13.43, mse_0: 1.1324e-02, mse_f: 7.7130e-02, total loss: 9.3521e-02, Error u,v,p: 1.2101e-01 1.2514e-01 2.0152e-01
It: 3200, Time: 13.51, mse_0: 1.1117e-02, mse_f: 7.5903e-02, total loss: 9.2026e-02, Error u,v,p: 1.2038e-01 1.2449e-01 2.0060e-01
It: 3300, Time: 13.54, mse_0: 1.0945e-02, mse_f: 7.4898e-02, total loss: 9.0792e-02, Error u,v,p: 1.1941e-01 1.2449e-01 1.9988e-01
It: 3400, Time: 13.42, mse_0: 1.0745e-02, mse_f: 7.3988e-02, total loss: 8.9609e-02, Error u,v,p: 1.1882e-01 1.2324e-01 1.9819e-01
It: 3500, Time: 13.51, mse_0: 1.0552e-02, mse_f: 7.3056e-02, total loss: 8.8457e-02, Error u,v,p: 1.1835e-01 1.2265e-01 1.9715e-01
It: 3600, Time: 13.58, mse_0: 1.0383e-02, mse_f: 7.2194e-02, total loss: 8.7368e-02, Error u,v,p: 1.1801e-01 1.2249e-01 1.9792e-01
It: 3700, Time: 13.43, mse_0: 1.0234e-02, mse_f: 7.1296e-02, total loss: 8.6243e-02, Error u,v,p: 1.1749e-01 1.2166e-01 1.9826e-01
It: 3800, Time: 13.50, mse_0: 1.0117e-02, mse_f: 7.0443e-02, total loss: 8.5190e-02, Error u,v,p: 1.1697e-01 1.2124e-01 1.9775e-01
It: 3900, Time: 13.58, mse_0: 9.9449e-03, mse_f: 6.9633e-02, total loss: 8.4170e-02, Error u,v,p: 1.1599e-01 1.2087e-01 1.9640e-01
It: 4000, Time: 13.52, mse_0: 9.7992e-03, mse_f: 6.8903e-02, total loss: 8.3236e-02, Error u,v,p: 1.1558e-01 1.1985e-01 1.9598e-01
It: 4100, Time: 13.45, mse_0: 9.6161e-03, mse_f: 6.8185e-02, total loss: 8.2261e-02, Error u,v,p: 1.1528e-01 1.1916e-01 1.9561e-01
It: 4200, Time: 13.52, mse_0: 9.5158e-03, mse_f: 6.7445e-02, total loss: 8.1353e-02, Error u,v,p: 1.1492e-01 1.1836e-01 1.9450e-01
It: 4300, Time: 13.53, mse_0: 9.4351e-03, mse_f: 6.6680e-02, total loss: 8.0460e-02, Error u,v,p: 1.1514e-01 1.1791e-01 1.9438e-01
It: 4400, Time: 13.41, mse_0: 9.2653e-03, mse_f: 6.6052e-02, total loss: 7.9639e-02, Error u,v,p: 1.1496e-01 1.1744e-01 1.9317e-01
It: 4500, Time: 13.53, mse_0: 9.1070e-03, mse_f: 6.5258e-02, total loss: 7.8611e-02, Error u,v,p: 1.1480e-01 1.1663e-01 1.9233e-01
It: 4600, Time: 13.60, mse_0: 9.0291e-03, mse_f: 6.4438e-02, total loss: 7.7670e-02, Error u,v,p: 1.1460e-01 1.1605e-01 1.9156e-01
It: 4700, Time: 13.26, mse_0: 8.8491e-03, mse_f: 6.3747e-02, total loss: 7.6731e-02, Error u,v,p: 1.1381e-01 1.1487e-01 1.9057e-01
It: 4800, Time: 13.56, mse_0: 8.7689e-03, mse_f: 6.3004e-02, total loss: 7.5857e-02, Error u,v,p: 1.1312e-01 1.1423e-01 1.8913e-01
It: 4900, Time: 13.37, mse_0: 8.5958e-03, mse_f: 6.2341e-02, total loss: 7.4963e-02, Error u,v,p: 1.1264e-01 1.1407e-01 1.8957e-01
It: 5000, Time: 13.64, mse_0: 8.5294e-03, mse_f: 6.1642e-02, total loss: 7.4170e-02, Error u,v,p: 1.1232e-01 1.1426e-01 1.8939e-01
It: 5100, Time: 13.68, mse_0: 8.4372e-03, mse_f: 6.0974e-02, total loss: 7.3369e-02, Error u,v,p: 1.1179e-01 1.1419e-01 1.8857e-01
It: 5200, Time: 13.39, mse_0: 8.3131e-03, mse_f: 6.0391e-02, total loss: 7.2615e-02, Error u,v,p: 1.1096e-01 1.1384e-01 1.8762e-01
It: 5300, Time: 13.60, mse_0: 8.2290e-03, mse_f: 5.9791e-02, total loss: 7.1850e-02, Error u,v,p: 1.1066e-01 1.1343e-01 1.8741e-01
It: 5400, Time: 13.35, mse_0: 8.1097e-03, mse_f: 5.9162e-02, total loss: 7.1067e-02, Error u,v,p: 1.0937e-01 1.1321e-01 1.8596e-01
It: 5500, Time: 13.30, mse_0: 7.9753e-03, mse_f: 5.8582e-02, total loss: 7.0301e-02, Error u,v,p: 1.0882e-01 1.1248e-01 1.8480e-01
It: 5600, Time: 13.54, mse_0: 7.9225e-03, mse_f: 5.8017e-02, total loss: 6.9647e-02, Error u,v,p: 1.0821e-01 1.1189e-01 1.8414e-01
It: 5700, Time: 13.68, mse_0: 7.8839e-03, mse_f: 5.7397e-02, total loss: 6.8956e-02, Error u,v,p: 1.0799e-01 1.1110e-01 1.8465e-01
It: 5800, Time: 13.45, mse_0: 7.8183e-03, mse_f: 5.6893e-02, total loss: 6.8333e-02, Error u,v,p: 1.0733e-01 1.1070e-01 1.8392e-01
It: 5900, Time: 13.57, mse_0: 7.7221e-03, mse_f: 5.6323e-02, total loss: 6.7623e-02, Error u,v,p: 1.0699e-01 1.1037e-01 1.8363e-01
It: 6000, Time: 13.35, mse_0: 7.6188e-03, mse_f: 5.5757e-02, total loss: 6.6928e-02, Error u,v,p: 1.0618e-01 1.0957e-01 1.8236e-01
It: 6100, Time: 13.54, mse_0: 7.5389e-03, mse_f: 5.5213e-02, total loss: 6.6252e-02, Error u,v,p: 1.0557e-01 1.0921e-01 1.8194e-01
It: 6200, Time: 13.37, mse_0: 7.4686e-03, mse_f: 5.4734e-02, total loss: 6.5692e-02, Error u,v,p: 1.0501e-01 1.0849e-01 1.8095e-01
It: 6300, Time: 13.39, mse_0: 7.4163e-03, mse_f: 5.4194e-02, total loss: 6.5086e-02, Error u,v,p: 1.0459e-01 1.0802e-01 1.8019e-01
It: 6400, Time: 13.55, mse_0: 7.2795e-03, mse_f: 5.3770e-02, total loss: 6.4485e-02, Error u,v,p: 1.0432e-01 1.0791e-01 1.7876e-01
It: 6500, Time: 13.29, mse_0: 7.1852e-03, mse_f: 5.3293e-02, total loss: 6.3876e-02, Error u,v,p: 1.0400e-01 1.0710e-01 1.7820e-01
It: 6600, Time: 13.44, mse_0: 7.1130e-03, mse_f: 5.2793e-02, total loss: 6.3276e-02, Error u,v,p: 1.0329e-01 1.0642e-01 1.7768e-01
It: 6700, Time: 13.40, mse_0: 7.0136e-03, mse_f: 5.2369e-02, total loss: 6.2735e-02, Error u,v,p: 1.0279e-01 1.0604e-01 1.7680e-01
It: 6800, Time: 13.46, mse_0: 6.9484e-03, mse_f: 5.1797e-02, total loss: 6.2101e-02, Error u,v,p: 1.0229e-01 1.0533e-01 1.7589e-01
It: 6900, Time: 13.46, mse_0: 6.8774e-03, mse_f: 5.1361e-02, total loss: 6.1554e-02, Error u,v,p: 1.0220e-01 1.0491e-01 1.7635e-01
It: 7000, Time: 13.44, mse_0: 6.8448e-03, mse_f: 5.0846e-02, total loss: 6.0990e-02, Error u,v,p: 1.0165e-01 1.0435e-01 1.7589e-01
It: 7100, Time: 13.62, mse_0: 6.7814e-03, mse_f: 5.0338e-02, total loss: 6.0383e-02, Error u,v,p: 1.0121e-01 1.0404e-01 1.7543e-01
It: 7200, Time: 13.58, mse_0: 6.6979e-03, mse_f: 4.9933e-02, total loss: 5.9875e-02, Error u,v,p: 1.0092e-01 1.0366e-01 1.7489e-01
It: 7300, Time: 13.60, mse_0: 6.6271e-03, mse_f: 4.9534e-02, total loss: 5.9369e-02, Error u,v,p: 1.0064e-01 1.0305e-01 1.7382e-01
It: 7400, Time: 13.59, mse_0: 6.5597e-03, mse_f: 4.9122e-02, total loss: 5.8863e-02, Error u,v,p: 1.0018e-01 1.0261e-01 1.7250e-01
It: 7500, Time: 13.60, mse_0: 6.4785e-03, mse_f: 4.8691e-02, total loss: 5.8326e-02, Error u,v,p: 9.9623e-02 1.0207e-01 1.7173e-01
It: 7600, Time: 13.55, mse_0: 6.4393e-03, mse_f: 4.8313e-02, total loss: 5.7883e-02, Error u,v,p: 9.9469e-02 1.0190e-01 1.7145e-01
It: 7700, Time: 13.70, mse_0: 6.3620e-03, mse_f: 4.7899e-02, total loss: 5.7363e-02, Error u,v,p: 9.9026e-02 1.0119e-01 1.7073e-01
It: 7800, Time: 13.85, mse_0: 6.3043e-03, mse_f: 4.7513e-02, total loss: 5.6890e-02, Error u,v,p: 9.8370e-02 1.0105e-01 1.7072e-01
It: 7900, Time: 13.65, mse_0: 6.2523e-03, mse_f: 4.7082e-02, total loss: 5.6394e-02, Error u,v,p: 9.8100e-02 1.0036e-01 1.7059e-01
It: 8000, Time: 13.73, mse_0: 6.2000e-03, mse_f: 4.6713e-02, total loss: 5.5957e-02, Error u,v,p: 9.7561e-02 1.0008e-01 1.7023e-01
It: 8100, Time: 13.72, mse_0: 6.1139e-03, mse_f: 4.6373e-02, total loss: 5.5501e-02, Error u,v,p: 9.7344e-02 9.9952e-02 1.7059e-01
It: 8200, Time: 13.54, mse_0: 6.0566e-03, mse_f: 4.6039e-02, total loss: 5.5076e-02, Error u,v,p: 9.7444e-02 9.9529e-02 1.7058e-01
It: 8300, Time: 13.51, mse_0: 5.9906e-03, mse_f: 4.5671e-02, total loss: 5.4614e-02, Error u,v,p: 9.6963e-02 9.9588e-02 1.7016e-01
It: 8400, Time: 13.72, mse_0: 5.9338e-03, mse_f: 4.5336e-02, total loss: 5.4184e-02, Error u,v,p: 9.6912e-02 9.9217e-02 1.6985e-01
It: 8500, Time: 13.61, mse_0: 5.9127e-03, mse_f: 4.4963e-02, total loss: 5.3761e-02, Error u,v,p: 9.6523e-02 9.8839e-02 1.6969e-01
It: 8600, Time: 13.52, mse_0: 5.8478e-03, mse_f: 4.4603e-02, total loss: 5.3317e-02, Error u,v,p: 9.6289e-02 9.8230e-02 1.6950e-01
It: 8700, Time: 13.44, mse_0: 5.8109e-03, mse_f: 4.4248e-02, total loss: 5.2899e-02, Error u,v,p: 9.5846e-02 9.8022e-02 1.6992e-01
It: 8800, Time: 13.65, mse_0: 5.7995e-03, mse_f: 4.3899e-02, total loss: 5.2513e-02, Error u,v,p: 9.5662e-02 9.7594e-02 1.6975e-01
It: 8900, Time: 13.71, mse_0: 5.7433e-03, mse_f: 4.3536e-02, total loss: 5.2053e-02, Error u,v,p: 9.5583e-02 9.7431e-02 1.6974e-01
It: 9000, Time: 13.72, mse_0: 5.6933e-03, mse_f: 4.3203e-02, total loss: 5.1638e-02, Error u,v,p: 9.4878e-02 9.6765e-02 1.6923e-01
It: 9100, Time: 13.60, mse_0: 5.6189e-03, mse_f: 4.2950e-02, total loss: 5.1280e-02, Error u,v,p: 9.4334e-02 9.6441e-02 1.6911e-01
It: 9200, Time: 13.68, mse_0: 5.5910e-03, mse_f: 4.2617e-02, total loss: 5.0891e-02, Error u,v,p: 9.4034e-02 9.6037e-02 1.6911e-01
It: 9300, Time: 13.43, mse_0: 5.5231e-03, mse_f: 4.2305e-02, total loss: 5.0484e-02, Error u,v,p: 9.3399e-02 9.5553e-02 1.6880e-01
It: 9400, Time: 13.57, mse_0: 5.4595e-03, mse_f: 4.1999e-02, total loss: 5.0085e-02, Error u,v,p: 9.3150e-02 9.5072e-02 1.6800e-01
It: 9500, Time: 13.60, mse_0: 5.4204e-03, mse_f: 4.1692e-02, total loss: 4.9712e-02, Error u,v,p: 9.2866e-02 9.4915e-02 1.6791e-01
It: 9600, Time: 13.43, mse_0: 5.3834e-03, mse_f: 4.1375e-02, total loss: 4.9347e-02, Error u,v,p: 9.2585e-02 9.4378e-02 1.6813e-01
It: 9700, Time: 13.56, mse_0: 5.3800e-03, mse_f: 4.1038e-02, total loss: 4.8982e-02, Error u,v,p: 9.2569e-02 9.4264e-02 1.6852e-01
It: 9800, Time: 13.49, mse_0: 5.3244e-03, mse_f: 4.0740e-02, total loss: 4.8616e-02, Error u,v,p: 9.2170e-02 9.3958e-02 1.6828e-01
It: 9900, Time: 13.68, mse_0: 5.2917e-03, mse_f: 4.0429e-02, total loss: 4.8255e-02, Error u,v,p: 9.1928e-02 9.3974e-02 1.6756e-01
It: 10000, Time: 13.75, mse_0: 5.2547e-03, mse_f: 4.0121e-02, total loss: 4.7898e-02, Error u,v,p: 9.1347e-02 9.3473e-02 1.6778e-01
It: 10100, Time: 13.60, mse_0: 5.2039e-03, mse_f: 3.9840e-02, total loss: 4.7551e-02, Error u,v,p: 9.1143e-02 9.3309e-02 1.6742e-01
It: 10200, Time: 13.41, mse_0: 5.1586e-03, mse_f: 3.9579e-02, total loss: 4.7223e-02, Error u,v,p: 9.0981e-02 9.3283e-02 1.6763e-01
It: 10300, Time: 13.69, mse_0: 5.1351e-03, mse_f: 3.9308e-02, total loss: 4.6907e-02, Error u,v,p: 9.0444e-02 9.3088e-02 1.6702e-01
It: 10400, Time: 13.41, mse_0: 5.1055e-03, mse_f: 3.9016e-02, total loss: 4.6585e-02, Error u,v,p: 9.0313e-02 9.2729e-02 1.6680e-01
It: 10500, Time: 13.53, mse_0: 5.0746e-03, mse_f: 3.8733e-02, total loss: 4.6256e-02, Error u,v,p: 8.9975e-02 9.2109e-02 1.6577e-01
It: 10600, Time: 13.72, mse_0: 5.0237e-03, mse_f: 3.8485e-02, total loss: 4.5948e-02, Error u,v,p: 8.9704e-02 9.1799e-02 1.6477e-01
It: 10700, Time: 13.63, mse_0: 4.9768e-03, mse_f: 3.8232e-02, total loss: 4.5625e-02, Error u,v,p: 8.9756e-02 9.1629e-02 1.6438e-01
It: 10800, Time: 13.65, mse_0: 4.9584e-03, mse_f: 3.8017e-02, total loss: 4.5368e-02, Error u,v,p: 8.9776e-02 9.1494e-02 1.6415e-01
It: 10900, Time: 13.56, mse_0: 4.9119e-03, mse_f: 3.7783e-02, total loss: 4.5076e-02, Error u,v,p: 8.9415e-02 9.1271e-02 1.6371e-01
It: 11000, Time: 13.61, mse_0: 4.8900e-03, mse_f: 3.7498e-02, total loss: 4.4754e-02, Error u,v,p: 8.9443e-02 9.1403e-02 1.6310e-01
It: 11100, Time: 13.59, mse_0: 4.8528e-03, mse_f: 3.7268e-02, total loss: 4.4451e-02, Error u,v,p: 8.9020e-02 9.0955e-02 1.6242e-01
It: 11200, Time: 13.64, mse_0: 4.8181e-03, mse_f: 3.7050e-02, total loss: 4.4175e-02, Error u,v,p: 8.8817e-02 9.0620e-02 1.6227e-01
It: 11300, Time: 13.55, mse_0: 4.7919e-03, mse_f: 3.6843e-02, total loss: 4.3921e-02, Error u,v,p: 8.8475e-02 9.0295e-02 1.6223e-01
It: 11400, Time: 13.86, mse_0: 4.7674e-03, mse_f: 3.6587e-02, total loss: 4.3625e-02, Error u,v,p: 8.8365e-02 9.0221e-02 1.6179e-01
It: 11500, Time: 13.45, mse_0: 4.7300e-03, mse_f: 3.6343e-02, total loss: 4.3318e-02, Error u,v,p: 8.7672e-02 8.9622e-02 1.6113e-01
It: 11600, Time: 13.40, mse_0: 4.6894e-03, mse_f: 3.6116e-02, total loss: 4.3037e-02, Error u,v,p: 8.7320e-02 8.9217e-02 1.6083e-01
It: 11700, Time: 13.49, mse_0: 4.6803e-03, mse_f: 3.5865e-02, total loss: 4.2761e-02, Error u,v,p: 8.7135e-02 8.9005e-02 1.6066e-01
It: 11800, Time: 13.54, mse_0: 4.6506e-03, mse_f: 3.5640e-02, total loss: 4.2494e-02, Error u,v,p: 8.7152e-02 8.8845e-02 1.6039e-01
It: 11900, Time: 13.48, mse_0: 4.6142e-03, mse_f: 3.5413e-02, total loss: 4.2219e-02, Error u,v,p: 8.6863e-02 8.8417e-02 1.5987e-01
It: 12000, Time: 13.76, mse_0: 4.6050e-03, mse_f: 3.5199e-02, total loss: 4.1968e-02, Error u,v,p: 8.6902e-02 8.8204e-02 1.5985e-01
It: 12100, Time: 13.49, mse_0: 4.5760e-03, mse_f: 3.4967e-02, total loss: 4.1698e-02, Error u,v,p: 8.6620e-02 8.7933e-02 1.5933e-01
It: 12200, Time: 13.58, mse_0: 4.5610e-03, mse_f: 3.4766e-02, total loss: 4.1466e-02, Error u,v,p: 8.6574e-02 8.7892e-02 1.5941e-01
It: 12300, Time: 13.46, mse_0: 4.5403e-03, mse_f: 3.4582e-02, total loss: 4.1252e-02, Error u,v,p: 8.6258e-02 8.7702e-02 1.5922e-01
It: 12400, Time: 13.64, mse_0: 4.5047e-03, mse_f: 3.4376e-02, total loss: 4.0996e-02, Error u,v,p: 8.6125e-02 8.7446e-02 1.5912e-01
It: 12500, Time: 13.64, mse_0: 4.4751e-03, mse_f: 3.4189e-02, total loss: 4.0769e-02, Error u,v,p: 8.6114e-02 8.7300e-02 1.5882e-01
It: 12600, Time: 13.85, mse_0: 4.4274e-03, mse_f: 3.3986e-02, total loss: 4.0514e-02, Error u,v,p: 8.5938e-02 8.6995e-02 1.5814e-01
It: 12700, Time: 13.74, mse_0: 4.3911e-03, mse_f: 3.3806e-02, total loss: 4.0285e-02, Error u,v,p: 8.5650e-02 8.6847e-02 1.5813e-01
It: 12800, Time: 13.78, mse_0: 4.3404e-03, mse_f: 3.3636e-02, total loss: 4.0052e-02, Error u,v,p: 8.5391e-02 8.6551e-02 1.5778e-01
It: 12900, Time: 13.42, mse_0: 4.3104e-03, mse_f: 3.3455e-02, total loss: 3.9825e-02, Error u,v,p: 8.5255e-02 8.6255e-02 1.5735e-01
It: 13000, Time: 13.52, mse_0: 4.2738e-03, mse_f: 3.3243e-02, total loss: 3.9569e-02, Error u,v,p: 8.5056e-02 8.6148e-02 1.5678e-01
It: 13100, Time: 13.64, mse_0: 4.2419e-03, mse_f: 3.3036e-02, total loss: 3.9322e-02, Error u,v,p: 8.4508e-02 8.5773e-02 1.5606e-01
It: 13200, Time: 13.48, mse_0: 4.2278e-03, mse_f: 3.2816e-02, total loss: 3.9081e-02, Error u,v,p: 8.4333e-02 8.5332e-02 1.5516e-01
It: 13300, Time: 13.56, mse_0: 4.2145e-03, mse_f: 3.2618e-02, total loss: 3.8861e-02, Error u,v,p: 8.4336e-02 8.5042e-02 1.5510e-01
It: 13400, Time: 13.60, mse_0: 4.1627e-03, mse_f: 3.2442e-02, total loss: 3.8607e-02, Error u,v,p: 8.4026e-02 8.4771e-02 1.5508e-01
It: 13500, Time: 13.64, mse_0: 4.1421e-03, mse_f: 3.2253e-02, total loss: 3.8377e-02, Error u,v,p: 8.3856e-02 8.4634e-02 1.5480e-01
It: 13600, Time: 13.65, mse_0: 4.1044e-03, mse_f: 3.2070e-02, total loss: 3.8140e-02, Error u,v,p: 8.3797e-02 8.4335e-02 1.5421e-01
It: 13700, Time: 13.63, mse_0: 4.0975e-03, mse_f: 3.1878e-02, total loss: 3.7927e-02, Error u,v,p: 8.3396e-02 8.4380e-02 1.5343e-01
It: 13800, Time: 13.67, mse_0: 4.0727e-03, mse_f: 3.1702e-02, total loss: 3.7710e-02, Error u,v,p: 8.3062e-02 8.4051e-02 1.5324e-01
It: 13900, Time: 13.55, mse_0: 4.0511e-03, mse_f: 3.1536e-02, total loss: 3.7511e-02, Error u,v,p: 8.2867e-02 8.3878e-02 1.5303e-01
It: 14000, Time: 13.62, mse_0: 4.0283e-03, mse_f: 3.1354e-02, total loss: 3.7286e-02, Error u,v,p: 8.2293e-02 8.3429e-02 1.5242e-01
It: 14100, Time: 13.82, mse_0: 3.9931e-03, mse_f: 3.1175e-02, total loss: 3.7058e-02, Error u,v,p: 8.1925e-02 8.2822e-02 1.5177e-01
It: 14200, Time: 13.48, mse_0: 3.9803e-03, mse_f: 3.1005e-02, total loss: 3.6858e-02, Error u,v,p: 8.1760e-02 8.2719e-02 1.5163e-01
It: 14300, Time: 13.55, mse_0: 3.9608e-03, mse_f: 3.0850e-02, total loss: 3.6673e-02, Error u,v,p: 8.1593e-02 8.2511e-02 1.5140e-01
It: 14400, Time: 13.53, mse_0: 3.9419e-03, mse_f: 3.0685e-02, total loss: 3.6470e-02, Error u,v,p: 8.1477e-02 8.2250e-02 1.5107e-01
It: 14500, Time: 13.57, mse_0: 3.9338e-03, mse_f: 3.0495e-02, total loss: 3.6260e-02, Error u,v,p: 8.1266e-02 8.1945e-02 1.5074e-01
It: 14600, Time: 13.49, mse_0: 3.9002e-03, mse_f: 3.0346e-02, total loss: 3.6072e-02, Error u,v,p: 8.1232e-02 8.1954e-02 1.5086e-01
It: 14700, Time: 13.51, mse_0: 3.8861e-03, mse_f: 3.0166e-02, total loss: 3.5875e-02, Error u,v,p: 8.1080e-02 8.1763e-02 1.5074e-01
It: 14800, Time: 13.66, mse_0: 3.8580e-03, mse_f: 2.9972e-02, total loss: 3.5647e-02, Error u,v,p: 8.0622e-02 8.1210e-02 1.5011e-01
It: 14900, Time: 13.51, mse_0: 3.8477e-03, mse_f: 2.9813e-02, total loss: 3.5460e-02, Error u,v,p: 8.0372e-02 8.0915e-02 1.4967e-01
It: 15000, Time: 13.60, mse_0: 3.8293e-03, mse_f: 2.9648e-02, total loss: 3.5272e-02, Error u,v,p: 7.9920e-02 8.0407e-02 1.4899e-01
It: 15100, Time: 13.67, mse_0: 3.8136e-03, mse_f: 2.9490e-02, total loss: 3.5081e-02, Error u,v,p: 7.9655e-02 8.0130e-02 1.4827e-01
It: 15200, Time: 13.67, mse_0: 3.7960e-03, mse_f: 2.9329e-02, total loss: 3.4895e-02, Error u,v,p: 7.9289e-02 7.9709e-02 1.4740e-01
It: 15300, Time: 13.54, mse_0: 3.7731e-03, mse_f: 2.9174e-02, total loss: 3.4705e-02, Error u,v,p: 7.9110e-02 7.9604e-02 1.4680e-01
It: 15400, Time: 13.50, mse_0: 3.7533e-03, mse_f: 2.9002e-02, total loss: 3.4511e-02, Error u,v,p: 7.9044e-02 7.9238e-02 1.4653e-01
It: 15500, Time: 13.87, mse_0: 3.7225e-03, mse_f: 2.8857e-02, total loss: 3.4320e-02, Error u,v,p: 7.8841e-02 7.9048e-02 1.4576e-01
It: 15600, Time: 13.73, mse_0: 3.7180e-03, mse_f: 2.8686e-02, total loss: 3.4133e-02, Error u,v,p: 7.8923e-02 7.8860e-02 1.4580e-01
It: 15700, Time: 13.62, mse_0: 3.6953e-03, mse_f: 2.8535e-02, total loss: 3.3948e-02, Error u,v,p: 7.8612e-02 7.8517e-02 1.4529e-01
It: 15800, Time: 13.75, mse_0: 3.6721e-03, mse_f: 2.8393e-02, total loss: 3.3769e-02, Error u,v,p: 7.8351e-02 7.8231e-02 1.4465e-01
It: 15900, Time: 13.57, mse_0: 3.6679e-03, mse_f: 2.8239e-02, total loss: 3.3601e-02, Error u,v,p: 7.8422e-02 7.7901e-02 1.4425e-01
It: 16000, Time: 13.47, mse_0: 3.6554e-03, mse_f: 2.8064e-02, total loss: 3.3408e-02, Error u,v,p: 7.8092e-02 7.7756e-02 1.4346e-01
It: 16100, Time: 13.57, mse_0: 3.6200e-03, mse_f: 2.7933e-02, total loss: 3.3228e-02, Error u,v,p: 7.7588e-02 7.7748e-02 1.4263e-01
It: 16200, Time: 13.67, mse_0: 3.5930e-03, mse_f: 2.7780e-02, total loss: 3.3043e-02, Error u,v,p: 7.7502e-02 7.7800e-02 1.4223e-01
It: 16300, Time: 13.59, mse_0: 3.5740e-03, mse_f: 2.7651e-02, total loss: 3.2885e-02, Error u,v,p: 7.7518e-02 7.7478e-02 1.4191e-01
It: 16400, Time: 13.54, mse_0: 3.5591e-03, mse_f: 2.7517e-02, total loss: 3.2728e-02, Error u,v,p: 7.7451e-02 7.7373e-02 1.4137e-01
It: 16500, Time: 13.51, mse_0: 3.5456e-03, mse_f: 2.7368e-02, total loss: 3.2563e-02, Error u,v,p: 7.7469e-02 7.7170e-02 1.4098e-01
It: 16600, Time: 13.50, mse_0: 3.5372e-03, mse_f: 2.7179e-02, total loss: 3.2353e-02, Error u,v,p: 7.7312e-02 7.7058e-02 1.4084e-01
It: 16700, Time: 13.61, mse_0: 3.5289e-03, mse_f: 2.7034e-02, total loss: 3.2193e-02, Error u,v,p: 7.6943e-02 7.6810e-02 1.4039e-01
It: 16800, Time: 13.58, mse_0: 3.5120e-03, mse_f: 2.6904e-02, total loss: 3.2035e-02, Error u,v,p: 7.6881e-02 7.6868e-02 1.4036e-01
It: 16900, Time: 13.53, mse_0: 3.5048e-03, mse_f: 2.6755e-02, total loss: 3.1870e-02, Error u,v,p: 7.6796e-02 7.6755e-02 1.3968e-01
It: 17000, Time: 13.54, mse_0: 3.4937e-03, mse_f: 2.6621e-02, total loss: 3.1713e-02, Error u,v,p: 7.6579e-02 7.6761e-02 1.3916e-01
It: 17100, Time: 13.57, mse_0: 3.4842e-03, mse_f: 2.6495e-02, total loss: 3.1571e-02, Error u,v,p: 7.6500e-02 7.6607e-02 1.3873e-01
It: 17200, Time: 13.36, mse_0: 3.4702e-03, mse_f: 2.6378e-02, total loss: 3.1424e-02, Error u,v,p: 7.6214e-02 7.6479e-02 1.3808e-01
It: 17300, Time: 13.55, mse_0: 3.4482e-03, mse_f: 2.6247e-02, total loss: 3.1269e-02, Error u,v,p: 7.6046e-02 7.6184e-02 1.3737e-01
It: 17400, Time: 13.58, mse_0: 3.4284e-03, mse_f: 2.6121e-02, total loss: 3.1115e-02, Error u,v,p: 7.5890e-02 7.5840e-02 1.3655e-01
It: 17500, Time: 13.59, mse_0: 3.4169e-03, mse_f: 2.5980e-02, total loss: 3.0950e-02, Error u,v,p: 7.5772e-02 7.5688e-02 1.3622e-01
It: 17600, Time: 13.55, mse_0: 3.3874e-03, mse_f: 2.5862e-02, total loss: 3.0804e-02, Error u,v,p: 7.5600e-02 7.5612e-02 1.3588e-01
It: 17700, Time: 13.65, mse_0: 3.3668e-03, mse_f: 2.5739e-02, total loss: 3.0651e-02, Error u,v,p: 7.5133e-02 7.5310e-02 1.3540e-01
It: 17800, Time: 13.42, mse_0: 3.3674e-03, mse_f: 2.5606e-02, total loss: 3.0506e-02, Error u,v,p: 7.4918e-02 7.4939e-02 1.3484e-01
It: 17900, Time: 13.47, mse_0: 3.3437e-03, mse_f: 2.5499e-02, total loss: 3.0359e-02, Error u,v,p: 7.4789e-02 7.4791e-02 1.3417e-01
It: 18000, Time: 13.47, mse_0: 3.3341e-03, mse_f: 2.5375e-02, total loss: 3.0215e-02, Error u,v,p: 7.4599e-02 7.4589e-02 1.3381e-01
It: 18100, Time: 13.43, mse_0: 3.3140e-03, mse_f: 2.5249e-02, total loss: 3.0055e-02, Error u,v,p: 7.4666e-02 7.4521e-02 1.3334e-01
It: 18200, Time: 13.51, mse_0: 3.3107e-03, mse_f: 2.5117e-02, total loss: 2.9910e-02, Error u,v,p: 7.4609e-02 7.4322e-02 1.3309e-01
It: 18300, Time: 13.64, mse_0: 3.3014e-03, mse_f: 2.4987e-02, total loss: 2.9766e-02, Error u,v,p: 7.4408e-02 7.4117e-02 1.3272e-01
It: 18400, Time: 13.62, mse_0: 3.2845e-03, mse_f: 2.4861e-02, total loss: 2.9621e-02, Error u,v,p: 7.4099e-02 7.3955e-02 1.3212e-01
It: 18500, Time: 13.62, mse_0: 3.2556e-03, mse_f: 2.4743e-02, total loss: 2.9462e-02, Error u,v,p: 7.4113e-02 7.3820e-02 1.3170e-01
It: 18600, Time: 13.40, mse_0: 3.2334e-03, mse_f: 2.4625e-02, total loss: 2.9320e-02, Error u,v,p: 7.3932e-02 7.3667e-02 1.3112e-01
It: 18700, Time: 13.45, mse_0: 3.2230e-03, mse_f: 2.4513e-02, total loss: 2.9188e-02, Error u,v,p: 7.3702e-02 7.3427e-02 1.3065e-01
It: 18800, Time: 13.48, mse_0: 3.1990e-03, mse_f: 2.4407e-02, total loss: 2.9048e-02, Error u,v,p: 7.3364e-02 7.3278e-02 1.3031e-01
It: 18900, Time: 13.55, mse_0: 3.1728e-03, mse_f: 2.4302e-02, total loss: 2.8908e-02, Error u,v,p: 7.3229e-02 7.3133e-02 1.2979e-01
It: 19000, Time: 13.43, mse_0: 3.1651e-03, mse_f: 2.4183e-02, total loss: 2.8774e-02, Error u,v,p: 7.3106e-02 7.2940e-02 1.2928e-01
It: 19100, Time: 13.59, mse_0: 3.1498e-03, mse_f: 2.4070e-02, total loss: 2.8634e-02, Error u,v,p: 7.3056e-02 7.2934e-02 1.2889e-01
It: 19200, Time: 13.61, mse_0: 3.1278e-03, mse_f: 2.3956e-02, total loss: 2.8490e-02, Error u,v,p: 7.2775e-02 7.2832e-02 1.2850e-01
It: 19300, Time: 13.45, mse_0: 3.1153e-03, mse_f: 2.3838e-02, total loss: 2.8357e-02, Error u,v,p: 7.2799e-02 7.2658e-02 1.2875e-01
It: 19400, Time: 13.69, mse_0: 3.1040e-03, mse_f: 2.3741e-02, total loss: 2.8240e-02, Error u,v,p: 7.2776e-02 7.2415e-02 1.2886e-01
It: 19500, Time: 13.60, mse_0: 3.1009e-03, mse_f: 2.3611e-02, total loss: 2.8104e-02, Error u,v,p: 7.2819e-02 7.2353e-02 1.2919e-01
It: 19600, Time: 13.47, mse_0: 3.0909e-03, mse_f: 2.3499e-02, total loss: 2.7973e-02, Error u,v,p: 7.2797e-02 7.2298e-02 1.2943e-01
It: 19700, Time: 13.69, mse_0: 3.0870e-03, mse_f: 2.3377e-02, total loss: 2.7839e-02, Error u,v,p: 7.2720e-02 7.2105e-02 1.2900e-01
It: 19800, Time: 13.52, mse_0: 3.0653e-03, mse_f: 2.3277e-02, total loss: 2.7709e-02, Error u,v,p: 7.2633e-02 7.2047e-02 1.2934e-01
It: 19900, Time: 13.54, mse_0: 3.0540e-03, mse_f: 2.3168e-02, total loss: 2.7582e-02, Error u,v,p: 7.2626e-02 7.1772e-02 1.2928e-01
It: 20000, Time: 13.37, mse_0: 3.0503e-03, mse_f: 2.3072e-02, total loss: 2.7471e-02, Error u,v,p: 7.2396e-02 7.1763e-02 1.2906e-01
It: 20100, Time: 13.48, mse_0: 3.0379e-03, mse_f: 2.2975e-02, total loss: 2.7355e-02, Error u,v,p: 7.2364e-02 7.1532e-02 1.2894e-01
It: 20200, Time: 13.42, mse_0: 3.0337e-03, mse_f: 2.2867e-02, total loss: 2.7234e-02, Error u,v,p: 7.2239e-02 7.1464e-02 1.2860e-01
It: 20300, Time: 13.52, mse_0: 3.0219e-03, mse_f: 2.2761e-02, total loss: 2.7107e-02, Error u,v,p: 7.2033e-02 7.1408e-02 1.2830e-01
It: 20400, Time: 13.49, mse_0: 3.0024e-03, mse_f: 2.2658e-02, total loss: 2.6985e-02, Error u,v,p: 7.1967e-02 7.1313e-02 1.2818e-01
It: 20500, Time: 13.62, mse_0: 2.9969e-03, mse_f: 2.2555e-02, total loss: 2.6866e-02, Error u,v,p: 7.1857e-02 7.1209e-02 1.2795e-01
It: 20600, Time: 13.55, mse_0: 2.9864e-03, mse_f: 2.2443e-02, total loss: 2.6736e-02, Error u,v,p: 7.1799e-02 7.1054e-02 1.2791e-01
It: 20700, Time: 13.54, mse_0: 2.9676e-03, mse_f: 2.2354e-02, total loss: 2.6626e-02, Error u,v,p: 7.1678e-02 7.0993e-02 1.2783e-01
It: 20800, Time: 13.52, mse_0: 2.9528e-03, mse_f: 2.2254e-02, total loss: 2.6506e-02, Error u,v,p: 7.1572e-02 7.0857e-02 1.2816e-01
It: 20900, Time: 13.70, mse_0: 2.9408e-03, mse_f: 2.2152e-02, total loss: 2.6385e-02, Error u,v,p: 7.1445e-02 7.0856e-02 1.2822e-01
It: 21000, Time: 13.61, mse_0: 2.9274e-03, mse_f: 2.2066e-02, total loss: 2.6279e-02, Error u,v,p: 7.1316e-02 7.0804e-02 1.2824e-01
It: 21100, Time: 13.48, mse_0: 2.9157e-03, mse_f: 2.1973e-02, total loss: 2.6168e-02, Error u,v,p: 7.1289e-02 7.0881e-02 1.2837e-01
It: 21200, Time: 13.79, mse_0: 2.9071e-03, mse_f: 2.1879e-02, total loss: 2.6059e-02, Error u,v,p: 7.1287e-02 7.0901e-02 1.2834e-01
It: 21300, Time: 13.56, mse_0: 2.8922e-03, mse_f: 2.1782e-02, total loss: 2.5942e-02, Error u,v,p: 7.1330e-02 7.0776e-02 1.2843e-01
It: 21400, Time: 13.54, mse_0: 2.8738e-03, mse_f: 2.1704e-02, total loss: 2.5841e-02, Error u,v,p: 7.1169e-02 7.0660e-02 1.2854e-01
It: 21500, Time: 13.48, mse_0: 2.8526e-03, mse_f: 2.1622e-02, total loss: 2.5737e-02, Error u,v,p: 7.0973e-02 7.0644e-02 1.2872e-01
It: 21600, Time: 13.71, mse_0: 2.8409e-03, mse_f: 2.1537e-02, total loss: 2.5636e-02, Error u,v,p: 7.1073e-02 7.0682e-02 1.2916e-01
It: 21700, Time: 13.53, mse_0: 2.8323e-03, mse_f: 2.1447e-02, total loss: 2.5529e-02, Error u,v,p: 7.0979e-02 7.0605e-02 1.2923e-01
It: 21800, Time: 13.54, mse_0: 2.8221e-03, mse_f: 2.1352e-02, total loss: 2.5413e-02, Error u,v,p: 7.0814e-02 7.0458e-02 1.2915e-01
It: 21900, Time: 13.63, mse_0: 2.8033e-03, mse_f: 2.1274e-02, total loss: 2.5313e-02, Error u,v,p: 7.0832e-02 7.0403e-02 1.2923e-01
It: 22000, Time: 13.51, mse_0: 2.7897e-03, mse_f: 2.1189e-02, total loss: 2.5207e-02, Error u,v,p: 7.0824e-02 7.0404e-02 1.2922e-01
It: 22100, Time: 13.52, mse_0: 2.7774e-03, mse_f: 2.1103e-02, total loss: 2.5106e-02, Error u,v,p: 7.0761e-02 7.0436e-02 1.2947e-01
It: 22200, Time: 13.74, mse_0: 2.7699e-03, mse_f: 2.1014e-02, total loss: 2.5001e-02, Error u,v,p: 7.0639e-02 7.0225e-02 1.2980e-01
It: 22300, Time: 13.68, mse_0: 2.7604e-03, mse_f: 2.0921e-02, total loss: 2.4891e-02, Error u,v,p: 7.0564e-02 7.0154e-02 1.3006e-01
It: 22400, Time: 13.62, mse_0: 2.7494e-03, mse_f: 2.0821e-02, total loss: 2.4781e-02, Error u,v,p: 7.0524e-02 7.0277e-02 1.3044e-01
It: 22500, Time: 13.62, mse_0: 2.7425e-03, mse_f: 2.0729e-02, total loss: 2.4679e-02, Error u,v,p: 7.0601e-02 7.0251e-02 1.3076e-01
It: 22600, Time: 13.58, mse_0: 2.7294e-03, mse_f: 2.0643e-02, total loss: 2.4578e-02, Error u,v,p: 7.0424e-02 7.0262e-02 1.3080e-01
It: 22700, Time: 13.61, mse_0: 2.7168e-03, mse_f: 2.0558e-02, total loss: 2.4476e-02, Error u,v,p: 7.0512e-02 7.0097e-02 1.3093e-01
It: 22800, Time: 13.67, mse_0: 2.7052e-03, mse_f: 2.0465e-02, total loss: 2.4370e-02, Error u,v,p: 7.0493e-02 6.9957e-02 1.3082e-01
It: 22900, Time: 13.60, mse_0: 2.6925e-03, mse_f: 2.0377e-02, total loss: 2.4264e-02, Error u,v,p: 7.0499e-02 6.9787e-02 1.3097e-01
It: 23000, Time: 13.66, mse_0: 2.6835e-03, mse_f: 2.0276e-02, total loss: 2.4151e-02, Error u,v,p: 7.0508e-02 6.9818e-02 1.3110e-01
It: 23100, Time: 13.51, mse_0: 2.6694e-03, mse_f: 2.0189e-02, total loss: 2.4045e-02, Error u,v,p: 7.0358e-02 6.9677e-02 1.3114e-01
It: 23200, Time: 13.82, mse_0: 2.6597e-03, mse_f: 2.0107e-02, total loss: 2.3948e-02, Error u,v,p: 7.0418e-02 6.9784e-02 1.3125e-01
It: 23300, Time: 13.65, mse_0: 2.6558e-03, mse_f: 2.0018e-02, total loss: 2.3851e-02, Error u,v,p: 7.0415e-02 6.9782e-02 1.3150e-01
It: 23400, Time: 13.69, mse_0: 2.6441e-03, mse_f: 1.9929e-02, total loss: 2.3749e-02, Error u,v,p: 7.0268e-02 6.9785e-02 1.3156e-01
It: 23500, Time: 13.54, mse_0: 2.6324e-03, mse_f: 1.9842e-02, total loss: 2.3646e-02, Error u,v,p: 7.0300e-02 6.9632e-02 1.3163e-01
It: 23600, Time: 13.57, mse_0: 2.6231e-03, mse_f: 1.9760e-02, total loss: 2.3554e-02, Error u,v,p: 7.0404e-02 6.9765e-02 1.3214e-01
It: 23700, Time: 13.63, mse_0: 2.6102e-03, mse_f: 1.9674e-02, total loss: 2.3455e-02, Error u,v,p: 7.0533e-02 6.9973e-02 1.3274e-01
It: 23800, Time: 13.68, mse_0: 2.6034e-03, mse_f: 1.9596e-02, total loss: 2.3365e-02, Error u,v,p: 7.0627e-02 7.0015e-02 1.3308e-01
It: 23900, Time: 13.55, mse_0: 2.6006e-03, mse_f: 1.9511e-02, total loss: 2.3275e-02, Error u,v,p: 7.0643e-02 7.0025e-02 1.3324e-01
It: 24000, Time: 13.74, mse_0: 2.5885e-03, mse_f: 1.9436e-02, total loss: 2.3188e-02, Error u,v,p: 7.0526e-02 7.0021e-02 1.3342e-01
It: 24100, Time: 13.60, mse_0: 2.5788e-03, mse_f: 1.9361e-02, total loss: 2.3102e-02, Error u,v,p: 7.0405e-02 7.0005e-02 1.3350e-01
It: 24200, Time: 13.45, mse_0: 2.5681e-03, mse_f: 1.9291e-02, total loss: 2.3016e-02, Error u,v,p: 7.0320e-02 6.9920e-02 1.3360e-01
It: 24300, Time: 13.49, mse_0: 2.5559e-03, mse_f: 1.9212e-02, total loss: 2.2923e-02, Error u,v,p: 7.0179e-02 6.9777e-02 1.3358e-01
It: 24400, Time: 13.44, mse_0: 2.5482e-03, mse_f: 1.9120e-02, total loss: 2.2821e-02, Error u,v,p: 7.0004e-02 6.9607e-02 1.3365e-01
It: 24500, Time: 13.42, mse_0: 2.5417e-03, mse_f: 1.9038e-02, total loss: 2.2731e-02, Error u,v,p: 6.9868e-02 6.9518e-02 1.3358e-01
It: 24600, Time: 13.70, mse_0: 2.5333e-03, mse_f: 1.8960e-02, total loss: 2.2643e-02, Error u,v,p: 6.9611e-02 6.9394e-02 1.3357e-01
It: 24700, Time: 13.52, mse_0: 2.5252e-03, mse_f: 1.8885e-02, total loss: 2.2555e-02, Error u,v,p: 6.9491e-02 6.9360e-02 1.3358e-01
It: 24800, Time: 13.55, mse_0: 2.5166e-03, mse_f: 1.8803e-02, total loss: 2.2459e-02, Error u,v,p: 6.9357e-02 6.9264e-02 1.3366e-01
It: 24900, Time: 13.52, mse_0: 2.5046e-03, mse_f: 1.8726e-02, total loss: 2.2366e-02, Error u,v,p: 6.9218e-02 6.9054e-02 1.3338e-01
It: 25000, Time: 13.51, mse_0: 2.4955e-03, mse_f: 1.8649e-02, total loss: 2.2273e-02, Error u,v,p: 6.9117e-02 6.8846e-02 1.3323e-01
It: 25100, Time: 13.52, mse_0: 2.4874e-03, mse_f: 1.8566e-02, total loss: 2.2178e-02, Error u,v,p: 6.8940e-02 6.8744e-02 1.3319e-01
It: 25200, Time: 13.59, mse_0: 2.4726e-03, mse_f: 1.8499e-02, total loss: 2.2094e-02, Error u,v,p: 6.8735e-02 6.8626e-02 1.3297e-01
It: 25300, Time: 13.47, mse_0: 2.4727e-03, mse_f: 1.8425e-02, total loss: 2.2011e-02, Error u,v,p: 6.8665e-02 6.8631e-02 1.3288e-01
It: 25400, Time: 13.58, mse_0: 2.4599e-03, mse_f: 1.8356e-02, total loss: 2.1923e-02, Error u,v,p: 6.8677e-02 6.8486e-02 1.3286e-01
It: 25500, Time: 13.54, mse_0: 2.4542e-03, mse_f: 1.8284e-02, total loss: 2.1844e-02, Error u,v,p: 6.8447e-02 6.8299e-02 1.3275e-01
It: 25600, Time: 13.62, mse_0: 2.4447e-03, mse_f: 1.8216e-02, total loss: 2.1763e-02, Error u,v,p: 6.8493e-02 6.8264e-02 1.3276e-01
It: 25700, Time: 13.65, mse_0: 2.4373e-03, mse_f: 1.8143e-02, total loss: 2.1679e-02, Error u,v,p: 6.8270e-02 6.8121e-02 1.3289e-01
It: 25800, Time: 13.62, mse_0: 2.4276e-03, mse_f: 1.8075e-02, total loss: 2.1598e-02, Error u,v,p: 6.8234e-02 6.7932e-02 1.3296e-01
It: 25900, Time: 13.41, mse_0: 2.4185e-03, mse_f: 1.7995e-02, total loss: 2.1507e-02, Error u,v,p: 6.8051e-02 6.7950e-02 1.3282e-01
It: 26000, Time: 13.38, mse_0: 2.4119e-03, mse_f: 1.7930e-02, total loss: 2.1430e-02, Error u,v,p: 6.7931e-02 6.7813e-02 1.3278e-01
It: 26100, Time: 13.63, mse_0: 2.4081e-03, mse_f: 1.7864e-02, total loss: 2.1358e-02, Error u,v,p: 6.7919e-02 6.7708e-02 1.3271e-01
It: 26200, Time: 13.54, mse_0: 2.3957e-03, mse_f: 1.7806e-02, total loss: 2.1284e-02, Error u,v,p: 6.7745e-02 6.7587e-02 1.3260e-01
It: 26300, Time: 13.58, mse_0: 2.3871e-03, mse_f: 1.7735e-02, total loss: 2.1200e-02, Error u,v,p: 6.7507e-02 6.7446e-02 1.3229e-01
It: 26400, Time: 13.69, mse_0: 2.3759e-03, mse_f: 1.7676e-02, total loss: 2.1129e-02, Error u,v,p: 6.7399e-02 6.7265e-02 1.3222e-01
It: 26500, Time: 13.84, mse_0: 2.3647e-03, mse_f: 1.7607e-02, total loss: 2.1046e-02, Error u,v,p: 6.7346e-02 6.7158e-02 1.3215e-01
It: 26600, Time: 13.77, mse_0: 2.3564e-03, mse_f: 1.7540e-02, total loss: 2.0966e-02, Error u,v,p: 6.7254e-02 6.7128e-02 1.3197e-01
It: 26700, Time: 13.66, mse_0: 2.3403e-03, mse_f: 1.7488e-02, total loss: 2.0897e-02, Error u,v,p: 6.7230e-02 6.7065e-02 1.3187e-01
It: 26800, Time: 13.54, mse_0: 2.3353e-03, mse_f: 1.7418e-02, total loss: 2.0821e-02, Error u,v,p: 6.7037e-02 6.6909e-02 1.3172e-01
It: 26900, Time: 13.45, mse_0: 2.3259e-03, mse_f: 1.7362e-02, total loss: 2.0752e-02, Error u,v,p: 6.6909e-02 6.6902e-02 1.3184e-01
It: 27000, Time: 13.46, mse_0: 2.3178e-03, mse_f: 1.7298e-02, total loss: 2.0675e-02, Error u,v,p: 6.6770e-02 6.6827e-02 1.3163e-01
It: 27100, Time: 13.46, mse_0: 2.3058e-03, mse_f: 1.7239e-02, total loss: 2.0601e-02, Error u,v,p: 6.6675e-02 6.6608e-02 1.3147e-01
It: 27200, Time: 13.39, mse_0: 2.3021e-03, mse_f: 1.7166e-02, total loss: 2.0524e-02, Error u,v,p: 6.6663e-02 6.6541e-02 1.3141e-01
It: 27300, Time: 13.57, mse_0: 2.3034e-03, mse_f: 1.7099e-02, total loss: 2.0456e-02, Error u,v,p: 6.6591e-02 6.6371e-02 1.3131e-01
It: 27400, Time: 13.58, mse_0: 2.2982e-03, mse_f: 1.7037e-02, total loss: 2.0387e-02, Error u,v,p: 6.6503e-02 6.6254e-02 1.3090e-01
It: 27500, Time: 13.55, mse_0: 2.2926e-03, mse_f: 1.6973e-02, total loss: 2.0315e-02, Error u,v,p: 6.6330e-02 6.6206e-02 1.3043e-01
It: 27600, Time: 13.49, mse_0: 2.2833e-03, mse_f: 1.6914e-02, total loss: 2.0247e-02, Error u,v,p: 6.6220e-02 6.5980e-02 1.3026e-01
It: 27700, Time: 13.48, mse_0: 2.2687e-03, mse_f: 1.6856e-02, total loss: 2.0172e-02, Error u,v,p: 6.6135e-02 6.5836e-02 1.3020e-01
It: 27800, Time: 13.43, mse_0: 2.2632e-03, mse_f: 1.6791e-02, total loss: 2.0097e-02, Error u,v,p: 6.6077e-02 6.5767e-02 1.3005e-01
It: 27900, Time: 13.89, mse_0: 2.2570e-03, mse_f: 1.6729e-02, total loss: 2.0023e-02, Error u,v,p: 6.5966e-02 6.5644e-02 1.3005e-01
It: 28000, Time: 13.42, mse_0: 2.2508e-03, mse_f: 1.6669e-02, total loss: 1.9954e-02, Error u,v,p: 6.5983e-02 6.5711e-02 1.3008e-01
It: 28100, Time: 13.68, mse_0: 2.2448e-03, mse_f: 1.6606e-02, total loss: 1.9883e-02, Error u,v,p: 6.5874e-02 6.5484e-02 1.2993e-01
It: 28200, Time: 13.72, mse_0: 2.2357e-03, mse_f: 1.6550e-02, total loss: 1.9816e-02, Error u,v,p: 6.5744e-02 6.5373e-02 1.2977e-01
It: 28300, Time: 13.60, mse_0: 2.2356e-03, mse_f: 1.6478e-02, total loss: 1.9742e-02, Error u,v,p: 6.5604e-02 6.5132e-02 1.2936e-01
It: 28400, Time: 13.72, mse_0: 2.2220e-03, mse_f: 1.6429e-02, total loss: 1.9679e-02, Error u,v,p: 6.5688e-02 6.5066e-02 1.2936e-01
It: 28500, Time: 13.60, mse_0: 2.2143e-03, mse_f: 1.6371e-02, total loss: 1.9614e-02, Error u,v,p: 6.5654e-02 6.5027e-02 1.2937e-01
It: 28600, Time: 13.58, mse_0: 2.2071e-03, mse_f: 1.6314e-02, total loss: 1.9545e-02, Error u,v,p: 6.5522e-02 6.5058e-02 1.2924e-01
It: 28700, Time: 13.63, mse_0: 2.1984e-03, mse_f: 1.6263e-02, total loss: 1.9483e-02, Error u,v,p: 6.5572e-02 6.5067e-02 1.2904e-01
It: 28800, Time: 13.78, mse_0: 2.1922e-03, mse_f: 1.6213e-02, total loss: 1.9422e-02, Error u,v,p: 6.5395e-02 6.4965e-02 1.2849e-01
It: 28900, Time: 13.69, mse_0: 2.1855e-03, mse_f: 1.6156e-02, total loss: 1.9356e-02, Error u,v,p: 6.5321e-02 6.4792e-02 1.2818e-01
It: 29000, Time: 13.67, mse_0: 2.1808e-03, mse_f: 1.6100e-02, total loss: 1.9292e-02, Error u,v,p: 6.5305e-02 6.4797e-02 1.2816e-01
It: 29100, Time: 13.51, mse_0: 2.1800e-03, mse_f: 1.6038e-02, total loss: 1.9228e-02, Error u,v,p: 6.5308e-02 6.4789e-02 1.2792e-01
It: 29200, Time: 13.63, mse_0: 2.1755e-03, mse_f: 1.5990e-02, total loss: 1.9170e-02, Error u,v,p: 6.5123e-02 6.4630e-02 1.2765e-01
It: 29300, Time: 13.96, mse_0: 2.1702e-03, mse_f: 1.5940e-02, total loss: 1.9113e-02, Error u,v,p: 6.5101e-02 6.4562e-02 1.2754e-01
It: 29400, Time: 13.50, mse_0: 2.1591e-03, mse_f: 1.5895e-02, total loss: 1.9053e-02, Error u,v,p: 6.4923e-02 6.4465e-02 1.2739e-01
It: 29500, Time: 13.64, mse_0: 2.1479e-03, mse_f: 1.5851e-02, total loss: 1.8994e-02, Error u,v,p: 6.4747e-02 6.4441e-02 1.2719e-01
It: 29600, Time: 13.87, mse_0: 2.1420e-03, mse_f: 1.5807e-02, total loss: 1.8944e-02, Error u,v,p: 6.4763e-02 6.4291e-02 1.2704e-01
It: 29700, Time: 13.45, mse_0: 2.1275e-03, mse_f: 1.5764e-02, total loss: 1.8885e-02, Error u,v,p: 6.4627e-02 6.4322e-02 1.2688e-01
It: 29800, Time: 13.41, mse_0: 2.1184e-03, mse_f: 1.5718e-02, total loss: 1.8827e-02, Error u,v,p: 6.4491e-02 6.4281e-02 1.2666e-01
It: 29900, Time: 13.66, mse_0: 2.1076e-03, mse_f: 1.5676e-02, total loss: 1.8771e-02, Error u,v,p: 6.4447e-02 6.4326e-02 1.2658e-01
It: 30000, Time: 13.56, mse_0: 2.1018e-03, mse_f: 1.5628e-02, total loss: 1.8717e-02, Error u,v,p: 6.4320e-02 6.4275e-02 1.2643e-01
It: 30100, Time: 13.71, mse_0: 2.0991e-03, mse_f: 1.5578e-02, total loss: 1.8661e-02, Error u,v,p: 6.4274e-02 6.4238e-02 1.2634e-01
It: 30200, Time: 13.61, mse_0: 2.0893e-03, mse_f: 1.5526e-02, total loss: 1.8601e-02, Error u,v,p: 6.4131e-02 6.4105e-02 1.2621e-01
It: 30300, Time: 13.50, mse_0: 2.0854e-03, mse_f: 1.5469e-02, total loss: 1.8537e-02, Error u,v,p: 6.4025e-02 6.3987e-02 1.2611e-01
It: 30400, Time: 13.49, mse_0: 2.0814e-03, mse_f: 1.5425e-02, total loss: 1.8488e-02, Error u,v,p: 6.3850e-02 6.3870e-02 1.2598e-01
It: 30500, Time: 13.72, mse_0: 2.0776e-03, mse_f: 1.5376e-02, total loss: 1.8433e-02, Error u,v,p: 6.3614e-02 6.3836e-02 1.2575e-01
It: 30600, Time: 13.62, mse_0: 2.0773e-03, mse_f: 1.5321e-02, total loss: 1.8376e-02, Error u,v,p: 6.3549e-02 6.3780e-02 1.2572e-01
It: 30700, Time: 13.56, mse_0: 2.0732e-03, mse_f: 1.5263e-02, total loss: 1.8311e-02, Error u,v,p: 6.3489e-02 6.3713e-02 1.2569e-01
It: 30800, Time: 13.51, mse_0: 2.0621e-03, mse_f: 1.5215e-02, total loss: 1.8251e-02, Error u,v,p: 6.3322e-02 6.3563e-02 1.2539e-01
It: 30900, Time: 13.48, mse_0: 2.0567e-03, mse_f: 1.5164e-02, total loss: 1.8193e-02, Error u,v,p: 6.3207e-02 6.3522e-02 1.2509e-01
It: 31000, Time: 13.37, mse_0: 2.0535e-03, mse_f: 1.5101e-02, total loss: 1.8127e-02, Error u,v,p: 6.2987e-02 6.3382e-02 1.2479e-01
It: 31100, Time: 13.55, mse_0: 2.0517e-03, mse_f: 1.5048e-02, total loss: 1.8070e-02, Error u,v,p: 6.2786e-02 6.3312e-02 1.2447e-01
It: 31200, Time: 13.60, mse_0: 2.0469e-03, mse_f: 1.4999e-02, total loss: 1.8012e-02, Error u,v,p: 6.2670e-02 6.3163e-02 1.2416e-01
It: 31300, Time: 13.89, mse_0: 2.0418e-03, mse_f: 1.4950e-02, total loss: 1.7957e-02, Error u,v,p: 6.2499e-02 6.3051e-02 1.2380e-01
It: 31400, Time: 13.63, mse_0: 2.0406e-03, mse_f: 1.4895e-02, total loss: 1.7899e-02, Error u,v,p: 6.2393e-02 6.3141e-02 1.2361e-01
It: 31500, Time: 13.62, mse_0: 2.0376e-03, mse_f: 1.4840e-02, total loss: 1.7839e-02, Error u,v,p: 6.2363e-02 6.3071e-02 1.2341e-01
It: 31600, Time: 13.69, mse_0: 2.0304e-03, mse_f: 1.4796e-02, total loss: 1.7784e-02, Error u,v,p: 6.2387e-02 6.3107e-02 1.2345e-01
It: 31700, Time: 13.83, mse_0: 2.0181e-03, mse_f: 1.4752e-02, total loss: 1.7725e-02, Error u,v,p: 6.2339e-02 6.3113e-02 1.2368e-01
It: 31800, Time: 13.58, mse_0: 2.0162e-03, mse_f: 1.4702e-02, total loss: 1.7669e-02, Error u,v,p: 6.2285e-02 6.3194e-02 1.2370e-01
It: 31900, Time: 13.53, mse_0: 2.0153e-03, mse_f: 1.4652e-02, total loss: 1.7615e-02, Error u,v,p: 6.2148e-02 6.3127e-02 1.2390e-01
It: 32000, Time: 13.73, mse_0: 2.0035e-03, mse_f: 1.4616e-02, total loss: 1.7562e-02, Error u,v,p: 6.2263e-02 6.3224e-02 1.2405e-01
It: 32100, Time: 13.57, mse_0: 2.0019e-03, mse_f: 1.4566e-02, total loss: 1.7509e-02, Error u,v,p: 6.2158e-02 6.3114e-02 1.2410e-01
It: 32200, Time: 13.45, mse_0: 1.9995e-03, mse_f: 1.4519e-02, total loss: 1.7455e-02, Error u,v,p: 6.2228e-02 6.3094e-02 1.2410e-01
It: 32300, Time: 13.74, mse_0: 1.9971e-03, mse_f: 1.4471e-02, total loss: 1.7402e-02, Error u,v,p: 6.2185e-02 6.3062e-02 1.2431e-01
It: 32400, Time: 13.69, mse_0: 1.9903e-03, mse_f: 1.4432e-02, total loss: 1.7358e-02, Error u,v,p: 6.2130e-02 6.3102e-02 1.2444e-01
It: 32500, Time: 13.61, mse_0: 1.9880e-03, mse_f: 1.4391e-02, total loss: 1.7312e-02, Error u,v,p: 6.2072e-02 6.2985e-02 1.2453e-01
It: 32600, Time: 13.78, mse_0: 1.9804e-03, mse_f: 1.4351e-02, total loss: 1.7260e-02, Error u,v,p: 6.2030e-02 6.2942e-02 1.2456e-01
It: 32700, Time: 13.74, mse_0: 1.9689e-03, mse_f: 1.4307e-02, total loss: 1.7206e-02, Error u,v,p: 6.2030e-02 6.2888e-02 1.2465e-01
It: 32800, Time: 13.54, mse_0: 1.9629e-03, mse_f: 1.4270e-02, total loss: 1.7157e-02, Error u,v,p: 6.2086e-02 6.2863e-02 1.2480e-01
It: 32900, Time: 13.73, mse_0: 1.9585e-03, mse_f: 1.4222e-02, total loss: 1.7103e-02, Error u,v,p: 6.2075e-02 6.2852e-02 1.2481e-01
It: 33000, Time: 13.56, mse_0: 1.9545e-03, mse_f: 1.4177e-02, total loss: 1.7053e-02, Error u,v,p: 6.1974e-02 6.2797e-02 1.2483e-01
It: 33100, Time: 13.72, mse_0: 1.9523e-03, mse_f: 1.4128e-02, total loss: 1.7000e-02, Error u,v,p: 6.1946e-02 6.2752e-02 1.2491e-01
It: 33200, Time: 13.82, mse_0: 1.9450e-03, mse_f: 1.4085e-02, total loss: 1.6948e-02, Error u,v,p: 6.1887e-02 6.2677e-02 1.2479e-01
It: 33300, Time: 13.75, mse_0: 1.9399e-03, mse_f: 1.4040e-02, total loss: 1.6895e-02, Error u,v,p: 6.1903e-02 6.2681e-02 1.2476e-01
It: 33400, Time: 13.65, mse_0: 1.9345e-03, mse_f: 1.3992e-02, total loss: 1.6842e-02, Error u,v,p: 6.1843e-02 6.2541e-02 1.2470e-01
It: 33500, Time: 13.55, mse_0: 1.9256e-03, mse_f: 1.3951e-02, total loss: 1.6787e-02, Error u,v,p: 6.1822e-02 6.2419e-02 1.2475e-01
It: 33600, Time: 13.67, mse_0: 1.9225e-03, mse_f: 1.3903e-02, total loss: 1.6732e-02, Error u,v,p: 6.1779e-02 6.2391e-02 1.2482e-01
It: 33700, Time: 13.69, mse_0: 1.9131e-03, mse_f: 1.3870e-02, total loss: 1.6686e-02, Error u,v,p: 6.1876e-02 6.2399e-02 1.2490e-01
It: 33800, Time: 13.73, mse_0: 1.9126e-03, mse_f: 1.3824e-02, total loss: 1.6635e-02, Error u,v,p: 6.1797e-02 6.2440e-02 1.2483e-01
It: 33900, Time: 13.55, mse_0: 1.9071e-03, mse_f: 1.3786e-02, total loss: 1.6590e-02, Error u,v,p: 6.1796e-02 6.2402e-02 1.2481e-01
It: 34000, Time: 13.65, mse_0: 1.9012e-03, mse_f: 1.3742e-02, total loss: 1.6538e-02, Error u,v,p: 6.1742e-02 6.2292e-02 1.2471e-01
It: 34100, Time: 13.99, mse_0: 1.8960e-03, mse_f: 1.3699e-02, total loss: 1.6488e-02, Error u,v,p: 6.1750e-02 6.2283e-02 1.2454e-01
It: 34200, Time: 13.73, mse_0: 1.8918e-03, mse_f: 1.3661e-02, total loss: 1.6442e-02, Error u,v,p: 6.1671e-02 6.2215e-02 1.2441e-01
It: 34300, Time: 13.52, mse_0: 1.8901e-03, mse_f: 1.3618e-02, total loss: 1.6397e-02, Error u,v,p: 6.1579e-02 6.2123e-02 1.2427e-01
It: 34400, Time: 13.64, mse_0: 1.8869e-03, mse_f: 1.3580e-02, total loss: 1.6353e-02, Error u,v,p: 6.1454e-02 6.2067e-02 1.2419e-01
It: 34500, Time: 13.67, mse_0: 1.8798e-03, mse_f: 1.3545e-02, total loss: 1.6309e-02, Error u,v,p: 6.1349e-02 6.2051e-02 1.2424e-01
It: 34600, Time: 13.61, mse_0: 1.8746e-03, mse_f: 1.3503e-02, total loss: 1.6261e-02, Error u,v,p: 6.1276e-02 6.1961e-02 1.2427e-01
It: 34700, Time: 13.57, mse_0: 1.8680e-03, mse_f: 1.3465e-02, total loss: 1.6215e-02, Error u,v,p: 6.1245e-02 6.2004e-02 1.2438e-01
It: 34800, Time: 13.59, mse_0: 1.8677e-03, mse_f: 1.3418e-02, total loss: 1.6165e-02, Error u,v,p: 6.1186e-02 6.1930e-02 1.2443e-01
It: 34900, Time: 13.79, mse_0: 1.8624e-03, mse_f: 1.3378e-02, total loss: 1.6115e-02, Error u,v,p: 6.0957e-02 6.1817e-02 1.2420e-01
It: 35000, Time: 13.74, mse_0: 1.8544e-03, mse_f: 1.3340e-02, total loss: 1.6067e-02, Error u,v,p: 6.0904e-02 6.1637e-02 1.2392e-01
It: 35100, Time: 13.78, mse_0: 1.8483e-03, mse_f: 1.3303e-02, total loss: 1.6020e-02, Error u,v,p: 6.0740e-02 6.1524e-02 1.2370e-01
It: 35200, Time: 13.72, mse_0: 1.8391e-03, mse_f: 1.3264e-02, total loss: 1.5968e-02, Error u,v,p: 6.0655e-02 6.1395e-02 1.2351e-01
It: 35300, Time: 13.77, mse_0: 1.8348e-03, mse_f: 1.3229e-02, total loss: 1.5926e-02, Error u,v,p: 6.0605e-02 6.1341e-02 1.2343e-01
It: 35400, Time: 13.49, mse_0: 1.8287e-03, mse_f: 1.3189e-02, total loss: 1.5879e-02, Error u,v,p: 6.0538e-02 6.1238e-02 1.2348e-01
It: 35500, Time: 13.54, mse_0: 1.8221e-03, mse_f: 1.3152e-02, total loss: 1.5833e-02, Error u,v,p: 6.0517e-02 6.1144e-02 1.2354e-01
It: 35600, Time: 13.61, mse_0: 1.8168e-03, mse_f: 1.3116e-02, total loss: 1.5790e-02, Error u,v,p: 6.0395e-02 6.0994e-02 1.2340e-01
It: 35700, Time: 13.55, mse_0: 1.8130e-03, mse_f: 1.3079e-02, total loss: 1.5747e-02, Error u,v,p: 6.0317e-02 6.0936e-02 1.2339e-01
It: 35800, Time: 13.57, mse_0: 1.8099e-03, mse_f: 1.3038e-02, total loss: 1.5699e-02, Error u,v,p: 6.0261e-02 6.0827e-02 1.2326e-01
It: 35900, Time: 13.77, mse_0: 1.8108e-03, mse_f: 1.2995e-02, total loss: 1.5655e-02, Error u,v,p: 6.0185e-02 6.0719e-02 1.2303e-01
It: 36000, Time: 13.59, mse_0: 1.8111e-03, mse_f: 1.2952e-02, total loss: 1.5610e-02, Error u,v,p: 5.9943e-02 6.0565e-02 1.2251e-01
It: 36100, Time: 13.62, mse_0: 1.8062e-03, mse_f: 1.2915e-02, total loss: 1.5563e-02, Error u,v,p: 5.9901e-02 6.0455e-02 1.2217e-01
It: 36200, Time: 13.57, mse_0: 1.8033e-03, mse_f: 1.2872e-02, total loss: 1.5514e-02, Error u,v,p: 5.9766e-02 6.0314e-02 1.2183e-01
It: 36300, Time: 13.81, mse_0: 1.7964e-03, mse_f: 1.2832e-02, total loss: 1.5466e-02, Error u,v,p: 5.9763e-02 6.0244e-02 1.2153e-01
It: 36400, Time: 13.58, mse_0: 1.7926e-03, mse_f: 1.2792e-02, total loss: 1.5420e-02, Error u,v,p: 5.9620e-02 6.0142e-02 1.2098e-01
It: 36500, Time: 13.64, mse_0: 1.7849e-03, mse_f: 1.2759e-02, total loss: 1.5374e-02, Error u,v,p: 5.9532e-02 6.0088e-02 1.2079e-01
It: 36600, Time: 13.80, mse_0: 1.7774e-03, mse_f: 1.2725e-02, total loss: 1.5329e-02, Error u,v,p: 5.9412e-02 6.0086e-02 1.2050e-01
It: 36700, Time: 13.61, mse_0: 1.7706e-03, mse_f: 1.2694e-02, total loss: 1.5286e-02, Error u,v,p: 5.9440e-02 6.0061e-02 1.2036e-01
It: 36800, Time: 13.62, mse_0: 1.7617e-03, mse_f: 1.2659e-02, total loss: 1.5237e-02, Error u,v,p: 5.9263e-02 5.9985e-02 1.1983e-01
It: 36900, Time: 13.53, mse_0: 1.7568e-03, mse_f: 1.2625e-02, total loss: 1.5194e-02, Error u,v,p: 5.9187e-02 5.9739e-02 1.1957e-01
It: 37000, Time: 13.45, mse_0: 1.7545e-03, mse_f: 1.2587e-02, total loss: 1.5152e-02, Error u,v,p: 5.9082e-02 5.9710e-02 1.1939e-01
It: 37100, Time: 13.70, mse_0: 1.7494e-03, mse_f: 1.2554e-02, total loss: 1.5110e-02, Error u,v,p: 5.8989e-02 5.9591e-02 1.1926e-01
It: 37200, Time: 13.60, mse_0: 1.7465e-03, mse_f: 1.2517e-02, total loss: 1.5067e-02, Error u,v,p: 5.8939e-02 5.9558e-02 1.1926e-01
It: 37300, Time: 13.86, mse_0: 1.7413e-03, mse_f: 1.2483e-02, total loss: 1.5025e-02, Error u,v,p: 5.8826e-02 5.9468e-02 1.1917e-01
It: 37400, Time: 13.73, mse_0: 1.7365e-03, mse_f: 1.2450e-02, total loss: 1.4988e-02, Error u,v,p: 5.8746e-02 5.9396e-02 1.1896e-01
It: 37500, Time: 13.51, mse_0: 1.7360e-03, mse_f: 1.2412e-02, total loss: 1.4947e-02, Error u,v,p: 5.8650e-02 5.9296e-02 1.1888e-01
It: 37600, Time: 13.62, mse_0: 1.7371e-03, mse_f: 1.2377e-02, total loss: 1.4910e-02, Error u,v,p: 5.8624e-02 5.9284e-02 1.1869e-01
It: 37700, Time: 13.53, mse_0: 1.7348e-03, mse_f: 1.2341e-02, total loss: 1.4870e-02, Error u,v,p: 5.8609e-02 5.9178e-02 1.1852e-01
It: 37800, Time: 13.40, mse_0: 1.7322e-03, mse_f: 1.2306e-02, total loss: 1.4829e-02, Error u,v,p: 5.8440e-02 5.9067e-02 1.1821e-01
It: 37900, Time: 13.46, mse_0: 1.7275e-03, mse_f: 1.2274e-02, total loss: 1.4788e-02, Error u,v,p: 5.8395e-02 5.9006e-02 1.1798e-01
It: 38000, Time: 13.88, mse_0: 1.7267e-03, mse_f: 1.2242e-02, total loss: 1.4751e-02, Error u,v,p: 5.8351e-02 5.8945e-02 1.1793e-01
It: 38100, Time: 13.47, mse_0: 1.7199e-03, mse_f: 1.2212e-02, total loss: 1.4711e-02, Error u,v,p: 5.8265e-02 5.8821e-02 1.1774e-01
It: 38200, Time: 13.46, mse_0: 1.7133e-03, mse_f: 1.2183e-02, total loss: 1.4672e-02, Error u,v,p: 5.8211e-02 5.8643e-02 1.1758e-01
It: 38300, Time: 13.58, mse_0: 1.7071e-03, mse_f: 1.2153e-02, total loss: 1.4634e-02, Error u,v,p: 5.8122e-02 5.8614e-02 1.1757e-01
It: 38400, Time: 13.52, mse_0: 1.7040e-03, mse_f: 1.2117e-02, total loss: 1.4592e-02, Error u,v,p: 5.8106e-02 5.8505e-02 1.1758e-01
It: 38500, Time: 13.39, mse_0: 1.7038e-03, mse_f: 1.2079e-02, total loss: 1.4550e-02, Error u,v,p: 5.8086e-02 5.8396e-02 1.1759e-01
It: 38600, Time: 13.45, mse_0: 1.7017e-03, mse_f: 1.2044e-02, total loss: 1.4511e-02, Error u,v,p: 5.8040e-02 5.8326e-02 1.1734e-01
It: 38700, Time: 13.64, mse_0: 1.6898e-03, mse_f: 1.2017e-02, total loss: 1.4471e-02, Error u,v,p: 5.8025e-02 5.8243e-02 1.1717e-01
It: 38800, Time: 13.37, mse_0: 1.6831e-03, mse_f: 1.1985e-02, total loss: 1.4429e-02, Error u,v,p: 5.7936e-02 5.8098e-02 1.1695e-01
It: 38900, Time: 13.48, mse_0: 1.6805e-03, mse_f: 1.1947e-02, total loss: 1.4386e-02, Error u,v,p: 5.8004e-02 5.7861e-02 1.1675e-01
It: 39000, Time: 13.52, mse_0: 1.6766e-03, mse_f: 1.1909e-02, total loss: 1.4342e-02, Error u,v,p: 5.7891e-02 5.7777e-02 1.1641e-01
It: 39100, Time: 13.65, mse_0: 1.6744e-03, mse_f: 1.1871e-02, total loss: 1.4300e-02, Error u,v,p: 5.7826e-02 5.7575e-02 1.1616e-01
It: 39200, Time: 13.53, mse_0: 1.6693e-03, mse_f: 1.1839e-02, total loss: 1.4261e-02, Error u,v,p: 5.7662e-02 5.7457e-02 1.1597e-01
It: 39300, Time: 13.24, mse_0: 1.6647e-03, mse_f: 1.1802e-02, total loss: 1.4217e-02, Error u,v,p: 5.7592e-02 5.7518e-02 1.1592e-01
It: 39400, Time: 13.41, mse_0: 1.6598e-03, mse_f: 1.1771e-02, total loss: 1.4178e-02, Error u,v,p: 5.7518e-02 5.7502e-02 1.1600e-01
It: 39500, Time: 13.36, mse_0: 1.6537e-03, mse_f: 1.1742e-02, total loss: 1.4143e-02, Error u,v,p: 5.7420e-02 5.7313e-02 1.1585e-01
It: 39600, Time: 13.44, mse_0: 1.6529e-03, mse_f: 1.1708e-02, total loss: 1.4107e-02, Error u,v,p: 5.7389e-02 5.7297e-02 1.1584e-01
It: 39700, Time: 13.40, mse_0: 1.6475e-03, mse_f: 1.1683e-02, total loss: 1.4073e-02, Error u,v,p: 5.7288e-02 5.7214e-02 1.1581e-01
It: 39800, Time: 13.64, mse_0: 1.6410e-03, mse_f: 1.1655e-02, total loss: 1.4037e-02, Error u,v,p: 5.7272e-02 5.7193e-02 1.1585e-01
It: 39900, Time: 13.57, mse_0: 1.6387e-03, mse_f: 1.1622e-02, total loss: 1.3997e-02, Error u,v,p: 5.7138e-02 5.7178e-02 1.1578e-01
It: 40000, Time: 13.57, mse_0: 1.6327e-03, mse_f: 1.1591e-02, total loss: 1.3959e-02, Error u,v,p: 5.7085e-02 5.6893e-02 1.1567e-01
It: 40100, Time: 13.83, mse_0: 1.6287e-03, mse_f: 1.1561e-02, total loss: 1.3924e-02, Error u,v,p: 5.6951e-02 5.6845e-02 1.1551e-01
It: 40200, Time: 13.71, mse_0: 1.6254e-03, mse_f: 1.1533e-02, total loss: 1.3889e-02, Error u,v,p: 5.6850e-02 5.6836e-02 1.1554e-01
It: 40300, Time: 13.61, mse_0: 1.6221e-03, mse_f: 1.1505e-02, total loss: 1.3852e-02, Error u,v,p: 5.6815e-02 5.6817e-02 1.1548e-01
It: 40400, Time: 13.45, mse_0: 1.6206e-03, mse_f: 1.1476e-02, total loss: 1.3817e-02, Error u,v,p: 5.6672e-02 5.6729e-02 1.1535e-01
It: 40500, Time: 13.62, mse_0: 1.6134e-03, mse_f: 1.1450e-02, total loss: 1.3782e-02, Error u,v,p: 5.6604e-02 5.6697e-02 1.1530e-01
It: 40600, Time: 13.47, mse_0: 1.6128e-03, mse_f: 1.1412e-02, total loss: 1.3741e-02, Error u,v,p: 5.6491e-02 5.6612e-02 1.1514e-01
It: 40700, Time: 13.54, mse_0: 1.6058e-03, mse_f: 1.1387e-02, total loss: 1.3707e-02, Error u,v,p: 5.6354e-02 5.6544e-02 1.1491e-01
It: 40800, Time: 13.51, mse_0: 1.6019e-03, mse_f: 1.1359e-02, total loss: 1.3673e-02, Error u,v,p: 5.6277e-02 5.6524e-02 1.1475e-01
It: 40900, Time: 13.44, mse_0: 1.5969e-03, mse_f: 1.1326e-02, total loss: 1.3634e-02, Error u,v,p: 5.6197e-02 5.6435e-02 1.1459e-01
It: 41000, Time: 13.46, mse_0: 1.5950e-03, mse_f: 1.1296e-02, total loss: 1.3601e-02, Error u,v,p: 5.6103e-02 5.6308e-02 1.1446e-01
It: 41100, Time: 13.65, mse_0: 1.5940e-03, mse_f: 1.1263e-02, total loss: 1.3567e-02, Error u,v,p: 5.6027e-02 5.6290e-02 1.1433e-01
It: 41200, Time: 13.63, mse_0: 1.5966e-03, mse_f: 1.1229e-02, total loss: 1.3533e-02, Error u,v,p: 5.5932e-02 5.6159e-02 1.1415e-01
It: 41300, Time: 13.34, mse_0: 1.5929e-03, mse_f: 1.1203e-02, total loss: 1.3502e-02, Error u,v,p: 5.5753e-02 5.6046e-02 1.1384e-01
It: 41400, Time: 13.61, mse_0: 1.5888e-03, mse_f: 1.1175e-02, total loss: 1.3468e-02, Error u,v,p: 5.5589e-02 5.5925e-02 1.1355e-01
It: 41500, Time: 13.63, mse_0: 1.5874e-03, mse_f: 1.1142e-02, total loss: 1.3432e-02, Error u,v,p: 5.5502e-02 5.5834e-02 1.1334e-01
It: 41600, Time: 13.61, mse_0: 1.5837e-03, mse_f: 1.1115e-02, total loss: 1.3399e-02, Error u,v,p: 5.5457e-02 5.5747e-02 1.1321e-01
It: 41700, Time: 13.48, mse_0: 1.5774e-03, mse_f: 1.1088e-02, total loss: 1.3365e-02, Error u,v,p: 5.5287e-02 5.5753e-02 1.1305e-01
It: 41800, Time: 13.46, mse_0: 1.5717e-03, mse_f: 1.1057e-02, total loss: 1.3327e-02, Error u,v,p: 5.5189e-02 5.5633e-02 1.1293e-01
It: 41900, Time: 13.72, mse_0: 1.5661e-03, mse_f: 1.1030e-02, total loss: 1.3293e-02, Error u,v,p: 5.5155e-02 5.5501e-02 1.1288e-01
It: 42000, Time: 13.48, mse_0: 1.5622e-03, mse_f: 1.0999e-02, total loss: 1.3257e-02, Error u,v,p: 5.5110e-02 5.5419e-02 1.1262e-01
It: 42100, Time: 13.54, mse_0: 1.5598e-03, mse_f: 1.0968e-02, total loss: 1.3222e-02, Error u,v,p: 5.5026e-02 5.5323e-02 1.1228e-01
It: 42200, Time: 13.65, mse_0: 1.5592e-03, mse_f: 1.0937e-02, total loss: 1.3188e-02, Error u,v,p: 5.4959e-02 5.5234e-02 1.1206e-01
It: 42300, Time: 13.40, mse_0: 1.5535e-03, mse_f: 1.0907e-02, total loss: 1.3150e-02, Error u,v,p: 5.4954e-02 5.5115e-02 1.1183e-01
It: 42400, Time: 13.44, mse_0: 1.5510e-03, mse_f: 1.0879e-02, total loss: 1.3119e-02, Error u,v,p: 5.4770e-02 5.5073e-02 1.1150e-01
It: 42500, Time: 13.43, mse_0: 1.5492e-03, mse_f: 1.0851e-02, total loss: 1.3088e-02, Error u,v,p: 5.4697e-02 5.5023e-02 1.1130e-01
It: 42600, Time: 13.48, mse_0: 1.5450e-03, mse_f: 1.0825e-02, total loss: 1.3058e-02, Error u,v,p: 5.4663e-02 5.5006e-02 1.1112e-01
It: 42700, Time: 13.38, mse_0: 1.5356e-03, mse_f: 1.0800e-02, total loss: 1.3023e-02, Error u,v,p: 5.4653e-02 5.4946e-02 1.1104e-01
It: 42800, Time: 13.53, mse_0: 1.5295e-03, mse_f: 1.0772e-02, total loss: 1.2987e-02, Error u,v,p: 5.4554e-02 5.4882e-02 1.1090e-01
It: 42900, Time: 13.70, mse_0: 1.5263e-03, mse_f: 1.0742e-02, total loss: 1.2951e-02, Error u,v,p: 5.4547e-02 5.4873e-02 1.1074e-01
It: 43000, Time: 13.39, mse_0: 1.5237e-03, mse_f: 1.0713e-02, total loss: 1.2916e-02, Error u,v,p: 5.4580e-02 5.4807e-02 1.1085e-01
It: 43100, Time: 13.39, mse_0: 1.5213e-03, mse_f: 1.0684e-02, total loss: 1.2882e-02, Error u,v,p: 5.4597e-02 5.4807e-02 1.1099e-01
It: 43200, Time: 13.40, mse_0: 1.5151e-03, mse_f: 1.0664e-02, total loss: 1.2852e-02, Error u,v,p: 5.4515e-02 5.4750e-02 1.1095e-01
It: 43300, Time: 13.44, mse_0: 1.5098e-03, mse_f: 1.0643e-02, total loss: 1.2825e-02, Error u,v,p: 5.4475e-02 5.4744e-02 1.1095e-01
It: 43400, Time: 13.54, mse_0: 1.5044e-03, mse_f: 1.0623e-02, total loss: 1.2795e-02, Error u,v,p: 5.4507e-02 5.4706e-02 1.1106e-01
It: 43500, Time: 13.54, mse_0: 1.5025e-03, mse_f: 1.0596e-02, total loss: 1.2763e-02, Error u,v,p: 5.4534e-02 5.4582e-02 1.1103e-01
It: 43600, Time: 13.78, mse_0: 1.4997e-03, mse_f: 1.0572e-02, total loss: 1.2735e-02, Error u,v,p: 5.4514e-02 5.4548e-02 1.1093e-01
It: 43700, Time: 13.50, mse_0: 1.4939e-03, mse_f: 1.0547e-02, total loss: 1.2704e-02, Error u,v,p: 5.4404e-02 5.4550e-02 1.1091e-01
It: 43800, Time: 13.66, mse_0: 1.4903e-03, mse_f: 1.0520e-02, total loss: 1.2673e-02, Error u,v,p: 5.4285e-02 5.4418e-02 1.1075e-01
It: 43900, Time: 13.49, mse_0: 1.4844e-03, mse_f: 1.0496e-02, total loss: 1.2640e-02, Error u,v,p: 5.4243e-02 5.4428e-02 1.1062e-01
It: 44000, Time: 13.53, mse_0: 1.4810e-03, mse_f: 1.0473e-02, total loss: 1.2612e-02, Error u,v,p: 5.4133e-02 5.4350e-02 1.1048e-01
It: 44100, Time: 13.59, mse_0: 1.4772e-03, mse_f: 1.0447e-02, total loss: 1.2580e-02, Error u,v,p: 5.4092e-02 5.4308e-02 1.1034e-01
It: 44200, Time: 13.48, mse_0: 1.4775e-03, mse_f: 1.0420e-02, total loss: 1.2551e-02, Error u,v,p: 5.4009e-02 5.4342e-02 1.1027e-01
It: 44300, Time: 13.60, mse_0: 1.4751e-03, mse_f: 1.0398e-02, total loss: 1.2524e-02, Error u,v,p: 5.3964e-02 5.4301e-02 1.1013e-01
It: 44400, Time: 13.80, mse_0: 1.4750e-03, mse_f: 1.0370e-02, total loss: 1.2496e-02, Error u,v,p: 5.3889e-02 5.4275e-02 1.1010e-01
It: 44500, Time: 13.55, mse_0: 1.4717e-03, mse_f: 1.0347e-02, total loss: 1.2468e-02, Error u,v,p: 5.3801e-02 5.4266e-02 1.1002e-01
It: 44600, Time: 13.52, mse_0: 1.4735e-03, mse_f: 1.0315e-02, total loss: 1.2436e-02, Error u,v,p: 5.3702e-02 5.4195e-02 1.0983e-01
It: 44700, Time: 13.77, mse_0: 1.4721e-03, mse_f: 1.0285e-02, total loss: 1.2404e-02, Error u,v,p: 5.3700e-02 5.4147e-02 1.0978e-01
It: 44800, Time: 13.76, mse_0: 1.4725e-03, mse_f: 1.0255e-02, total loss: 1.2374e-02, Error u,v,p: 5.3631e-02 5.4126e-02 1.0964e-01
It: 44900, Time: 13.77, mse_0: 1.4713e-03, mse_f: 1.0226e-02, total loss: 1.2342e-02, Error u,v,p: 5.3591e-02 5.4122e-02 1.0951e-01
It: 45000, Time: 13.80, mse_0: 1.4666e-03, mse_f: 1.0198e-02, total loss: 1.2308e-02, Error u,v,p: 5.3496e-02 5.4062e-02 1.0944e-01
It: 45100, Time: 13.50, mse_0: 1.4628e-03, mse_f: 1.0173e-02, total loss: 1.2278e-02, Error u,v,p: 5.3454e-02 5.3991e-02 1.0937e-01
It: 45200, Time: 13.84, mse_0: 1.4584e-03, mse_f: 1.0155e-02, total loss: 1.2250e-02, Error u,v,p: 5.3483e-02 5.4041e-02 1.0947e-01
It: 45300, Time: 13.84, mse_0: 1.4581e-03, mse_f: 1.0130e-02, total loss: 1.2224e-02, Error u,v,p: 5.3497e-02 5.3970e-02 1.0960e-01
It: 45400, Time: 13.63, mse_0: 1.4563e-03, mse_f: 1.0106e-02, total loss: 1.2197e-02, Error u,v,p: 5.3451e-02 5.3833e-02 1.0960e-01
It: 45500, Time: 13.71, mse_0: 1.4566e-03, mse_f: 1.0080e-02, total loss: 1.2170e-02, Error u,v,p: 5.3410e-02 5.3844e-02 1.0960e-01
It: 45600, Time: 13.65, mse_0: 1.4562e-03, mse_f: 1.0050e-02, total loss: 1.2139e-02, Error u,v,p: 5.3342e-02 5.3819e-02 1.0953e-01
It: 45700, Time: 13.56, mse_0: 1.4517e-03, mse_f: 1.0026e-02, total loss: 1.2110e-02, Error u,v,p: 5.3317e-02 5.3712e-02 1.0937e-01
It: 45800, Time: 13.24, mse_0: 1.4526e-03, mse_f: 1.0002e-02, total loss: 1.2085e-02, Error u,v,p: 5.3318e-02 5.3757e-02 1.0934e-01
It: 45900, Time: 13.47, mse_0: 1.4493e-03, mse_f: 9.9804e-03, total loss: 1.2057e-02, Error u,v,p: 5.3198e-02 5.3689e-02 1.0919e-01
It: 46000, Time: 13.40, mse_0: 1.4467e-03, mse_f: 9.9584e-03, total loss: 1.2030e-02, Error u,v,p: 5.3100e-02 5.3533e-02 1.0887e-01
It: 46100, Time: 13.61, mse_0: 1.4464e-03, mse_f: 9.9350e-03, total loss: 1.2003e-02, Error u,v,p: 5.3066e-02 5.3449e-02 1.0862e-01
It: 46200, Time: 13.64, mse_0: 1.4471e-03, mse_f: 9.9090e-03, total loss: 1.1976e-02, Error u,v,p: 5.3023e-02 5.3421e-02 1.0856e-01
It: 46300, Time: 13.55, mse_0: 1.4429e-03, mse_f: 9.8828e-03, total loss: 1.1945e-02, Error u,v,p: 5.2947e-02 5.3351e-02 1.0849e-01
It: 46400, Time: 13.57, mse_0: 1.4355e-03, mse_f: 9.8596e-03, total loss: 1.1915e-02, Error u,v,p: 5.2960e-02 5.3208e-02 1.0846e-01
It: 46500, Time: 13.57, mse_0: 1.4311e-03, mse_f: 9.8370e-03, total loss: 1.1885e-02, Error u,v,p: 5.3001e-02 5.3200e-02 1.0854e-01
It: 46600, Time: 13.66, mse_0: 1.4292e-03, mse_f: 9.8141e-03, total loss: 1.1860e-02, Error u,v,p: 5.2940e-02 5.3095e-02 1.0844e-01
It: 46700, Time: 13.66, mse_0: 1.4291e-03, mse_f: 9.7881e-03, total loss: 1.1832e-02, Error u,v,p: 5.2850e-02 5.3029e-02 1.0822e-01
It: 46800, Time: 13.77, mse_0: 1.4270e-03, mse_f: 9.7624e-03, total loss: 1.1805e-02, Error u,v,p: 5.2767e-02 5.2984e-02 1.0819e-01
It: 46900, Time: 13.58, mse_0: 1.4226e-03, mse_f: 9.7398e-03, total loss: 1.1777e-02, Error u,v,p: 5.2734e-02 5.2947e-02 1.0811e-01
It: 47000, Time: 13.60, mse_0: 1.4188e-03, mse_f: 9.7178e-03, total loss: 1.1748e-02, Error u,v,p: 5.2725e-02 5.2932e-02 1.0798e-01
It: 47100, Time: 14.07, mse_0: 1.4164e-03, mse_f: 9.6934e-03, total loss: 1.1720e-02, Error u,v,p: 5.2653e-02 5.2954e-02 1.0777e-01
It: 47200, Time: 13.74, mse_0: 1.4135e-03, mse_f: 9.6713e-03, total loss: 1.1693e-02, Error u,v,p: 5.2595e-02 5.2918e-02 1.0768e-01
It: 47300, Time: 13.90, mse_0: 1.4122e-03, mse_f: 9.6477e-03, total loss: 1.1666e-02, Error u,v,p: 5.2551e-02 5.2950e-02 1.0762e-01
It: 47400, Time: 13.90, mse_0: 1.4096e-03, mse_f: 9.6237e-03, total loss: 1.1638e-02, Error u,v,p: 5.2446e-02 5.2865e-02 1.0723e-01
It: 47500, Time: 13.68, mse_0: 1.4113e-03, mse_f: 9.5964e-03, total loss: 1.1612e-02, Error u,v,p: 5.2343e-02 5.2800e-02 1.0696e-01
It: 47600, Time: 13.57, mse_0: 1.4066e-03, mse_f: 9.5754e-03, total loss: 1.1587e-02, Error u,v,p: 5.2295e-02 5.2775e-02 1.0684e-01
It: 47700, Time: 13.60, mse_0: 1.4038e-03, mse_f: 9.5558e-03, total loss: 1.1561e-02, Error u,v,p: 5.2318e-02 5.2722e-02 1.0685e-01
It: 47800, Time: 13.66, mse_0: 1.4001e-03, mse_f: 9.5333e-03, total loss: 1.1533e-02, Error u,v,p: 5.2344e-02 5.2740e-02 1.0704e-01
It: 47900, Time: 13.62, mse_0: 1.3966e-03, mse_f: 9.5137e-03, total loss: 1.1509e-02, Error u,v,p: 5.2333e-02 5.2717e-02 1.0704e-01
It: 48000, Time: 13.61, mse_0: 1.3939e-03, mse_f: 9.4928e-03, total loss: 1.1485e-02, Error u,v,p: 5.2310e-02 5.2595e-02 1.0695e-01
It: 48100, Time: 13.57, mse_0: 1.3903e-03, mse_f: 9.4712e-03, total loss: 1.1457e-02, Error u,v,p: 5.2248e-02 5.2574e-02 1.0687e-01
It: 48200, Time: 13.69, mse_0: 1.3889e-03, mse_f: 9.4463e-03, total loss: 1.1430e-02, Error u,v,p: 5.2169e-02 5.2501e-02 1.0681e-01
It: 48300, Time: 13.60, mse_0: 1.3851e-03, mse_f: 9.4284e-03, total loss: 1.1406e-02, Error u,v,p: 5.2112e-02 5.2438e-02 1.0673e-01
It: 48400, Time: 13.47, mse_0: 1.3850e-03, mse_f: 9.4030e-03, total loss: 1.1379e-02, Error u,v,p: 5.2038e-02 5.2408e-02 1.0670e-01
It: 48500, Time: 13.56, mse_0: 1.3827e-03, mse_f: 9.3821e-03, total loss: 1.1354e-02, Error u,v,p: 5.2071e-02 5.2459e-02 1.0675e-01
It: 48600, Time: 13.57, mse_0: 1.3818e-03, mse_f: 9.3603e-03, total loss: 1.1330e-02, Error u,v,p: 5.2022e-02 5.2359e-02 1.0659e-01
It: 48700, Time: 13.70, mse_0: 1.3789e-03, mse_f: 9.3436e-03, total loss: 1.1308e-02, Error u,v,p: 5.1951e-02 5.2290e-02 1.0654e-01
It: 48800, Time: 13.71, mse_0: 1.3794e-03, mse_f: 9.3200e-03, total loss: 1.1283e-02, Error u,v,p: 5.1940e-02 5.2254e-02 1.0656e-01
It: 48900, Time: 13.82, mse_0: 1.3770e-03, mse_f: 9.2998e-03, total loss: 1.1258e-02, Error u,v,p: 5.1935e-02 5.2140e-02 1.0647e-01
It: 49000, Time: 13.47, mse_0: 1.3757e-03, mse_f: 9.2806e-03, total loss: 1.1234e-02, Error u,v,p: 5.1998e-02 5.2067e-02 1.0642e-01
It: 49100, Time: 13.38, mse_0: 1.3721e-03, mse_f: 9.2621e-03, total loss: 1.1210e-02, Error u,v,p: 5.1986e-02 5.2047e-02 1.0645e-01
It: 49200, Time: 13.54, mse_0: 1.3696e-03, mse_f: 9.2399e-03, total loss: 1.1185e-02, Error u,v,p: 5.1857e-02 5.1937e-02 1.0625e-01
It: 49300, Time: 13.57, mse_0: 1.3646e-03, mse_f: 9.2198e-03, total loss: 1.1158e-02, Error u,v,p: 5.1797e-02 5.1903e-02 1.0624e-01
It: 49400, Time: 13.49, mse_0: 1.3640e-03, mse_f: 9.1960e-03, total loss: 1.1134e-02, Error u,v,p: 5.1831e-02 5.1927e-02 1.0623e-01
It: 49500, Time: 13.46, mse_0: 1.3589e-03, mse_f: 9.1773e-03, total loss: 1.1108e-02, Error u,v,p: 5.1727e-02 5.1784e-02 1.0594e-01
It: 49600, Time: 13.44, mse_0: 1.3552e-03, mse_f: 9.1567e-03, total loss: 1.1082e-02, Error u,v,p: 5.1621e-02 5.1653e-02 1.0571e-01
It: 49700, Time: 13.32, mse_0: 1.3499e-03, mse_f: 9.1396e-03, total loss: 1.1059e-02, Error u,v,p: 5.1527e-02 5.1612e-02 1.0561e-01
It: 49800, Time: 13.31, mse_0: 1.3485e-03, mse_f: 9.1169e-03, total loss: 1.1032e-02, Error u,v,p: 5.1569e-02 5.1558e-02 1.0548e-01
It: 49900, Time: 13.50, mse_0: 1.3459e-03, mse_f: 9.0957e-03, total loss: 1.1007e-02, Error u,v,p: 5.1546e-02 5.1535e-02 1.0539e-01
It: 50000, Time: 13.53, mse_0: 1.3417e-03, mse_f: 9.0759e-03, total loss: 1.0981e-02, Error u,v,p: 5.1446e-02 5.1413e-02 1.0509e-01
It: 50100, Time: 13.80, mse_0: 1.3399e-03, mse_f: 9.0533e-03, total loss: 1.0953e-02, Error u,v,p: 5.1385e-02 5.1308e-02 1.0498e-01
It: 50200, Time: 13.48, mse_0: 1.3350e-03, mse_f: 9.0348e-03, total loss: 1.0927e-02, Error u,v,p: 5.1289e-02 5.1277e-02 1.0488e-01
It: 50300, Time: 13.62, mse_0: 1.3335e-03, mse_f: 9.0148e-03, total loss: 1.0904e-02, Error u,v,p: 5.1241e-02 5.1252e-02 1.0493e-01
It: 50400, Time: 13.30, mse_0: 1.3330e-03, mse_f: 8.9923e-03, total loss: 1.0880e-02, Error u,v,p: 5.1248e-02 5.1179e-02 1.0494e-01
It: 50500, Time: 13.62, mse_0: 1.3279e-03, mse_f: 8.9749e-03, total loss: 1.0855e-02, Error u,v,p: 5.1240e-02 5.1098e-02 1.0501e-01
It: 50600, Time: 13.71, mse_0: 1.3250e-03, mse_f: 8.9551e-03, total loss: 1.0831e-02, Error u,v,p: 5.1181e-02 5.1019e-02 1.0500e-01
It: 50700, Time: 13.47, mse_0: 1.3188e-03, mse_f: 8.9360e-03, total loss: 1.0806e-02, Error u,v,p: 5.1116e-02 5.0930e-02 1.0490e-01
It: 50800, Time: 13.54, mse_0: 1.3176e-03, mse_f: 8.9161e-03, total loss: 1.0783e-02, Error u,v,p: 5.1037e-02 5.0863e-02 1.0473e-01
It: 50900, Time: 13.37, mse_0: 1.3145e-03, mse_f: 8.8970e-03, total loss: 1.0760e-02, Error u,v,p: 5.1017e-02 5.0790e-02 1.0456e-01
It: 51000, Time: 13.59, mse_0: 1.3131e-03, mse_f: 8.8770e-03, total loss: 1.0736e-02, Error u,v,p: 5.1021e-02 5.0666e-02 1.0440e-01
It: 51100, Time: 13.66, mse_0: 1.3122e-03, mse_f: 8.8551e-03, total loss: 1.0712e-02, Error u,v,p: 5.0933e-02 5.0604e-02 1.0432e-01
It: 51200, Time: 13.72, mse_0: 1.3085e-03, mse_f: 8.8372e-03, total loss: 1.0691e-02, Error u,v,p: 5.0869e-02 5.0581e-02 1.0420e-01
It: 51300, Time: 13.78, mse_0: 1.3035e-03, mse_f: 8.8211e-03, total loss: 1.0669e-02, Error u,v,p: 5.0830e-02 5.0476e-02 1.0407e-01
It: 51400, Time: 13.51, mse_0: 1.3004e-03, mse_f: 8.8020e-03, total loss: 1.0647e-02, Error u,v,p: 5.0750e-02 5.0417e-02 1.0402e-01
It: 51500, Time: 13.47, mse_0: 1.2985e-03, mse_f: 8.7818e-03, total loss: 1.0624e-02, Error u,v,p: 5.0737e-02 5.0368e-02 1.0391e-01
It: 51600, Time: 13.46, mse_0: 1.2972e-03, mse_f: 8.7623e-03, total loss: 1.0601e-02, Error u,v,p: 5.0637e-02 5.0324e-02 1.0385e-01
It: 51700, Time: 13.63, mse_0: 1.2939e-03, mse_f: 8.7435e-03, total loss: 1.0577e-02, Error u,v,p: 5.0637e-02 5.0203e-02 1.0376e-01
It: 51800, Time: 13.70, mse_0: 1.2903e-03, mse_f: 8.7268e-03, total loss: 1.0555e-02, Error u,v,p: 5.0544e-02 5.0191e-02 1.0367e-01
It: 51900, Time: 13.63, mse_0: 1.2911e-03, mse_f: 8.7059e-03, total loss: 1.0533e-02, Error u,v,p: 5.0494e-02 5.0108e-02 1.0354e-01
It: 52000, Time: 13.76, mse_0: 1.2875e-03, mse_f: 8.6871e-03, total loss: 1.0510e-02, Error u,v,p: 5.0430e-02 5.0000e-02 1.0338e-01
It: 52100, Time: 13.49, mse_0: 1.2851e-03, mse_f: 8.6701e-03, total loss: 1.0488e-02, Error u,v,p: 5.0428e-02 4.9993e-02 1.0326e-01
It: 52200, Time: 13.57, mse_0: 1.2830e-03, mse_f: 8.6526e-03, total loss: 1.0467e-02, Error u,v,p: 5.0383e-02 4.9947e-02 1.0313e-01
It: 52300, Time: 13.54, mse_0: 1.2791e-03, mse_f: 8.6353e-03, total loss: 1.0445e-02, Error u,v,p: 5.0314e-02 4.9873e-02 1.0301e-01
It: 52400, Time: 13.78, mse_0: 1.2779e-03, mse_f: 8.6158e-03, total loss: 1.0421e-02, Error u,v,p: 5.0221e-02 4.9852e-02 1.0276e-01
It: 52500, Time: 13.42, mse_0: 1.2759e-03, mse_f: 8.5957e-03, total loss: 1.0398e-02, Error u,v,p: 5.0144e-02 4.9781e-02 1.0255e-01
It: 52600, Time: 13.30, mse_0: 1.2736e-03, mse_f: 8.5764e-03, total loss: 1.0376e-02, Error u,v,p: 5.0034e-02 4.9682e-02 1.0227e-01
It: 52700, Time: 13.63, mse_0: 1.2719e-03, mse_f: 8.5585e-03, total loss: 1.0355e-02, Error u,v,p: 4.9994e-02 4.9640e-02 1.0212e-01
It: 52800, Time: 13.50, mse_0: 1.2719e-03, mse_f: 8.5375e-03, total loss: 1.0333e-02, Error u,v,p: 4.9966e-02 4.9706e-02 1.0205e-01
It: 52900, Time: 13.47, mse_0: 1.2716e-03, mse_f: 8.5171e-03, total loss: 1.0311e-02, Error u,v,p: 4.9888e-02 4.9635e-02 1.0193e-01
It: 53000, Time: 13.46, mse_0: 1.2686e-03, mse_f: 8.4965e-03, total loss: 1.0288e-02, Error u,v,p: 4.9848e-02 4.9609e-02 1.0174e-01
It: 53100, Time: 13.56, mse_0: 1.2680e-03, mse_f: 8.4763e-03, total loss: 1.0267e-02, Error u,v,p: 4.9706e-02 4.9582e-02 1.0172e-01
It: 53200, Time: 13.54, mse_0: 1.2647e-03, mse_f: 8.4599e-03, total loss: 1.0247e-02, Error u,v,p: 4.9679e-02 4.9588e-02 1.0161e-01
It: 53300, Time: 13.55, mse_0: 1.2665e-03, mse_f: 8.4389e-03, total loss: 1.0227e-02, Error u,v,p: 4.9617e-02 4.9547e-02 1.0142e-01
It: 53400, Time: 13.53, mse_0: 1.2652e-03, mse_f: 8.4187e-03, total loss: 1.0205e-02, Error u,v,p: 4.9554e-02 4.9482e-02 1.0123e-01
It: 53500, Time: 13.53, mse_0: 1.2658e-03, mse_f: 8.4000e-03, total loss: 1.0186e-02, Error u,v,p: 4.9542e-02 4.9410e-02 1.0106e-01
It: 53600, Time: 13.58, mse_0: 1.2638e-03, mse_f: 8.3786e-03, total loss: 1.0162e-02, Error u,v,p: 4.9487e-02 4.9292e-02 1.0090e-01
It: 53700, Time: 13.39, mse_0: 1.2615e-03, mse_f: 8.3574e-03, total loss: 1.0137e-02, Error u,v,p: 4.9403e-02 4.9280e-02 1.0066e-01
It: 53800, Time: 13.66, mse_0: 1.2594e-03, mse_f: 8.3360e-03, total loss: 1.0113e-02, Error u,v,p: 4.9369e-02 4.9245e-02 1.0061e-01
It: 53900, Time: 13.65, mse_0: 1.2554e-03, mse_f: 8.3220e-03, total loss: 1.0093e-02, Error u,v,p: 4.9398e-02 4.9209e-02 1.0060e-01
It: 54000, Time: 13.42, mse_0: 1.2525e-03, mse_f: 8.3058e-03, total loss: 1.0072e-02, Error u,v,p: 4.9321e-02 4.9118e-02 1.0057e-01
It: 54100, Time: 13.63, mse_0: 1.2498e-03, mse_f: 8.2893e-03, total loss: 1.0052e-02, Error u,v,p: 4.9239e-02 4.9025e-02 1.0043e-01
It: 54200, Time: 13.77, mse_0: 1.2481e-03, mse_f: 8.2715e-03, total loss: 1.0032e-02, Error u,v,p: 4.9089e-02 4.8973e-02 1.0014e-01
It: 54300, Time: 13.73, mse_0: 1.2464e-03, mse_f: 8.2552e-03, total loss: 1.0013e-02, Error u,v,p: 4.9095e-02 4.8919e-02 1.0009e-01
It: 54400, Time: 13.52, mse_0: 1.2455e-03, mse_f: 8.2359e-03, total loss: 9.9917e-03, Error u,v,p: 4.9067e-02 4.8815e-02 9.9973e-02
It: 54500, Time: 13.85, mse_0: 1.2446e-03, mse_f: 8.2160e-03, total loss: 9.9701e-03, Error u,v,p: 4.9015e-02 4.8790e-02 9.9822e-02
It: 54600, Time: 13.54, mse_0: 1.2403e-03, mse_f: 8.2003e-03, total loss: 9.9490e-03, Error u,v,p: 4.9012e-02 4.8791e-02 9.9791e-02
It: 54700, Time: 13.39, mse_0: 1.2373e-03, mse_f: 8.1814e-03, total loss: 9.9266e-03, Error u,v,p: 4.8927e-02 4.8776e-02 9.9746e-02
It: 54800, Time: 13.61, mse_0: 1.2387e-03, mse_f: 8.1595e-03, total loss: 9.9049e-03, Error u,v,p: 4.8970e-02 4.8716e-02 9.9719e-02
It: 54900, Time: 13.48, mse_0: 1.2347e-03, mse_f: 8.1423e-03, total loss: 9.8820e-03, Error u,v,p: 4.8954e-02 4.8635e-02 9.9664e-02
It: 55000, Time: 13.55, mse_0: 1.2342e-03, mse_f: 8.1235e-03, total loss: 9.8615e-03, Error u,v,p: 4.8877e-02 4.8526e-02 9.9481e-02
It: 55100, Time: 13.58, mse_0: 1.2319e-03, mse_f: 8.1052e-03, total loss: 9.8406e-03, Error u,v,p: 4.8797e-02 4.8485e-02 9.9524e-02
It: 55200, Time: 13.65, mse_0: 1.2298e-03, mse_f: 8.0866e-03, total loss: 9.8199e-03, Error u,v,p: 4.8758e-02 4.8452e-02 9.9387e-02
It: 55300, Time: 13.56, mse_0: 1.2270e-03, mse_f: 8.0680e-03, total loss: 9.7978e-03, Error u,v,p: 4.8616e-02 4.8342e-02 9.9276e-02
It: 55400, Time: 13.40, mse_0: 1.2266e-03, mse_f: 8.0490e-03, total loss: 9.7771e-03, Error u,v,p: 4.8593e-02 4.8252e-02 9.9250e-02
It: 55500, Time: 13.61, mse_0: 1.2239e-03, mse_f: 8.0339e-03, total loss: 9.7580e-03, Error u,v,p: 4.8581e-02 4.8240e-02 9.9313e-02
It: 55600, Time: 13.40, mse_0: 1.2207e-03, mse_f: 8.0194e-03, total loss: 9.7394e-03, Error u,v,p: 4.8571e-02 4.8255e-02 9.9392e-02
It: 55700, Time: 13.70, mse_0: 1.2186e-03, mse_f: 8.0035e-03, total loss: 9.7208e-03, Error u,v,p: 4.8542e-02 4.8232e-02 9.9330e-02
It: 55800, Time: 13.56, mse_0: 1.2192e-03, mse_f: 7.9850e-03, total loss: 9.7000e-03, Error u,v,p: 4.8521e-02 4.8193e-02 9.9247e-02
It: 55900, Time: 13.50, mse_0: 1.2156e-03, mse_f: 7.9673e-03, total loss: 9.6780e-03, Error u,v,p: 4.8415e-02 4.8123e-02 9.9170e-02
It: 56000, Time: 13.57, mse_0: 1.2126e-03, mse_f: 7.9508e-03, total loss: 9.6580e-03, Error u,v,p: 4.8380e-02 4.8074e-02 9.9248e-02
It: 56100, Time: 13.65, mse_0: 1.2101e-03, mse_f: 7.9347e-03, total loss: 9.6383e-03, Error u,v,p: 4.8373e-02 4.8074e-02 9.9242e-02
It: 56200, Time: 13.55, mse_0: 1.2078e-03, mse_f: 7.9174e-03, total loss: 9.6179e-03, Error u,v,p: 4.8340e-02 4.8094e-02 9.9120e-02
It: 56300, Time: 13.82, mse_0: 1.2052e-03, mse_f: 7.8978e-03, total loss: 9.5959e-03, Error u,v,p: 4.8252e-02 4.8086e-02 9.9042e-02
It: 56400, Time: 13.65, mse_0: 1.2039e-03, mse_f: 7.8794e-03, total loss: 9.5760e-03, Error u,v,p: 4.8183e-02 4.7985e-02 9.8900e-02
It: 56500, Time: 13.60, mse_0: 1.2007e-03, mse_f: 7.8633e-03, total loss: 9.5561e-03, Error u,v,p: 4.8086e-02 4.7992e-02 9.8808e-02
It: 56600, Time: 13.59, mse_0: 1.1962e-03, mse_f: 7.8477e-03, total loss: 9.5358e-03, Error u,v,p: 4.8051e-02 4.7901e-02 9.8726e-02
It: 56700, Time: 13.50, mse_0: 1.1948e-03, mse_f: 7.8301e-03, total loss: 9.5154e-03, Error u,v,p: 4.8036e-02 4.7813e-02 9.8597e-02
It: 56800, Time: 13.81, mse_0: 1.1935e-03, mse_f: 7.8112e-03, total loss: 9.4949e-03, Error u,v,p: 4.8014e-02 4.7780e-02 9.8510e-02
It: 56900, Time: 13.49, mse_0: 1.1909e-03, mse_f: 7.7968e-03, total loss: 9.4771e-03, Error u,v,p: 4.8016e-02 4.7730e-02 9.8491e-02
It: 57000, Time: 13.61, mse_0: 1.1912e-03, mse_f: 7.7807e-03, total loss: 9.4592e-03, Error u,v,p: 4.7953e-02 4.7721e-02 9.8460e-02
It: 57100, Time: 13.40, mse_0: 1.1904e-03, mse_f: 7.7648e-03, total loss: 9.4421e-03, Error u,v,p: 4.7953e-02 4.7599e-02 9.8470e-02
It: 57200, Time: 13.62, mse_0: 1.1891e-03, mse_f: 7.7472e-03, total loss: 9.4223e-03, Error u,v,p: 4.7917e-02 4.7540e-02 9.8367e-02
It: 57300, Time: 13.77, mse_0: 1.1881e-03, mse_f: 7.7284e-03, total loss: 9.4018e-03, Error u,v,p: 4.7942e-02 4.7419e-02 9.8448e-02
It: 57400, Time: 13.46, mse_0: 1.1873e-03, mse_f: 7.7128e-03, total loss: 9.3842e-03, Error u,v,p: 4.7922e-02 4.7391e-02 9.8399e-02
It: 57500, Time: 13.62, mse_0: 1.1843e-03, mse_f: 7.6985e-03, total loss: 9.3663e-03, Error u,v,p: 4.7922e-02 4.7394e-02 9.8465e-02
It: 57600, Time: 13.60, mse_0: 1.1816e-03, mse_f: 7.6860e-03, total loss: 9.3491e-03, Error u,v,p: 4.7904e-02 4.7371e-02 9.8414e-02
It: 57700, Time: 13.65, mse_0: 1.1804e-03, mse_f: 7.6690e-03, total loss: 9.3304e-03, Error u,v,p: 4.7936e-02 4.7367e-02 9.8432e-02
It: 57800, Time: 13.67, mse_0: 1.1785e-03, mse_f: 7.6531e-03, total loss: 9.3116e-03, Error u,v,p: 4.7958e-02 4.7348e-02 9.8429e-02
It: 57900, Time: 13.42, mse_0: 1.1754e-03, mse_f: 7.6406e-03, total loss: 9.2943e-03, Error u,v,p: 4.7959e-02 4.7285e-02 9.8311e-02
It: 58000, Time: 13.76, mse_0: 1.1738e-03, mse_f: 7.6242e-03, total loss: 9.2757e-03, Error u,v,p: 4.7951e-02 4.7301e-02 9.8368e-02
It: 58100, Time: 13.67, mse_0: 1.1738e-03, mse_f: 7.6063e-03, total loss: 9.2569e-03, Error u,v,p: 4.7938e-02 4.7259e-02 9.8423e-02
It: 58200, Time: 13.54, mse_0: 1.1733e-03, mse_f: 7.5896e-03, total loss: 9.2397e-03, Error u,v,p: 4.7906e-02 4.7209e-02 9.8467e-02
It: 58300, Time: 13.59, mse_0: 1.1738e-03, mse_f: 7.5705e-03, total loss: 9.2199e-03, Error u,v,p: 4.7859e-02 4.7163e-02 9.8383e-02
It: 58400, Time: 13.64, mse_0: 1.1717e-03, mse_f: 7.5546e-03, total loss: 9.2013e-03, Error u,v,p: 4.7778e-02 4.7081e-02 9.8263e-02
It: 58500, Time: 13.49, mse_0: 1.1669e-03, mse_f: 7.5427e-03, total loss: 9.1839e-03, Error u,v,p: 4.7763e-02 4.7095e-02 9.8225e-02
It: 58600, Time: 13.49, mse_0: 1.1646e-03, mse_f: 7.5282e-03, total loss: 9.1666e-03, Error u,v,p: 4.7701e-02 4.7046e-02 9.8134e-02
It: 58700, Time: 13.69, mse_0: 1.1627e-03, mse_f: 7.5117e-03, total loss: 9.1478e-03, Error u,v,p: 4.7642e-02 4.7002e-02 9.8149e-02
It: 58800, Time: 13.39, mse_0: 1.1614e-03, mse_f: 7.4949e-03, total loss: 9.1293e-03, Error u,v,p: 4.7590e-02 4.7013e-02 9.8176e-02
It: 58900, Time: 13.37, mse_0: 1.1630e-03, mse_f: 7.4751e-03, total loss: 9.1108e-03, Error u,v,p: 4.7516e-02 4.6985e-02 9.8334e-02
It: 59000, Time: 13.37, mse_0: 1.1592e-03, mse_f: 7.4620e-03, total loss: 9.0924e-03, Error u,v,p: 4.7492e-02 4.6943e-02 9.8309e-02
It: 59100, Time: 13.55, mse_0: 1.1571e-03, mse_f: 7.4492e-03, total loss: 9.0753e-03, Error u,v,p: 4.7402e-02 4.6955e-02 9.8307e-02
It: 59200, Time: 13.50, mse_0: 1.1546e-03, mse_f: 7.4357e-03, total loss: 9.0573e-03, Error u,v,p: 4.7389e-02 4.6854e-02 9.8285e-02
It: 59300, Time: 13.57, mse_0: 1.1536e-03, mse_f: 7.4199e-03, total loss: 9.0399e-03, Error u,v,p: 4.7396e-02 4.6839e-02 9.8239e-02
It: 59400, Time: 13.77, mse_0: 1.1525e-03, mse_f: 7.4052e-03, total loss: 9.0230e-03, Error u,v,p: 4.7364e-02 4.6792e-02 9.8261e-02
It: 59500, Time: 13.44, mse_0: 1.1522e-03, mse_f: 7.3902e-03, total loss: 9.0063e-03, Error u,v,p: 4.7249e-02 4.6811e-02 9.8332e-02
It: 59600, Time: 13.48, mse_0: 1.1507e-03, mse_f: 7.3761e-03, total loss: 8.9892e-03, Error u,v,p: 4.7270e-02 4.6834e-02 9.8508e-02
It: 59700, Time: 13.44, mse_0: 1.1508e-03, mse_f: 7.3598e-03, total loss: 8.9721e-03, Error u,v,p: 4.7220e-02 4.6801e-02 9.8609e-02
It: 59800, Time: 13.38, mse_0: 1.1497e-03, mse_f: 7.3441e-03, total loss: 8.9546e-03, Error u,v,p: 4.7281e-02 4.6828e-02 9.8647e-02
It: 59900, Time: 13.51, mse_0: 1.1467e-03, mse_f: 7.3332e-03, total loss: 8.9391e-03, Error u,v,p: 4.7250e-02 4.6771e-02 9.8582e-02
It: 60000, Time: 13.33, mse_0: 1.1443e-03, mse_f: 7.3202e-03, total loss: 8.9221e-03, Error u,v,p: 4.7276e-02 4.6768e-02 9.8519e-02
It: 60100, Time: 13.36, mse_0: 1.1404e-03, mse_f: 7.3082e-03, total loss: 8.9047e-03, Error u,v,p: 4.7255e-02 4.6754e-02 9.8539e-02
It: 60200, Time: 13.33, mse_0: 1.1397e-03, mse_f: 7.2920e-03, total loss: 8.8881e-03, Error u,v,p: 4.7196e-02 4.6658e-02 9.8491e-02
It: 60300, Time: 13.73, mse_0: 1.1369e-03, mse_f: 7.2784e-03, total loss: 8.8713e-03, Error u,v,p: 4.7125e-02 4.6639e-02 9.8362e-02
It: 60400, Time: 13.61, mse_0: 1.1362e-03, mse_f: 7.2621e-03, total loss: 8.8536e-03, Error u,v,p: 4.7127e-02 4.6671e-02 9.8412e-02
It: 60500, Time: 13.71, mse_0: 1.1337e-03, mse_f: 7.2486e-03, total loss: 8.8369e-03, Error u,v,p: 4.7133e-02 4.6618e-02 9.8375e-02
It: 60600, Time: 13.44, mse_0: 1.1320e-03, mse_f: 7.2346e-03, total loss: 8.8201e-03, Error u,v,p: 4.7135e-02 4.6550e-02 9.8271e-02
It: 60700, Time: 13.33, mse_0: 1.1297e-03, mse_f: 7.2217e-03, total loss: 8.8037e-03, Error u,v,p: 4.7095e-02 4.6445e-02 9.8116e-02
It: 60800, Time: 13.48, mse_0: 1.1256e-03, mse_f: 7.2112e-03, total loss: 8.7881e-03, Error u,v,p: 4.6996e-02 4.6386e-02 9.7969e-02
It: 60900, Time: 13.68, mse_0: 1.1208e-03, mse_f: 7.2004e-03, total loss: 8.7722e-03, Error u,v,p: 4.6978e-02 4.6382e-02 9.7837e-02
It: 61000, Time: 13.46, mse_0: 1.1206e-03, mse_f: 7.1855e-03, total loss: 8.7563e-03, Error u,v,p: 4.6979e-02 4.6353e-02 9.7741e-02
It: 61100, Time: 13.36, mse_0: 1.1204e-03, mse_f: 7.1691e-03, total loss: 8.7388e-03, Error u,v,p: 4.6954e-02 4.6340e-02 9.7742e-02
It: 61200, Time: 13.57, mse_0: 1.1187e-03, mse_f: 7.1547e-03, total loss: 8.7219e-03, Error u,v,p: 4.6893e-02 4.6281e-02 9.7611e-02
It: 61300, Time: 13.51, mse_0: 1.1177e-03, mse_f: 7.1407e-03, total loss: 8.7062e-03, Error u,v,p: 4.6838e-02 4.6280e-02 9.7638e-02
It: 61400, Time: 13.50, mse_0: 1.1169e-03, mse_f: 7.1258e-03, total loss: 8.6904e-03, Error u,v,p: 4.6868e-02 4.6307e-02 9.7629e-02
It: 61500, Time: 13.34, mse_0: 1.1167e-03, mse_f: 7.1101e-03, total loss: 8.6749e-03, Error u,v,p: 4.6850e-02 4.6303e-02 9.7586e-02
It: 61600, Time: 13.63, mse_0: 1.1140e-03, mse_f: 7.0974e-03, total loss: 8.6587e-03, Error u,v,p: 4.6805e-02 4.6287e-02 9.7633e-02
It: 61700, Time: 13.55, mse_0: 1.1095e-03, mse_f: 7.0853e-03, total loss: 8.6420e-03, Error u,v,p: 4.6821e-02 4.6250e-02 9.7623e-02
It: 61800, Time: 13.53, mse_0: 1.1081e-03, mse_f: 7.0712e-03, total loss: 8.6266e-03, Error u,v,p: 4.6795e-02 4.6237e-02 9.7661e-02
It: 61900, Time: 13.80, mse_0: 1.1077e-03, mse_f: 7.0580e-03, total loss: 8.6118e-03, Error u,v,p: 4.6799e-02 4.6314e-02 9.7711e-02
It: 62000, Time: 13.60, mse_0: 1.1066e-03, mse_f: 7.0442e-03, total loss: 8.5965e-03, Error u,v,p: 4.6797e-02 4.6325e-02 9.7693e-02
It: 62100, Time: 13.57, mse_0: 1.1047e-03, mse_f: 7.0312e-03, total loss: 8.5807e-03, Error u,v,p: 4.6825e-02 4.6329e-02 9.7737e-02
It: 62200, Time: 13.37, mse_0: 1.1034e-03, mse_f: 7.0169e-03, total loss: 8.5643e-03, Error u,v,p: 4.6798e-02 4.6326e-02 9.7694e-02
It: 62300, Time: 13.62, mse_0: 1.0971e-03, mse_f: 7.0092e-03, total loss: 8.5495e-03, Error u,v,p: 4.6857e-02 4.6307e-02 9.7804e-02
It: 62400, Time: 13.44, mse_0: 1.0950e-03, mse_f: 6.9975e-03, total loss: 8.5350e-03, Error u,v,p: 4.6788e-02 4.6304e-02 9.7777e-02
It: 62500, Time: 13.48, mse_0: 1.0918e-03, mse_f: 6.9849e-03, total loss: 8.5191e-03, Error u,v,p: 4.6749e-02 4.6269e-02 9.7786e-02
It: 62600, Time: 13.45, mse_0: 1.0889e-03, mse_f: 6.9732e-03, total loss: 8.5041e-03, Error u,v,p: 4.6685e-02 4.6256e-02 9.7660e-02
It: 62700, Time: 13.35, mse_0: 1.0896e-03, mse_f: 6.9581e-03, total loss: 8.4892e-03, Error u,v,p: 4.6635e-02 4.6234e-02 9.7632e-02
It: 62800, Time: 13.44, mse_0: 1.0878e-03, mse_f: 6.9458e-03, total loss: 8.4737e-03, Error u,v,p: 4.6578e-02 4.6190e-02 9.7696e-02
It: 62900, Time: 13.44, mse_0: 1.0865e-03, mse_f: 6.9318e-03, total loss: 8.4572e-03, Error u,v,p: 4.6529e-02 4.6187e-02 9.7607e-02
It: 63000, Time: 13.31, mse_0: 1.0857e-03, mse_f: 6.9192e-03, total loss: 8.4423e-03, Error u,v,p: 4.6532e-02 4.6183e-02 9.7557e-02
It: 63100, Time: 13.41, mse_0: 1.0844e-03, mse_f: 6.9048e-03, total loss: 8.4262e-03, Error u,v,p: 4.6483e-02 4.6228e-02 9.7589e-02
It: 63200, Time: 13.46, mse_0: 1.0805e-03, mse_f: 6.8946e-03, total loss: 8.4118e-03, Error u,v,p: 4.6425e-02 4.6184e-02 9.7495e-02
It: 63300, Time: 13.59, mse_0: 1.0778e-03, mse_f: 6.8830e-03, total loss: 8.3968e-03, Error u,v,p: 4.6425e-02 4.6160e-02 9.7530e-02
It: 63400, Time: 13.45, mse_0: 1.0758e-03, mse_f: 6.8706e-03, total loss: 8.3811e-03, Error u,v,p: 4.6437e-02 4.6193e-02 9.7572e-02
It: 63500, Time: 13.42, mse_0: 1.0737e-03, mse_f: 6.8585e-03, total loss: 8.3649e-03, Error u,v,p: 4.6420e-02 4.6149e-02 9.7508e-02
It: 63600, Time: 13.44, mse_0: 1.0759e-03, mse_f: 6.8411e-03, total loss: 8.3497e-03, Error u,v,p: 4.6444e-02 4.6164e-02 9.7624e-02
It: 63700, Time: 13.51, mse_0: 1.0727e-03, mse_f: 6.8291e-03, total loss: 8.3338e-03, Error u,v,p: 4.6446e-02 4.6123e-02 9.7618e-02
It: 63800, Time: 13.47, mse_0: 1.0709e-03, mse_f: 6.8174e-03, total loss: 8.3196e-03, Error u,v,p: 4.6435e-02 4.6085e-02 9.7711e-02
It: 63900, Time: 13.63, mse_0: 1.0681e-03, mse_f: 6.8053e-03, total loss: 8.3038e-03, Error u,v,p: 4.6498e-02 4.6092e-02 9.7730e-02
It: 64000, Time: 13.60, mse_0: 1.0678e-03, mse_f: 6.7896e-03, total loss: 8.2880e-03, Error u,v,p: 4.6451e-02 4.6073e-02 9.7759e-02
It: 64100, Time: 13.56, mse_0: 1.0661e-03, mse_f: 6.7767e-03, total loss: 8.2723e-03, Error u,v,p: 4.6457e-02 4.6101e-02 9.7695e-02
It: 64200, Time: 13.69, mse_0: 1.0656e-03, mse_f: 6.7625e-03, total loss: 8.2574e-03, Error u,v,p: 4.6379e-02 4.6044e-02 9.7626e-02
It: 64300, Time: 13.51, mse_0: 1.0617e-03, mse_f: 6.7510e-03, total loss: 8.2419e-03, Error u,v,p: 4.6394e-02 4.5976e-02 9.7599e-02
It: 64400, Time: 13.39, mse_0: 1.0591e-03, mse_f: 6.7391e-03, total loss: 8.2267e-03, Error u,v,p: 4.6390e-02 4.5927e-02 9.7425e-02
It: 64500, Time: 13.37, mse_0: 1.0558e-03, mse_f: 6.7280e-03, total loss: 8.2117e-03, Error u,v,p: 4.6391e-02 4.5917e-02 9.7422e-02
It: 64600, Time: 13.53, mse_0: 1.0532e-03, mse_f: 6.7174e-03, total loss: 8.1969e-03, Error u,v,p: 4.6390e-02 4.5884e-02 9.7309e-02
It: 64700, Time: 13.48, mse_0: 1.0521e-03, mse_f: 6.7048e-03, total loss: 8.1822e-03, Error u,v,p: 4.6290e-02 4.5844e-02 9.7161e-02
It: 64800, Time: 13.49, mse_0: 1.0476e-03, mse_f: 6.6943e-03, total loss: 8.1674e-03, Error u,v,p: 4.6299e-02 4.5801e-02 9.7069e-02
It: 64900, Time: 13.61, mse_0: 1.0460e-03, mse_f: 6.6806e-03, total loss: 8.1511e-03, Error u,v,p: 4.6255e-02 4.5771e-02 9.7005e-02
It: 65000, Time: 13.48, mse_0: 1.0441e-03, mse_f: 6.6693e-03, total loss: 8.1368e-03, Error u,v,p: 4.6316e-02 4.5716e-02 9.6871e-02
It: 65100, Time: 13.46, mse_0: 1.0439e-03, mse_f: 6.6563e-03, total loss: 8.1230e-03, Error u,v,p: 4.6291e-02 4.5704e-02 9.6718e-02
It: 65200, Time: 13.46, mse_0: 1.0408e-03, mse_f: 6.6452e-03, total loss: 8.1083e-03, Error u,v,p: 4.6272e-02 4.5706e-02 9.6767e-02
It: 65300, Time: 13.76, mse_0: 1.0399e-03, mse_f: 6.6326e-03, total loss: 8.0935e-03, Error u,v,p: 4.6272e-02 4.5731e-02 9.6854e-02
Error u: 4.627153e-02
Error v: 4.573116e-02
Error p: 9.685448e-02
ferru =  0.0070661223
ferrv =  0.007039527
ferrp =  0.028138878
Error u: 3.017422e-02
Error v: 3.042746e-02
Error p: 5.640231e-02
time consuming :  51958.741537094116
