Data_flie is not Exists
figures is not Exists
NeuralNet(
  (network): Sequential(
    (0): Linear(in_features=2, out_features=48, bias=True)
    (1): Tanh()
    (2): Linear(in_features=48, out_features=48, bias=True)
    (3): Tanh()
    (4): Linear(in_features=48, out_features=48, bias=True)
    (5): Tanh()
    (6): Linear(in_features=48, out_features=48, bias=True)
    (7): Tanh()
    (8): Linear(in_features=48, out_features=2, bias=True)
  )
)
starting Adam training
It: 100, Time: 3.44, mse_0: 4.3603e+02, mse_f: 3.9091e+02, total loss: 1.3102e+03, Error u,v: 2.8479e-01, 2.5490e-01
It: 200, Time: 2.63, mse_0: 1.0141e+02, mse_f: 2.5283e+02, total loss: 3.9605e+02, Error u,v: 2.3560e-01, 2.4209e-01
It: 300, Time: 2.48, mse_0: 4.3957e+01, mse_f: 1.0711e+02, total loss: 1.6989e+02, Error u,v: 1.8189e-01, 9.4220e-02
It: 400, Time: 2.53, mse_0: 3.4401e+01, mse_f: 4.2519e+01, total loss: 8.3956e+01, Error u,v: 1.2827e-01, 8.7461e-02
It: 500, Time: 2.71, mse_0: 2.2398e+01, mse_f: 2.4579e+01, total loss: 4.8462e+01, Error u,v: 1.2951e-01, 7.3794e-02
It: 600, Time: 2.59, mse_0: 1.2912e+01, mse_f: 2.2452e+01, total loss: 3.6929e+01, Error u,v: 1.1317e-01, 6.3063e-02
It: 700, Time: 2.37, mse_0: 8.9672e+00, mse_f: 1.7274e+01, total loss: 2.6887e+01, Error u,v: 1.0049e-01, 5.4433e-02
It: 800, Time: 2.45, mse_0: 6.5840e+00, mse_f: 1.1981e+01, total loss: 1.8936e+01, Error u,v: 9.1792e-02, 4.7144e-02
It: 900, Time: 2.42, mse_0: 4.1062e+00, mse_f: 7.8209e+00, total loss: 1.2240e+01, Error u,v: 7.7337e-02, 3.8860e-02
It: 1000, Time: 2.37, mse_0: 2.3129e+00, mse_f: 5.0153e+00, total loss: 7.5188e+00, Error u,v: 6.1873e-02, 3.0871e-02
It: 1100, Time: 2.51, mse_0: 1.6367e+00, mse_f: 3.4113e+00, total loss: 5.1594e+00, Error u,v: 5.2401e-02, 2.6426e-02
It: 1200, Time: 2.46, mse_0: 1.0979e+00, mse_f: 2.8298e+00, total loss: 3.9956e+00, Error u,v: 4.4165e-02, 2.3384e-02
It: 1300, Time: 2.48, mse_0: 8.8846e-01, mse_f: 2.3583e+00, total loss: 3.3072e+00, Error u,v: 3.8954e-02, 2.1155e-02
It: 1400, Time: 2.56, mse_0: 7.6459e-01, mse_f: 2.0063e+00, total loss: 2.8151e+00, Error u,v: 3.5464e-02, 2.0011e-02
It: 1500, Time: 2.58, mse_0: 7.3743e-01, mse_f: 1.6809e+00, total loss: 2.4520e+00, Error u,v: 3.3827e-02, 1.9256e-02
It: 1600, Time: 2.69, mse_0: 6.9258e-01, mse_f: 1.4526e+00, total loss: 2.1756e+00, Error u,v: 3.1908e-02, 1.8605e-02
It: 1700, Time: 2.69, mse_0: 6.3801e-01, mse_f: 1.2737e+00, total loss: 1.9393e+00, Error u,v: 2.9987e-02, 1.7843e-02
It: 1800, Time: 2.70, mse_0: 5.6273e-01, mse_f: 1.1423e+00, total loss: 1.7295e+00, Error u,v: 2.7979e-02, 1.6974e-02
It: 1900, Time: 2.71, mse_0: 5.0294e-01, mse_f: 1.0167e+00, total loss: 1.5416e+00, Error u,v: 2.6264e-02, 1.6145e-02
It: 2000, Time: 2.55, mse_0: 4.4808e-01, mse_f: 9.0508e-01, total loss: 1.3731e+00, Error u,v: 2.4644e-02, 1.5323e-02
It: 2100, Time: 2.51, mse_0: 3.9616e-01, mse_f: 8.0597e-01, total loss: 1.2203e+00, Error u,v: 2.3102e-02, 1.4505e-02
It: 2200, Time: 2.44, mse_0: 3.4881e-01, mse_f: 7.1557e-01, total loss: 1.0808e+00, Error u,v: 2.1596e-02, 1.3704e-02
It: 2300, Time: 2.48, mse_0: 3.0612e-01, mse_f: 6.3231e-01, total loss: 9.5341e-01, Error u,v: 2.0143e-02, 1.2930e-02
It: 2400, Time: 2.41, mse_0: 2.6711e-01, mse_f: 5.5677e-01, total loss: 8.3765e-01, Error u,v: 1.8729e-02, 1.2159e-02
It: 2500, Time: 2.51, mse_0: 2.3069e-01, mse_f: 4.9010e-01, total loss: 7.3339e-01, Error u,v: 1.7328e-02, 1.1384e-02
It: 2600, Time: 2.49, mse_0: 1.9749e-01, mse_f: 4.3158e-01, total loss: 6.4057e-01, Error u,v: 1.5974e-02, 1.0608e-02
It: 2700, Time: 2.55, mse_0: 1.6781e-01, mse_f: 3.8074e-01, total loss: 5.5895e-01, Error u,v: 1.4665e-02, 9.8435e-03
It: 2800, Time: 2.34, mse_0: 4.4353e-01, mse_f: 5.4570e-01, total loss: 1.7335e+00, Error u,v: 1.3642e-02, 9.7866e-03
It: 2900, Time: 2.25, mse_0: 4.1393e-01, mse_f: 4.7920e-01, total loss: 1.6598e+00, Error u,v: 1.3747e-02, 1.1803e-02
It: 3000, Time: 2.33, mse_0: 2.2930e-01, mse_f: 3.4929e-01, total loss: 9.0461e-01, Error u,v: 1.1776e-02, 8.5129e-03
It: 3100, Time: 2.41, mse_0: 1.9054e-01, mse_f: 2.9191e-01, total loss: 7.0968e-01, Error u,v: 1.1012e-02, 7.8682e-03
It: 3200, Time: 2.58, mse_0: 1.0659e-01, mse_f: 2.4010e-01, total loss: 4.2964e-01, Error u,v: 9.7993e-03, 7.0178e-03
It: 3300, Time: 2.61, mse_0: 8.2386e-02, mse_f: 2.1288e-01, total loss: 3.3242e-01, Error u,v: 9.0239e-03, 6.4415e-03
It: 3400, Time: 2.64, mse_0: 5.9228e-02, mse_f: 1.8782e-01, total loss: 2.5592e-01, Error u,v: 8.1817e-03, 5.8973e-03
It: 3500, Time: 2.62, mse_0: 5.0311e-02, mse_f: 1.7179e-01, total loss: 2.3109e-01, Error u,v: 7.4389e-03, 5.3864e-03
It: 3600, Time: 2.42, mse_0: 4.0973e-02, mse_f: 1.5633e-01, total loss: 2.0172e-01, Error u,v: 6.7561e-03, 4.9498e-03
It: 3700, Time: 2.60, mse_0: 3.4818e-02, mse_f: 1.4326e-01, total loss: 1.8222e-01, Error u,v: 6.1491e-03, 4.5542e-03
It: 3800, Time: 2.33, mse_0: 2.9627e-02, mse_f: 1.3165e-01, total loss: 1.6730e-01, Error u,v: 5.6285e-03, 4.2463e-03
It: 3900, Time: 2.31, mse_0: 8.3008e-01, mse_f: 3.8578e-01, total loss: 3.4381e+00, Error u,v: 6.5832e-03, 5.5660e-03
It: 4000, Time: 2.27, mse_0: 2.1666e-01, mse_f: 1.4408e-01, total loss: 8.8747e-01, Error u,v: 7.1751e-03, 6.0613e-03
It: 4100, Time: 2.26, mse_0: 6.2555e-02, mse_f: 1.1304e-01, total loss: 2.8994e-01, Error u,v: 5.8040e-03, 4.7285e-03
It: 4200, Time: 2.23, mse_0: 2.2001e-02, mse_f: 1.0156e-01, total loss: 1.2748e-01, Error u,v: 4.7027e-03, 4.0587e-03
It: 4300, Time: 2.29, mse_0: 3.0874e-02, mse_f: 1.0548e-01, total loss: 1.7539e-01, Error u,v: 4.3502e-03, 3.3084e-03
It: 4400, Time: 2.41, mse_0: 1.5968e-02, mse_f: 8.8080e-02, total loss: 1.0896e-01, Error u,v: 3.8924e-03, 3.2090e-03
It: 4500, Time: 2.26, mse_0: 1.5857e-02, mse_f: 8.2640e-02, total loss: 1.0630e-01, Error u,v: 3.5310e-03, 2.8746e-03
It: 4600, Time: 2.23, mse_0: 1.3139e-02, mse_f: 7.7085e-02, total loss: 9.4910e-02, Error u,v: 3.2718e-03, 2.6686e-03
It: 4700, Time: 2.27, mse_0: 1.1279e-02, mse_f: 7.1277e-02, total loss: 8.5881e-02, Error u,v: 3.0562e-03, 2.5209e-03
It: 4800, Time: 2.32, mse_0: 1.2916e-02, mse_f: 6.6790e-02, total loss: 8.8240e-02, Error u,v: 2.8987e-03, 2.4182e-03
It: 4900, Time: 2.57, mse_0: 1.1354e-01, mse_f: 7.3338e-01, total loss: 1.0613e+00, Error u,v: 4.2191e-03, 2.7767e-03
It: 5000, Time: 2.27, mse_0: 2.5376e-02, mse_f: 9.1357e-02, total loss: 1.4838e-01, Error u,v: 3.2787e-03, 4.0363e-03
It: 5100, Time: 2.25, mse_0: 2.5863e-02, mse_f: 1.3130e-01, total loss: 2.3932e-01, Error u,v: 3.0128e-03, 2.5358e-03
It: 5200, Time: 2.31, mse_0: 1.6164e-02, mse_f: 1.1413e-01, total loss: 1.5554e-01, Error u,v: 2.7317e-03, 2.2705e-03
It: 5300, Time: 2.34, mse_0: 1.5602e-02, mse_f: 8.9481e-02, total loss: 1.2362e-01, Error u,v: 2.4552e-03, 2.3731e-03
It: 5400, Time: 2.59, mse_0: 2.5488e-02, mse_f: 5.3701e-02, total loss: 1.4062e-01, Error u,v: 2.7062e-03, 2.1962e-03
It: 5500, Time: 2.22, mse_0: 1.5548e-01, mse_f: 9.3686e-02, total loss: 6.8748e-01, Error u,v: 4.1820e-03, 3.8191e-03
It: 5600, Time: 2.36, mse_0: 5.5842e-02, mse_f: 5.2178e-02, total loss: 2.6489e-01, Error u,v: 2.7290e-03, 2.6069e-03
It: 5700, Time: 2.34, mse_0: 2.3507e-02, mse_f: 5.0243e-02, total loss: 1.2887e-01, Error u,v: 2.2469e-03, 2.0087e-03
It: 5800, Time: 2.58, mse_0: 7.3477e-02, mse_f: 6.2290e-02, total loss: 3.3780e-01, Error u,v: 3.5761e-03, 3.7618e-03
It: 5900, Time: 2.58, mse_0: 3.4121e-02, mse_f: 5.1150e-02, total loss: 1.7292e-01, Error u,v: 2.9741e-03, 2.8455e-03
It: 6000, Time: 2.77, mse_0: 1.4530e-01, mse_f: 7.6413e-02, total loss: 6.2523e-01, Error u,v: 4.0377e-03, 4.0288e-03
It: 6100, Time: 2.36, mse_0: 1.9720e-01, mse_f: 2.1302e-01, total loss: 8.9128e-01, Error u,v: 4.0849e-03, 4.2053e-03
It: 6200, Time: 2.39, mse_0: 1.3168e-01, mse_f: 6.4246e-02, total loss: 5.5411e-01, Error u,v: 3.5262e-03, 3.5073e-03
It: 6300, Time: 2.49, mse_0: 8.6446e-02, mse_f: 1.0591e-01, total loss: 4.0947e-01, Error u,v: 3.4015e-03, 3.3673e-03
It: 6400, Time: 2.32, mse_0: 6.7778e-02, mse_f: 1.1041e-01, total loss: 3.4833e-01, Error u,v: 3.0457e-03, 3.3562e-03
It: 6500, Time: 2.59, mse_0: 3.1828e-02, mse_f: 1.1953e-01, total loss: 1.9436e-01, Error u,v: 2.1854e-03, 2.3410e-03
It: 6600, Time: 2.65, mse_0: 1.1264e-01, mse_f: 7.4649e-02, total loss: 4.6519e-01, Error u,v: 3.5096e-03, 3.3780e-03
It: 6700, Time: 2.66, mse_0: 1.3092e-01, mse_f: 1.4356e-01, total loss: 5.8178e-01, Error u,v: 3.0359e-03, 3.0631e-03
It: 6800, Time: 2.52, mse_0: 4.7174e-02, mse_f: 1.3151e-01, total loss: 2.7793e-01, Error u,v: 1.7330e-03, 2.0645e-03
It: 6900, Time: 2.30, mse_0: 1.5143e-01, mse_f: 1.5583e-01, total loss: 6.7862e-01, Error u,v: 3.7365e-03, 3.8396e-03
It: 7000, Time: 2.41, mse_0: 7.4616e-02, mse_f: 1.5366e-01, total loss: 3.8752e-01, Error u,v: 2.8381e-03, 3.0810e-03
It: 7100, Time: 2.24, mse_0: 3.7297e-02, mse_f: 1.1229e-01, total loss: 2.0724e-01, Error u,v: 2.1198e-03, 2.2314e-03
It: 7200, Time: 2.35, mse_0: 2.9206e-02, mse_f: 1.0131e-01, total loss: 1.7845e-01, Error u,v: 1.3393e-03, 1.9382e-03
It: 7300, Time: 2.41, mse_0: 2.3217e-02, mse_f: 3.6039e-02, total loss: 1.3378e-01, Error u,v: 1.5031e-03, 1.6600e-03
It: 7400, Time: 2.54, mse_0: 2.7516e-02, mse_f: 1.0161e-01, total loss: 1.6726e-01, Error u,v: 2.3281e-03, 1.8112e-03
It: 7500, Time: 2.51, mse_0: 1.2333e-01, mse_f: 3.0225e-01, total loss: 7.5009e-01, Error u,v: 3.5421e-03, 3.1716e-03
It: 7600, Time: 2.46, mse_0: 3.0250e-02, mse_f: 8.1772e-02, total loss: 1.6641e-01, Error u,v: 1.2441e-03, 1.4726e-03
It: 7700, Time: 2.54, mse_0: 1.9849e-01, mse_f: 3.7727e-02, total loss: 8.4724e-01, Error u,v: 5.0905e-03, 4.1600e-03
It: 7800, Time: 2.50, mse_0: 7.5050e-02, mse_f: 2.4163e-02, total loss: 3.3767e-01, Error u,v: 2.7522e-03, 2.2230e-03
It: 7900, Time: 2.66, mse_0: 3.9024e-02, mse_f: 6.5321e-02, total loss: 1.9174e-01, Error u,v: 2.0447e-03, 2.3351e-03
It: 8000, Time: 2.63, mse_0: 3.8375e-01, mse_f: 8.6082e-02, total loss: 1.5486e+00, Error u,v: 6.1857e-03, 6.1949e-03
It: 8100, Time: 2.45, mse_0: 6.6423e-02, mse_f: 1.7426e-01, total loss: 3.4019e-01, Error u,v: 2.3464e-03, 2.5457e-03
It: 8200, Time: 2.51, mse_0: 6.4496e-02, mse_f: 6.3704e-02, total loss: 2.7854e-01, Error u,v: 2.0288e-03, 2.4360e-03
It: 8300, Time: 2.48, mse_0: 8.4366e-03, mse_f: 2.2240e-02, total loss: 5.6139e-02, Error u,v: 1.2043e-03, 1.0327e-03
It: 8400, Time: 2.48, mse_0: 8.2400e-02, mse_f: 5.3886e-02, total loss: 3.5216e-01, Error u,v: 3.5415e-03, 3.1583e-03
It: 8500, Time: 2.48, mse_0: 5.2783e-02, mse_f: 1.5193e-01, total loss: 3.0445e-01, Error u,v: 1.8899e-03, 2.2976e-03
It: 8600, Time: 2.48, mse_0: 5.9648e-01, mse_f: 4.2342e-01, total loss: 2.5902e+00, Error u,v: 7.1882e-03, 6.7080e-03
It: 8700, Time: 2.29, mse_0: 8.8855e-02, mse_f: 1.6947e-01, total loss: 6.3292e-01, Error u,v: 4.7416e-03, 1.3840e-03
It: 8800, Time: 2.51, mse_0: 3.4377e-02, mse_f: 1.5397e-01, total loss: 2.4522e-01, Error u,v: 2.1548e-03, 1.0823e-03
It: 8900, Time: 2.55, mse_0: 4.3972e-02, mse_f: 1.5844e-01, total loss: 2.5266e-01, Error u,v: 1.7594e-03, 2.2662e-03
It: 9000, Time: 2.60, mse_0: 3.8351e-02, mse_f: 9.6499e-02, total loss: 1.7835e-01, Error u,v: 1.1809e-03, 1.4176e-03
It: 9100, Time: 2.51, mse_0: 2.7177e-02, mse_f: 1.7600e-02, total loss: 1.2706e-01, Error u,v: 1.8174e-03, 1.6622e-03
It: 9200, Time: 2.61, mse_0: 2.1127e-02, mse_f: 6.2670e-02, total loss: 1.0635e-01, Error u,v: 1.5347e-03, 1.1068e-03
It: 9300, Time: 2.49, mse_0: 5.2307e-02, mse_f: 1.0682e-01, total loss: 2.5948e-01, Error u,v: 2.0782e-03, 2.2133e-03
It: 9400, Time: 2.44, mse_0: 9.0200e-02, mse_f: 3.2132e-02, total loss: 3.6035e-01, Error u,v: 2.6194e-03, 2.3316e-03
It: 9500, Time: 2.56, mse_0: 9.4656e-02, mse_f: 2.8419e-02, total loss: 4.0094e-01, Error u,v: 3.2283e-03, 3.0856e-03
It: 9600, Time: 2.88, mse_0: 3.5690e-02, mse_f: 1.2520e-01, total loss: 2.0215e-01, Error u,v: 9.0150e-04, 1.2446e-03
It: 9700, Time: 2.50, mse_0: 1.0131e-01, mse_f: 5.2590e-02, total loss: 4.1747e-01, Error u,v: 2.7533e-03, 2.6884e-03
It: 9800, Time: 2.42, mse_0: 5.0836e-02, mse_f: 9.0419e-02, total loss: 2.5582e-01, Error u,v: 1.5830e-03, 1.5793e-03
It: 9900, Time: 2.41, mse_0: 8.4580e-02, mse_f: 7.6299e-02, total loss: 3.8062e-01, Error u,v: 2.7813e-03, 2.1410e-03
It: 10000, Time: 2.50, mse_0: 6.3132e-02, mse_f: 4.7574e-02, total loss: 2.7850e-01, Error u,v: 2.4804e-03, 2.4624e-03
It: 10100, Time: 3.01, mse_0: 3.0511e-02, mse_f: 6.2974e-02, total loss: 1.6344e-01, Error u,v: 2.1133e-03, 2.0366e-03
It: 10200, Time: 3.05, mse_0: 2.8480e-02, mse_f: 1.0484e-01, total loss: 1.7371e-01, Error u,v: 1.5885e-03, 1.7908e-03
It: 10300, Time: 2.65, mse_0: 1.5079e-02, mse_f: 2.6467e-02, total loss: 7.9023e-02, Error u,v: 9.0842e-04, 1.1054e-03
It: 10400, Time: 2.69, mse_0: 6.6712e-02, mse_f: 4.3634e-02, total loss: 2.9926e-01, Error u,v: 2.7064e-03, 2.7174e-03
It: 10500, Time: 2.33, mse_0: 3.8195e-02, mse_f: 6.7546e-02, total loss: 1.8095e-01, Error u,v: 1.1346e-03, 1.1530e-03
It: 10600, Time: 2.36, mse_0: 9.9539e-02, mse_f: 5.6496e-02, total loss: 4.3948e-01, Error u,v: 3.2997e-03, 2.7326e-03
It: 10700, Time: 2.52, mse_0: 6.0805e-02, mse_f: 1.1917e-01, total loss: 3.1748e-01, Error u,v: 2.4052e-03, 2.4837e-03
It: 10800, Time: 2.39, mse_0: 3.2916e-02, mse_f: 1.9994e-02, total loss: 1.4449e-01, Error u,v: 1.2840e-03, 1.3842e-03
It: 10900, Time: 2.29, mse_0: 8.3185e-02, mse_f: 1.2145e-01, total loss: 3.9927e-01, Error u,v: 2.4944e-03, 2.9567e-03
It: 11000, Time: 2.53, mse_0: 1.7209e-02, mse_f: 2.7929e-02, total loss: 9.1830e-02, Error u,v: 8.5960e-04, 7.5664e-04
It: 11100, Time: 3.01, mse_0: 4.8842e-02, mse_f: 3.6371e-02, total loss: 2.4489e-01, Error u,v: 3.1616e-03, 2.1955e-03
It: 11200, Time: 2.83, mse_0: 8.2545e-02, mse_f: 9.0206e-02, total loss: 4.1262e-01, Error u,v: 3.1578e-03, 2.1928e-03
It: 11300, Time: 2.56, mse_0: 5.0031e-02, mse_f: 7.6210e-02, total loss: 2.3335e-01, Error u,v: 2.5938e-03, 2.1999e-03
It: 11400, Time: 2.19, mse_0: 8.5141e-02, mse_f: 1.0818e-01, total loss: 4.0117e-01, Error u,v: 2.7911e-03, 2.3886e-03
It: 11500, Time: 2.31, mse_0: 6.4149e-02, mse_f: 1.0716e-01, total loss: 3.1635e-01, Error u,v: 2.4011e-03, 2.6246e-03
It: 11600, Time: 2.57, mse_0: 1.5811e-02, mse_f: 2.8914e-02, total loss: 7.8000e-02, Error u,v: 9.3783e-04, 5.5092e-04
It: 11700, Time: 2.61, mse_0: 7.0355e-03, mse_f: 3.8495e-02, total loss: 5.9912e-02, Error u,v: 1.6862e-03, 9.0844e-04
It: 11800, Time: 2.32, mse_0: 7.7056e-02, mse_f: 5.9823e-02, total loss: 3.5682e-01, Error u,v: 2.5177e-03, 2.5660e-03
It: 11900, Time: 2.42, mse_0: 2.7756e-02, mse_f: 9.1399e-02, total loss: 1.5407e-01, Error u,v: 9.1367e-04, 1.1867e-03
It: 12000, Time: 2.49, mse_0: 9.2060e-02, mse_f: 4.4311e-02, total loss: 3.7926e-01, Error u,v: 2.5275e-03, 2.7491e-03
It: 12100, Time: 2.44, mse_0: 6.9631e-02, mse_f: 5.2084e-02, total loss: 2.9631e-01, Error u,v: 2.4719e-03, 2.5334e-03
It: 12200, Time: 2.55, mse_0: 2.9929e-02, mse_f: 7.0958e-02, total loss: 1.4847e-01, Error u,v: 7.9824e-04, 1.7839e-03
It: 12300, Time: 2.40, mse_0: 2.7326e-02, mse_f: 7.2765e-02, total loss: 1.5957e-01, Error u,v: 2.1522e-03, 1.6582e-03
It: 12400, Time: 2.50, mse_0: 3.4898e-02, mse_f: 1.7991e-02, total loss: 1.5331e-01, Error u,v: 1.7934e-03, 1.3654e-03
It: 12500, Time: 2.23, mse_0: 9.2797e-02, mse_f: 7.9812e-02, total loss: 4.0426e-01, Error u,v: 2.6058e-03, 3.0033e-03
It: 12600, Time: 2.25, mse_0: 2.3956e-02, mse_f: 9.3927e-02, total loss: 1.4552e-01, Error u,v: 1.1444e-03, 1.3692e-03
It: 12700, Time: 2.25, mse_0: 6.7466e-02, mse_f: 3.8641e-02, total loss: 2.8462e-01, Error u,v: 2.7913e-03, 2.4569e-03
It: 12800, Time: 2.34, mse_0: 1.5937e-02, mse_f: 8.9825e-02, total loss: 1.2483e-01, Error u,v: 1.4679e-03, 9.7584e-04
It: 12900, Time: 2.80, mse_0: 7.0942e-02, mse_f: 4.6775e-02, total loss: 2.9699e-01, Error u,v: 2.0462e-03, 2.4109e-03
It: 13000, Time: 2.48, mse_0: 4.8060e-02, mse_f: 1.0199e-01, total loss: 2.3933e-01, Error u,v: 2.0198e-03, 2.0155e-03
It: 13100, Time: 2.33, mse_0: 5.7676e-02, mse_f: 6.3952e-02, total loss: 2.6946e-01, Error u,v: 2.0197e-03, 1.7644e-03
It: 13200, Time: 2.28, mse_0: 4.8725e-02, mse_f: 7.1579e-02, total loss: 2.1960e-01, Error u,v: 2.1839e-03, 2.1328e-03
It: 13300, Time: 2.72, mse_0: 5.0172e-02, mse_f: 5.0548e-02, total loss: 2.3846e-01, Error u,v: 2.0231e-03, 1.6655e-03
It: 13400, Time: 2.60, mse_0: 4.1549e-02, mse_f: 3.9193e-02, total loss: 1.8382e-01, Error u,v: 2.0446e-03, 2.4157e-03
It: 13500, Time: 2.48, mse_0: 4.9907e-02, mse_f: 1.0221e-01, total loss: 2.5436e-01, Error u,v: 1.3696e-03, 1.6465e-03
It: 13600, Time: 2.31, mse_0: 4.7073e-02, mse_f: 4.2119e-02, total loss: 2.2151e-01, Error u,v: 2.7041e-03, 2.1327e-03
It: 13700, Time: 2.49, mse_0: 2.3288e-02, mse_f: 1.5012e-02, total loss: 1.1903e-01, Error u,v: 1.5786e-03, 1.1986e-03
It: 13800, Time: 2.55, mse_0: 6.9731e-02, mse_f: 4.7371e-02, total loss: 2.9083e-01, Error u,v: 2.7126e-03, 2.4513e-03
It: 13900, Time: 2.97, mse_0: 2.2836e-02, mse_f: 8.5194e-02, total loss: 1.6033e-01, Error u,v: 1.2126e-03, 1.1581e-03
It: 14000, Time: 2.72, mse_0: 8.2883e-02, mse_f: 7.3581e-02, total loss: 3.6326e-01, Error u,v: 2.9198e-03, 2.5330e-03
It: 14100, Time: 2.24, mse_0: 2.1782e-02, mse_f: 7.8286e-02, total loss: 1.2502e-01, Error u,v: 5.9564e-04, 1.5051e-03
It: 14200, Time: 2.29, mse_0: 8.2909e-02, mse_f: 8.7055e-02, total loss: 3.9616e-01, Error u,v: 3.2473e-03, 2.2438e-03
It: 14300, Time: 2.24, mse_0: 1.4103e-02, mse_f: 4.1142e-02, total loss: 7.3010e-02, Error u,v: 1.1751e-03, 1.0334e-03
It: 14400, Time: 2.11, mse_0: 5.5631e-02, mse_f: 1.8802e-02, total loss: 2.4953e-01, Error u,v: 2.5006e-03, 1.9434e-03
It: 14500, Time: 2.25, mse_0: 4.4530e-02, mse_f: 6.1448e-02, total loss: 2.0163e-01, Error u,v: 1.9057e-03, 2.2488e-03
It: 14600, Time: 2.30, mse_0: 3.4453e-02, mse_f: 8.5631e-02, total loss: 1.8495e-01, Error u,v: 1.2748e-03, 1.3554e-03
It: 14700, Time: 2.35, mse_0: 8.7925e-02, mse_f: 6.9577e-02, total loss: 3.6578e-01, Error u,v: 2.3381e-03, 2.7353e-03
It: 14800, Time: 2.54, mse_0: 8.3256e-03, mse_f: 3.0398e-02, total loss: 6.2398e-02, Error u,v: 1.2735e-03, 1.1132e-03
It: 14900, Time: 2.27, mse_0: 4.7815e-02, mse_f: 2.1422e-02, total loss: 1.9531e-01, Error u,v: 1.4976e-03, 2.0126e-03
It: 15000, Time: 2.45, mse_0: 5.6093e-02, mse_f: 7.2766e-02, total loss: 2.8107e-01, Error u,v: 2.5040e-03, 2.3585e-03
starting L-BFGS training
It: 100, Time: 3.38, mse_0: 8.0951e-04, mse_f: 1.1633e-02, total loss: 1.2681e-02, Error u,v: 6.3498e-04, 5.5789e-04
It: 200, Time: 3.78, mse_0: 3.4999e-04, mse_f: 7.3414e-03, total loss: 7.8166e-03, Error u,v: 4.4187e-04, 3.0429e-04
It: 300, Time: 3.85, mse_0: 2.7811e-04, mse_f: 6.7079e-03, total loss: 7.0931e-03, Error u,v: 2.7846e-04, 2.4052e-04
It: 400, Time: 3.96, mse_0: 2.8088e-04, mse_f: 6.4420e-03, total loss: 6.8085e-03, Error u,v: 2.5875e-04, 2.2857e-04
It: 500, Time: 3.93, mse_0: 3.1744e-04, mse_f: 6.0920e-03, total loss: 6.5059e-03, Error u,v: 2.9101e-04, 2.4650e-04
It: 600, Time: 3.81, mse_0: 2.8086e-04, mse_f: 5.6784e-03, total loss: 6.0490e-03, Error u,v: 2.9870e-04, 2.4790e-04
It: 700, Time: 4.22, mse_0: 2.6942e-04, mse_f: 5.2895e-03, total loss: 5.6251e-03, Error u,v: 2.5359e-04, 2.4520e-04
It: 800, Time: 3.93, mse_0: 2.7042e-04, mse_f: 4.9648e-03, total loss: 5.3176e-03, Error u,v: 2.7023e-04, 2.5471e-04
It: 900, Time: 4.06, mse_0: 2.6793e-04, mse_f: 4.6484e-03, total loss: 4.9820e-03, Error u,v: 2.8873e-04, 2.6759e-04
It: 1000, Time: 3.79, mse_0: 2.8960e-04, mse_f: 4.4254e-03, total loss: 4.7715e-03, Error u,v: 2.8869e-04, 2.8813e-04
It: 1100, Time: 3.73, mse_0: 3.0058e-04, mse_f: 4.1992e-03, total loss: 4.5458e-03, Error u,v: 2.8287e-04, 2.7521e-04
It: 1200, Time: 3.77, mse_0: 2.8265e-04, mse_f: 3.9845e-03, total loss: 4.3214e-03, Error u,v: 2.7930e-04, 2.7856e-04
It: 1300, Time: 3.73, mse_0: 2.9431e-04, mse_f: 3.8198e-03, total loss: 4.1590e-03, Error u,v: 2.8293e-04, 2.7575e-04
It: 1400, Time: 3.69, mse_0: 3.1133e-04, mse_f: 3.6677e-03, total loss: 4.0244e-03, Error u,v: 3.0355e-04, 2.8547e-04
It: 1500, Time: 3.72, mse_0: 3.2356e-04, mse_f: 3.4739e-03, total loss: 3.8436e-03, Error u,v: 2.9694e-04, 2.8667e-04
It: 1600, Time: 3.81, mse_0: 2.8950e-04, mse_f: 3.3617e-03, total loss: 3.6937e-03, Error u,v: 2.8557e-04, 2.7475e-04
It: 1700, Time: 3.72, mse_0: 2.6723e-04, mse_f: 3.3047e-03, total loss: 3.6246e-03, Error u,v: 2.6211e-04, 2.6764e-04
It: 1800, Time: 3.85, mse_0: 2.1836e-04, mse_f: 3.1907e-03, total loss: 3.4581e-03, Error u,v: 2.6308e-04, 2.5905e-04
It: 1900, Time: 3.77, mse_0: 2.1897e-04, mse_f: 3.0233e-03, total loss: 3.2978e-03, Error u,v: 2.8593e-04, 2.6210e-04
It: 2000, Time: 3.62, mse_0: 2.0962e-04, mse_f: 2.8523e-03, total loss: 3.1266e-03, Error u,v: 2.9442e-04, 2.5559e-04
It: 2100, Time: 3.82, mse_0: 2.1355e-04, mse_f: 2.7236e-03, total loss: 2.9774e-03, Error u,v: 2.9380e-04, 2.5025e-04
It: 2200, Time: 3.72, mse_0: 1.8918e-04, mse_f: 2.6597e-03, total loss: 2.8806e-03, Error u,v: 2.5272e-04, 2.3540e-04
It: 2300, Time: 3.77, mse_0: 1.8779e-04, mse_f: 2.5569e-03, total loss: 2.7856e-03, Error u,v: 2.4068e-04, 2.2854e-04
It: 2400, Time: 3.84, mse_0: 1.8805e-04, mse_f: 2.4527e-03, total loss: 2.6743e-03, Error u,v: 2.2095e-04, 2.1829e-04
It: 2500, Time: 3.95, mse_0: 1.9454e-04, mse_f: 2.3593e-03, total loss: 2.5873e-03, Error u,v: 2.1358e-04, 2.2140e-04
It: 2600, Time: 4.11, mse_0: 1.8868e-04, mse_f: 2.2952e-03, total loss: 2.5111e-03, Error u,v: 2.1601e-04, 2.2094e-04
It: 2700, Time: 4.45, mse_0: 1.8302e-04, mse_f: 2.1939e-03, total loss: 2.3964e-03, Error u,v: 2.0809e-04, 2.2115e-04
It: 2800, Time: 3.99, mse_0: 1.7653e-04, mse_f: 2.1273e-03, total loss: 2.3259e-03, Error u,v: 2.2054e-04, 2.2606e-04
It: 2900, Time: 4.02, mse_0: 1.6589e-04, mse_f: 2.0493e-03, total loss: 2.2452e-03, Error u,v: 2.2326e-04, 2.2150e-04
It: 3000, Time: 4.51, mse_0: 1.6336e-04, mse_f: 1.9577e-03, total loss: 2.1447e-03, Error u,v: 2.1597e-04, 2.3106e-04
It: 3100, Time: 4.04, mse_0: 1.4844e-04, mse_f: 1.9071e-03, total loss: 2.0781e-03, Error u,v: 2.0968e-04, 2.2778e-04
It: 3200, Time: 4.22, mse_0: 1.4614e-04, mse_f: 1.8471e-03, total loss: 2.0214e-03, Error u,v: 2.1404e-04, 2.1675e-04
It: 3300, Time: 4.07, mse_0: 1.4184e-04, mse_f: 1.7758e-03, total loss: 1.9449e-03, Error u,v: 2.1703e-04, 2.0671e-04
It: 3400, Time: 3.87, mse_0: 1.5053e-04, mse_f: 1.6549e-03, total loss: 1.8396e-03, Error u,v: 1.9804e-04, 1.8801e-04
It: 3500, Time: 3.99, mse_0: 1.4684e-04, mse_f: 1.5685e-03, total loss: 1.7472e-03, Error u,v: 1.8845e-04, 1.8751e-04
It: 3600, Time: 3.84, mse_0: 1.4457e-04, mse_f: 1.5141e-03, total loss: 1.6885e-03, Error u,v: 1.8603e-04, 1.9117e-04
It: 3700, Time: 4.09, mse_0: 1.3721e-04, mse_f: 1.4727e-03, total loss: 1.6409e-03, Error u,v: 1.8423e-04, 1.8628e-04
It: 3800, Time: 4.08, mse_0: 1.4102e-04, mse_f: 1.4185e-03, total loss: 1.5927e-03, Error u,v: 1.9304e-04, 1.9379e-04
It: 3900, Time: 3.92, mse_0: 1.3244e-04, mse_f: 1.3786e-03, total loss: 1.5513e-03, Error u,v: 1.9427e-04, 1.9846e-04
It: 4000, Time: 4.04, mse_0: 1.2069e-04, mse_f: 1.3592e-03, total loss: 1.5160e-03, Error u,v: 1.8487e-04, 1.9418e-04
It: 4100, Time: 3.86, mse_0: 1.2335e-04, mse_f: 1.3093e-03, total loss: 1.4656e-03, Error u,v: 1.9456e-04, 1.9367e-04
It: 4200, Time: 3.75, mse_0: 1.1100e-04, mse_f: 1.2696e-03, total loss: 1.4111e-03, Error u,v: 1.7110e-04, 1.8431e-04
It: 4300, Time: 4.06, mse_0: 1.1300e-04, mse_f: 1.2441e-03, total loss: 1.3790e-03, Error u,v: 1.6801e-04, 1.8764e-04
It: 4400, Time: 3.85, mse_0: 1.1032e-04, mse_f: 1.2091e-03, total loss: 1.3423e-03, Error u,v: 1.5700e-04, 1.8325e-04
It: 4500, Time: 3.81, mse_0: 1.0786e-04, mse_f: 1.1810e-03, total loss: 1.3085e-03, Error u,v: 1.5569e-04, 1.8444e-04
It: 4600, Time: 3.75, mse_0: 1.0715e-04, mse_f: 1.1514e-03, total loss: 1.2766e-03, Error u,v: 1.5725e-04, 1.8533e-04
It: 4700, Time: 3.70, mse_0: 1.0368e-04, mse_f: 1.1225e-03, total loss: 1.2460e-03, Error u,v: 1.5903e-04, 1.8513e-04
It: 4800, Time: 3.70, mse_0: 1.0140e-04, mse_f: 1.1076e-03, total loss: 1.2300e-03, Error u,v: 1.5820e-04, 1.8518e-04
It: 4900, Time: 3.91, mse_0: 1.0051e-04, mse_f: 1.0902e-03, total loss: 1.2116e-03, Error u,v: 1.5539e-04, 1.8742e-04
It: 5000, Time: 4.01, mse_0: 9.6309e-05, mse_f: 1.0685e-03, total loss: 1.1863e-03, Error u,v: 1.5501e-04, 1.8759e-04
It: 5100, Time: 3.95, mse_0: 9.5737e-05, mse_f: 1.0490e-03, total loss: 1.1612e-03, Error u,v: 1.6126e-04, 1.8582e-04
It: 5200, Time: 3.98, mse_0: 9.6250e-05, mse_f: 1.0287e-03, total loss: 1.1394e-03, Error u,v: 1.6014e-04, 1.8733e-04
It: 5300, Time: 3.92, mse_0: 9.3381e-05, mse_f: 1.0033e-03, total loss: 1.1111e-03, Error u,v: 1.5399e-04, 1.8547e-04
It: 5400, Time: 4.06, mse_0: 8.7576e-05, mse_f: 9.8391e-04, total loss: 1.0858e-03, Error u,v: 1.5903e-04, 1.8518e-04
It: 5500, Time: 4.28, mse_0: 8.0771e-05, mse_f: 9.7011e-04, total loss: 1.0652e-03, Error u,v: 1.5425e-04, 1.8354e-04
It: 5600, Time: 4.25, mse_0: 7.9786e-05, mse_f: 9.5299e-04, total loss: 1.0485e-03, Error u,v: 1.5719e-04, 1.8337e-04
It: 5700, Time: 4.17, mse_0: 7.6080e-05, mse_f: 9.2471e-04, total loss: 1.0203e-03, Error u,v: 1.5689e-04, 1.7953e-04
It: 5800, Time: 4.07, mse_0: 7.8803e-05, mse_f: 9.0183e-04, total loss: 9.9615e-04, Error u,v: 1.5094e-04, 1.7073e-04
It: 5900, Time: 4.12, mse_0: 7.6411e-05, mse_f: 8.7904e-04, total loss: 9.6920e-04, Error u,v: 1.5067e-04, 1.7041e-04
It: 6000, Time: 4.55, mse_0: 7.7384e-05, mse_f: 8.6575e-04, total loss: 9.5560e-04, Error u,v: 1.5092e-04, 1.6798e-04
It: 6100, Time: 4.12, mse_0: 7.4175e-05, mse_f: 8.5225e-04, total loss: 9.3722e-04, Error u,v: 1.5168e-04, 1.6698e-04
It: 6200, Time: 4.23, mse_0: 7.6208e-05, mse_f: 8.3665e-04, total loss: 9.2279e-04, Error u,v: 1.5694e-04, 1.6691e-04
It: 6300, Time: 4.21, mse_0: 7.5666e-05, mse_f: 8.2079e-04, total loss: 9.0690e-04, Error u,v: 1.6110e-04, 1.6678e-04
It: 6400, Time: 3.96, mse_0: 7.9160e-05, mse_f: 8.0193e-04, total loss: 8.9082e-04, Error u,v: 1.6091e-04, 1.6787e-04
It: 6500, Time: 4.06, mse_0: 7.9513e-05, mse_f: 7.8566e-04, total loss: 8.7201e-04, Error u,v: 1.5598e-04, 1.6855e-04
It: 6600, Time: 4.18, mse_0: 7.9135e-05, mse_f: 7.6788e-04, total loss: 8.5312e-04, Error u,v: 1.5245e-04, 1.6786e-04
It: 6700, Time: 4.26, mse_0: 7.7537e-05, mse_f: 7.5797e-04, total loss: 8.4277e-04, Error u,v: 1.4856e-04, 1.6837e-04
It: 6800, Time: 4.04, mse_0: 7.8129e-05, mse_f: 7.4332e-04, total loss: 8.2913e-04, Error u,v: 1.4680e-04, 1.6918e-04
It: 6900, Time: 4.00, mse_0: 7.1696e-05, mse_f: 7.3166e-04, total loss: 8.1229e-04, Error u,v: 1.4807e-04, 1.6884e-04
It: 7000, Time: 3.98, mse_0: 7.0515e-05, mse_f: 7.1745e-04, total loss: 7.9730e-04, Error u,v: 1.5209e-04, 1.6812e-04
It: 7100, Time: 4.28, mse_0: 7.0643e-05, mse_f: 7.0820e-04, total loss: 7.8795e-04, Error u,v: 1.4662e-04, 1.6625e-04
It: 7200, Time: 3.98, mse_0: 6.9513e-05, mse_f: 6.9541e-04, total loss: 7.7472e-04, Error u,v: 1.4035e-04, 1.6289e-04
It: 7300, Time: 4.00, mse_0: 6.7044e-05, mse_f: 6.7329e-04, total loss: 7.5169e-04, Error u,v: 1.3359e-04, 1.5659e-04
It: 7400, Time: 3.99, mse_0: 7.0067e-05, mse_f: 6.6071e-04, total loss: 7.4172e-04, Error u,v: 1.3069e-04, 1.5212e-04
It: 7500, Time: 3.91, mse_0: 6.7822e-05, mse_f: 6.5131e-04, total loss: 7.3048e-04, Error u,v: 1.3397e-04, 1.5207e-04
It: 7600, Time: 3.85, mse_0: 6.9812e-05, mse_f: 6.3096e-04, total loss: 7.1280e-04, Error u,v: 1.3679e-04, 1.4666e-04
It: 7700, Time: 3.91, mse_0: 6.6088e-05, mse_f: 6.2362e-04, total loss: 7.0035e-04, Error u,v: 1.2864e-04, 1.4269e-04
It: 7800, Time: 3.85, mse_0: 6.6198e-05, mse_f: 6.1297e-04, total loss: 6.8938e-04, Error u,v: 1.1943e-04, 1.3887e-04
It: 7900, Time: 3.74, mse_0: 6.3376e-05, mse_f: 6.0047e-04, total loss: 6.7529e-04, Error u,v: 1.1121e-04, 1.3470e-04
It: 8000, Time: 3.83, mse_0: 6.2211e-05, mse_f: 5.9072e-04, total loss: 6.6367e-04, Error u,v: 1.1130e-04, 1.3179e-04
It: 8100, Time: 3.90, mse_0: 6.0999e-05, mse_f: 5.7941e-04, total loss: 6.5113e-04, Error u,v: 1.1051e-04, 1.2683e-04
It: 8200, Time: 3.87, mse_0: 5.8085e-05, mse_f: 5.7578e-04, total loss: 6.4441e-04, Error u,v: 1.0934e-04, 1.2496e-04
It: 8300, Time: 3.79, mse_0: 5.7173e-05, mse_f: 5.7291e-04, total loss: 6.3984e-04, Error u,v: 1.0419e-04, 1.2295e-04
It: 8400, Time: 3.87, mse_0: 5.5581e-05, mse_f: 5.6994e-04, total loss: 6.3552e-04, Error u,v: 1.0055e-04, 1.2131e-04
It: 8500, Time: 3.88, mse_0: 5.2987e-05, mse_f: 5.6425e-04, total loss: 6.2756e-04, Error u,v: 9.6565e-05, 1.1841e-04
Error u: 9.656466e-05
Error v: 1.184059e-04
Error u: 9.656466e-05
Error v: 1.184059e-04
u_pred.shape after=  (257, 31)
NeuralNet(
  (network): Sequential(
    (0): Linear(in_features=2, out_features=48, bias=True)
    (1): Tanh()
    (2): Linear(in_features=48, out_features=48, bias=True)
    (3): Tanh()
    (4): Linear(in_features=48, out_features=48, bias=True)
    (5): Tanh()
    (6): Linear(in_features=48, out_features=48, bias=True)
    (7): Tanh()
    (8): Linear(in_features=48, out_features=2, bias=True)
  )
)
starting Adam training
It: 100, Time: 2.27, mse_0: 2.1817e+02, mse_f: 4.6565e+02, total loss: 1.5368e+03, Error u,v: 4.9237e-01, 2.8142e-01
It: 200, Time: 2.18, mse_0: 5.1075e+01, mse_f: 2.5515e+02, total loss: 4.0152e+02, Error u,v: 1.7534e-01, 2.0117e-01
It: 300, Time: 2.18, mse_0: 8.5143e+01, mse_f: 1.1967e+02, total loss: 2.5111e+02, Error u,v: 2.1872e-01, 2.2437e-01
It: 400, Time: 2.20, mse_0: 3.8104e+01, mse_f: 7.8487e+01, total loss: 1.2059e+02, Error u,v: 1.8187e-01, 2.0298e-01
It: 500, Time: 2.20, mse_0: 3.2611e+01, mse_f: 6.0608e+01, total loss: 9.5223e+01, Error u,v: 1.6452e-01, 1.8851e-01
It: 600, Time: 2.24, mse_0: 2.3803e+01, mse_f: 4.8171e+01, total loss: 7.3764e+01, Error u,v: 1.5096e-01, 1.8304e-01
It: 700, Time: 2.17, mse_0: 2.1124e+01, mse_f: 3.7454e+01, total loss: 5.9830e+01, Error u,v: 1.4133e-01, 1.7339e-01
It: 800, Time: 2.24, mse_0: 1.8441e+01, mse_f: 2.7355e+01, total loss: 4.6126e+01, Error u,v: 1.2671e-01, 1.6266e-01
It: 900, Time: 2.20, mse_0: 1.5593e+01, mse_f: 2.1829e+01, total loss: 3.7673e+01, Error u,v: 1.1547e-01, 1.4543e-01
It: 1000, Time: 2.27, mse_0: 1.2904e+01, mse_f: 1.7731e+01, total loss: 3.0911e+01, Error u,v: 1.0991e-01, 1.3658e-01
It: 1100, Time: 2.21, mse_0: 1.0539e+01, mse_f: 1.4600e+01, total loss: 2.5336e+01, Error u,v: 1.0678e-01, 1.2956e-01
It: 1200, Time: 2.32, mse_0: 9.1909e+00, mse_f: 1.1719e+01, total loss: 2.1027e+01, Error u,v: 1.0452e-01, 1.2268e-01
It: 1300, Time: 2.33, mse_0: 7.4788e+00, mse_f: 1.0762e+01, total loss: 1.8326e+01, Error u,v: 1.0114e-01, 1.1544e-01
It: 1400, Time: 2.33, mse_0: 6.5501e+00, mse_f: 9.5567e+00, total loss: 1.6178e+01, Error u,v: 9.8606e-02, 1.0942e-01
It: 1500, Time: 2.48, mse_0: 6.2226e+00, mse_f: 8.0394e+00, total loss: 1.4334e+01, Error u,v: 9.6381e-02, 1.0411e-01
It: 1600, Time: 2.39, mse_0: 5.7538e+00, mse_f: 6.9296e+00, total loss: 1.2751e+01, Error u,v: 9.3361e-02, 9.8777e-02
It: 1700, Time: 2.28, mse_0: 5.2464e+00, mse_f: 6.0773e+00, total loss: 1.1382e+01, Error u,v: 8.9997e-02, 9.3842e-02
It: 1800, Time: 2.28, mse_0: 4.6900e+00, mse_f: 5.4357e+00, total loss: 1.0176e+01, Error u,v: 8.6638e-02, 8.9243e-02
It: 1900, Time: 2.25, mse_0: 4.1999e+00, mse_f: 4.8572e+00, total loss: 9.0995e+00, Error u,v: 8.3029e-02, 8.4827e-02
It: 2000, Time: 2.41, mse_0: 3.7168e+00, mse_f: 4.3484e+00, total loss: 8.1014e+00, Error u,v: 7.9021e-02, 8.0550e-02
It: 2100, Time: 2.39, mse_0: 3.2658e+00, mse_f: 3.8666e+00, total loss: 7.1640e+00, Error u,v: 7.4947e-02, 7.6403e-02
It: 2200, Time: 2.26, mse_0: 2.8395e+00, mse_f: 3.4136e+00, total loss: 6.2812e+00, Error u,v: 7.0858e-02, 7.2240e-02
It: 2300, Time: 2.19, mse_0: 2.4490e+00, mse_f: 2.9876e+00, total loss: 5.4608e+00, Error u,v: 6.6725e-02, 6.7941e-02
It: 2400, Time: 2.16, mse_0: 2.0852e+00, mse_f: 2.6188e+00, total loss: 4.7245e+00, Error u,v: 6.2538e-02, 6.3526e-02
It: 2500, Time: 2.35, mse_0: 1.7569e+00, mse_f: 2.3118e+00, total loss: 4.0857e+00, Error u,v: 5.8370e-02, 5.9046e-02
It: 2600, Time: 2.37, mse_0: 1.4733e+00, mse_f: 2.0511e+00, total loss: 3.5384e+00, Error u,v: 5.4329e-02, 5.4703e-02
It: 2700, Time: 2.34, mse_0: 1.3384e+00, mse_f: 3.2904e+00, total loss: 5.2042e+00, Error u,v: 5.0965e-02, 5.2665e-02
It: 2800, Time: 2.33, mse_0: 1.1543e+00, mse_f: 1.9987e+00, total loss: 3.2633e+00, Error u,v: 4.9277e-02, 4.9578e-02
It: 2900, Time: 2.22, mse_0: 1.0521e+00, mse_f: 1.6473e+00, total loss: 2.8617e+00, Error u,v: 4.7136e-02, 4.6805e-02
It: 3000, Time: 2.21, mse_0: 9.3875e-01, mse_f: 1.3007e+00, total loss: 2.2511e+00, Error u,v: 4.4654e-02, 4.4013e-02
It: 3100, Time: 2.28, mse_0: 7.9418e-01, mse_f: 1.1825e+00, total loss: 1.9970e+00, Error u,v: 4.1616e-02, 4.0765e-02
It: 3200, Time: 2.39, mse_0: 6.6455e-01, mse_f: 1.0198e+00, total loss: 1.7029e+00, Error u,v: 3.8546e-02, 3.7491e-02
It: 3300, Time: 2.67, mse_0: 5.5039e-01, mse_f: 8.7478e-01, total loss: 1.4330e+00, Error u,v: 3.5520e-02, 3.4268e-02
It: 3400, Time: 2.42, mse_0: 4.5173e-01, mse_f: 7.7108e-01, total loss: 1.2289e+00, Error u,v: 3.2570e-02, 3.1125e-02
It: 3500, Time: 2.25, mse_0: 3.7385e-01, mse_f: 6.8007e-01, total loss: 1.0595e+00, Error u,v: 2.9816e-02, 2.8218e-02
It: 3600, Time: 2.27, mse_0: 5.8985e-01, mse_f: 2.0973e+00, total loss: 4.3798e+00, Error u,v: 2.8657e-02, 2.7648e-02
It: 3700, Time: 2.26, mse_0: 2.9540e-01, mse_f: 7.5437e-01, total loss: 1.1547e+00, Error u,v: 2.6324e-02, 2.4896e-02
It: 3800, Time: 2.23, mse_0: 2.5465e-01, mse_f: 6.2336e-01, total loss: 9.2454e-01, Error u,v: 2.4642e-02, 2.2640e-02
It: 3900, Time: 2.31, mse_0: 2.1736e-01, mse_f: 5.4624e-01, total loss: 8.1906e-01, Error u,v: 2.2819e-02, 2.0608e-02
It: 4000, Time: 2.30, mse_0: 1.7621e-01, mse_f: 3.9005e-01, total loss: 5.7112e-01, Error u,v: 2.0984e-02, 1.8791e-02
It: 4100, Time: 2.25, mse_0: 7.4315e-01, mse_f: 4.8514e-01, total loss: 3.1107e+00, Error u,v: 2.0650e-02, 1.7531e-02
It: 4200, Time: 2.25, mse_0: 2.8189e-01, mse_f: 5.1898e-01, total loss: 1.2120e+00, Error u,v: 1.9306e-02, 1.5967e-02
It: 4300, Time: 2.26, mse_0: 1.2959e-01, mse_f: 3.0202e-01, total loss: 5.0121e-01, Error u,v: 1.7220e-02, 1.4537e-02
It: 4400, Time: 2.22, mse_0: 1.1655e-01, mse_f: 2.8522e-01, total loss: 4.8288e-01, Error u,v: 1.5320e-02, 1.3236e-02
It: 4500, Time: 2.24, mse_0: 7.9114e-02, mse_f: 2.3684e-01, total loss: 3.2668e-01, Error u,v: 1.4171e-02, 1.2169e-02
It: 4600, Time: 2.20, mse_0: 1.1000e-01, mse_f: 3.4234e-01, total loss: 5.4825e-01, Error u,v: 1.4013e-02, 1.2756e-02
It: 4700, Time: 2.22, mse_0: 1.0618e-01, mse_f: 4.7183e-01, total loss: 7.5959e-01, Error u,v: 1.3531e-02, 1.1474e-02
It: 4800, Time: 2.36, mse_0: 7.4983e-02, mse_f: 2.7791e-01, total loss: 3.7911e-01, Error u,v: 1.2871e-02, 1.0777e-02
It: 4900, Time: 2.32, mse_0: 5.3987e-02, mse_f: 1.9996e-01, total loss: 2.6623e-01, Error u,v: 1.1875e-02, 9.9094e-03
It: 5000, Time: 3.08, mse_0: 4.7153e-02, mse_f: 1.7127e-01, total loss: 2.3900e-01, Error u,v: 1.0672e-02, 9.0480e-03
It: 5100, Time: 2.44, mse_0: 3.8783e-01, mse_f: 5.5720e-01, total loss: 2.1605e+00, Error u,v: 1.6413e-02, 1.0617e-02
It: 5200, Time: 2.30, mse_0: 8.8353e-02, mse_f: 8.7648e-01, total loss: 1.2227e+00, Error u,v: 1.0115e-02, 8.7049e-03
It: 5300, Time: 2.75, mse_0: 5.8232e-02, mse_f: 4.2059e-01, total loss: 5.5883e-01, Error u,v: 9.4468e-03, 7.9606e-03
It: 5400, Time: 2.72, mse_0: 4.4088e-02, mse_f: 1.9902e-01, total loss: 2.7697e-01, Error u,v: 8.9651e-03, 7.4940e-03
It: 5500, Time: 2.42, mse_0: 2.8632e-02, mse_f: 1.5127e-01, total loss: 1.8924e-01, Error u,v: 8.3154e-03, 7.0147e-03
It: 5600, Time: 2.35, mse_0: 2.4129e-01, mse_f: 6.3662e-01, total loss: 1.4154e+00, Error u,v: 1.5564e-02, 8.7085e-03
It: 5700, Time: 2.58, mse_0: 1.5976e-01, mse_f: 3.0415e-01, total loss: 9.8528e-01, Error u,v: 9.7796e-03, 6.8032e-03
It: 5800, Time: 2.46, mse_0: 4.9631e-02, mse_f: 2.9033e-01, total loss: 4.0272e-01, Error u,v: 7.7153e-03, 6.5169e-03
It: 5900, Time: 2.21, mse_0: 2.2299e-02, mse_f: 1.0419e-01, total loss: 1.2926e-01, Error u,v: 7.3275e-03, 6.2249e-03
It: 6000, Time: 2.49, mse_0: 6.3346e-02, mse_f: 3.4918e-01, total loss: 4.7463e-01, Error u,v: 7.2859e-03, 5.9649e-03
It: 6100, Time: 2.51, mse_0: 4.0456e-02, mse_f: 1.1765e-01, total loss: 2.4678e-01, Error u,v: 6.6919e-03, 5.2923e-03
It: 6200, Time: 2.56, mse_0: 5.6740e-02, mse_f: 1.6372e-01, total loss: 3.2839e-01, Error u,v: 6.6418e-03, 4.8788e-03
It: 6300, Time: 2.49, mse_0: 1.3871e-01, mse_f: 4.4131e-01, total loss: 8.7028e-01, Error u,v: 7.5065e-03, 5.2430e-03
It: 6400, Time: 2.52, mse_0: 4.3600e-02, mse_f: 4.0232e-01, total loss: 5.3017e-01, Error u,v: 7.2476e-03, 5.0496e-03
It: 6500, Time: 2.30, mse_0: 1.9266e-02, mse_f: 1.0863e-01, total loss: 1.4466e-01, Error u,v: 6.2100e-03, 5.2073e-03
It: 6600, Time: 2.33, mse_0: 2.4721e-02, mse_f: 1.6000e-01, total loss: 2.1321e-01, Error u,v: 5.8451e-03, 4.7191e-03
It: 6700, Time: 2.43, mse_0: 2.7330e-02, mse_f: 1.6374e-01, total loss: 2.3241e-01, Error u,v: 5.3813e-03, 4.3996e-03
It: 6800, Time: 2.36, mse_0: 5.0406e-02, mse_f: 1.3285e-01, total loss: 2.8714e-01, Error u,v: 5.8715e-03, 4.6492e-03
It: 6900, Time: 2.37, mse_0: 9.0220e-03, mse_f: 7.2422e-02, total loss: 8.3041e-02, Error u,v: 4.6311e-03, 3.7748e-03
It: 7000, Time: 2.48, mse_0: 4.9816e-02, mse_f: 8.9534e-02, total loss: 2.8781e-01, Error u,v: 4.8629e-03, 4.0367e-03
It: 7100, Time: 2.51, mse_0: 5.3497e-02, mse_f: 1.3185e-01, total loss: 3.1655e-01, Error u,v: 5.8612e-03, 4.3434e-03
It: 7200, Time: 2.29, mse_0: 6.0252e-02, mse_f: 2.6464e-01, total loss: 4.6208e-01, Error u,v: 4.3993e-03, 3.5892e-03
It: 7300, Time: 2.26, mse_0: 9.5700e-02, mse_f: 4.0379e-01, total loss: 6.3517e-01, Error u,v: 5.1666e-03, 3.8757e-03
It: 7400, Time: 2.20, mse_0: 1.2251e-02, mse_f: 1.1337e-01, total loss: 1.4718e-01, Error u,v: 4.3835e-03, 3.4567e-03
It: 7500, Time: 2.20, mse_0: 2.9947e-02, mse_f: 1.1781e-01, total loss: 1.9736e-01, Error u,v: 5.4793e-03, 3.9681e-03
It: 7600, Time: 2.23, mse_0: 3.8209e-02, mse_f: 1.9650e-01, total loss: 3.0820e-01, Error u,v: 5.3203e-03, 3.9644e-03
It: 7700, Time: 2.29, mse_0: 3.3310e-02, mse_f: 9.3126e-02, total loss: 2.3803e-01, Error u,v: 4.5801e-03, 3.3283e-03
It: 7800, Time: 2.29, mse_0: 8.4169e-03, mse_f: 6.2473e-02, total loss: 7.6813e-02, Error u,v: 3.6025e-03, 2.9598e-03
It: 7900, Time: 2.23, mse_0: 8.2607e-03, mse_f: 5.5575e-02, total loss: 7.4357e-02, Error u,v: 3.5441e-03, 2.6988e-03
It: 8000, Time: 2.42, mse_0: 2.1826e-02, mse_f: 1.1999e-01, total loss: 1.7399e-01, Error u,v: 3.9680e-03, 3.0144e-03
It: 8100, Time: 2.42, mse_0: 8.3779e-03, mse_f: 1.2196e-01, total loss: 1.5463e-01, Error u,v: 3.3007e-03, 3.0229e-03
It: 8200, Time: 2.33, mse_0: 2.2223e-01, mse_f: 5.9715e-01, total loss: 1.6860e+00, Error u,v: 7.2318e-03, 5.9217e-03
It: 8300, Time: 2.24, mse_0: 8.6197e-02, mse_f: 2.6176e-01, total loss: 5.1857e-01, Error u,v: 5.7997e-03, 2.9910e-03
It: 8400, Time: 2.17, mse_0: 2.7505e-02, mse_f: 1.2081e-01, total loss: 1.9823e-01, Error u,v: 3.5345e-03, 2.6130e-03
It: 8500, Time: 2.54, mse_0: 7.2638e-03, mse_f: 7.3058e-02, total loss: 9.0380e-02, Error u,v: 3.1392e-03, 2.4013e-03
It: 8600, Time: 2.39, mse_0: 1.0423e-01, mse_f: 8.7232e-02, total loss: 5.3547e-01, Error u,v: 6.3566e-03, 3.2858e-03
It: 8700, Time: 2.59, mse_0: 6.2783e-02, mse_f: 1.9951e-01, total loss: 4.4425e-01, Error u,v: 3.2485e-03, 2.4391e-03
It: 8800, Time: 2.37, mse_0: 3.7242e-02, mse_f: 2.4577e-01, total loss: 3.2666e-01, Error u,v: 2.9289e-03, 2.5796e-03
It: 8900, Time: 2.19, mse_0: 2.1672e-02, mse_f: 1.2133e-01, total loss: 1.7850e-01, Error u,v: 3.0553e-03, 2.8511e-03
It: 9000, Time: 2.21, mse_0: 3.6876e-02, mse_f: 7.9600e-02, total loss: 2.2316e-01, Error u,v: 3.5703e-03, 3.0170e-03
It: 9100, Time: 2.18, mse_0: 4.8781e-02, mse_f: 1.2289e-01, total loss: 3.1130e-01, Error u,v: 4.3125e-03, 2.5467e-03
It: 9200, Time: 2.17, mse_0: 7.4307e-02, mse_f: 2.8371e-01, total loss: 5.6005e-01, Error u,v: 4.5670e-03, 5.9779e-03
It: 9300, Time: 2.20, mse_0: 7.9694e-02, mse_f: 2.5037e-01, total loss: 5.2009e-01, Error u,v: 7.2999e-03, 4.8073e-03
It: 9400, Time: 2.16, mse_0: 1.8650e-02, mse_f: 8.0238e-02, total loss: 1.3772e-01, Error u,v: 4.1731e-03, 3.0461e-03
It: 9500, Time: 2.33, mse_0: 2.3360e-02, mse_f: 1.0151e-01, total loss: 1.7179e-01, Error u,v: 3.0405e-03, 2.5131e-03
It: 9600, Time: 2.68, mse_0: 6.8134e-03, mse_f: 5.6616e-02, total loss: 7.1985e-02, Error u,v: 2.7087e-03, 2.0478e-03
It: 9700, Time: 2.54, mse_0: 8.4227e-02, mse_f: 4.2653e-01, total loss: 6.1983e-01, Error u,v: 4.6036e-03, 2.5440e-03
It: 9800, Time: 2.54, mse_0: 2.8336e-02, mse_f: 2.1763e-01, total loss: 2.9022e-01, Error u,v: 2.9469e-03, 1.9606e-03
It: 9900, Time: 2.57, mse_0: 3.9463e-02, mse_f: 1.5643e-01, total loss: 2.7709e-01, Error u,v: 3.3268e-03, 2.1511e-03
It: 10000, Time: 2.17, mse_0: 1.9484e-02, mse_f: 1.0635e-01, total loss: 1.6235e-01, Error u,v: 2.5763e-03, 1.7970e-03
It: 10100, Time: 2.43, mse_0: 3.0409e-02, mse_f: 8.4652e-02, total loss: 1.8791e-01, Error u,v: 5.6342e-03, 2.7048e-03
It: 10200, Time: 2.50, mse_0: 1.1889e-01, mse_f: 3.6857e-01, total loss: 7.4884e-01, Error u,v: 3.4284e-03, 2.1292e-03
It: 10300, Time: 2.60, mse_0: 2.4079e-02, mse_f: 9.6179e-02, total loss: 1.6140e-01, Error u,v: 1.9997e-03, 1.6821e-03
It: 10400, Time: 2.40, mse_0: 2.7183e-02, mse_f: 1.0969e-01, total loss: 1.9563e-01, Error u,v: 2.8515e-03, 2.0037e-03
It: 10500, Time: 2.31, mse_0: 3.8061e-02, mse_f: 2.2566e-01, total loss: 3.2273e-01, Error u,v: 2.5912e-03, 2.0585e-03
It: 10600, Time: 2.41, mse_0: 1.2548e-01, mse_f: 5.6915e-02, total loss: 5.8005e-01, Error u,v: 5.3412e-03, 2.7634e-03
It: 10700, Time: 2.39, mse_0: 2.8585e-02, mse_f: 1.4557e-01, total loss: 2.2036e-01, Error u,v: 2.8907e-03, 2.2778e-03
It: 10800, Time: 2.39, mse_0: 8.4306e-03, mse_f: 5.8721e-02, total loss: 7.9782e-02, Error u,v: 1.8756e-03, 1.3755e-03
It: 10900, Time: 2.29, mse_0: 7.1780e-03, mse_f: 3.9621e-02, total loss: 5.9625e-02, Error u,v: 1.8098e-03, 1.4390e-03
It: 11000, Time: 2.36, mse_0: 5.4379e-02, mse_f: 6.5655e-02, total loss: 2.5994e-01, Error u,v: 4.5232e-03, 1.7567e-03
It: 11100, Time: 2.30, mse_0: 2.5139e-02, mse_f: 2.1887e-01, total loss: 2.8206e-01, Error u,v: 1.9475e-03, 1.5286e-03
It: 11200, Time: 2.47, mse_0: 6.7549e-03, mse_f: 8.1052e-02, total loss: 1.0355e-01, Error u,v: 4.1447e-03, 1.8867e-03
It: 11300, Time: 2.24, mse_0: 4.0608e-02, mse_f: 1.7400e-01, total loss: 2.6546e-01, Error u,v: 2.6733e-03, 1.7879e-03
It: 11400, Time: 2.30, mse_0: 1.6733e-01, mse_f: 3.8810e-02, total loss: 7.0267e-01, Error u,v: 3.3749e-03, 1.4277e-03
It: 11500, Time: 2.31, mse_0: 1.1790e-01, mse_f: 6.2645e-02, total loss: 5.5768e-01, Error u,v: 4.9024e-03, 2.9024e-03
It: 11600, Time: 2.20, mse_0: 7.7284e-03, mse_f: 3.6793e-02, total loss: 5.8243e-02, Error u,v: 3.3901e-03, 1.9267e-03
It: 11700, Time: 2.41, mse_0: 1.8483e-02, mse_f: 4.3125e-02, total loss: 1.2281e-01, Error u,v: 1.8014e-03, 1.3920e-03
It: 11800, Time: 2.27, mse_0: 6.5198e-03, mse_f: 3.8053e-02, total loss: 6.3098e-02, Error u,v: 1.3371e-03, 1.0784e-03
It: 11900, Time: 2.32, mse_0: 5.6861e-02, mse_f: 2.6894e-01, total loss: 4.2425e-01, Error u,v: 3.6831e-03, 2.2837e-03
It: 12000, Time: 2.40, mse_0: 6.0651e-03, mse_f: 2.3880e-02, total loss: 4.3219e-02, Error u,v: 1.8593e-03, 1.2015e-03
It: 12100, Time: 2.38, mse_0: 5.5584e-02, mse_f: 8.2494e-02, total loss: 3.3083e-01, Error u,v: 2.1520e-03, 1.5521e-03
It: 12200, Time: 2.27, mse_0: 5.0045e-02, mse_f: 3.7856e-02, total loss: 2.4162e-01, Error u,v: 3.2587e-03, 1.8525e-03
It: 12300, Time: 2.29, mse_0: 1.5715e-02, mse_f: 3.0615e-02, total loss: 8.3676e-02, Error u,v: 2.0934e-03, 1.5849e-03
It: 12400, Time: 2.39, mse_0: 1.1959e-02, mse_f: 3.6186e-02, total loss: 6.9056e-02, Error u,v: 1.5743e-03, 1.1405e-03
It: 12500, Time: 2.44, mse_0: 7.0538e-02, mse_f: 2.0922e-01, total loss: 4.2050e-01, Error u,v: 3.7145e-03, 1.8695e-03
It: 12600, Time: 2.52, mse_0: 2.0437e-02, mse_f: 1.0218e-01, total loss: 1.5772e-01, Error u,v: 2.3550e-03, 1.5332e-03
It: 12700, Time: 2.56, mse_0: 9.9623e-03, mse_f: 2.2728e-02, total loss: 5.7102e-02, Error u,v: 3.1361e-03, 2.0680e-03
It: 12800, Time: 2.49, mse_0: 5.0117e-02, mse_f: 1.8225e-01, total loss: 3.1310e-01, Error u,v: 5.9636e-03, 1.8189e-03
It: 12900, Time: 2.32, mse_0: 1.9814e-02, mse_f: 1.2312e-01, total loss: 1.7935e-01, Error u,v: 1.7913e-03, 1.2896e-03
It: 13000, Time: 2.55, mse_0: 1.3454e-02, mse_f: 7.0624e-02, total loss: 1.0133e-01, Error u,v: 2.2748e-03, 1.0405e-03
It: 13100, Time: 2.56, mse_0: 7.8924e-03, mse_f: 6.4356e-02, total loss: 8.6001e-02, Error u,v: 1.4213e-03, 9.9791e-04
It: 13200, Time: 2.33, mse_0: 6.8651e-02, mse_f: 1.1555e-01, total loss: 3.7559e-01, Error u,v: 4.6662e-03, 2.4630e-03
It: 13300, Time: 2.36, mse_0: 6.2812e-02, mse_f: 1.7941e-01, total loss: 3.9101e-01, Error u,v: 3.4515e-03, 1.8701e-03
It: 13400, Time: 2.31, mse_0: 5.4680e-02, mse_f: 1.0314e-01, total loss: 2.9035e-01, Error u,v: 2.5927e-03, 1.5619e-03
It: 13500, Time: 2.36, mse_0: 4.1580e-03, mse_f: 1.5855e-02, total loss: 2.9408e-02, Error u,v: 2.0285e-03, 1.0964e-03
It: 13600, Time: 2.33, mse_0: 1.8749e-02, mse_f: 1.6588e-02, total loss: 8.8118e-02, Error u,v: 1.8430e-03, 9.1866e-04
It: 13700, Time: 2.31, mse_0: 2.4684e-01, mse_f: 1.8223e-01, total loss: 1.1398e+00, Error u,v: 6.4449e-03, 3.2486e-03
It: 13800, Time: 2.32, mse_0: 2.1442e-02, mse_f: 2.1310e-01, total loss: 2.9319e-01, Error u,v: 2.3086e-03, 1.5492e-03
It: 13900, Time: 2.31, mse_0: 3.5953e-03, mse_f: 2.4841e-02, total loss: 3.2854e-02, Error u,v: 1.5923e-03, 1.6663e-03
It: 14000, Time: 2.50, mse_0: 1.2902e-02, mse_f: 8.5391e-02, total loss: 1.4118e-01, Error u,v: 1.4775e-03, 1.6868e-03
It: 14100, Time: 2.31, mse_0: 7.6789e-03, mse_f: 6.5183e-02, total loss: 8.4293e-02, Error u,v: 1.1811e-03, 1.1883e-03
It: 14200, Time: 2.22, mse_0: 2.0341e-02, mse_f: 5.1756e-02, total loss: 1.2648e-01, Error u,v: 3.8397e-03, 1.5025e-03
It: 14300, Time: 2.28, mse_0: 6.7575e-02, mse_f: 2.5502e-02, total loss: 3.0245e-01, Error u,v: 3.2783e-03, 1.5268e-03
It: 14400, Time: 2.39, mse_0: 8.9102e-02, mse_f: 2.3912e-01, total loss: 5.5023e-01, Error u,v: 5.9220e-03, 2.7310e-03
It: 14500, Time: 2.41, mse_0: 3.8988e-03, mse_f: 2.0302e-02, total loss: 3.0302e-02, Error u,v: 3.1190e-03, 1.6063e-03
It: 14600, Time: 2.38, mse_0: 2.7477e-02, mse_f: 3.4237e-02, total loss: 1.4034e-01, Error u,v: 1.8394e-03, 1.1047e-03
It: 14700, Time: 2.32, mse_0: 5.1425e-01, mse_f: 2.3874e+00, total loss: 4.0147e+00, Error u,v: 8.9760e-03, 5.7646e-03
It: 14800, Time: 2.32, mse_0: 2.8772e-02, mse_f: 2.7927e-01, total loss: 3.6246e-01, Error u,v: 4.1172e-03, 3.0196e-03
It: 14900, Time: 2.31, mse_0: 6.9366e-02, mse_f: 1.4159e-01, total loss: 3.2808e-01, Error u,v: 2.4801e-03, 1.4483e-03
It: 15000, Time: 2.39, mse_0: 4.8034e-03, mse_f: 2.5931e-02, total loss: 4.2834e-02, Error u,v: 2.4474e-03, 1.1928e-03
starting L-BFGS training
It: 100, Time: 3.21, mse_0: 6.4485e-04, mse_f: 1.3941e-02, total loss: 1.4667e-02, Error u,v: 1.0254e-03, 8.5032e-04
It: 200, Time: 4.11, mse_0: 4.5925e-04, mse_f: 1.3442e-02, total loss: 1.3970e-02, Error u,v: 6.5781e-04, 4.8392e-04
It: 300, Time: 4.10, mse_0: 3.6076e-04, mse_f: 1.2736e-02, total loss: 1.3179e-02, Error u,v: 4.9287e-04, 2.8782e-04
It: 400, Time: 3.96, mse_0: 3.2920e-04, mse_f: 1.1744e-02, total loss: 1.2171e-02, Error u,v: 4.9041e-04, 3.3579e-04
It: 500, Time: 3.89, mse_0: 3.0342e-04, mse_f: 1.1143e-02, total loss: 1.1527e-02, Error u,v: 4.1836e-04, 2.6684e-04
It: 600, Time: 3.97, mse_0: 2.5664e-04, mse_f: 1.0510e-02, total loss: 1.0828e-02, Error u,v: 3.8987e-04, 2.4021e-04
It: 700, Time: 3.86, mse_0: 2.6189e-04, mse_f: 9.8170e-03, total loss: 1.0144e-02, Error u,v: 3.4358e-04, 1.4494e-04
It: 800, Time: 3.86, mse_0: 2.3480e-04, mse_f: 9.2108e-03, total loss: 9.5035e-03, Error u,v: 3.9288e-04, 1.5961e-04
It: 900, Time: 3.88, mse_0: 2.1140e-04, mse_f: 8.6646e-03, total loss: 8.9315e-03, Error u,v: 3.8740e-04, 2.1268e-04
It: 1000, Time: 3.96, mse_0: 2.3630e-04, mse_f: 8.0739e-03, total loss: 8.3643e-03, Error u,v: 4.7984e-04, 3.3062e-04
It: 1100, Time: 3.95, mse_0: 2.4189e-04, mse_f: 7.5363e-03, total loss: 7.8369e-03, Error u,v: 4.7323e-04, 3.5474e-04
It: 1200, Time: 3.98, mse_0: 2.6231e-04, mse_f: 7.0024e-03, total loss: 7.3280e-03, Error u,v: 4.2959e-04, 3.0415e-04
It: 1300, Time: 3.82, mse_0: 2.4272e-04, mse_f: 6.3031e-03, total loss: 6.6236e-03, Error u,v: 4.1257e-04, 2.7369e-04
It: 1400, Time: 3.97, mse_0: 2.5227e-04, mse_f: 5.8139e-03, total loss: 6.1372e-03, Error u,v: 4.0263e-04, 2.5645e-04
It: 1500, Time: 3.82, mse_0: 2.2432e-04, mse_f: 5.5448e-03, total loss: 5.8289e-03, Error u,v: 3.6545e-04, 2.2662e-04
It: 1600, Time: 4.13, mse_0: 2.5447e-04, mse_f: 5.1710e-03, total loss: 5.4927e-03, Error u,v: 3.4726e-04, 1.7953e-04
It: 1700, Time: 4.46, mse_0: 2.8551e-04, mse_f: 4.8946e-03, total loss: 5.2553e-03, Error u,v: 3.7668e-04, 1.6110e-04
It: 1800, Time: 4.20, mse_0: 2.9473e-04, mse_f: 4.6190e-03, total loss: 4.9857e-03, Error u,v: 3.7523e-04, 1.5242e-04
It: 1900, Time: 3.97, mse_0: 3.1194e-04, mse_f: 4.4147e-03, total loss: 4.7823e-03, Error u,v: 4.2421e-04, 2.3630e-04
It: 2000, Time: 3.86, mse_0: 3.0295e-04, mse_f: 4.2207e-03, total loss: 4.5808e-03, Error u,v: 3.9684e-04, 2.1353e-04
It: 2100, Time: 3.78, mse_0: 2.9261e-04, mse_f: 3.9695e-03, total loss: 4.3200e-03, Error u,v: 3.6968e-04, 2.3092e-04
It: 2200, Time: 3.96, mse_0: 3.2409e-04, mse_f: 3.7780e-03, total loss: 4.1436e-03, Error u,v: 3.3472e-04, 1.6110e-04
It: 2300, Time: 3.69, mse_0: 2.9475e-04, mse_f: 3.6570e-03, total loss: 3.9908e-03, Error u,v: 3.2968e-04, 1.7239e-04
It: 2400, Time: 3.75, mse_0: 2.7166e-04, mse_f: 3.5110e-03, total loss: 3.8188e-03, Error u,v: 3.1260e-04, 1.9606e-04
It: 2500, Time: 3.78, mse_0: 2.4357e-04, mse_f: 3.3280e-03, total loss: 3.6058e-03, Error u,v: 3.1015e-04, 2.3797e-04
It: 2600, Time: 3.75, mse_0: 2.2689e-04, mse_f: 3.1731e-03, total loss: 3.4397e-03, Error u,v: 3.3974e-04, 2.5229e-04
It: 2700, Time: 3.87, mse_0: 2.2442e-04, mse_f: 3.0333e-03, total loss: 3.2960e-03, Error u,v: 3.1789e-04, 2.1407e-04
It: 2800, Time: 3.91, mse_0: 2.2845e-04, mse_f: 2.9493e-03, total loss: 3.2109e-03, Error u,v: 3.1590e-04, 1.7696e-04
It: 2900, Time: 4.01, mse_0: 2.1598e-04, mse_f: 2.8676e-03, total loss: 3.1197e-03, Error u,v: 3.2654e-04, 1.8921e-04
It: 3000, Time: 3.83, mse_0: 2.2008e-04, mse_f: 2.7570e-03, total loss: 3.0138e-03, Error u,v: 3.3023e-04, 1.8638e-04
It: 3100, Time: 4.11, mse_0: 2.1477e-04, mse_f: 2.6724e-03, total loss: 2.9301e-03, Error u,v: 3.3038e-04, 1.9939e-04
It: 3200, Time: 4.16, mse_0: 2.0922e-04, mse_f: 2.5771e-03, total loss: 2.8292e-03, Error u,v: 2.9591e-04, 1.3204e-04
It: 3300, Time: 3.79, mse_0: 2.0878e-04, mse_f: 2.4445e-03, total loss: 2.7006e-03, Error u,v: 3.1901e-04, 1.4575e-04
It: 3400, Time: 3.87, mse_0: 2.0549e-04, mse_f: 2.3574e-03, total loss: 2.6117e-03, Error u,v: 3.4641e-04, 1.8564e-04
It: 3500, Time: 3.91, mse_0: 1.9742e-04, mse_f: 2.2737e-03, total loss: 2.5210e-03, Error u,v: 3.5364e-04, 1.9084e-04
It: 3600, Time: 3.96, mse_0: 1.8452e-04, mse_f: 2.1976e-03, total loss: 2.4291e-03, Error u,v: 3.5288e-04, 1.8578e-04
It: 3700, Time: 3.96, mse_0: 1.8219e-04, mse_f: 2.1350e-03, total loss: 2.3654e-03, Error u,v: 3.4607e-04, 1.7173e-04
It: 3800, Time: 4.42, mse_0: 1.7096e-04, mse_f: 2.0668e-03, total loss: 2.2893e-03, Error u,v: 3.4048e-04, 1.5536e-04
It: 3900, Time: 4.25, mse_0: 1.6407e-04, mse_f: 2.0116e-03, total loss: 2.2201e-03, Error u,v: 3.4748e-04, 1.5847e-04
It: 4000, Time: 4.02, mse_0: 1.6192e-04, mse_f: 1.9497e-03, total loss: 2.1519e-03, Error u,v: 3.3577e-04, 1.3618e-04
It: 4100, Time: 3.85, mse_0: 1.5956e-04, mse_f: 1.8727e-03, total loss: 2.0669e-03, Error u,v: 3.3892e-04, 1.3649e-04
It: 4200, Time: 3.93, mse_0: 1.5797e-04, mse_f: 1.8099e-03, total loss: 2.0038e-03, Error u,v: 3.7170e-04, 1.8203e-04
It: 4300, Time: 3.80, mse_0: 1.5543e-04, mse_f: 1.7562e-03, total loss: 1.9450e-03, Error u,v: 3.7345e-04, 1.7249e-04
It: 4400, Time: 3.84, mse_0: 1.5009e-04, mse_f: 1.7121e-03, total loss: 1.8946e-03, Error u,v: 3.7967e-04, 1.9465e-04
It: 4500, Time: 4.06, mse_0: 1.5163e-04, mse_f: 1.6685e-03, total loss: 1.8500e-03, Error u,v: 3.7470e-04, 1.7738e-04
It: 4600, Time: 4.80, mse_0: 1.3632e-04, mse_f: 1.6170e-03, total loss: 1.7867e-03, Error u,v: 3.6009e-04, 1.5800e-04
It: 4700, Time: 4.00, mse_0: 1.3241e-04, mse_f: 1.5741e-03, total loss: 1.7389e-03, Error u,v: 3.6259e-04, 1.6284e-04
It: 4800, Time: 3.71, mse_0: 1.3338e-04, mse_f: 1.5127e-03, total loss: 1.6775e-03, Error u,v: 3.5380e-04, 1.7359e-04
It: 4900, Time: 3.84, mse_0: 1.3910e-04, mse_f: 1.4519e-03, total loss: 1.6177e-03, Error u,v: 3.3385e-04, 1.6233e-04
It: 5000, Time: 3.77, mse_0: 1.4204e-04, mse_f: 1.3800e-03, total loss: 1.5451e-03, Error u,v: 3.4087e-04, 1.4961e-04
It: 5100, Time: 3.72, mse_0: 1.4055e-04, mse_f: 1.3416e-03, total loss: 1.5029e-03, Error u,v: 3.5329e-04, 1.5276e-04
It: 5200, Time: 3.73, mse_0: 1.3868e-04, mse_f: 1.3065e-03, total loss: 1.4645e-03, Error u,v: 3.4517e-04, 1.4767e-04
It: 5300, Time: 3.56, mse_0: 1.3524e-04, mse_f: 1.2696e-03, total loss: 1.4246e-03, Error u,v: 3.3710e-04, 1.4148e-04
It: 5400, Time: 3.83, mse_0: 1.3838e-04, mse_f: 1.2327e-03, total loss: 1.3878e-03, Error u,v: 3.4272e-04, 1.4022e-04
It: 5500, Time: 3.84, mse_0: 1.3497e-04, mse_f: 1.2130e-03, total loss: 1.3659e-03, Error u,v: 3.3857e-04, 1.5112e-04
It: 5600, Time: 3.82, mse_0: 1.3761e-04, mse_f: 1.1830e-03, total loss: 1.3376e-03, Error u,v: 3.4647e-04, 1.6661e-04
It: 5700, Time: 3.77, mse_0: 1.3477e-04, mse_f: 1.1544e-03, total loss: 1.3079e-03, Error u,v: 3.4177e-04, 1.6614e-04
It: 5800, Time: 3.80, mse_0: 1.2877e-04, mse_f: 1.1172e-03, total loss: 1.2640e-03, Error u,v: 3.2612e-04, 1.3211e-04
It: 5900, Time: 3.97, mse_0: 1.3229e-04, mse_f: 1.0862e-03, total loss: 1.2340e-03, Error u,v: 3.2689e-04, 1.2536e-04
It: 6000, Time: 3.92, mse_0: 1.3606e-04, mse_f: 1.0534e-03, total loss: 1.2045e-03, Error u,v: 3.3269e-04, 1.2937e-04
It: 6100, Time: 3.81, mse_0: 1.3661e-04, mse_f: 1.0289e-03, total loss: 1.1809e-03, Error u,v: 3.3983e-04, 1.3232e-04
It: 6200, Time: 3.81, mse_0: 1.3797e-04, mse_f: 1.0032e-03, total loss: 1.1556e-03, Error u,v: 3.4603e-04, 1.4485e-04
It: 6300, Time: 4.26, mse_0: 1.3547e-04, mse_f: 9.7932e-04, total loss: 1.1299e-03, Error u,v: 3.4777e-04, 1.4576e-04
It: 6400, Time: 3.97, mse_0: 1.3286e-04, mse_f: 9.5927e-04, total loss: 1.1100e-03, Error u,v: 3.4502e-04, 1.4881e-04
It: 6500, Time: 4.04, mse_0: 1.3313e-04, mse_f: 9.4338e-04, total loss: 1.0929e-03, Error u,v: 3.3934e-04, 1.5591e-04
It: 6600, Time: 3.94, mse_0: 1.3308e-04, mse_f: 9.2869e-04, total loss: 1.0763e-03, Error u,v: 3.3629e-04, 1.4468e-04
It: 6700, Time: 3.86, mse_0: 1.3199e-04, mse_f: 9.1562e-04, total loss: 1.0629e-03, Error u,v: 3.3665e-04, 1.4325e-04
It: 6800, Time: 3.86, mse_0: 1.2594e-04, mse_f: 9.0551e-04, total loss: 1.0468e-03, Error u,v: 3.3181e-04, 1.3837e-04
It: 6900, Time: 4.39, mse_0: 1.2720e-04, mse_f: 8.8870e-04, total loss: 1.0296e-03, Error u,v: 3.2815e-04, 1.3598e-04
It: 7000, Time: 4.06, mse_0: 1.2619e-04, mse_f: 8.7250e-04, total loss: 1.0120e-03, Error u,v: 3.2740e-04, 1.3581e-04
Error u: 3.274004e-04
Error v: 1.358142e-04
Error u: 2.210179e-04
Error v: 1.284029e-04
u_pred.shape after=  (257, 61)
NeuralNet(
  (network): Sequential(
    (0): Linear(in_features=2, out_features=48, bias=True)
    (1): Tanh()
    (2): Linear(in_features=48, out_features=48, bias=True)
    (3): Tanh()
    (4): Linear(in_features=48, out_features=48, bias=True)
    (5): Tanh()
    (6): Linear(in_features=48, out_features=48, bias=True)
    (7): Tanh()
    (8): Linear(in_features=48, out_features=2, bias=True)
  )
)
starting Adam training
It: 100, Time: 2.32, mse_0: 3.6763e+02, mse_f: 5.2124e+02, total loss: 1.1965e+03, Error u,v: 2.9120e-01, 8.1175e-01
It: 200, Time: 2.25, mse_0: 2.5045e+02, mse_f: 3.3576e+02, total loss: 6.3791e+02, Error u,v: 2.9951e-01, 8.6122e-01
It: 300, Time: 2.18, mse_0: 1.9705e+02, mse_f: 2.3120e+02, total loss: 4.4669e+02, Error u,v: 2.7130e-01, 8.2845e-01
It: 400, Time: 2.28, mse_0: 1.3542e+02, mse_f: 1.7919e+02, total loss: 3.1958e+02, Error u,v: 2.6719e-01, 8.5976e-01
It: 500, Time: 2.28, mse_0: 1.2067e+02, mse_f: 1.2236e+02, total loss: 2.4788e+02, Error u,v: 2.5679e-01, 8.7346e-01
It: 600, Time: 2.20, mse_0: 9.4857e+01, mse_f: 1.0403e+02, total loss: 2.0058e+02, Error u,v: 2.5075e-01, 8.7861e-01
It: 700, Time: 2.24, mse_0: 8.1858e+01, mse_f: 7.6706e+01, total loss: 1.6063e+02, Error u,v: 2.4683e-01, 8.7920e-01
It: 800, Time: 2.22, mse_0: 6.4135e+01, mse_f: 6.5179e+01, total loss: 1.2995e+02, Error u,v: 2.4042e-01, 8.5778e-01
It: 900, Time: 2.17, mse_0: 4.6636e+01, mse_f: 5.9092e+01, total loss: 1.0629e+02, Error u,v: 2.3312e-01, 8.1598e-01
It: 1000, Time: 2.20, mse_0: 3.4574e+01, mse_f: 5.1989e+01, total loss: 8.6826e+01, Error u,v: 2.2996e-01, 7.6259e-01
It: 1100, Time: 2.26, mse_0: 2.7687e+01, mse_f: 4.2372e+01, total loss: 7.0321e+01, Error u,v: 2.2747e-01, 7.1022e-01
It: 1200, Time: 2.17, mse_0: 2.1374e+01, mse_f: 3.8031e+01, total loss: 5.9897e+01, Error u,v: 2.2281e-01, 6.5684e-01
It: 1300, Time: 2.18, mse_0: 1.6930e+01, mse_f: 3.5075e+01, total loss: 5.2763e+01, Error u,v: 2.1738e-01, 6.1748e-01
It: 1400, Time: 2.28, mse_0: 1.4686e+01, mse_f: 2.8726e+01, total loss: 4.3637e+01, Error u,v: 2.1378e-01, 5.8454e-01
It: 1500, Time: 2.40, mse_0: 1.3306e+01, mse_f: 2.3906e+01, total loss: 3.7377e+01, Error u,v: 2.1026e-01, 5.5386e-01
It: 1600, Time: 2.28, mse_0: 1.1828e+01, mse_f: 2.0068e+01, total loss: 3.2110e+01, Error u,v: 2.0510e-01, 5.2060e-01
It: 1700, Time: 2.31, mse_0: 1.0286e+01, mse_f: 1.7026e+01, total loss: 2.7561e+01, Error u,v: 1.9911e-01, 4.8649e-01
It: 1800, Time: 2.24, mse_0: 8.9129e+00, mse_f: 1.4635e+01, total loss: 2.3924e+01, Error u,v: 1.9235e-01, 4.5143e-01
It: 1900, Time: 2.23, mse_0: 7.7915e+00, mse_f: 1.3960e+01, total loss: 2.2579e+01, Error u,v: 1.8504e-01, 4.1803e-01
It: 2000, Time: 2.21, mse_0: 6.5825e+00, mse_f: 1.0816e+01, total loss: 1.7793e+01, Error u,v: 1.7726e-01, 3.8753e-01
It: 2100, Time: 2.26, mse_0: 5.7804e+00, mse_f: 1.0527e+01, total loss: 1.7027e+01, Error u,v: 1.7003e-01, 3.6060e-01
It: 2200, Time: 2.30, mse_0: 4.9049e+00, mse_f: 7.7199e+00, total loss: 1.2848e+01, Error u,v: 1.6219e-01, 3.3463e-01
It: 2300, Time: 2.32, mse_0: 4.2419e+00, mse_f: 6.9329e+00, total loss: 1.1496e+01, Error u,v: 1.5395e-01, 3.0909e-01
It: 2400, Time: 2.49, mse_0: 3.5231e+00, mse_f: 5.8737e+00, total loss: 9.6184e+00, Error u,v: 1.4486e-01, 2.8304e-01
It: 2500, Time: 2.55, mse_0: 3.1382e+00, mse_f: 6.5294e+00, total loss: 1.0284e+01, Error u,v: 1.3599e-01, 2.5916e-01
It: 2600, Time: 2.55, mse_0: 2.6754e+00, mse_f: 5.9621e+00, total loss: 9.2453e+00, Error u,v: 1.2745e-01, 2.3731e-01
It: 2700, Time: 2.29, mse_0: 2.0871e+00, mse_f: 3.5727e+00, total loss: 5.6968e+00, Error u,v: 1.1886e-01, 2.1702e-01
It: 2800, Time: 2.28, mse_0: 1.7415e+00, mse_f: 3.0912e+00, total loss: 4.8581e+00, Error u,v: 1.1074e-01, 1.9837e-01
It: 2900, Time: 2.34, mse_0: 1.4682e+00, mse_f: 2.7213e+00, total loss: 4.2500e+00, Error u,v: 1.0298e-01, 1.8138e-01
It: 3000, Time: 2.47, mse_0: 1.3219e+00, mse_f: 3.4579e+00, total loss: 5.1032e+00, Error u,v: 9.6089e-02, 1.6641e-01
It: 3100, Time: 2.33, mse_0: 1.2345e+00, mse_f: 2.9731e+00, total loss: 4.6298e+00, Error u,v: 8.9291e-02, 1.5344e-01
It: 3200, Time: 2.42, mse_0: 9.8181e-01, mse_f: 1.9770e+00, total loss: 3.2374e+00, Error u,v: 8.3237e-02, 1.4134e-01
It: 3300, Time: 2.30, mse_0: 7.9956e-01, mse_f: 2.0857e+00, total loss: 3.0651e+00, Error u,v: 7.6868e-02, 1.2899e-01
It: 3400, Time: 2.41, mse_0: 8.8027e-01, mse_f: 2.4738e+00, total loss: 3.8286e+00, Error u,v: 7.1489e-02, 1.1857e-01
It: 3500, Time: 2.42, mse_0: 7.7734e-01, mse_f: 2.5748e+00, total loss: 3.8087e+00, Error u,v: 6.6849e-02, 1.1047e-01
It: 3600, Time: 2.30, mse_0: 4.8265e-01, mse_f: 1.1945e+00, total loss: 1.6908e+00, Error u,v: 6.1791e-02, 1.0182e-01
It: 3700, Time: 2.51, mse_0: 4.9134e-01, mse_f: 1.1754e+00, total loss: 1.9015e+00, Error u,v: 5.7256e-02, 9.3965e-02
It: 3800, Time: 2.35, mse_0: 3.6678e-01, mse_f: 1.0174e+00, total loss: 1.3993e+00, Error u,v: 5.2766e-02, 8.6057e-02
It: 3900, Time: 2.34, mse_0: 7.3420e-01, mse_f: 3.7475e+00, total loss: 5.4156e+00, Error u,v: 4.9171e-02, 8.0571e-02
It: 4000, Time: 2.32, mse_0: 2.9713e-01, mse_f: 1.0200e+00, total loss: 1.3475e+00, Error u,v: 4.6589e-02, 7.6355e-02
It: 4100, Time: 2.43, mse_0: 2.6673e-01, mse_f: 9.0680e-01, total loss: 1.2657e+00, Error u,v: 4.3137e-02, 7.0230e-02
It: 4200, Time: 2.50, mse_0: 6.3538e-01, mse_f: 5.2524e+00, total loss: 7.0755e+00, Error u,v: 4.0783e-02, 6.4699e-02
It: 4300, Time: 2.39, mse_0: 2.2894e-01, mse_f: 6.6646e-01, total loss: 1.0196e+00, Error u,v: 3.7582e-02, 6.0879e-02
It: 4400, Time: 2.47, mse_0: 1.8731e-01, mse_f: 6.4801e-01, total loss: 9.1055e-01, Error u,v: 3.5109e-02, 5.6892e-02
It: 4500, Time: 2.29, mse_0: 1.8426e-01, mse_f: 5.6814e-01, total loss: 8.5867e-01, Error u,v: 3.2538e-02, 5.2784e-02
It: 4600, Time: 2.32, mse_0: 3.4117e-01, mse_f: 2.3991e+00, total loss: 3.1718e+00, Error u,v: 3.1370e-02, 5.0101e-02
It: 4700, Time: 2.47, mse_0: 1.2884e-01, mse_f: 4.7017e-01, total loss: 6.0718e-01, Error u,v: 2.9336e-02, 4.7716e-02
It: 4800, Time: 2.60, mse_0: 4.0987e-01, mse_f: 7.5263e-01, total loss: 2.0945e+00, Error u,v: 2.7477e-02, 4.5274e-02
It: 4900, Time: 2.48, mse_0: 2.1662e-01, mse_f: 6.5725e-01, total loss: 1.1832e+00, Error u,v: 2.5734e-02, 4.1738e-02
It: 5000, Time: 2.55, mse_0: 5.5791e-01, mse_f: 4.0307e+00, total loss: 5.6416e+00, Error u,v: 2.5095e-02, 3.9840e-02
It: 5100, Time: 2.49, mse_0: 1.0911e-01, mse_f: 4.2762e-01, total loss: 6.0416e-01, Error u,v: 2.2929e-02, 3.7166e-02
It: 5200, Time: 2.27, mse_0: 1.6158e-01, mse_f: 5.2359e-01, total loss: 9.0927e-01, Error u,v: 2.1832e-02, 3.6446e-02
It: 5300, Time: 2.40, mse_0: 6.8675e-02, mse_f: 3.1555e-01, total loss: 3.9361e-01, Error u,v: 2.0374e-02, 3.3047e-02
It: 5400, Time: 2.43, mse_0: 1.6442e-01, mse_f: 1.4736e+00, total loss: 1.8389e+00, Error u,v: 1.9264e-02, 3.2739e-02
It: 5500, Time: 2.38, mse_0: 1.1941e-01, mse_f: 1.1244e+00, total loss: 1.3672e+00, Error u,v: 1.9026e-02, 3.1129e-02
It: 5600, Time: 2.34, mse_0: 1.6258e-01, mse_f: 1.0807e+00, total loss: 1.4738e+00, Error u,v: 1.8062e-02, 2.9137e-02
It: 5700, Time: 2.29, mse_0: 7.4935e-02, mse_f: 4.2913e-01, total loss: 6.1520e-01, Error u,v: 1.7208e-02, 2.8249e-02
It: 5800, Time: 2.29, mse_0: 1.2128e-01, mse_f: 6.1020e-01, total loss: 1.0719e+00, Error u,v: 1.6238e-02, 2.7083e-02
It: 5900, Time: 2.43, mse_0: 6.0010e-02, mse_f: 4.2715e-01, total loss: 5.4782e-01, Error u,v: 1.5480e-02, 2.5459e-02
It: 6000, Time: 2.36, mse_0: 1.4829e-01, mse_f: 3.8729e-01, total loss: 8.1536e-01, Error u,v: 1.4672e-02, 2.4734e-02
It: 6100, Time: 2.36, mse_0: 1.0172e-01, mse_f: 3.4098e-01, total loss: 6.2147e-01, Error u,v: 1.4423e-02, 2.4822e-02
It: 6200, Time: 2.29, mse_0: 1.3350e-01, mse_f: 4.5919e-01, total loss: 7.9726e-01, Error u,v: 1.3833e-02, 2.4431e-02
It: 6300, Time: 2.35, mse_0: 7.0809e-02, mse_f: 5.1625e-01, total loss: 6.7301e-01, Error u,v: 1.3088e-02, 2.2034e-02
It: 6400, Time: 2.31, mse_0: 4.3729e-02, mse_f: 3.5904e-01, total loss: 4.5789e-01, Error u,v: 1.2832e-02, 2.1559e-02
It: 6500, Time: 2.39, mse_0: 8.1335e-02, mse_f: 7.1265e-01, total loss: 9.1599e-01, Error u,v: 1.2709e-02, 2.1025e-02
It: 6600, Time: 2.38, mse_0: 6.2280e-02, mse_f: 4.6612e-01, total loss: 6.1166e-01, Error u,v: 1.2053e-02, 2.0479e-02
It: 6700, Time: 2.43, mse_0: 5.4349e-02, mse_f: 4.4641e-01, total loss: 5.5495e-01, Error u,v: 1.1969e-02, 1.9853e-02
It: 6800, Time: 2.34, mse_0: 1.4683e-01, mse_f: 8.8192e-01, total loss: 1.2498e+00, Error u,v: 1.1385e-02, 2.0439e-02
It: 6900, Time: 2.29, mse_0: 2.4477e-01, mse_f: 7.9280e-01, total loss: 1.5229e+00, Error u,v: 1.1157e-02, 2.0174e-02
It: 7000, Time: 2.42, mse_0: 1.4284e-01, mse_f: 5.4572e-01, total loss: 9.1661e-01, Error u,v: 1.1375e-02, 1.8464e-02
It: 7100, Time: 2.36, mse_0: 2.0410e-01, mse_f: 5.6812e-01, total loss: 1.1758e+00, Error u,v: 1.0847e-02, 1.8374e-02
It: 7200, Time: 2.31, mse_0: 1.3832e-01, mse_f: 8.7190e-01, total loss: 1.2337e+00, Error u,v: 1.0512e-02, 1.8179e-02
It: 7300, Time: 2.34, mse_0: 9.9355e-02, mse_f: 6.6134e-01, total loss: 8.9804e-01, Error u,v: 1.0333e-02, 1.6866e-02
It: 7400, Time: 2.17, mse_0: 1.0460e-01, mse_f: 4.4442e-01, total loss: 7.7796e-01, Error u,v: 9.9486e-03, 1.8208e-02
It: 7500, Time: 2.29, mse_0: 6.7536e-02, mse_f: 5.7399e-01, total loss: 7.9942e-01, Error u,v: 9.5908e-03, 1.6412e-02
It: 7600, Time: 2.28, mse_0: 5.4539e-02, mse_f: 8.2757e-01, total loss: 9.8258e-01, Error u,v: 9.4966e-03, 1.5795e-02
It: 7700, Time: 2.31, mse_0: 9.9757e-02, mse_f: 7.2777e-01, total loss: 9.9202e-01, Error u,v: 9.7506e-03, 1.5279e-02
It: 7800, Time: 2.35, mse_0: 5.1540e-02, mse_f: 2.3781e-01, total loss: 3.7390e-01, Error u,v: 9.1811e-03, 1.6542e-02
It: 7900, Time: 2.34, mse_0: 8.5526e-02, mse_f: 7.7204e-01, total loss: 1.0152e+00, Error u,v: 9.5456e-03, 1.6866e-02
It: 8000, Time: 2.32, mse_0: 6.8829e-02, mse_f: 9.5260e-01, total loss: 1.1989e+00, Error u,v: 9.9239e-03, 1.4830e-02
It: 8100, Time: 2.24, mse_0: 4.8402e-02, mse_f: 4.5895e-01, total loss: 6.5075e-01, Error u,v: 9.1646e-03, 1.5465e-02
It: 8200, Time: 2.21, mse_0: 1.3219e-01, mse_f: 8.0544e-01, total loss: 1.1985e+00, Error u,v: 8.5522e-03, 1.6628e-02
It: 8300, Time: 2.26, mse_0: 1.6238e-01, mse_f: 5.7801e-01, total loss: 1.0866e+00, Error u,v: 8.6954e-03, 1.7412e-02
It: 8400, Time: 2.25, mse_0: 6.1623e-02, mse_f: 5.1970e-01, total loss: 6.8099e-01, Error u,v: 8.3334e-03, 1.5790e-02
It: 8500, Time: 2.18, mse_0: 1.1149e-01, mse_f: 3.6394e-01, total loss: 7.5464e-01, Error u,v: 8.2765e-03, 1.4754e-02
It: 8600, Time: 2.25, mse_0: 2.7130e-01, mse_f: 4.2221e-01, total loss: 1.3609e+00, Error u,v: 8.6196e-03, 1.7933e-02
It: 8700, Time: 2.27, mse_0: 1.3560e-01, mse_f: 3.0133e-01, total loss: 7.3424e-01, Error u,v: 8.5013e-03, 1.7157e-02
It: 8800, Time: 2.30, mse_0: 1.2571e-01, mse_f: 3.9764e-01, total loss: 7.7452e-01, Error u,v: 8.5507e-03, 1.6336e-02
It: 8900, Time: 2.28, mse_0: 9.0180e-02, mse_f: 6.2068e-01, total loss: 8.8945e-01, Error u,v: 8.6233e-03, 1.5524e-02
It: 9000, Time: 2.35, mse_0: 1.1020e-01, mse_f: 4.3531e-01, total loss: 8.0750e-01, Error u,v: 8.5469e-03, 1.5317e-02
It: 9100, Time: 2.31, mse_0: 7.6510e-02, mse_f: 2.8620e-01, total loss: 5.1414e-01, Error u,v: 8.0700e-03, 1.4571e-02
It: 9200, Time: 2.30, mse_0: 5.4542e-02, mse_f: 6.1385e-01, total loss: 7.6404e-01, Error u,v: 8.4133e-03, 1.4054e-02
It: 9300, Time: 2.35, mse_0: 9.9701e-02, mse_f: 9.7675e-01, total loss: 1.2303e+00, Error u,v: 8.3011e-03, 1.4956e-02
It: 9400, Time: 2.31, mse_0: 2.7583e-02, mse_f: 4.6071e-01, total loss: 5.4532e-01, Error u,v: 8.1595e-03, 1.2527e-02
It: 9500, Time: 2.29, mse_0: 2.4334e-02, mse_f: 5.6242e-01, total loss: 6.1969e-01, Error u,v: 8.0454e-03, 1.3093e-02
It: 9600, Time: 2.21, mse_0: 1.1394e-01, mse_f: 9.8141e-01, total loss: 1.2825e+00, Error u,v: 8.2879e-03, 1.3799e-02
It: 9700, Time: 2.25, mse_0: 3.7496e-02, mse_f: 5.1630e-01, total loss: 6.0433e-01, Error u,v: 8.0906e-03, 1.3048e-02
It: 9800, Time: 2.31, mse_0: 2.3762e-02, mse_f: 4.5460e-01, total loss: 5.0869e-01, Error u,v: 8.2366e-03, 1.2398e-02
It: 9900, Time: 2.39, mse_0: 3.6708e-02, mse_f: 5.9994e-01, total loss: 7.5397e-01, Error u,v: 8.0672e-03, 1.2251e-02
It: 10000, Time: 2.40, mse_0: 6.8586e-02, mse_f: 8.5138e-01, total loss: 1.1454e+00, Error u,v: 8.1333e-03, 1.2638e-02
It: 10100, Time: 2.40, mse_0: 1.8804e-02, mse_f: 1.6665e-01, total loss: 2.0364e-01, Error u,v: 7.3856e-03, 1.2378e-02
It: 10200, Time: 2.30, mse_0: 7.8133e-02, mse_f: 8.7348e-01, total loss: 1.1156e+00, Error u,v: 7.8037e-03, 1.2865e-02
It: 10300, Time: 2.38, mse_0: 1.1670e-01, mse_f: 8.9192e-01, total loss: 1.2083e+00, Error u,v: 8.1629e-03, 1.3296e-02
It: 10400, Time: 2.37, mse_0: 1.9555e-02, mse_f: 2.4559e-01, total loss: 3.0099e-01, Error u,v: 7.3963e-03, 1.2472e-02
It: 10500, Time: 2.29, mse_0: 7.3055e-02, mse_f: 8.2650e-01, total loss: 1.0043e+00, Error u,v: 7.2446e-03, 1.2387e-02
It: 10600, Time: 2.25, mse_0: 1.0831e-01, mse_f: 2.0671e-01, total loss: 6.6383e-01, Error u,v: 7.7127e-03, 1.4812e-02
It: 10700, Time: 2.46, mse_0: 1.2539e-01, mse_f: 4.7488e-01, total loss: 8.5407e-01, Error u,v: 6.9231e-03, 1.3971e-02
It: 10800, Time: 2.62, mse_0: 7.6221e-02, mse_f: 3.8990e-01, total loss: 6.0463e-01, Error u,v: 7.6752e-03, 1.2658e-02
It: 10900, Time: 2.48, mse_0: 2.0828e-02, mse_f: 6.2321e-01, total loss: 6.5769e-01, Error u,v: 7.5139e-03, 1.1810e-02
It: 11000, Time: 2.45, mse_0: 3.8471e-02, mse_f: 4.9159e-01, total loss: 6.1631e-01, Error u,v: 7.4865e-03, 1.1119e-02
It: 11100, Time: 2.58, mse_0: 2.5387e-02, mse_f: 4.5223e-01, total loss: 5.4427e-01, Error u,v: 6.8844e-03, 1.0924e-02
It: 11200, Time: 2.71, mse_0: 8.6639e-02, mse_f: 3.9936e-01, total loss: 6.5059e-01, Error u,v: 6.7774e-03, 1.2327e-02
It: 11300, Time: 2.47, mse_0: 3.5244e-02, mse_f: 7.3953e-01, total loss: 8.2939e-01, Error u,v: 7.3650e-03, 1.1333e-02
It: 11400, Time: 2.57, mse_0: 1.3434e-01, mse_f: 6.7888e-01, total loss: 1.1168e+00, Error u,v: 7.2613e-03, 1.3593e-02
It: 11500, Time: 2.62, mse_0: 6.8732e-02, mse_f: 4.4484e-01, total loss: 6.6039e-01, Error u,v: 7.1338e-03, 1.2908e-02
It: 11600, Time: 2.49, mse_0: 2.6132e-02, mse_f: 3.2209e-01, total loss: 4.3849e-01, Error u,v: 6.8502e-03, 1.0838e-02
It: 11700, Time: 2.52, mse_0: 4.4149e-02, mse_f: 2.4347e-01, total loss: 3.5422e-01, Error u,v: 6.9354e-03, 1.0973e-02
It: 11800, Time: 2.48, mse_0: 6.9647e-02, mse_f: 7.3381e-01, total loss: 9.3223e-01, Error u,v: 7.1214e-03, 1.0574e-02
It: 11900, Time: 2.47, mse_0: 1.0419e-01, mse_f: 2.8614e-01, total loss: 6.2327e-01, Error u,v: 6.5886e-03, 1.2715e-02
It: 12000, Time: 2.40, mse_0: 5.1778e-02, mse_f: 3.0193e-01, total loss: 5.0449e-01, Error u,v: 6.3682e-03, 1.2300e-02
It: 12100, Time: 2.30, mse_0: 3.8401e-02, mse_f: 7.2731e-01, total loss: 8.2711e-01, Error u,v: 6.2525e-03, 1.1458e-02
It: 12200, Time: 2.28, mse_0: 6.1612e-02, mse_f: 8.6404e-01, total loss: 1.1003e+00, Error u,v: 6.7849e-03, 1.1192e-02
It: 12300, Time: 2.43, mse_0: 4.9789e-02, mse_f: 2.2716e-01, total loss: 4.4124e-01, Error u,v: 6.7274e-03, 1.1981e-02
It: 12400, Time: 2.55, mse_0: 6.0741e-02, mse_f: 8.6978e-01, total loss: 1.1321e+00, Error u,v: 7.8854e-03, 1.1467e-02
It: 12500, Time: 2.55, mse_0: 1.7496e-02, mse_f: 3.3527e-01, total loss: 3.7568e-01, Error u,v: 7.8433e-03, 1.1663e-02
It: 12600, Time: 2.45, mse_0: 1.4644e-01, mse_f: 2.8005e-01, total loss: 7.4215e-01, Error u,v: 6.8037e-03, 1.4712e-02
It: 12700, Time: 2.42, mse_0: 3.7938e-02, mse_f: 3.4310e-01, total loss: 4.5119e-01, Error u,v: 6.4218e-03, 9.9299e-03
It: 12800, Time: 2.43, mse_0: 1.4944e-01, mse_f: 6.1193e-01, total loss: 1.0274e+00, Error u,v: 5.8289e-03, 1.2229e-02
It: 12900, Time: 2.40, mse_0: 1.4256e-01, mse_f: 1.3752e+00, total loss: 1.7928e+00, Error u,v: 6.7979e-03, 1.2473e-02
It: 13000, Time: 2.32, mse_0: 2.2132e-02, mse_f: 6.4591e-01, total loss: 6.9147e-01, Error u,v: 7.5546e-03, 1.1395e-02
It: 13100, Time: 2.32, mse_0: 4.2223e-02, mse_f: 2.1302e-01, total loss: 3.1910e-01, Error u,v: 7.1087e-03, 1.1587e-02
It: 13200, Time: 2.57, mse_0: 6.7571e-03, mse_f: 1.0116e-01, total loss: 1.0947e-01, Error u,v: 6.4533e-03, 1.1006e-02
It: 13300, Time: 2.42, mse_0: 8.3516e-02, mse_f: 1.7971e-01, total loss: 5.2083e-01, Error u,v: 6.0812e-03, 1.1679e-02
It: 13400, Time: 2.50, mse_0: 1.8500e-02, mse_f: 2.3269e-01, total loss: 2.8967e-01, Error u,v: 6.0139e-03, 9.2418e-03
It: 13500, Time: 2.61, mse_0: 8.1779e-02, mse_f: 3.2311e-01, total loss: 5.8037e-01, Error u,v: 6.6474e-03, 1.3901e-02
It: 13600, Time: 2.43, mse_0: 4.6151e-02, mse_f: 6.5287e-01, total loss: 7.6387e-01, Error u,v: 5.9893e-03, 1.1902e-02
It: 13700, Time: 2.55, mse_0: 2.3351e-02, mse_f: 1.4284e-01, total loss: 2.2072e-01, Error u,v: 5.9787e-03, 1.0680e-02
It: 13800, Time: 2.50, mse_0: 1.5650e-02, mse_f: 2.4683e-01, total loss: 2.8359e-01, Error u,v: 6.2697e-03, 1.1188e-02
It: 13900, Time: 2.48, mse_0: 1.7873e-02, mse_f: 2.2990e-01, total loss: 2.7298e-01, Error u,v: 7.5842e-03, 1.1813e-02
It: 14000, Time: 2.80, mse_0: 9.1437e-03, mse_f: 9.7274e-02, total loss: 1.1576e-01, Error u,v: 6.4073e-03, 1.0147e-02
It: 14100, Time: 2.45, mse_0: 4.9169e-02, mse_f: 3.7669e-01, total loss: 5.0661e-01, Error u,v: 6.1956e-03, 8.9658e-03
It: 14200, Time: 2.44, mse_0: 4.4548e-02, mse_f: 5.7754e-01, total loss: 7.0251e-01, Error u,v: 5.2804e-03, 9.4781e-03
It: 14300, Time: 2.50, mse_0: 1.9685e-02, mse_f: 2.7162e-01, total loss: 3.1871e-01, Error u,v: 5.2716e-03, 9.5551e-03
It: 14400, Time: 2.47, mse_0: 4.1802e-02, mse_f: 1.3248e-01, total loss: 3.1222e-01, Error u,v: 5.3739e-03, 9.8929e-03
It: 14500, Time: 2.48, mse_0: 2.3374e-02, mse_f: 4.1609e-01, total loss: 4.8521e-01, Error u,v: 5.6187e-03, 9.0768e-03
It: 14600, Time: 2.44, mse_0: 1.4566e-01, mse_f: 6.1159e-01, total loss: 1.0560e+00, Error u,v: 6.5732e-03, 1.3222e-02
It: 14700, Time: 2.51, mse_0: 1.0694e-02, mse_f: 2.9000e-01, total loss: 3.1061e-01, Error u,v: 6.9608e-03, 1.0634e-02
It: 14800, Time: 2.49, mse_0: 1.3569e-02, mse_f: 1.6006e-01, total loss: 1.9729e-01, Error u,v: 6.1608e-03, 1.0285e-02
It: 14900, Time: 2.30, mse_0: 1.2864e-01, mse_f: 1.5239e+00, total loss: 1.8823e+00, Error u,v: 6.3896e-03, 1.2452e-02
It: 15000, Time: 2.46, mse_0: 1.7496e-02, mse_f: 1.2024e-01, total loss: 1.6603e-01, Error u,v: 7.4588e-03, 1.2721e-02
starting L-BFGS training
It: 100, Time: 3.31, mse_0: 2.3997e-03, mse_f: 4.6461e-02, total loss: 4.9027e-02, Error u,v: 5.1795e-03, 8.1835e-03
It: 200, Time: 4.26, mse_0: 1.5222e-03, mse_f: 4.3930e-02, total loss: 4.5582e-02, Error u,v: 3.5394e-03, 5.8275e-03
It: 300, Time: 4.34, mse_0: 9.4827e-04, mse_f: 4.0145e-02, total loss: 4.1241e-02, Error u,v: 1.8466e-03, 3.3220e-03
It: 400, Time: 3.85, mse_0: 7.6058e-04, mse_f: 3.7045e-02, total loss: 3.7908e-02, Error u,v: 1.3788e-03, 2.7449e-03
It: 500, Time: 4.09, mse_0: 8.4372e-04, mse_f: 3.4029e-02, total loss: 3.4997e-02, Error u,v: 1.4421e-03, 2.9219e-03
It: 600, Time: 4.73, mse_0: 7.6294e-04, mse_f: 3.0825e-02, total loss: 3.1697e-02, Error u,v: 1.3744e-03, 2.8510e-03
It: 700, Time: 3.95, mse_0: 7.1713e-04, mse_f: 2.7747e-02, total loss: 2.8555e-02, Error u,v: 1.3655e-03, 2.7431e-03
It: 800, Time: 3.92, mse_0: 7.6338e-04, mse_f: 2.4280e-02, total loss: 2.5120e-02, Error u,v: 9.5260e-04, 2.1474e-03
It: 900, Time: 4.04, mse_0: 7.8584e-04, mse_f: 2.1790e-02, total loss: 2.2648e-02, Error u,v: 9.5042e-04, 2.1120e-03
It: 1000, Time: 3.87, mse_0: 7.2628e-04, mse_f: 1.9076e-02, total loss: 1.9878e-02, Error u,v: 9.1016e-04, 2.0178e-03
It: 1100, Time: 4.04, mse_0: 6.2261e-04, mse_f: 1.6974e-02, total loss: 1.7706e-02, Error u,v: 6.1445e-04, 1.5488e-03
It: 1200, Time: 3.86, mse_0: 5.5069e-04, mse_f: 1.5396e-02, total loss: 1.6054e-02, Error u,v: 7.6028e-04, 1.7719e-03
It: 1300, Time: 3.99, mse_0: 5.3695e-04, mse_f: 1.4047e-02, total loss: 1.4668e-02, Error u,v: 7.5150e-04, 1.6545e-03
It: 1400, Time: 3.99, mse_0: 4.5320e-04, mse_f: 1.2992e-02, total loss: 1.3517e-02, Error u,v: 6.7959e-04, 1.6518e-03
It: 1500, Time: 3.95, mse_0: 4.5297e-04, mse_f: 1.2040e-02, total loss: 1.2577e-02, Error u,v: 6.1640e-04, 1.3619e-03
It: 1600, Time: 4.04, mse_0: 4.6282e-04, mse_f: 1.1356e-02, total loss: 1.1891e-02, Error u,v: 6.7804e-04, 1.4783e-03
It: 1700, Time: 4.16, mse_0: 4.7978e-04, mse_f: 1.0747e-02, total loss: 1.1295e-02, Error u,v: 7.3345e-04, 1.6359e-03
It: 1800, Time: 3.92, mse_0: 4.8598e-04, mse_f: 1.0137e-02, total loss: 1.0686e-02, Error u,v: 6.4448e-04, 1.4941e-03
It: 1900, Time: 4.15, mse_0: 4.5390e-04, mse_f: 9.5506e-03, total loss: 1.0052e-02, Error u,v: 4.4262e-04, 1.1715e-03
It: 2000, Time: 3.91, mse_0: 4.6350e-04, mse_f: 8.9479e-03, total loss: 9.4507e-03, Error u,v: 4.4797e-04, 1.1810e-03
It: 2100, Time: 4.01, mse_0: 4.5180e-04, mse_f: 8.3986e-03, total loss: 8.8807e-03, Error u,v: 4.0498e-04, 1.1222e-03
It: 2200, Time: 4.07, mse_0: 4.3886e-04, mse_f: 7.9027e-03, total loss: 8.3706e-03, Error u,v: 3.8916e-04, 1.0725e-03
It: 2300, Time: 3.91, mse_0: 4.5461e-04, mse_f: 7.4651e-03, total loss: 7.9455e-03, Error u,v: 4.2159e-04, 1.0890e-03
It: 2400, Time: 4.01, mse_0: 4.0524e-04, mse_f: 7.0497e-03, total loss: 7.4896e-03, Error u,v: 5.1805e-04, 1.2291e-03
It: 2500, Time: 4.05, mse_0: 3.8760e-04, mse_f: 6.6899e-03, total loss: 7.1072e-03, Error u,v: 6.6683e-04, 1.3878e-03
It: 2600, Time: 4.02, mse_0: 3.8850e-04, mse_f: 6.3888e-03, total loss: 6.8050e-03, Error u,v: 6.8776e-04, 1.4331e-03
It: 2700, Time: 4.18, mse_0: 3.6221e-04, mse_f: 6.1094e-03, total loss: 6.4930e-03, Error u,v: 5.3459e-04, 1.1804e-03
It: 2800, Time: 4.00, mse_0: 3.5065e-04, mse_f: 5.8628e-03, total loss: 6.2379e-03, Error u,v: 4.9686e-04, 1.0983e-03
It: 2900, Time: 4.01, mse_0: 3.5295e-04, mse_f: 5.6134e-03, total loss: 5.9924e-03, Error u,v: 5.3072e-04, 1.1638e-03
It: 3000, Time: 4.10, mse_0: 3.5052e-04, mse_f: 5.4106e-03, total loss: 5.7864e-03, Error u,v: 5.6406e-04, 1.2441e-03
It: 3100, Time: 3.97, mse_0: 3.2985e-04, mse_f: 5.1785e-03, total loss: 5.5314e-03, Error u,v: 5.6079e-04, 1.2378e-03
It: 3200, Time: 4.11, mse_0: 2.9428e-04, mse_f: 4.9710e-03, total loss: 5.2900e-03, Error u,v: 4.9332e-04, 1.1483e-03
It: 3300, Time: 3.97, mse_0: 2.9500e-04, mse_f: 4.8001e-03, total loss: 5.1221e-03, Error u,v: 4.9942e-04, 1.1895e-03
It: 3400, Time: 4.03, mse_0: 2.8989e-04, mse_f: 4.6179e-03, total loss: 4.9362e-03, Error u,v: 4.8115e-04, 1.1630e-03
It: 3500, Time: 4.03, mse_0: 2.8325e-04, mse_f: 4.3894e-03, total loss: 4.7110e-03, Error u,v: 4.3122e-04, 1.0787e-03
It: 3600, Time: 4.50, mse_0: 2.7858e-04, mse_f: 4.2143e-03, total loss: 4.5348e-03, Error u,v: 4.2926e-04, 1.0612e-03
It: 3700, Time: 3.98, mse_0: 2.8011e-04, mse_f: 4.0635e-03, total loss: 4.3867e-03, Error u,v: 4.1820e-04, 1.0582e-03
It: 3800, Time: 3.87, mse_0: 2.6538e-04, mse_f: 3.9273e-03, total loss: 4.2299e-03, Error u,v: 4.1975e-04, 1.0825e-03
It: 3900, Time: 4.02, mse_0: 2.5318e-04, mse_f: 3.7598e-03, total loss: 4.0586e-03, Error u,v: 4.1605e-04, 1.0753e-03
It: 4000, Time: 3.99, mse_0: 2.5615e-04, mse_f: 3.6192e-03, total loss: 3.9203e-03, Error u,v: 4.4148e-04, 1.1238e-03
It: 4100, Time: 3.99, mse_0: 2.6042e-04, mse_f: 3.5151e-03, total loss: 3.8117e-03, Error u,v: 4.2384e-04, 1.0803e-03
It: 4200, Time: 3.99, mse_0: 2.6220e-04, mse_f: 3.4083e-03, total loss: 3.7120e-03, Error u,v: 4.6422e-04, 1.1242e-03
It: 4300, Time: 4.16, mse_0: 2.5302e-04, mse_f: 3.3156e-03, total loss: 3.6115e-03, Error u,v: 5.2523e-04, 1.2055e-03
It: 4400, Time: 3.95, mse_0: 2.5109e-04, mse_f: 3.1586e-03, total loss: 3.4429e-03, Error u,v: 6.5703e-04, 1.3937e-03
It: 4500, Time: 3.86, mse_0: 2.4739e-04, mse_f: 3.0115e-03, total loss: 3.2984e-03, Error u,v: 6.4284e-04, 1.3717e-03
It: 4600, Time: 3.96, mse_0: 2.4575e-04, mse_f: 2.8751e-03, total loss: 3.1550e-03, Error u,v: 4.7667e-04, 1.1286e-03
It: 4700, Time: 3.96, mse_0: 2.4288e-04, mse_f: 2.7534e-03, total loss: 3.0305e-03, Error u,v: 3.9103e-04, 1.0439e-03
It: 4800, Time: 3.97, mse_0: 2.4568e-04, mse_f: 2.6486e-03, total loss: 2.9273e-03, Error u,v: 3.3725e-04, 9.7817e-04
It: 4900, Time: 3.79, mse_0: 2.4570e-04, mse_f: 2.5500e-03, total loss: 2.8342e-03, Error u,v: 3.7803e-04, 1.0460e-03
It: 5000, Time: 3.91, mse_0: 2.3250e-04, mse_f: 2.4821e-03, total loss: 2.7494e-03, Error u,v: 4.4573e-04, 1.1492e-03
It: 5100, Time: 3.76, mse_0: 2.2781e-04, mse_f: 2.4282e-03, total loss: 2.6909e-03, Error u,v: 5.4761e-04, 1.2879e-03
It: 5200, Time: 3.80, mse_0: 2.2219e-04, mse_f: 2.3714e-03, total loss: 2.6256e-03, Error u,v: 6.1913e-04, 1.4087e-03
It: 5300, Time: 3.62, mse_0: 2.1029e-04, mse_f: 2.3143e-03, total loss: 2.5599e-03, Error u,v: 5.6453e-04, 1.3533e-03
It: 5400, Time: 3.74, mse_0: 1.9447e-04, mse_f: 2.2622e-03, total loss: 2.4883e-03, Error u,v: 5.0700e-04, 1.2638e-03
It: 5500, Time: 4.10, mse_0: 1.8095e-04, mse_f: 2.2000e-03, total loss: 2.4142e-03, Error u,v: 4.0860e-04, 1.1263e-03
It: 5600, Time: 4.48, mse_0: 1.6696e-04, mse_f: 2.1425e-03, total loss: 2.3402e-03, Error u,v: 3.8340e-04, 1.0806e-03
It: 5700, Time: 3.94, mse_0: 1.5269e-04, mse_f: 2.0884e-03, total loss: 2.2698e-03, Error u,v: 3.6894e-04, 1.0643e-03
It: 5800, Time: 3.92, mse_0: 1.5601e-04, mse_f: 2.0315e-03, total loss: 2.2118e-03, Error u,v: 4.1495e-04, 1.1535e-03
It: 5900, Time: 4.03, mse_0: 1.5524e-04, mse_f: 1.9741e-03, total loss: 2.1535e-03, Error u,v: 4.2897e-04, 1.1609e-03
It: 6000, Time: 4.04, mse_0: 1.4980e-04, mse_f: 1.9227e-03, total loss: 2.0969e-03, Error u,v: 4.1710e-04, 1.1450e-03
It: 6100, Time: 3.82, mse_0: 1.4175e-04, mse_f: 1.8606e-03, total loss: 2.0249e-03, Error u,v: 3.6712e-04, 1.0457e-03
It: 6200, Time: 4.01, mse_0: 1.3820e-04, mse_f: 1.8042e-03, total loss: 1.9628e-03, Error u,v: 3.8411e-04, 1.0859e-03
It: 6300, Time: 3.84, mse_0: 1.4299e-04, mse_f: 1.7501e-03, total loss: 1.9137e-03, Error u,v: 3.8676e-04, 1.1040e-03
It: 6400, Time: 4.11, mse_0: 1.4855e-04, mse_f: 1.6900e-03, total loss: 1.8571e-03, Error u,v: 4.0082e-04, 1.1053e-03
It: 6500, Time: 3.65, mse_0: 1.4799e-04, mse_f: 1.6401e-03, total loss: 1.8035e-03, Error u,v: 3.6002e-04, 1.0169e-03
It: 6600, Time: 3.79, mse_0: 1.4275e-04, mse_f: 1.6013e-03, total loss: 1.7581e-03, Error u,v: 3.6241e-04, 1.0241e-03
It: 6700, Time: 3.82, mse_0: 1.4141e-04, mse_f: 1.5580e-03, total loss: 1.7125e-03, Error u,v: 3.8711e-04, 1.0721e-03
It: 6800, Time: 3.73, mse_0: 1.3965e-04, mse_f: 1.5115e-03, total loss: 1.6640e-03, Error u,v: 3.4824e-04, 1.0154e-03
It: 6900, Time: 3.59, mse_0: 1.4282e-04, mse_f: 1.4681e-03, total loss: 1.6246e-03, Error u,v: 3.2404e-04, 9.8240e-04
It: 7000, Time: 4.21, mse_0: 1.3748e-04, mse_f: 1.4384e-03, total loss: 1.5885e-03, Error u,v: 3.5012e-04, 1.0304e-03
It: 7100, Time: 4.00, mse_0: 1.3543e-04, mse_f: 1.4140e-03, total loss: 1.5603e-03, Error u,v: 3.5532e-04, 1.0301e-03
It: 7200, Time: 4.48, mse_0: 1.3582e-04, mse_f: 1.3800e-03, total loss: 1.5274e-03, Error u,v: 4.0391e-04, 1.1187e-03
It: 7300, Time: 3.88, mse_0: 1.3589e-04, mse_f: 1.3433e-03, total loss: 1.4922e-03, Error u,v: 4.0289e-04, 1.1083e-03
It: 7400, Time: 4.05, mse_0: 1.3676e-04, mse_f: 1.3089e-03, total loss: 1.4584e-03, Error u,v: 4.0604e-04, 1.1260e-03
It: 7500, Time: 4.45, mse_0: 1.3134e-04, mse_f: 1.2882e-03, total loss: 1.4324e-03, Error u,v: 3.9696e-04, 1.1082e-03
It: 7600, Time: 4.36, mse_0: 1.2953e-04, mse_f: 1.2656e-03, total loss: 1.4074e-03, Error u,v: 3.6473e-04, 1.0504e-03
It: 7700, Time: 4.10, mse_0: 1.2952e-04, mse_f: 1.2406e-03, total loss: 1.3809e-03, Error u,v: 3.7437e-04, 1.0639e-03
It: 7800, Time: 3.80, mse_0: 1.3134e-04, mse_f: 1.2099e-03, total loss: 1.3532e-03, Error u,v: 3.8973e-04, 1.0770e-03
It: 7900, Time: 4.07, mse_0: 1.2567e-04, mse_f: 1.1919e-03, total loss: 1.3309e-03, Error u,v: 3.8558e-04, 1.0765e-03
It: 8000, Time: 4.04, mse_0: 1.2601e-04, mse_f: 1.1688e-03, total loss: 1.3080e-03, Error u,v: 3.4995e-04, 1.0227e-03
It: 8100, Time: 3.77, mse_0: 1.2199e-04, mse_f: 1.1471e-03, total loss: 1.2800e-03, Error u,v: 3.5102e-04, 1.0400e-03
It: 8200, Time: 3.97, mse_0: 1.2322e-04, mse_f: 1.1258e-03, total loss: 1.2580e-03, Error u,v: 3.7029e-04, 1.0722e-03
It: 8300, Time: 4.21, mse_0: 1.2782e-04, mse_f: 1.1013e-03, total loss: 1.2378e-03, Error u,v: 3.9879e-04, 1.1108e-03
It: 8400, Time: 3.97, mse_0: 1.2874e-04, mse_f: 1.0815e-03, total loss: 1.2189e-03, Error u,v: 3.9823e-04, 1.0939e-03
It: 8500, Time: 3.88, mse_0: 1.2530e-04, mse_f: 1.0630e-03, total loss: 1.1979e-03, Error u,v: 3.8668e-04, 1.0861e-03
It: 8600, Time: 4.07, mse_0: 1.2439e-04, mse_f: 1.0430e-03, total loss: 1.1784e-03, Error u,v: 3.6088e-04, 1.0345e-03
It: 8700, Time: 4.09, mse_0: 1.1883e-04, mse_f: 1.0319e-03, total loss: 1.1626e-03, Error u,v: 3.4883e-04, 1.0254e-03
It: 8800, Time: 3.87, mse_0: 1.1478e-04, mse_f: 1.0163e-03, total loss: 1.1435e-03, Error u,v: 3.6386e-04, 1.0518e-03
It: 8900, Time: 4.16, mse_0: 1.1213e-04, mse_f: 1.0038e-03, total loss: 1.1276e-03, Error u,v: 3.6412e-04, 1.0535e-03
It: 9000, Time: 4.17, mse_0: 1.1464e-04, mse_f: 9.8326e-04, total loss: 1.1102e-03, Error u,v: 3.5530e-04, 1.0357e-03
Error u: 3.553040e-04
Error v: 1.035694e-03
Error u: 2.995327e-04
Error v: 3.801547e-04
u_pred.shape after=  (257, 91)
NeuralNet(
  (network): Sequential(
    (0): Linear(in_features=2, out_features=48, bias=True)
    (1): Tanh()
    (2): Linear(in_features=48, out_features=48, bias=True)
    (3): Tanh()
    (4): Linear(in_features=48, out_features=48, bias=True)
    (5): Tanh()
    (6): Linear(in_features=48, out_features=48, bias=True)
    (7): Tanh()
    (8): Linear(in_features=48, out_features=2, bias=True)
  )
)
starting Adam training
It: 100, Time: 2.47, mse_0: 6.1357e+02, mse_f: 8.8470e+02, total loss: 1.9650e+03, Error u,v: 3.2476e-01, 3.9292e-01
It: 200, Time: 2.30, mse_0: 2.7630e+02, mse_f: 5.4743e+02, total loss: 1.1837e+03, Error u,v: 3.4568e-01, 3.4498e-01
It: 300, Time: 2.57, mse_0: 2.1913e+02, mse_f: 4.6508e+02, total loss: 8.3632e+02, Error u,v: 3.3676e-01, 3.1236e-01
It: 400, Time: 2.46, mse_0: 1.6477e+02, mse_f: 2.3627e+02, total loss: 4.4077e+02, Error u,v: 3.0539e-01, 2.6795e-01
It: 500, Time: 2.42, mse_0: 1.0327e+02, mse_f: 1.2533e+02, total loss: 2.3553e+02, Error u,v: 2.1584e-01, 2.2969e-01
It: 600, Time: 2.39, mse_0: 5.0429e+01, mse_f: 9.5536e+01, total loss: 1.4970e+02, Error u,v: 1.7883e-01, 1.9708e-01
It: 700, Time: 2.49, mse_0: 3.8657e+01, mse_f: 6.9587e+01, total loss: 1.1013e+02, Error u,v: 1.7192e-01, 2.0240e-01
It: 800, Time: 2.54, mse_0: 2.5394e+01, mse_f: 5.7525e+01, total loss: 8.3736e+01, Error u,v: 1.4304e-01, 1.7851e-01
It: 900, Time: 2.46, mse_0: 2.2706e+01, mse_f: 4.4393e+01, total loss: 6.7836e+01, Error u,v: 1.3301e-01, 1.7177e-01
It: 1000, Time: 2.54, mse_0: 1.8742e+01, mse_f: 3.6325e+01, total loss: 5.5349e+01, Error u,v: 1.1973e-01, 1.5598e-01
It: 1100, Time: 2.49, mse_0: 1.6665e+01, mse_f: 2.8956e+01, total loss: 4.5788e+01, Error u,v: 1.1389e-01, 1.4972e-01
It: 1200, Time: 2.51, mse_0: 1.3564e+01, mse_f: 2.3736e+01, total loss: 3.7471e+01, Error u,v: 1.0314e-01, 1.3716e-01
It: 1300, Time: 2.41, mse_0: 1.0663e+01, mse_f: 1.8579e+01, total loss: 2.9371e+01, Error u,v: 9.0605e-02, 1.2208e-01
It: 1400, Time: 2.51, mse_0: 8.0755e+00, mse_f: 1.3734e+01, total loss: 2.1893e+01, Error u,v: 7.8714e-02, 1.0680e-01
It: 1500, Time: 2.37, mse_0: 5.5394e+00, mse_f: 1.0652e+01, total loss: 1.6258e+01, Error u,v: 6.7274e-02, 9.1641e-02
It: 1600, Time: 2.26, mse_0: 4.0556e+00, mse_f: 8.2224e+00, total loss: 1.2334e+01, Error u,v: 5.8791e-02, 7.9884e-02
It: 1700, Time: 2.48, mse_0: 2.9553e+00, mse_f: 6.1416e+00, total loss: 9.1538e+00, Error u,v: 5.2668e-02, 7.1807e-02
It: 1800, Time: 2.50, mse_0: 2.2112e+00, mse_f: 4.6364e+00, total loss: 6.8994e+00, Error u,v: 4.6768e-02, 6.3892e-02
It: 1900, Time: 2.23, mse_0: 1.5417e+00, mse_f: 3.7197e+00, total loss: 5.3138e+00, Error u,v: 4.0696e-02, 5.5288e-02
It: 2000, Time: 2.30, mse_0: 1.0807e+00, mse_f: 3.0593e+00, total loss: 4.1890e+00, Error u,v: 3.5671e-02, 4.7690e-02
It: 2100, Time: 2.20, mse_0: 7.6770e-01, mse_f: 2.5545e+00, total loss: 3.3659e+00, Error u,v: 3.1601e-02, 4.1675e-02
It: 2200, Time: 2.23, mse_0: 5.5206e-01, mse_f: 2.1607e+00, total loss: 2.7547e+00, Error u,v: 2.8018e-02, 3.6371e-02
It: 2300, Time: 2.33, mse_0: 4.1510e-01, mse_f: 1.8340e+00, total loss: 2.2842e+00, Error u,v: 2.5096e-02, 3.2063e-02
It: 2400, Time: 2.40, mse_0: 3.1907e-01, mse_f: 1.5701e+00, total loss: 1.9172e+00, Error u,v: 2.2532e-02, 2.8497e-02
It: 2500, Time: 2.39, mse_0: 2.5314e-01, mse_f: 1.3545e+00, total loss: 1.6299e+00, Error u,v: 2.0408e-02, 2.5671e-02
It: 2600, Time: 2.33, mse_0: 2.3025e+00, mse_f: 1.4651e+00, total loss: 1.0117e+01, Error u,v: 2.1144e-02, 2.3600e-02
It: 2700, Time: 2.27, mse_0: 2.4241e-01, mse_f: 1.0669e+00, total loss: 1.5048e+00, Error u,v: 1.9646e-02, 2.2329e-02
It: 2800, Time: 2.23, mse_0: 1.5742e-01, mse_f: 9.3792e-01, total loss: 1.1107e+00, Error u,v: 1.7737e-02, 2.0497e-02
It: 2900, Time: 2.46, mse_0: 1.8002e-01, mse_f: 8.6823e-01, total loss: 1.1902e+00, Error u,v: 1.4819e-02, 1.8502e-02
It: 3000, Time: 2.39, mse_0: 1.6045e-01, mse_f: 7.8624e-01, total loss: 1.0817e+00, Error u,v: 1.3701e-02, 1.7110e-02
It: 3100, Time: 2.50, mse_0: 1.1476e-01, mse_f: 7.0304e-01, total loss: 8.6613e-01, Error u,v: 1.2715e-02, 1.5920e-02
It: 3200, Time: 2.50, mse_0: 9.0467e-02, mse_f: 6.3341e-01, total loss: 7.5298e-01, Error u,v: 1.1765e-02, 1.4734e-02
It: 3300, Time: 2.35, mse_0: 7.0525e-02, mse_f: 5.7224e-01, total loss: 6.4827e-01, Error u,v: 1.0868e-02, 1.3653e-02
It: 3400, Time: 2.37, mse_0: 6.3445e-02, mse_f: 5.2281e-01, total loss: 5.9492e-01, Error u,v: 1.0141e-02, 1.2734e-02
It: 3500, Time: 2.40, mse_0: 2.0502e-01, mse_f: 1.7063e+00, total loss: 2.2440e+00, Error u,v: 9.8879e-03, 1.3586e-02
It: 3600, Time: 2.31, mse_0: 1.1527e-01, mse_f: 1.2528e+00, total loss: 1.6766e+00, Error u,v: 1.0024e-02, 1.1565e-02
It: 3700, Time: 2.44, mse_0: 8.7284e-02, mse_f: 4.8704e-01, total loss: 6.5401e-01, Error u,v: 9.0096e-03, 1.0708e-02
It: 3800, Time: 2.39, mse_0: 8.9042e-01, mse_f: 6.7428e-01, total loss: 3.7791e+00, Error u,v: 1.6289e-02, 1.1699e-02
It: 3900, Time: 2.49, mse_0: 1.8601e-01, mse_f: 4.4179e-01, total loss: 1.2069e+00, Error u,v: 8.0521e-03, 9.9716e-03
It: 4000, Time: 2.53, mse_0: 5.5421e-02, mse_f: 4.1735e-01, total loss: 5.7329e-01, Error u,v: 7.5518e-03, 9.3157e-03
It: 4100, Time: 2.31, mse_0: 4.6726e-02, mse_f: 3.6011e-01, total loss: 4.9943e-01, Error u,v: 7.1538e-03, 8.8165e-03
It: 4200, Time: 2.33, mse_0: 3.7241e-02, mse_f: 2.9734e-01, total loss: 3.7399e-01, Error u,v: 6.6889e-03, 8.2270e-03
It: 4300, Time: 2.37, mse_0: 3.2751e-02, mse_f: 2.6804e-01, total loss: 3.3229e-01, Error u,v: 6.4113e-03, 7.6536e-03
It: 4400, Time: 2.51, mse_0: 8.0778e-01, mse_f: 9.5663e-01, total loss: 4.8193e+00, Error u,v: 2.1602e-02, 8.6442e-03
It: 4500, Time: 2.34, mse_0: 1.0509e-01, mse_f: 2.5243e-01, total loss: 6.0832e-01, Error u,v: 8.0706e-03, 7.4409e-03
It: 4600, Time: 2.27, mse_0: 1.4366e-01, mse_f: 2.9988e-01, total loss: 8.9614e-01, Error u,v: 6.1076e-03, 6.8970e-03
It: 4700, Time: 2.98, mse_0: 1.6760e-01, mse_f: 1.9238e+00, total loss: 2.5862e+00, Error u,v: 5.6888e-03, 7.9495e-03
It: 4800, Time: 3.42, mse_0: 1.0345e-01, mse_f: 4.3820e-01, total loss: 6.9921e-01, Error u,v: 6.2083e-03, 6.9303e-03
It: 4900, Time: 2.69, mse_0: 8.3600e-02, mse_f: 2.8049e-01, total loss: 5.0965e-01, Error u,v: 5.4738e-03, 5.9183e-03
It: 5000, Time: 2.81, mse_0: 3.6223e-02, mse_f: 2.5378e-01, total loss: 3.3651e-01, Error u,v: 4.5784e-03, 5.5159e-03
It: 5100, Time: 2.53, mse_0: 5.0996e-02, mse_f: 3.2304e-01, total loss: 4.5169e-01, Error u,v: 4.3412e-03, 5.6489e-03
It: 5200, Time: 3.28, mse_0: 2.1425e-01, mse_f: 2.2047e-01, total loss: 1.1185e+00, Error u,v: 8.2700e-03, 5.3000e-03
It: 5300, Time: 2.32, mse_0: 9.3423e-02, mse_f: 4.2252e-01, total loss: 6.6941e-01, Error u,v: 3.9478e-03, 5.5617e-03
It: 5400, Time: 2.20, mse_0: 3.4811e-02, mse_f: 3.2414e-01, total loss: 4.8556e-01, Error u,v: 5.5652e-03, 4.5981e-03
It: 5500, Time: 2.19, mse_0: 7.4645e-02, mse_f: 3.9349e-01, total loss: 7.9699e-01, Error u,v: 7.3940e-03, 4.4706e-03
It: 5600, Time: 2.25, mse_0: 7.3280e-02, mse_f: 3.5881e-01, total loss: 5.4540e-01, Error u,v: 4.0962e-03, 5.0027e-03
It: 5700, Time: 2.47, mse_0: 1.8279e-02, mse_f: 2.5855e-01, total loss: 3.3784e-01, Error u,v: 4.1595e-03, 3.8955e-03
It: 5800, Time: 2.29, mse_0: 2.5735e-02, mse_f: 3.3096e-01, total loss: 4.7649e-01, Error u,v: 3.7849e-03, 4.0347e-03
It: 5900, Time: 2.99, mse_0: 4.2283e-02, mse_f: 4.0040e-01, total loss: 6.3655e-01, Error u,v: 4.5872e-03, 3.8077e-03
It: 6000, Time: 2.51, mse_0: 1.6213e-01, mse_f: 1.7294e-01, total loss: 7.3585e-01, Error u,v: 5.8022e-03, 4.7869e-03
It: 6100, Time: 2.35, mse_0: 7.4348e-02, mse_f: 2.9876e-01, total loss: 6.9756e-01, Error u,v: 6.7230e-03, 3.5067e-03
It: 6200, Time: 2.29, mse_0: 4.1089e-02, mse_f: 2.8173e-01, total loss: 5.3161e-01, Error u,v: 6.2443e-03, 3.2441e-03
It: 6300, Time: 2.29, mse_0: 1.1148e-01, mse_f: 2.4005e-01, total loss: 5.6852e-01, Error u,v: 4.9227e-03, 3.9837e-03
It: 6400, Time: 2.31, mse_0: 2.4185e-02, mse_f: 2.9077e-01, total loss: 4.3633e-01, Error u,v: 5.0229e-03, 3.0701e-03
It: 6500, Time: 2.38, mse_0: 5.7179e-02, mse_f: 1.9609e-01, total loss: 3.5675e-01, Error u,v: 2.9426e-03, 3.0241e-03
It: 6600, Time: 2.29, mse_0: 1.4561e-01, mse_f: 3.2143e-01, total loss: 1.0813e+00, Error u,v: 8.2135e-03, 3.0665e-03
It: 6700, Time: 2.26, mse_0: 1.1646e-01, mse_f: 3.4101e-01, total loss: 6.7199e-01, Error u,v: 4.1069e-03, 3.9851e-03
It: 6800, Time: 2.23, mse_0: 1.9120e-02, mse_f: 2.4310e-01, total loss: 3.4817e-01, Error u,v: 3.9290e-03, 2.5963e-03
It: 6900, Time: 2.24, mse_0: 2.5249e-02, mse_f: 2.9247e-01, total loss: 4.3996e-01, Error u,v: 3.1632e-03, 2.7314e-03
It: 7000, Time: 2.26, mse_0: 1.0859e-01, mse_f: 9.2456e-02, total loss: 5.1595e-01, Error u,v: 4.5361e-03, 3.2548e-03
It: 7100, Time: 2.30, mse_0: 1.6850e-01, mse_f: 3.2470e-01, total loss: 8.2590e-01, Error u,v: 4.4776e-03, 4.3490e-03
It: 7200, Time: 2.24, mse_0: 2.9347e-03, mse_f: 6.6426e-02, total loss: 7.0382e-02, Error u,v: 2.4453e-03, 2.2139e-03
It: 7300, Time: 2.19, mse_0: 1.2672e-01, mse_f: 2.5261e-01, total loss: 6.3769e-01, Error u,v: 3.7430e-03, 3.1707e-03
It: 7400, Time: 2.23, mse_0: 1.1088e-01, mse_f: 2.0918e-01, total loss: 7.6623e-01, Error u,v: 7.4353e-03, 2.3818e-03
It: 7500, Time: 2.28, mse_0: 2.1450e-02, mse_f: 1.8895e-01, total loss: 3.3346e-01, Error u,v: 4.3214e-03, 2.1081e-03
It: 7600, Time: 2.20, mse_0: 3.8273e-02, mse_f: 6.6324e-02, total loss: 2.3361e-01, Error u,v: 3.6416e-03, 1.9822e-03
It: 7700, Time: 2.36, mse_0: 1.0267e-01, mse_f: 3.1159e-01, total loss: 8.7964e-01, Error u,v: 7.2001e-03, 2.1687e-03
It: 7800, Time: 2.33, mse_0: 5.0478e-02, mse_f: 2.0581e-01, total loss: 3.4181e-01, Error u,v: 2.4131e-03, 3.1926e-03
It: 7900, Time: 2.38, mse_0: 2.0563e-01, mse_f: 3.2269e-01, total loss: 1.0406e+00, Error u,v: 6.2773e-03, 3.6449e-03
It: 8000, Time: 2.52, mse_0: 9.8798e-03, mse_f: 1.3329e-01, total loss: 1.6911e-01, Error u,v: 2.4404e-03, 1.8932e-03
It: 8100, Time: 2.68, mse_0: 4.3899e-02, mse_f: 9.1474e-02, total loss: 2.9820e-01, Error u,v: 4.0409e-03, 2.0420e-03
It: 8200, Time: 2.74, mse_0: 5.2866e-03, mse_f: 5.7065e-02, total loss: 7.2113e-02, Error u,v: 1.9568e-03, 2.2017e-03
It: 8300, Time: 2.92, mse_0: 5.5878e-02, mse_f: 1.8198e-01, total loss: 3.3914e-01, Error u,v: 2.8948e-03, 2.8887e-03
It: 8400, Time: 2.58, mse_0: 6.3126e-02, mse_f: 8.2497e-02, total loss: 3.0146e-01, Error u,v: 3.9680e-03, 2.9084e-03
It: 8500, Time: 2.73, mse_0: 9.9532e-02, mse_f: 7.9004e-02, total loss: 4.3115e-01, Error u,v: 4.5619e-03, 3.0439e-03
It: 8600, Time: 2.63, mse_0: 3.7153e-02, mse_f: 5.7264e-02, total loss: 2.1768e-01, Error u,v: 2.7848e-03, 1.8530e-03
It: 8700, Time: 2.46, mse_0: 1.1545e-02, mse_f: 1.4673e-01, total loss: 2.0561e-01, Error u,v: 2.9236e-03, 1.4680e-03
It: 8800, Time: 2.51, mse_0: 9.3127e-02, mse_f: 1.9682e-01, total loss: 5.0247e-01, Error u,v: 3.0859e-03, 2.5727e-03
It: 8900, Time: 2.46, mse_0: 1.0139e-01, mse_f: 1.1161e-01, total loss: 4.6844e-01, Error u,v: 4.3059e-03, 2.8498e-03
It: 9000, Time: 2.38, mse_0: 4.1876e-02, mse_f: 2.8324e-01, total loss: 5.3234e-01, Error u,v: 5.4149e-03, 1.7540e-03
It: 9100, Time: 2.33, mse_0: 8.0915e-02, mse_f: 9.1977e-02, total loss: 4.0727e-01, Error u,v: 4.6321e-03, 1.7848e-03
It: 9200, Time: 2.31, mse_0: 1.0383e-01, mse_f: 1.2423e-01, total loss: 5.7385e-01, Error u,v: 5.5082e-03, 2.4207e-03
It: 9300, Time: 2.46, mse_0: 8.8005e-02, mse_f: 2.3107e-01, total loss: 6.6908e-01, Error u,v: 6.0875e-03, 1.8672e-03
It: 9400, Time: 2.29, mse_0: 8.6278e-03, mse_f: 1.1092e-01, total loss: 1.4068e-01, Error u,v: 1.8400e-03, 1.2825e-03
It: 9500, Time: 2.30, mse_0: 3.4326e-02, mse_f: 1.7803e-01, total loss: 3.3979e-01, Error u,v: 4.4704e-03, 1.8623e-03
It: 9600, Time: 2.28, mse_0: 8.1100e-02, mse_f: 2.2316e-01, total loss: 6.6706e-01, Error u,v: 6.2772e-03, 1.4887e-03
It: 9700, Time: 2.76, mse_0: 6.9875e-02, mse_f: 2.3046e-01, total loss: 4.1596e-01, Error u,v: 2.7044e-03, 2.8027e-03
It: 9800, Time: 2.19, mse_0: 1.0235e-01, mse_f: 1.9098e-01, total loss: 4.9474e-01, Error u,v: 2.6853e-03, 2.8831e-03
It: 9900, Time: 2.35, mse_0: 2.4955e-02, mse_f: 1.5449e-01, total loss: 3.1411e-01, Error u,v: 4.2556e-03, 1.4538e-03
It: 10000, Time: 2.24, mse_0: 3.5989e-02, mse_f: 8.0951e-02, total loss: 1.9637e-01, Error u,v: 1.5848e-03, 2.2189e-03
starting L-BFGS training
It: 100, Time: 3.03, mse_0: 8.4180e-04, mse_f: 2.9631e-02, total loss: 3.0852e-02, Error u,v: 9.8685e-04, 9.9803e-04
It: 200, Time: 3.95, mse_0: 8.9116e-04, mse_f: 2.7655e-02, total loss: 2.8847e-02, Error u,v: 1.0294e-03, 9.5279e-04
It: 300, Time: 3.97, mse_0: 8.5065e-04, mse_f: 2.5642e-02, total loss: 2.6747e-02, Error u,v: 1.1284e-03, 1.0147e-03
It: 400, Time: 3.85, mse_0: 7.6681e-04, mse_f: 2.3783e-02, total loss: 2.4746e-02, Error u,v: 9.7324e-04, 8.9524e-04
It: 500, Time: 3.89, mse_0: 6.4049e-04, mse_f: 2.0850e-02, total loss: 2.1702e-02, Error u,v: 1.0204e-03, 7.2878e-04
It: 600, Time: 4.01, mse_0: 8.3576e-04, mse_f: 1.8635e-02, total loss: 1.9723e-02, Error u,v: 1.1606e-03, 8.0181e-04
It: 700, Time: 4.01, mse_0: 5.9609e-04, mse_f: 1.7436e-02, total loss: 1.8204e-02, Error u,v: 1.0599e-03, 7.7283e-04
It: 800, Time: 3.73, mse_0: 5.8840e-04, mse_f: 1.6194e-02, total loss: 1.6978e-02, Error u,v: 1.0345e-03, 7.2825e-04
It: 900, Time: 3.86, mse_0: 6.5111e-04, mse_f: 1.5036e-02, total loss: 1.5873e-02, Error u,v: 1.1361e-03, 7.6222e-04
It: 1000, Time: 4.04, mse_0: 6.1283e-04, mse_f: 1.3867e-02, total loss: 1.4660e-02, Error u,v: 1.1234e-03, 7.5092e-04
It: 1100, Time: 3.94, mse_0: 5.0683e-04, mse_f: 1.3145e-02, total loss: 1.3826e-02, Error u,v: 9.4500e-04, 7.3888e-04
It: 1200, Time: 4.31, mse_0: 4.5497e-04, mse_f: 1.2485e-02, total loss: 1.3083e-02, Error u,v: 8.6004e-04, 6.6970e-04
It: 1300, Time: 3.88, mse_0: 4.6264e-04, mse_f: 1.1925e-02, total loss: 1.2493e-02, Error u,v: 8.3574e-04, 6.6678e-04
It: 1400, Time: 3.98, mse_0: 4.3870e-04, mse_f: 1.1165e-02, total loss: 1.1736e-02, Error u,v: 8.5368e-04, 6.7159e-04
It: 1500, Time: 4.11, mse_0: 4.6352e-04, mse_f: 1.0670e-02, total loss: 1.1233e-02, Error u,v: 8.6055e-04, 6.2779e-04
It: 1600, Time: 3.91, mse_0: 4.7785e-04, mse_f: 1.0112e-02, total loss: 1.0693e-02, Error u,v: 8.0538e-04, 5.2765e-04
It: 1700, Time: 3.85, mse_0: 4.9242e-04, mse_f: 9.5477e-03, total loss: 1.0140e-02, Error u,v: 7.8054e-04, 4.9874e-04
It: 1800, Time: 3.74, mse_0: 5.5291e-04, mse_f: 9.0619e-03, total loss: 9.7049e-03, Error u,v: 7.8022e-04, 4.9377e-04
It: 1900, Time: 3.85, mse_0: 5.0652e-04, mse_f: 8.7010e-03, total loss: 9.3019e-03, Error u,v: 7.6523e-04, 4.7424e-04
It: 2000, Time: 4.05, mse_0: 4.8270e-04, mse_f: 8.3118e-03, total loss: 8.8808e-03, Error u,v: 7.0092e-04, 4.5679e-04
It: 2100, Time: 3.87, mse_0: 4.2457e-04, mse_f: 7.8931e-03, total loss: 8.4212e-03, Error u,v: 6.9963e-04, 4.7066e-04
It: 2200, Time: 3.98, mse_0: 4.2170e-04, mse_f: 7.6657e-03, total loss: 8.1754e-03, Error u,v: 7.1482e-04, 5.0814e-04
It: 2300, Time: 3.83, mse_0: 4.0937e-04, mse_f: 7.4549e-03, total loss: 7.9336e-03, Error u,v: 7.3704e-04, 4.9305e-04
It: 2400, Time: 3.91, mse_0: 3.7380e-04, mse_f: 7.2684e-03, total loss: 7.7153e-03, Error u,v: 6.9867e-04, 4.7776e-04
It: 2500, Time: 3.80, mse_0: 3.6121e-04, mse_f: 7.0821e-03, total loss: 7.5105e-03, Error u,v: 7.2959e-04, 4.9067e-04
It: 2600, Time: 3.79, mse_0: 3.6967e-04, mse_f: 6.8187e-03, total loss: 7.2592e-03, Error u,v: 7.3375e-04, 4.9658e-04
It: 2700, Time: 3.98, mse_0: 3.2442e-04, mse_f: 6.5884e-03, total loss: 6.9752e-03, Error u,v: 7.3149e-04, 5.2917e-04
It: 2800, Time: 4.06, mse_0: 2.9685e-04, mse_f: 6.2990e-03, total loss: 6.6469e-03, Error u,v: 7.1579e-04, 5.1244e-04
It: 2900, Time: 4.06, mse_0: 3.1407e-04, mse_f: 6.0119e-03, total loss: 6.3741e-03, Error u,v: 6.9310e-04, 5.0188e-04
It: 3000, Time: 4.29, mse_0: 3.4080e-04, mse_f: 5.7504e-03, total loss: 6.1374e-03, Error u,v: 6.7597e-04, 5.1268e-04
It: 3100, Time: 4.12, mse_0: 3.4544e-04, mse_f: 5.4439e-03, total loss: 5.8303e-03, Error u,v: 6.4405e-04, 4.8307e-04
It: 3200, Time: 4.19, mse_0: 3.2394e-04, mse_f: 5.2670e-03, total loss: 5.6298e-03, Error u,v: 6.6654e-04, 5.0867e-04
It: 3300, Time: 3.98, mse_0: 3.1565e-04, mse_f: 5.1198e-03, total loss: 5.4847e-03, Error u,v: 6.2401e-04, 4.6557e-04
It: 3400, Time: 3.85, mse_0: 3.3288e-04, mse_f: 4.8702e-03, total loss: 5.2527e-03, Error u,v: 6.1918e-04, 4.5471e-04
It: 3500, Time: 4.14, mse_0: 3.1419e-04, mse_f: 4.6551e-03, total loss: 5.0252e-03, Error u,v: 6.7394e-04, 5.2093e-04
It: 3600, Time: 3.95, mse_0: 3.0565e-04, mse_f: 4.4347e-03, total loss: 4.7992e-03, Error u,v: 6.9825e-04, 5.0075e-04
It: 3700, Time: 4.21, mse_0: 3.0015e-04, mse_f: 4.2945e-03, total loss: 4.6599e-03, Error u,v: 7.1271e-04, 5.0839e-04
It: 3800, Time: 4.34, mse_0: 2.9834e-04, mse_f: 4.1753e-03, total loss: 4.5362e-03, Error u,v: 7.5525e-04, 5.1511e-04
It: 3900, Time: 4.19, mse_0: 2.7138e-04, mse_f: 4.0471e-03, total loss: 4.3850e-03, Error u,v: 7.5326e-04, 5.2976e-04
It: 4000, Time: 4.03, mse_0: 2.4198e-04, mse_f: 3.9324e-03, total loss: 4.2231e-03, Error u,v: 7.8868e-04, 5.7253e-04
It: 4100, Time: 4.13, mse_0: 2.3133e-04, mse_f: 3.8292e-03, total loss: 4.1023e-03, Error u,v: 7.7820e-04, 5.7132e-04
It: 4200, Time: 3.90, mse_0: 2.2136e-04, mse_f: 3.7225e-03, total loss: 3.9830e-03, Error u,v: 8.3434e-04, 6.4155e-04
It: 4300, Time: 3.93, mse_0: 2.0876e-04, mse_f: 3.5987e-03, total loss: 3.8547e-03, Error u,v: 8.3304e-04, 6.7825e-04
It: 4400, Time: 4.04, mse_0: 1.9859e-04, mse_f: 3.5193e-03, total loss: 3.7444e-03, Error u,v: 8.3799e-04, 6.7693e-04
It: 4500, Time: 3.73, mse_0: 1.9421e-04, mse_f: 3.4208e-03, total loss: 3.6482e-03, Error u,v: 8.5555e-04, 6.9772e-04
It: 4600, Time: 3.90, mse_0: 1.9412e-04, mse_f: 3.3306e-03, total loss: 3.5521e-03, Error u,v: 8.8941e-04, 7.1008e-04
It: 4700, Time: 4.02, mse_0: 2.1183e-04, mse_f: 3.2048e-03, total loss: 3.4449e-03, Error u,v: 8.8889e-04, 7.2379e-04
It: 4800, Time: 4.05, mse_0: 2.0348e-04, mse_f: 3.0915e-03, total loss: 3.3181e-03, Error u,v: 9.1816e-04, 7.4978e-04
It: 4900, Time: 3.94, mse_0: 2.0356e-04, mse_f: 2.9912e-03, total loss: 3.2162e-03, Error u,v: 9.1223e-04, 7.3625e-04
It: 5000, Time: 4.16, mse_0: 2.0490e-04, mse_f: 2.9011e-03, total loss: 3.1279e-03, Error u,v: 9.1276e-04, 7.2864e-04
It: 5100, Time: 4.00, mse_0: 2.0678e-04, mse_f: 2.8320e-03, total loss: 3.0608e-03, Error u,v: 9.0603e-04, 7.4281e-04
It: 5200, Time: 3.93, mse_0: 1.9492e-04, mse_f: 2.7764e-03, total loss: 2.9958e-03, Error u,v: 8.9982e-04, 7.4851e-04
It: 5300, Time: 3.83, mse_0: 1.8915e-04, mse_f: 2.6656e-03, total loss: 2.8781e-03, Error u,v: 9.0855e-04, 7.5880e-04
It: 5400, Time: 4.19, mse_0: 1.8290e-04, mse_f: 2.5342e-03, total loss: 2.7437e-03, Error u,v: 9.1903e-04, 8.1555e-04
It: 5500, Time: 4.30, mse_0: 1.8085e-04, mse_f: 2.4589e-03, total loss: 2.6582e-03, Error u,v: 9.1063e-04, 8.0196e-04
It: 5600, Time: 4.12, mse_0: 1.9328e-04, mse_f: 2.3676e-03, total loss: 2.5787e-03, Error u,v: 9.4039e-04, 8.3663e-04
It: 5700, Time: 4.14, mse_0: 1.9138e-04, mse_f: 2.2844e-03, total loss: 2.4896e-03, Error u,v: 9.0701e-04, 7.9243e-04
It: 5800, Time: 4.27, mse_0: 1.8643e-04, mse_f: 2.2201e-03, total loss: 2.4200e-03, Error u,v: 9.1170e-04, 7.9265e-04
It: 5900, Time: 4.17, mse_0: 1.7735e-04, mse_f: 2.1459e-03, total loss: 2.3374e-03, Error u,v: 9.1518e-04, 7.7586e-04
It: 6000, Time: 3.93, mse_0: 1.7725e-04, mse_f: 2.0802e-03, total loss: 2.2750e-03, Error u,v: 9.3925e-04, 8.1502e-04
It: 6100, Time: 4.08, mse_0: 1.7282e-04, mse_f: 2.0257e-03, total loss: 2.2197e-03, Error u,v: 9.2892e-04, 8.3298e-04
It: 6200, Time: 4.01, mse_0: 1.7276e-04, mse_f: 1.9793e-03, total loss: 2.1708e-03, Error u,v: 9.2075e-04, 8.3489e-04
It: 6300, Time: 3.98, mse_0: 1.6898e-04, mse_f: 1.9471e-03, total loss: 2.1345e-03, Error u,v: 9.0411e-04, 8.0311e-04
It: 6400, Time: 3.72, mse_0: 1.7115e-04, mse_f: 1.9054e-03, total loss: 2.0939e-03, Error u,v: 9.0193e-04, 8.0038e-04
It: 6500, Time: 3.90, mse_0: 1.6574e-04, mse_f: 1.8493e-03, total loss: 2.0359e-03, Error u,v: 9.1655e-04, 8.1560e-04
It: 6600, Time: 3.89, mse_0: 1.5925e-04, mse_f: 1.8069e-03, total loss: 1.9873e-03, Error u,v: 9.0679e-04, 7.7179e-04
It: 6700, Time: 3.90, mse_0: 1.5075e-04, mse_f: 1.7767e-03, total loss: 1.9496e-03, Error u,v: 8.8575e-04, 7.5047e-04
It: 6800, Time: 3.70, mse_0: 1.5063e-04, mse_f: 1.7340e-03, total loss: 1.9081e-03, Error u,v: 9.0441e-04, 7.5094e-04
It: 6900, Time: 3.83, mse_0: 1.4838e-04, mse_f: 1.6915e-03, total loss: 1.8582e-03, Error u,v: 8.9855e-04, 7.5277e-04
It: 7000, Time: 3.88, mse_0: 1.5034e-04, mse_f: 1.6502e-03, total loss: 1.8183e-03, Error u,v: 8.9430e-04, 7.5557e-04
It: 7100, Time: 3.85, mse_0: 1.4807e-04, mse_f: 1.6132e-03, total loss: 1.7815e-03, Error u,v: 9.1160e-04, 7.7990e-04
It: 7200, Time: 3.83, mse_0: 1.3963e-04, mse_f: 1.5805e-03, total loss: 1.7377e-03, Error u,v: 9.0416e-04, 7.6760e-04
It: 7300, Time: 4.03, mse_0: 1.3597e-04, mse_f: 1.5481e-03, total loss: 1.7030e-03, Error u,v: 8.8702e-04, 7.5635e-04
It: 7400, Time: 4.07, mse_0: 1.3080e-04, mse_f: 1.5274e-03, total loss: 1.6752e-03, Error u,v: 8.6751e-04, 7.3304e-04
It: 7500, Time: 4.06, mse_0: 1.3070e-04, mse_f: 1.4865e-03, total loss: 1.6339e-03, Error u,v: 8.9013e-04, 7.5155e-04
It: 7600, Time: 3.97, mse_0: 1.2583e-04, mse_f: 1.4590e-03, total loss: 1.6014e-03, Error u,v: 8.7622e-04, 7.5095e-04
It: 7700, Time: 3.85, mse_0: 1.1913e-04, mse_f: 1.4308e-03, total loss: 1.5665e-03, Error u,v: 8.7726e-04, 7.3665e-04
It: 7800, Time: 3.86, mse_0: 1.1707e-04, mse_f: 1.4035e-03, total loss: 1.5388e-03, Error u,v: 8.5681e-04, 7.2602e-04
It: 7900, Time: 4.07, mse_0: 1.0966e-04, mse_f: 1.3815e-03, total loss: 1.5077e-03, Error u,v: 8.5162e-04, 7.1784e-04
It: 8000, Time: 4.09, mse_0: 1.0524e-04, mse_f: 1.3632e-03, total loss: 1.4836e-03, Error u,v: 8.4532e-04, 7.0814e-04
It: 8100, Time: 4.23, mse_0: 1.0215e-04, mse_f: 1.3440e-03, total loss: 1.4617e-03, Error u,v: 8.5990e-04, 7.1160e-04
It: 8200, Time: 4.49, mse_0: 9.9592e-05, mse_f: 1.3247e-03, total loss: 1.4397e-03, Error u,v: 8.6482e-04, 7.0514e-04
It: 8300, Time: 3.80, mse_0: 9.4770e-05, mse_f: 1.3076e-03, total loss: 1.4159e-03, Error u,v: 8.6118e-04, 6.9224e-04
It: 8400, Time: 4.02, mse_0: 9.3970e-05, mse_f: 1.2663e-03, total loss: 1.3773e-03, Error u,v: 8.6756e-04, 6.9813e-04
It: 8500, Time: 4.24, mse_0: 8.9681e-05, mse_f: 1.2364e-03, total loss: 1.3434e-03, Error u,v: 8.5683e-04, 6.7797e-04
It: 8600, Time: 3.87, mse_0: 8.6018e-05, mse_f: 1.2107e-03, total loss: 1.3144e-03, Error u,v: 8.5407e-04, 6.6677e-04
It: 8700, Time: 4.61, mse_0: 8.5195e-05, mse_f: 1.1776e-03, total loss: 1.2805e-03, Error u,v: 8.7290e-04, 6.7942e-04
It: 8800, Time: 3.94, mse_0: 8.3309e-05, mse_f: 1.1472e-03, total loss: 1.2489e-03, Error u,v: 8.7542e-04, 6.9454e-04
It: 8900, Time: 5.03, mse_0: 8.3527e-05, mse_f: 1.1238e-03, total loss: 1.2249e-03, Error u,v: 8.7686e-04, 6.9983e-04
It: 9000, Time: 3.76, mse_0: 8.1096e-05, mse_f: 1.1028e-03, total loss: 1.1990e-03, Error u,v: 8.7176e-04, 6.8724e-04
It: 9100, Time: 4.33, mse_0: 8.1386e-05, mse_f: 1.0845e-03, total loss: 1.1790e-03, Error u,v: 8.6868e-04, 6.8676e-04
It: 9200, Time: 4.55, mse_0: 8.0007e-05, mse_f: 1.0681e-03, total loss: 1.1608e-03, Error u,v: 8.6348e-04, 6.9190e-04
It: 9300, Time: 4.56, mse_0: 7.8767e-05, mse_f: 1.0514e-03, total loss: 1.1416e-03, Error u,v: 8.6611e-04, 7.0175e-04
It: 9400, Time: 4.04, mse_0: 7.9403e-05, mse_f: 1.0357e-03, total loss: 1.1243e-03, Error u,v: 8.7552e-04, 7.1261e-04
It: 9500, Time: 4.15, mse_0: 8.1349e-05, mse_f: 1.0115e-03, total loss: 1.1044e-03, Error u,v: 8.9282e-04, 7.2242e-04
Error u: 8.928229e-04
Error v: 7.224226e-04
Error u: 4.545425e-04
Error v: 5.194409e-04
u_pred.shape after=  (257, 121)
NeuralNet(
  (network): Sequential(
    (0): Linear(in_features=2, out_features=48, bias=True)
    (1): Tanh()
    (2): Linear(in_features=48, out_features=48, bias=True)
    (3): Tanh()
    (4): Linear(in_features=48, out_features=48, bias=True)
    (5): Tanh()
    (6): Linear(in_features=48, out_features=48, bias=True)
    (7): Tanh()
    (8): Linear(in_features=48, out_features=2, bias=True)
  )
)
starting Adam training
It: 100, Time: 2.55, mse_0: 1.9396e+02, mse_f: 1.1871e+03, total loss: 1.7681e+03, Error u,v: 5.1056e-01, 2.2582e-01
It: 200, Time: 2.39, mse_0: 2.2202e+02, mse_f: 4.1524e+02, total loss: 9.3561e+02, Error u,v: 4.2978e-01, 2.2325e-01
It: 300, Time: 2.20, mse_0: 1.1503e+02, mse_f: 2.0980e+02, total loss: 3.4825e+02, Error u,v: 3.0612e-01, 1.5355e-01
It: 400, Time: 2.14, mse_0: 3.2894e+01, mse_f: 9.1030e+01, total loss: 1.3762e+02, Error u,v: 1.5086e-01, 7.5374e-02
It: 500, Time: 2.24, mse_0: 1.0255e+01, mse_f: 3.9586e+01, total loss: 5.6825e+01, Error u,v: 9.5777e-02, 5.1211e-02
It: 600, Time: 2.21, mse_0: 1.0443e+01, mse_f: 1.9908e+01, total loss: 3.2568e+01, Error u,v: 8.6921e-02, 3.9974e-02
It: 700, Time: 2.15, mse_0: 6.6850e+00, mse_f: 1.2514e+01, total loss: 2.0337e+01, Error u,v: 6.8160e-02, 3.4332e-02
It: 800, Time: 2.29, mse_0: 2.7653e+00, mse_f: 1.0107e+01, total loss: 1.3488e+01, Error u,v: 4.0629e-02, 2.2844e-02
It: 900, Time: 2.20, mse_0: 1.7713e+00, mse_f: 7.1679e+00, total loss: 9.2597e+00, Error u,v: 4.2985e-02, 2.0458e-02
It: 1000, Time: 2.22, mse_0: 1.4914e+00, mse_f: 5.1798e+00, total loss: 6.8750e+00, Error u,v: 3.3754e-02, 1.6498e-02
It: 1100, Time: 2.32, mse_0: 1.1168e+00, mse_f: 3.9420e+00, total loss: 5.1979e+00, Error u,v: 2.7821e-02, 1.4067e-02
It: 1200, Time: 2.29, mse_0: 7.9278e-01, mse_f: 3.0972e+00, total loss: 4.0267e+00, Error u,v: 2.2284e-02, 1.1578e-02
It: 1300, Time: 2.24, mse_0: 6.7664e-01, mse_f: 2.4252e+00, total loss: 3.1985e+00, Error u,v: 1.8525e-02, 1.0105e-02
It: 1400, Time: 2.25, mse_0: 5.9267e-01, mse_f: 1.8901e+00, total loss: 2.5855e+00, Error u,v: 1.5786e-02, 9.0151e-03
It: 1500, Time: 2.37, mse_0: 5.1149e-01, mse_f: 1.5247e+00, total loss: 2.1256e+00, Error u,v: 1.4222e-02, 8.1534e-03
It: 1600, Time: 2.39, mse_0: 4.4431e-01, mse_f: 1.2438e+00, total loss: 1.7740e+00, Error u,v: 1.2888e-02, 7.4427e-03
It: 1700, Time: 2.38, mse_0: 3.8688e-01, mse_f: 1.0380e+00, total loss: 1.5000e+00, Error u,v: 1.1654e-02, 6.8138e-03
It: 1800, Time: 2.35, mse_0: 3.3364e-01, mse_f: 8.8382e-01, total loss: 1.2838e+00, Error u,v: 1.0652e-02, 6.2349e-03
It: 1900, Time: 2.32, mse_0: 2.8479e-01, mse_f: 7.6828e-01, total loss: 1.1113e+00, Error u,v: 9.8378e-03, 5.7354e-03
It: 2000, Time: 2.29, mse_0: 2.4159e-01, mse_f: 6.7830e-01, total loss: 9.7075e-01, Error u,v: 9.1246e-03, 5.2908e-03
It: 2100, Time: 2.37, mse_0: 2.0348e-01, mse_f: 6.0424e-01, total loss: 8.5267e-01, Error u,v: 8.4427e-03, 4.8726e-03
It: 2200, Time: 2.27, mse_0: 1.7030e-01, mse_f: 5.4099e-01, total loss: 7.5095e-01, Error u,v: 7.8280e-03, 4.5025e-03
It: 2300, Time: 2.33, mse_0: 1.4234e-01, mse_f: 4.8461e-01, total loss: 6.6210e-01, Error u,v: 7.2808e-03, 4.1772e-03
It: 2400, Time: 2.29, mse_0: 1.1903e-01, mse_f: 4.3398e-01, total loss: 5.8420e-01, Error u,v: 6.7935e-03, 3.8949e-03
It: 2500, Time: 2.26, mse_0: 9.9996e-02, mse_f: 3.8829e-01, total loss: 5.1600e-01, Error u,v: 6.3649e-03, 3.6556e-03
It: 2600, Time: 2.27, mse_0: 8.4545e-02, mse_f: 3.4738e-01, total loss: 4.5659e-01, Error u,v: 6.0004e-03, 3.4564e-03
It: 2700, Time: 2.25, mse_0: 7.2075e-02, mse_f: 3.1121e-01, total loss: 4.0521e-01, Error u,v: 5.6866e-03, 3.2911e-03
It: 2800, Time: 2.33, mse_0: 6.2009e-02, mse_f: 2.7966e-01, total loss: 3.6112e-01, Error u,v: 5.4152e-03, 3.1528e-03
It: 2900, Time: 2.26, mse_0: 5.3892e-02, mse_f: 2.5246e-01, total loss: 3.2357e-01, Error u,v: 5.1739e-03, 3.0336e-03
It: 3000, Time: 2.24, mse_0: 4.7357e-02, mse_f: 2.2920e-01, total loss: 2.9176e-01, Error u,v: 4.9557e-03, 2.9279e-03
It: 3100, Time: 2.29, mse_0: 1.0257e+00, mse_f: 3.2391e-01, total loss: 5.4670e+00, Error u,v: 7.8820e-03, 6.7305e-03
It: 3200, Time: 2.30, mse_0: 4.0532e-01, mse_f: 2.2667e-01, total loss: 2.1293e+00, Error u,v: 5.6562e-03, 4.2484e-03
It: 3300, Time: 2.38, mse_0: 1.0828e-01, mse_f: 1.8690e-01, total loss: 6.2198e-01, Error u,v: 4.3777e-03, 2.7408e-03
It: 3400, Time: 2.39, mse_0: 8.3829e-02, mse_f: 1.7276e-01, total loss: 4.8189e-01, Error u,v: 4.4991e-03, 2.9234e-03
It: 3500, Time: 2.22, mse_0: 4.9994e-02, mse_f: 1.5923e-01, total loss: 3.0716e-01, Error u,v: 4.4201e-03, 2.9533e-03
It: 3600, Time: 2.21, mse_0: 3.8164e-02, mse_f: 1.4935e-01, total loss: 2.3049e-01, Error u,v: 4.0313e-03, 2.5024e-03
It: 3700, Time: 2.23, mse_0: 2.6672e-02, mse_f: 1.3876e-01, total loss: 1.7553e-01, Error u,v: 3.8280e-03, 2.3267e-03
It: 3800, Time: 2.22, mse_0: 2.6462e-02, mse_f: 1.3105e-01, total loss: 1.6946e-01, Error u,v: 3.6969e-03, 2.2271e-03
It: 3900, Time: 3.20, mse_0: 2.3330e-02, mse_f: 1.2338e-01, total loss: 1.5203e-01, Error u,v: 3.6006e-03, 2.1558e-03
It: 4000, Time: 2.37, mse_0: 3.3396e-01, mse_f: 1.4897e-01, total loss: 1.6822e+00, Error u,v: 5.9677e-03, 5.0645e-03
It: 4100, Time: 2.20, mse_0: 1.4926e-01, mse_f: 1.2539e-01, total loss: 7.5240e-01, Error u,v: 4.6408e-03, 3.6616e-03
It: 4200, Time: 2.20, mse_0: 4.3620e-02, mse_f: 1.0977e-01, total loss: 2.4411e-01, Error u,v: 4.1104e-03, 2.9891e-03
It: 4300, Time: 2.20, mse_0: 5.0647e-02, mse_f: 1.0601e-01, total loss: 2.7961e-01, Error u,v: 3.7305e-03, 2.5121e-03
It: 4400, Time: 2.24, mse_0: 7.2056e-02, mse_f: 1.0250e-01, total loss: 3.8398e-01, Error u,v: 4.3511e-03, 3.1943e-03
It: 4500, Time: 2.19, mse_0: 2.3752e-01, mse_f: 1.1690e-01, total loss: 1.1874e+00, Error u,v: 6.3640e-03, 5.4948e-03
It: 4600, Time: 2.54, mse_0: 1.1164e-01, mse_f: 1.0112e-01, total loss: 5.7745e-01, Error u,v: 4.7092e-03, 3.6874e-03
It: 4700, Time: 2.20, mse_0: 1.7914e-02, mse_f: 8.7624e-02, total loss: 1.1632e-01, Error u,v: 3.3232e-03, 1.8624e-03
It: 4800, Time: 2.15, mse_0: 4.4640e-02, mse_f: 8.7439e-02, total loss: 2.4673e-01, Error u,v: 4.1192e-03, 2.9831e-03
It: 4900, Time: 2.23, mse_0: 1.7616e-01, mse_f: 1.0527e-01, total loss: 9.0150e-01, Error u,v: 5.3288e-03, 4.5388e-03
It: 5000, Time: 2.21, mse_0: 1.1163e-01, mse_f: 9.5126e-02, total loss: 5.8428e-01, Error u,v: 4.7600e-03, 3.9753e-03
It: 5100, Time: 2.24, mse_0: 1.5619e-01, mse_f: 1.1036e-01, total loss: 8.2828e-01, Error u,v: 5.4797e-03, 4.3909e-03
It: 5200, Time: 2.31, mse_0: 4.1083e-02, mse_f: 2.9661e-01, total loss: 5.1623e-01, Error u,v: 3.5199e-03, 3.9805e-03
It: 5300, Time: 2.27, mse_0: 4.8161e-02, mse_f: 1.2138e-01, total loss: 2.2842e-01, Error u,v: 4.3764e-03, 2.0493e-03
It: 5400, Time: 2.34, mse_0: 2.0045e-02, mse_f: 1.0224e-01, total loss: 1.3222e-01, Error u,v: 3.4161e-03, 1.9262e-03
It: 5500, Time: 2.27, mse_0: 1.0905e-01, mse_f: 2.0194e-01, total loss: 7.6063e-01, Error u,v: 4.4969e-03, 4.5992e-03
It: 5600, Time: 2.30, mse_0: 7.0148e-02, mse_f: 7.3883e-02, total loss: 2.9545e-01, Error u,v: 3.7266e-03, 2.0135e-03
It: 5700, Time: 2.22, mse_0: 1.6297e-01, mse_f: 7.0157e-02, total loss: 6.7166e-01, Error u,v: 5.6355e-03, 3.6882e-03
It: 5800, Time: 2.44, mse_0: 1.5763e-01, mse_f: 8.0330e-02, total loss: 6.7174e-01, Error u,v: 5.7147e-03, 3.5101e-03
It: 5900, Time: 2.28, mse_0: 5.1491e-02, mse_f: 2.1583e-01, total loss: 4.8190e-01, Error u,v: 3.5192e-03, 4.1251e-03
It: 6000, Time: 2.25, mse_0: 1.3522e-01, mse_f: 1.2351e-01, total loss: 6.1311e-01, Error u,v: 4.3899e-03, 3.2908e-03
It: 6100, Time: 2.30, mse_0: 2.1253e-02, mse_f: 1.6092e-01, total loss: 2.1743e-01, Error u,v: 3.0738e-03, 2.2899e-03
It: 6200, Time: 2.28, mse_0: 1.1368e-01, mse_f: 6.5214e-02, total loss: 4.7844e-01, Error u,v: 4.5117e-03, 2.6741e-03
It: 6300, Time: 2.49, mse_0: 2.3961e-02, mse_f: 5.2215e-02, total loss: 1.1734e-01, Error u,v: 3.2419e-03, 2.3230e-03
It: 6400, Time: 2.51, mse_0: 8.3124e-02, mse_f: 1.0161e-01, total loss: 4.8472e-01, Error u,v: 4.5278e-03, 3.6136e-03
It: 6500, Time: 2.21, mse_0: 7.9101e-02, mse_f: 1.2811e-01, total loss: 5.0174e-01, Error u,v: 3.7636e-03, 2.8758e-03
It: 6600, Time: 2.25, mse_0: 4.6886e-02, mse_f: 1.2219e-01, total loss: 3.5542e-01, Error u,v: 3.8637e-03, 3.4193e-03
It: 6700, Time: 2.37, mse_0: 9.3198e-02, mse_f: 8.7516e-02, total loss: 5.4224e-01, Error u,v: 3.6406e-03, 3.7585e-03
It: 6800, Time: 2.39, mse_0: 5.4444e-02, mse_f: 2.0295e-01, total loss: 4.7309e-01, Error u,v: 3.4060e-03, 3.7396e-03
It: 6900, Time: 2.59, mse_0: 1.0715e-01, mse_f: 7.0788e-02, total loss: 5.8043e-01, Error u,v: 4.0580e-03, 4.2991e-03
It: 7000, Time: 2.58, mse_0: 7.2662e-02, mse_f: 1.1072e-01, total loss: 3.1093e-01, Error u,v: 4.2726e-03, 2.5194e-03
starting L-BFGS training
It: 100, Time: 3.47, mse_0: 8.8971e-01, mse_f: 1.8113e+00, total loss: 3.0214e+00, Error u,v: 2.0246e-02, 1.1030e-02
It: 200, Time: 3.97, mse_0: 5.5228e-02, mse_f: 1.7012e-01, total loss: 2.4551e-01, Error u,v: 4.3369e-03, 2.3222e-03
It: 300, Time: 4.32, mse_0: 2.1530e-02, mse_f: 9.2780e-02, total loss: 1.1970e-01, Error u,v: 3.7721e-03, 2.1426e-03
It: 400, Time: 4.26, mse_0: 1.4649e-02, mse_f: 5.6876e-02, total loss: 7.3989e-02, Error u,v: 2.9944e-03, 1.7528e-03
It: 500, Time: 4.39, mse_0: 9.8497e-03, mse_f: 4.5098e-02, total loss: 5.6102e-02, Error u,v: 2.8939e-03, 1.6109e-03
It: 600, Time: 4.71, mse_0: 7.4123e-03, mse_f: 3.9082e-02, total loss: 4.7393e-02, Error u,v: 2.7753e-03, 1.4453e-03
It: 700, Time: 4.60, mse_0: 4.5725e-03, mse_f: 3.3563e-02, total loss: 3.8634e-02, Error u,v: 2.8551e-03, 1.4635e-03
It: 800, Time: 4.04, mse_0: 4.1745e-03, mse_f: 2.7704e-02, total loss: 3.2268e-02, Error u,v: 2.6512e-03, 1.4236e-03
It: 900, Time: 4.24, mse_0: 3.5742e-03, mse_f: 2.3778e-02, total loss: 2.7716e-02, Error u,v: 2.4381e-03, 1.2752e-03
It: 1000, Time: 4.31, mse_0: 3.0469e-03, mse_f: 2.1579e-02, total loss: 2.4947e-02, Error u,v: 2.3900e-03, 1.2106e-03
It: 1100, Time: 3.96, mse_0: 3.2527e-03, mse_f: 1.9623e-02, total loss: 2.3290e-02, Error u,v: 2.4474e-03, 1.2290e-03
It: 1200, Time: 3.87, mse_0: 2.8844e-03, mse_f: 1.7931e-02, total loss: 2.1267e-02, Error u,v: 2.5354e-03, 1.2078e-03
It: 1300, Time: 4.01, mse_0: 2.7167e-03, mse_f: 1.6100e-02, total loss: 1.9285e-02, Error u,v: 2.3147e-03, 1.1548e-03
It: 1400, Time: 4.03, mse_0: 2.7128e-03, mse_f: 1.4550e-02, total loss: 1.7499e-02, Error u,v: 2.2932e-03, 1.1227e-03
It: 1500, Time: 3.84, mse_0: 2.4533e-03, mse_f: 1.3604e-02, total loss: 1.6282e-02, Error u,v: 2.2834e-03, 1.1485e-03
It: 1600, Time: 3.88, mse_0: 2.4567e-03, mse_f: 1.2533e-02, total loss: 1.5243e-02, Error u,v: 2.2639e-03, 1.1248e-03
It: 1700, Time: 4.28, mse_0: 2.4970e-03, mse_f: 1.1402e-02, total loss: 1.4088e-02, Error u,v: 2.1768e-03, 1.1015e-03
It: 1800, Time: 4.43, mse_0: 2.3936e-03, mse_f: 1.0802e-02, total loss: 1.3362e-02, Error u,v: 2.2947e-03, 1.1511e-03
It: 1900, Time: 4.15, mse_0: 2.1539e-03, mse_f: 1.0527e-02, total loss: 1.2834e-02, Error u,v: 2.3634e-03, 1.1368e-03
It: 2000, Time: 4.03, mse_0: 1.8929e-03, mse_f: 1.0255e-02, total loss: 1.2302e-02, Error u,v: 2.2805e-03, 1.0913e-03
It: 2100, Time: 4.22, mse_0: 1.7396e-03, mse_f: 9.6913e-03, total loss: 1.1675e-02, Error u,v: 2.3298e-03, 1.0886e-03
It: 2200, Time: 4.10, mse_0: 1.6336e-03, mse_f: 9.1877e-03, total loss: 1.0994e-02, Error u,v: 2.3667e-03, 1.0720e-03
It: 2300, Time: 4.21, mse_0: 1.6784e-03, mse_f: 8.5001e-03, total loss: 1.0367e-02, Error u,v: 2.2088e-03, 1.0568e-03
It: 2400, Time: 3.88, mse_0: 1.5865e-03, mse_f: 8.1360e-03, total loss: 9.9129e-03, Error u,v: 2.0915e-03, 1.0101e-03
It: 2500, Time: 3.87, mse_0: 1.3661e-03, mse_f: 7.7722e-03, total loss: 9.2694e-03, Error u,v: 2.1140e-03, 1.0073e-03
It: 2600, Time: 3.80, mse_0: 1.3105e-03, mse_f: 7.4807e-03, total loss: 8.8986e-03, Error u,v: 2.1455e-03, 1.0225e-03
It: 2700, Time: 3.97, mse_0: 1.0534e-03, mse_f: 7.2402e-03, total loss: 8.4291e-03, Error u,v: 2.2684e-03, 1.0675e-03
It: 2800, Time: 3.88, mse_0: 1.0351e-03, mse_f: 7.0337e-03, total loss: 8.1832e-03, Error u,v: 2.2731e-03, 1.0809e-03
It: 2900, Time: 3.88, mse_0: 8.9666e-04, mse_f: 6.9125e-03, total loss: 7.9288e-03, Error u,v: 2.2819e-03, 1.0910e-03
It: 3000, Time: 3.87, mse_0: 8.6957e-04, mse_f: 6.6353e-03, total loss: 7.6090e-03, Error u,v: 2.3377e-03, 1.0863e-03
It: 3100, Time: 3.90, mse_0: 8.6443e-04, mse_f: 6.3668e-03, total loss: 7.3683e-03, Error u,v: 2.3300e-03, 1.0780e-03
It: 3200, Time: 4.29, mse_0: 8.7083e-04, mse_f: 6.0492e-03, total loss: 7.0343e-03, Error u,v: 2.3413e-03, 1.0748e-03
It: 3300, Time: 4.48, mse_0: 8.4389e-04, mse_f: 5.8264e-03, total loss: 6.8046e-03, Error u,v: 2.3576e-03, 1.0814e-03
It: 3400, Time: 3.85, mse_0: 7.4013e-04, mse_f: 5.7159e-03, total loss: 6.5753e-03, Error u,v: 2.3213e-03, 1.0785e-03
It: 3500, Time: 4.20, mse_0: 6.0796e-04, mse_f: 5.4771e-03, total loss: 6.2170e-03, Error u,v: 2.2929e-03, 1.0874e-03
It: 3600, Time: 4.16, mse_0: 6.0735e-04, mse_f: 5.2470e-03, total loss: 5.9937e-03, Error u,v: 2.3457e-03, 1.1139e-03
It: 3700, Time: 4.02, mse_0: 5.8505e-04, mse_f: 5.0130e-03, total loss: 5.7390e-03, Error u,v: 2.3640e-03, 1.1096e-03
It: 3800, Time: 4.02, mse_0: 6.1922e-04, mse_f: 4.7754e-03, total loss: 5.5173e-03, Error u,v: 2.3409e-03, 1.1214e-03
It: 3900, Time: 4.16, mse_0: 6.2516e-04, mse_f: 4.6696e-03, total loss: 5.4058e-03, Error u,v: 2.3603e-03, 1.1282e-03
It: 4000, Time: 4.04, mse_0: 5.7945e-04, mse_f: 4.5723e-03, total loss: 5.2695e-03, Error u,v: 2.3799e-03, 1.1448e-03
It: 4100, Time: 3.88, mse_0: 5.6837e-04, mse_f: 4.3875e-03, total loss: 5.0810e-03, Error u,v: 2.3172e-03, 1.1046e-03
It: 4200, Time: 3.86, mse_0: 5.6288e-04, mse_f: 4.2428e-03, total loss: 4.9115e-03, Error u,v: 2.3669e-03, 1.1219e-03
It: 4300, Time: 4.06, mse_0: 5.0507e-04, mse_f: 3.9931e-03, total loss: 4.5919e-03, Error u,v: 2.4433e-03, 1.1539e-03
It: 4400, Time: 4.00, mse_0: 4.9201e-04, mse_f: 3.8066e-03, total loss: 4.3827e-03, Error u,v: 2.4298e-03, 1.1558e-03
It: 4500, Time: 4.23, mse_0: 5.1706e-04, mse_f: 3.6449e-03, total loss: 4.2449e-03, Error u,v: 2.4340e-03, 1.1632e-03
It: 4600, Time: 3.89, mse_0: 5.0056e-04, mse_f: 3.4849e-03, total loss: 4.0702e-03, Error u,v: 2.4904e-03, 1.1746e-03
It: 4700, Time: 3.99, mse_0: 4.6288e-04, mse_f: 3.4014e-03, total loss: 3.9471e-03, Error u,v: 2.4881e-03, 1.1835e-03
It: 4800, Time: 4.20, mse_0: 4.7225e-04, mse_f: 3.3226e-03, total loss: 3.8747e-03, Error u,v: 2.5129e-03, 1.1820e-03
It: 4900, Time: 4.22, mse_0: 4.5190e-04, mse_f: 3.2917e-03, total loss: 3.8160e-03, Error u,v: 2.5299e-03, 1.1856e-03
It: 5000, Time: 4.27, mse_0: 4.5128e-04, mse_f: 3.2038e-03, total loss: 3.7206e-03, Error u,v: 2.5410e-03, 1.1889e-03
It: 5100, Time: 3.98, mse_0: 4.6763e-04, mse_f: 3.0692e-03, total loss: 3.5984e-03, Error u,v: 2.5245e-03, 1.1812e-03
It: 5200, Time: 3.73, mse_0: 4.5359e-04, mse_f: 2.9885e-03, total loss: 3.4964e-03, Error u,v: 2.5508e-03, 1.1937e-03
It: 5300, Time: 3.78, mse_0: 4.5484e-04, mse_f: 2.9133e-03, total loss: 3.4238e-03, Error u,v: 2.5816e-03, 1.1999e-03
It: 5400, Time: 4.09, mse_0: 4.5862e-04, mse_f: 2.8207e-03, total loss: 3.3442e-03, Error u,v: 2.5314e-03, 1.1849e-03
It: 5500, Time: 3.93, mse_0: 4.8352e-04, mse_f: 2.7173e-03, total loss: 3.2645e-03, Error u,v: 2.5567e-03, 1.1922e-03
It: 5600, Time: 3.85, mse_0: 5.5110e-04, mse_f: 2.5198e-03, total loss: 3.1341e-03, Error u,v: 2.4979e-03, 1.1627e-03
It: 5700, Time: 3.95, mse_0: 5.3997e-04, mse_f: 2.4403e-03, total loss: 3.0329e-03, Error u,v: 2.5153e-03, 1.1599e-03
It: 5800, Time: 4.12, mse_0: 5.2839e-04, mse_f: 2.3919e-03, total loss: 2.9725e-03, Error u,v: 2.5187e-03, 1.1638e-03
It: 5900, Time: 4.24, mse_0: 4.8958e-04, mse_f: 2.3620e-03, total loss: 2.9049e-03, Error u,v: 2.4848e-03, 1.1603e-03
It: 6000, Time: 4.21, mse_0: 4.8727e-04, mse_f: 2.3088e-03, total loss: 2.8412e-03, Error u,v: 2.4868e-03, 1.1548e-03
It: 6100, Time: 3.99, mse_0: 4.9293e-04, mse_f: 2.2490e-03, total loss: 2.7903e-03, Error u,v: 2.4627e-03, 1.1550e-03
It: 6200, Time: 3.86, mse_0: 4.6881e-04, mse_f: 2.2257e-03, total loss: 2.7374e-03, Error u,v: 2.4800e-03, 1.1603e-03
It: 6300, Time: 4.05, mse_0: 4.8185e-04, mse_f: 2.1538e-03, total loss: 2.6757e-03, Error u,v: 2.5030e-03, 1.1654e-03
It: 6400, Time: 3.86, mse_0: 4.7198e-04, mse_f: 2.0944e-03, total loss: 2.6092e-03, Error u,v: 2.5083e-03, 1.1665e-03
It: 6500, Time: 4.01, mse_0: 4.9729e-04, mse_f: 1.9893e-03, total loss: 2.5177e-03, Error u,v: 2.4625e-03, 1.1498e-03
It: 6600, Time: 4.01, mse_0: 4.8378e-04, mse_f: 1.9421e-03, total loss: 2.4562e-03, Error u,v: 2.4706e-03, 1.1487e-03
It: 6700, Time: 3.74, mse_0: 4.8344e-04, mse_f: 1.9007e-03, total loss: 2.4154e-03, Error u,v: 2.4445e-03, 1.1414e-03
It: 6800, Time: 3.92, mse_0: 4.8547e-04, mse_f: 1.8853e-03, total loss: 2.3965e-03, Error u,v: 2.4418e-03, 1.1438e-03
It: 6900, Time: 4.00, mse_0: 4.7629e-04, mse_f: 1.8450e-03, total loss: 2.3507e-03, Error u,v: 2.4137e-03, 1.1292e-03
It: 7000, Time: 3.88, mse_0: 4.8692e-04, mse_f: 1.8099e-03, total loss: 2.3277e-03, Error u,v: 2.4014e-03, 1.1260e-03
Error u: 2.401389e-03
Error v: 1.126024e-03
Error u: 1.127751e-03
Error v: 6.926016e-04
u_pred.shape after=  (257, 151)
