NeuralNet(
  (network): Sequential(
    (0): Linear(in_features=3, out_features=64, bias=True)
    (1): Tanh()
    (2): Linear(in_features=64, out_features=64, bias=True)
    (3): Tanh()
    (4): Linear(in_features=64, out_features=64, bias=True)
    (5): Tanh()
    (6): Linear(in_features=64, out_features=64, bias=True)
    (7): Tanh()
    (8): Linear(in_features=64, out_features=64, bias=True)
    (9): Tanh()
    (10): Linear(in_features=64, out_features=64, bias=True)
    (11): Tanh()
    (12): Linear(in_features=64, out_features=2, bias=True)
  )
)
starting Adam training
It: 100, Time: 5.85, mse_0: 4.6655e+03, mse_f: 7.1174e+01, total loss: 4.0658e+03, Error: 9.7654e-01, Error v: 7.3742e-01
It: 200, Time: 5.64, mse_0: 3.8971e+03, mse_f: 1.7979e+02, total loss: 2.9348e+03, Error: 9.0657e-01, Error v: 5.8892e-01
It: 300, Time: 5.56, mse_0: 2.2913e+03, mse_f: 5.3313e+02, total loss: 2.2691e+03, Error: 8.0559e-01, Error v: 5.8094e-01
It: 400, Time: 5.56, mse_0: 1.6944e+03, mse_f: 5.5153e+02, total loss: 1.8021e+03, Error: 7.3938e-01, Error v: 5.8029e-01
It: 500, Time: 5.55, mse_0: 1.1293e+03, mse_f: 5.0464e+02, total loss: 1.4098e+03, Error: 6.3695e-01, Error v: 5.4028e-01
It: 600, Time: 5.56, mse_0: 8.8375e+02, mse_f: 3.6666e+02, total loss: 1.0985e+03, Error: 5.5643e-01, Error v: 5.2725e-01
It: 700, Time: 5.58, mse_0: 5.4106e+02, mse_f: 3.1664e+02, total loss: 8.6162e+02, Error: 4.2669e-01, Error v: 5.0275e-01
It: 800, Time: 5.58, mse_0: 4.0083e+02, mse_f: 2.2884e+02, total loss: 6.8362e+02, Error: 3.8610e-01, Error v: 5.0899e-01
It: 900, Time: 5.61, mse_0: 3.0359e+02, mse_f: 1.7905e+02, total loss: 5.7002e+02, Error: 3.3885e-01, Error v: 5.0490e-01
It: 1000, Time: 5.58, mse_0: 2.2010e+02, mse_f: 1.5028e+02, total loss: 4.9481e+02, Error: 3.1856e-01, Error v: 5.0854e-01
It: 1100, Time: 5.56, mse_0: 1.6961e+02, mse_f: 1.2855e+02, total loss: 4.4005e+02, Error: 3.0587e-01, Error v: 5.0572e-01
It: 1200, Time: 5.55, mse_0: 1.3335e+02, mse_f: 1.1364e+02, total loss: 3.9995e+02, Error: 2.8958e-01, Error v: 5.0658e-01
It: 1300, Time: 5.58, mse_0: 1.0808e+02, mse_f: 1.0154e+02, total loss: 3.6973e+02, Error: 2.7699e-01, Error v: 5.0500e-01
It: 1400, Time: 5.56, mse_0: 9.0308e+01, mse_f: 9.1841e+01, total loss: 3.4286e+02, Error: 2.6564e-01, Error v: 4.9726e-01
It: 1500, Time: 5.56, mse_0: 7.5067e+01, mse_f: 8.7671e+01, total loss: 3.2390e+02, Error: 2.4862e-01, Error v: 4.9224e-01
It: 1600, Time: 5.60, mse_0: 5.8037e+01, mse_f: 8.5620e+01, total loss: 3.0765e+02, Error: 2.4772e-01, Error v: 4.9664e-01
It: 1700, Time: 5.61, mse_0: 8.2062e+01, mse_f: 1.1855e+02, total loss: 3.5046e+02, Error: 2.4539e-01, Error v: 4.9087e-01
It: 1800, Time: 5.60, mse_0: 5.9029e+01, mse_f: 8.5084e+01, total loss: 3.0263e+02, Error: 2.3268e-01, Error v: 4.8806e-01
It: 1900, Time: 5.58, mse_0: 4.2196e+01, mse_f: 7.7428e+01, total loss: 2.7929e+02, Error: 2.2325e-01, Error v: 4.9033e-01
It: 2000, Time: 5.58, mse_0: 4.1232e+01, mse_f: 7.4277e+01, total loss: 2.8131e+02, Error: 2.2246e-01, Error v: 4.9710e-01
It: 2100, Time: 5.58, mse_0: 3.5726e+01, mse_f: 7.6731e+01, total loss: 2.6470e+02, Error: 2.1427e-01, Error v: 4.8479e-01
It: 2200, Time: 5.56, mse_0: 3.1508e+01, mse_f: 6.4066e+01, total loss: 2.5397e+02, Error: 2.0648e-01, Error v: 4.8270e-01
It: 2300, Time: 5.64, mse_0: 2.5778e+01, mse_f: 6.2026e+01, total loss: 2.4422e+02, Error: 2.0005e-01, Error v: 4.7934e-01
It: 2400, Time: 5.60, mse_0: 2.2495e+01, mse_f: 6.2100e+01, total loss: 2.3503e+02, Error: 1.9566e-01, Error v: 4.7464e-01
It: 2500, Time: 5.55, mse_0: 2.1079e+01, mse_f: 6.6421e+01, total loss: 2.3656e+02, Error: 1.9288e-01, Error v: 4.6998e-01
It: 2600, Time: 5.60, mse_0: 1.9478e+01, mse_f: 5.7613e+01, total loss: 2.2168e+02, Error: 1.9162e-01, Error v: 4.6379e-01
It: 2700, Time: 5.69, mse_0: 2.0400e+01, mse_f: 5.7530e+01, total loss: 2.1821e+02, Error: 1.9403e-01, Error v: 4.6148e-01
It: 2800, Time: 5.58, mse_0: 2.1193e+01, mse_f: 6.4295e+01, total loss: 2.2260e+02, Error: 1.8300e-01, Error v: 4.5204e-01
It: 2900, Time: 5.56, mse_0: 1.6702e+01, mse_f: 5.8653e+01, total loss: 2.0896e+02, Error: 1.7542e-01, Error v: 4.4307e-01
It: 3000, Time: 5.58, mse_0: 1.6650e+01, mse_f: 5.3526e+01, total loss: 1.9991e+02, Error: 1.7174e-01, Error v: 4.3390e-01
It: 3100, Time: 5.56, mse_0: 1.6115e+01, mse_f: 5.6095e+01, total loss: 2.0295e+02, Error: 1.6276e-01, Error v: 4.1820e-01
It: 3200, Time: 5.59, mse_0: 1.5531e+01, mse_f: 5.2732e+01, total loss: 2.1110e+02, Error: 1.5528e-01, Error v: 4.0495e-01
It: 3300, Time: 5.60, mse_0: 1.9680e+01, mse_f: 5.5871e+01, total loss: 1.9892e+02, Error: 1.5800e-01, Error v: 4.0570e-01
It: 3400, Time: 5.58, mse_0: 1.6274e+01, mse_f: 5.0770e+01, total loss: 1.7819e+02, Error: 1.4885e-01, Error v: 3.8307e-01
It: 3500, Time: 5.63, mse_0: 1.2603e+01, mse_f: 4.9640e+01, total loss: 1.6217e+02, Error: 1.4045e-01, Error v: 3.5674e-01
It: 3600, Time: 5.61, mse_0: 1.1119e+01, mse_f: 4.5743e+01, total loss: 1.5467e+02, Error: 1.3733e-01, Error v: 3.3537e-01
It: 3700, Time: 5.59, mse_0: 9.9837e+00, mse_f: 4.2204e+01, total loss: 1.3760e+02, Error: 1.3029e-01, Error v: 3.1205e-01
It: 3800, Time: 5.57, mse_0: 9.2238e+00, mse_f: 4.4403e+01, total loss: 1.3964e+02, Error: 1.2006e-01, Error v: 2.7707e-01
It: 3900, Time: 5.60, mse_0: 8.1288e+00, mse_f: 3.8118e+01, total loss: 1.2141e+02, Error: 1.1164e-01, Error v: 2.4654e-01
It: 4000, Time: 5.60, mse_0: 8.0959e+00, mse_f: 3.6968e+01, total loss: 1.0971e+02, Error: 1.1509e-01, Error v: 2.2318e-01
It: 4100, Time: 5.56, mse_0: 7.0710e+00, mse_f: 3.9116e+01, total loss: 9.8978e+01, Error: 1.1099e-01, Error v: 2.1466e-01
It: 4200, Time: 5.58, mse_0: 6.3442e+00, mse_f: 3.2245e+01, total loss: 7.3038e+01, Error: 9.9510e-02, Error v: 1.9339e-01
It: 4300, Time: 5.58, mse_0: 6.3175e+00, mse_f: 3.9530e+01, total loss: 7.5950e+01, Error: 9.1578e-02, Error v: 1.7607e-01
It: 4400, Time: 5.63, mse_0: 5.4688e+00, mse_f: 2.8015e+01, total loss: 6.4702e+01, Error: 8.5101e-02, Error v: 1.5381e-01
It: 4500, Time: 5.72, mse_0: 5.0268e+00, mse_f: 2.8477e+01, total loss: 6.6313e+01, Error: 8.2050e-02, Error v: 1.4651e-01
It: 4600, Time: 5.61, mse_0: 5.4769e+00, mse_f: 2.7096e+01, total loss: 6.9096e+01, Error: 8.4978e-02, Error v: 1.2858e-01
It: 4700, Time: 5.60, mse_0: 4.8827e+00, mse_f: 2.0926e+01, total loss: 4.4987e+01, Error: 8.0718e-02, Error v: 1.1806e-01
It: 4800, Time: 5.58, mse_0: 4.1596e+00, mse_f: 1.9904e+01, total loss: 5.6454e+01, Error: 7.5189e-02, Error v: 1.1226e-01
It: 4900, Time: 5.60, mse_0: 4.2205e+00, mse_f: 2.3110e+01, total loss: 4.4539e+01, Error: 7.1502e-02, Error v: 1.0223e-01
It: 5000, Time: 5.56, mse_0: 3.6719e+00, mse_f: 1.9737e+01, total loss: 4.1393e+01, Error: 7.1627e-02, Error v: 9.2925e-02
It: 5100, Time: 5.58, mse_0: 3.4961e+00, mse_f: 2.2175e+01, total loss: 4.7479e+01, Error: 6.9769e-02, Error v: 8.7149e-02
It: 5200, Time: 5.58, mse_0: 3.1473e+00, mse_f: 1.4978e+01, total loss: 4.0084e+01, Error: 6.4544e-02, Error v: 8.4738e-02
It: 5300, Time: 5.60, mse_0: 3.1310e+00, mse_f: 1.3465e+01, total loss: 2.5750e+01, Error: 6.5507e-02, Error v: 7.4500e-02
It: 5400, Time: 5.71, mse_0: 3.1562e+00, mse_f: 1.5405e+01, total loss: 4.7896e+01, Error: 6.6416e-02, Error v: 6.7621e-02
It: 5500, Time: 5.60, mse_0: 2.6206e+00, mse_f: 1.4310e+01, total loss: 3.2874e+01, Error: 6.4412e-02, Error v: 6.6823e-02
It: 5600, Time: 5.60, mse_0: 2.4948e+00, mse_f: 1.0865e+01, total loss: 2.2397e+01, Error: 6.0503e-02, Error v: 6.1816e-02
It: 5700, Time: 5.61, mse_0: 2.3242e+00, mse_f: 1.3181e+01, total loss: 3.4472e+01, Error: 5.9312e-02, Error v: 5.3425e-02
It: 5800, Time: 5.63, mse_0: 2.2559e+00, mse_f: 9.6759e+00, total loss: 2.0794e+01, Error: 6.0774e-02, Error v: 5.3934e-02
It: 5900, Time: 5.60, mse_0: 2.1796e+00, mse_f: 1.0220e+01, total loss: 1.8466e+01, Error: 5.8832e-02, Error v: 4.8982e-02
It: 6000, Time: 5.61, mse_0: 2.1767e+00, mse_f: 1.2622e+01, total loss: 1.9812e+01, Error: 5.8281e-02, Error v: 4.7586e-02
It: 6100, Time: 5.58, mse_0: 2.0426e+00, mse_f: 1.1473e+01, total loss: 2.2600e+01, Error: 5.6749e-02, Error v: 4.4667e-02
It: 6200, Time: 5.63, mse_0: 2.0170e+00, mse_f: 1.2044e+01, total loss: 1.8834e+01, Error: 5.6465e-02, Error v: 4.4631e-02
It: 6300, Time: 5.61, mse_0: 1.8171e+00, mse_f: 9.1550e+00, total loss: 2.4430e+01, Error: 5.6006e-02, Error v: 4.3690e-02
It: 6400, Time: 5.61, mse_0: 1.6248e+00, mse_f: 9.6673e+00, total loss: 2.0844e+01, Error: 5.2820e-02, Error v: 3.9381e-02
It: 6500, Time: 5.61, mse_0: 1.7480e+00, mse_f: 9.0582e+00, total loss: 2.3589e+01, Error: 5.3898e-02, Error v: 4.1883e-02
It: 6600, Time: 5.74, mse_0: 1.5948e+00, mse_f: 7.8150e+00, total loss: 1.2882e+01, Error: 5.1304e-02, Error v: 3.5207e-02
It: 6700, Time: 5.58, mse_0: 1.4472e+00, mse_f: 7.6902e+00, total loss: 1.7888e+01, Error: 5.0321e-02, Error v: 3.4645e-02
It: 6800, Time: 5.60, mse_0: 1.5269e+00, mse_f: 1.1159e+01, total loss: 1.6891e+01, Error: 4.8876e-02, Error v: 3.4903e-02
It: 6900, Time: 5.60, mse_0: 1.4345e+00, mse_f: 8.4813e+00, total loss: 2.1396e+01, Error: 5.2478e-02, Error v: 3.6657e-02
It: 7000, Time: 5.60, mse_0: 1.3240e+00, mse_f: 8.2675e+00, total loss: 2.3522e+01, Error: 4.9972e-02, Error v: 3.6023e-02
It: 7100, Time: 5.63, mse_0: 1.2125e+00, mse_f: 6.3687e+00, total loss: 1.5193e+01, Error: 4.7076e-02, Error v: 3.1766e-02
It: 7200, Time: 5.67, mse_0: 1.1426e+00, mse_f: 6.1504e+00, total loss: 1.2477e+01, Error: 4.5789e-02, Error v: 3.1091e-02
It: 7300, Time: 5.59, mse_0: 1.1658e+00, mse_f: 8.2382e+00, total loss: 2.3271e+01, Error: 4.4886e-02, Error v: 2.9716e-02
It: 7400, Time: 5.60, mse_0: 1.2263e+00, mse_f: 8.7990e+00, total loss: 2.9291e+01, Error: 4.6083e-02, Error v: 2.8806e-02
It: 7500, Time: 5.60, mse_0: 1.1441e+00, mse_f: 9.4913e+00, total loss: 2.3987e+01, Error: 4.6625e-02, Error v: 2.9471e-02
It: 7600, Time: 5.60, mse_0: 1.0436e+00, mse_f: 7.5595e+00, total loss: 1.5164e+01, Error: 4.3872e-02, Error v: 2.9548e-02
It: 7700, Time: 5.59, mse_0: 1.1149e+00, mse_f: 6.1515e+00, total loss: 9.1474e+00, Error: 4.1586e-02, Error v: 2.6281e-02
It: 7800, Time: 5.63, mse_0: 9.8103e-01, mse_f: 6.5282e+00, total loss: 2.2315e+01, Error: 4.0845e-02, Error v: 2.7185e-02
It: 7900, Time: 5.61, mse_0: 1.1457e+00, mse_f: 7.7298e+00, total loss: 1.1477e+01, Error: 4.2290e-02, Error v: 2.5308e-02
It: 8000, Time: 5.61, mse_0: 1.1341e+00, mse_f: 7.0443e+00, total loss: 2.2659e+01, Error: 4.1467e-02, Error v: 2.6787e-02
It: 8100, Time: 5.64, mse_0: 9.3586e-01, mse_f: 1.0939e+01, total loss: 2.1314e+01, Error: 3.8531e-02, Error v: 2.6187e-02
It: 8200, Time: 5.56, mse_0: 1.0712e+00, mse_f: 1.0384e+01, total loss: 1.4709e+01, Error: 3.8879e-02, Error v: 2.6792e-02
It: 8300, Time: 5.61, mse_0: 1.1028e+00, mse_f: 9.6971e+00, total loss: 5.5365e+01, Error: 3.8801e-02, Error v: 3.1995e-02
It: 8400, Time: 5.60, mse_0: 9.7121e-01, mse_f: 6.8057e+00, total loss: 9.9966e+00, Error: 3.9279e-02, Error v: 3.2001e-02
It: 8500, Time: 5.58, mse_0: 8.9875e-01, mse_f: 6.3130e+00, total loss: 1.1297e+01, Error: 3.4436e-02, Error v: 2.5701e-02
It: 8600, Time: 5.58, mse_0: 1.0088e+00, mse_f: 1.4235e+01, total loss: 1.9787e+01, Error: 3.7676e-02, Error v: 2.2829e-02
It: 8700, Time: 5.61, mse_0: 9.0339e-01, mse_f: 8.4175e+00, total loss: 1.0980e+01, Error: 3.6450e-02, Error v: 2.0688e-02
It: 8800, Time: 5.66, mse_0: 9.9196e-01, mse_f: 6.2097e+00, total loss: 3.0421e+01, Error: 3.6113e-02, Error v: 2.3390e-02
It: 8900, Time: 5.63, mse_0: 9.0783e-01, mse_f: 5.2626e+00, total loss: 1.0171e+01, Error: 3.6034e-02, Error v: 2.3399e-02
It: 9000, Time: 5.61, mse_0: 8.6568e-01, mse_f: 4.8277e+00, total loss: 8.0934e+00, Error: 3.6132e-02, Error v: 2.2131e-02
It: 9100, Time: 5.63, mse_0: 7.6677e-01, mse_f: 5.1180e+00, total loss: 9.2208e+00, Error: 3.3668e-02, Error v: 2.0828e-02
It: 9200, Time: 5.61, mse_0: 6.6712e-01, mse_f: 4.8080e+00, total loss: 1.1419e+01, Error: 3.2804e-02, Error v: 2.1675e-02
It: 9300, Time: 5.70, mse_0: 6.7036e-01, mse_f: 5.6538e+00, total loss: 9.2376e+00, Error: 3.2494e-02, Error v: 1.9218e-02
It: 9400, Time: 5.58, mse_0: 6.7768e-01, mse_f: 4.5184e+00, total loss: 1.3503e+01, Error: 3.1819e-02, Error v: 1.9615e-02
It: 9500, Time: 5.60, mse_0: 6.5657e-01, mse_f: 3.8742e+00, total loss: 1.0120e+01, Error: 3.1740e-02, Error v: 2.0337e-02
It: 9600, Time: 5.61, mse_0: 7.5187e-01, mse_f: 6.1791e+00, total loss: 1.0583e+01, Error: 3.1520e-02, Error v: 1.9511e-02
It: 9700, Time: 5.60, mse_0: 7.8851e-01, mse_f: 5.8044e+00, total loss: 1.0799e+01, Error: 3.0323e-02, Error v: 2.2239e-02
It: 9800, Time: 5.64, mse_0: 6.3533e-01, mse_f: 4.3533e+00, total loss: 7.0826e+00, Error: 3.0881e-02, Error v: 1.8414e-02
It: 9900, Time: 5.71, mse_0: 6.6835e-01, mse_f: 3.5606e+00, total loss: 1.0414e+01, Error: 3.0047e-02, Error v: 2.4268e-02
It: 10000, Time: 5.64, mse_0: 6.1670e-01, mse_f: 4.0156e+00, total loss: 1.1985e+01, Error: 2.9371e-02, Error v: 1.9584e-02
It: 10100, Time: 5.61, mse_0: 6.5750e-01, mse_f: 6.5733e+00, total loss: 1.2720e+01, Error: 2.9221e-02, Error v: 1.8259e-02
It: 10200, Time: 5.58, mse_0: 6.3546e-01, mse_f: 7.2883e+00, total loss: 9.7447e+00, Error: 2.9640e-02, Error v: 1.7333e-02
It: 10300, Time: 5.60, mse_0: 5.9365e-01, mse_f: 3.6126e+00, total loss: 6.3978e+00, Error: 2.8939e-02, Error v: 2.1367e-02
It: 10400, Time: 5.61, mse_0: 7.9810e-01, mse_f: 1.1394e+01, total loss: 1.8808e+01, Error: 2.8609e-02, Error v: 1.7576e-02
It: 10500, Time: 5.60, mse_0: 5.0675e-01, mse_f: 3.7293e+00, total loss: 6.0829e+00, Error: 2.7488e-02, Error v: 1.5959e-02
It: 10600, Time: 5.60, mse_0: 5.6348e-01, mse_f: 3.8089e+00, total loss: 1.7062e+01, Error: 2.8448e-02, Error v: 2.1286e-02
It: 10700, Time: 5.63, mse_0: 4.8537e-01, mse_f: 4.3911e+00, total loss: 1.1673e+01, Error: 2.7754e-02, Error v: 1.6510e-02
It: 10800, Time: 5.61, mse_0: 6.2003e-01, mse_f: 5.1120e+00, total loss: 1.8070e+01, Error: 2.8242e-02, Error v: 2.0578e-02
It: 10900, Time: 5.69, mse_0: 5.7017e-01, mse_f: 5.6748e+00, total loss: 1.2366e+01, Error: 2.7891e-02, Error v: 1.7662e-02
It: 11000, Time: 5.61, mse_0: 5.8910e-01, mse_f: 5.2308e+00, total loss: 1.5612e+01, Error: 2.6964e-02, Error v: 1.7083e-02
It: 11100, Time: 5.59, mse_0: 5.6237e-01, mse_f: 4.0980e+00, total loss: 6.0364e+00, Error: 2.6670e-02, Error v: 1.7399e-02
It: 11200, Time: 5.58, mse_0: 6.8183e-01, mse_f: 7.3390e+00, total loss: 1.1346e+01, Error: 2.6840e-02, Error v: 1.7427e-02
It: 11300, Time: 5.60, mse_0: 5.4095e-01, mse_f: 6.2162e+00, total loss: 8.5041e+00, Error: 2.7037e-02, Error v: 1.6175e-02
It: 11400, Time: 5.60, mse_0: 4.6124e-01, mse_f: 2.8023e+00, total loss: 5.1253e+00, Error: 2.5836e-02, Error v: 1.4949e-02
It: 11500, Time: 5.61, mse_0: 4.8129e-01, mse_f: 6.7809e+00, total loss: 1.7862e+01, Error: 2.6490e-02, Error v: 1.5493e-02
It: 11600, Time: 5.66, mse_0: 4.4116e-01, mse_f: 4.5280e+00, total loss: 6.2112e+00, Error: 2.5464e-02, Error v: 1.4635e-02
It: 11700, Time: 5.61, mse_0: 7.3809e-01, mse_f: 7.6553e+00, total loss: 1.2766e+01, Error: 2.5346e-02, Error v: 1.7901e-02
It: 11800, Time: 5.61, mse_0: 4.5483e-01, mse_f: 3.1500e+00, total loss: 1.3175e+01, Error: 2.5195e-02, Error v: 1.6576e-02
It: 11900, Time: 5.59, mse_0: 4.6780e-01, mse_f: 4.6958e+00, total loss: 8.1998e+00, Error: 2.5135e-02, Error v: 1.5002e-02
It: 12000, Time: 5.59, mse_0: 4.1114e-01, mse_f: 4.3721e+00, total loss: 1.0409e+01, Error: 2.4279e-02, Error v: 1.5983e-02
It: 12100, Time: 5.64, mse_0: 4.3422e-01, mse_f: 6.6878e+00, total loss: 1.0535e+01, Error: 2.3622e-02, Error v: 1.4977e-02
It: 12200, Time: 5.59, mse_0: 4.1578e-01, mse_f: 5.1230e+00, total loss: 6.4914e+00, Error: 2.3434e-02, Error v: 1.6339e-02
It: 12300, Time: 5.61, mse_0: 5.1381e-01, mse_f: 7.5025e+00, total loss: 1.1866e+01, Error: 2.4572e-02, Error v: 1.3287e-02
It: 12400, Time: 5.59, mse_0: 4.7790e-01, mse_f: 5.4874e+00, total loss: 1.3673e+01, Error: 2.4513e-02, Error v: 1.7736e-02
It: 12500, Time: 5.66, mse_0: 3.6693e-01, mse_f: 3.8179e+00, total loss: 1.0764e+01, Error: 2.3279e-02, Error v: 1.5998e-02
It: 12600, Time: 5.64, mse_0: 4.2699e-01, mse_f: 4.0074e+00, total loss: 1.5091e+01, Error: 2.3334e-02, Error v: 1.7559e-02
It: 12700, Time: 5.63, mse_0: 4.9776e-01, mse_f: 5.0209e+00, total loss: 1.5154e+01, Error: 2.4569e-02, Error v: 1.7860e-02
It: 12800, Time: 5.61, mse_0: 3.8014e-01, mse_f: 2.8247e+00, total loss: 4.7265e+00, Error: 2.3456e-02, Error v: 1.4774e-02
It: 12900, Time: 5.58, mse_0: 3.4956e-01, mse_f: 2.6872e+00, total loss: 4.5322e+00, Error: 2.2571e-02, Error v: 1.2453e-02
It: 13000, Time: 5.67, mse_0: 3.6806e-01, mse_f: 2.4411e+00, total loss: 9.1011e+00, Error: 2.3395e-02, Error v: 1.4292e-02
It: 13100, Time: 5.64, mse_0: 4.3787e-01, mse_f: 5.2755e+00, total loss: 6.6648e+00, Error: 2.4473e-02, Error v: 1.2611e-02
It: 13200, Time: 5.61, mse_0: 4.5641e-01, mse_f: 5.6271e+00, total loss: 1.2483e+01, Error: 2.3321e-02, Error v: 1.1323e-02
It: 13300, Time: 5.60, mse_0: 3.0124e-01, mse_f: 3.8310e+00, total loss: 8.7957e+00, Error: 2.2669e-02, Error v: 1.2702e-02
It: 13400, Time: 5.66, mse_0: 3.7745e-01, mse_f: 3.1720e+00, total loss: 7.5330e+00, Error: 2.1939e-02, Error v: 1.5268e-02
It: 13500, Time: 5.63, mse_0: 3.6892e-01, mse_f: 2.9937e+00, total loss: 6.4590e+00, Error: 2.2136e-02, Error v: 1.2651e-02
It: 13600, Time: 5.61, mse_0: 3.8264e-01, mse_f: 5.7446e+00, total loss: 9.6091e+00, Error: 2.1841e-02, Error v: 1.4691e-02
It: 13700, Time: 5.61, mse_0: 3.6809e-01, mse_f: 3.6078e+00, total loss: 9.4701e+00, Error: 2.1706e-02, Error v: 1.3580e-02
It: 13800, Time: 5.60, mse_0: 5.2164e-01, mse_f: 7.7645e+00, total loss: 9.5036e+00, Error: 2.3793e-02, Error v: 1.3218e-02
It: 13900, Time: 5.61, mse_0: 3.4547e-01, mse_f: 3.0382e+00, total loss: 7.4307e+00, Error: 2.2819e-02, Error v: 1.2738e-02
It: 14000, Time: 5.58, mse_0: 3.4592e-01, mse_f: 2.9625e+00, total loss: 1.2829e+01, Error: 2.1481e-02, Error v: 1.2992e-02
It: 14100, Time: 5.61, mse_0: 2.9660e-01, mse_f: 2.5100e+00, total loss: 5.0300e+00, Error: 2.1045e-02, Error v: 1.1792e-02
It: 14200, Time: 5.63, mse_0: 2.9243e-01, mse_f: 2.8373e+00, total loss: 1.0697e+01, Error: 2.0903e-02, Error v: 1.1422e-02
It: 14300, Time: 5.61, mse_0: 8.2860e-01, mse_f: 1.2577e+01, total loss: 1.7334e+01, Error: 2.5406e-02, Error v: 1.6483e-02
It: 14400, Time: 5.64, mse_0: 4.4645e-01, mse_f: 5.1107e+00, total loss: 1.2925e+01, Error: 2.3638e-02, Error v: 1.5836e-02
It: 14500, Time: 5.61, mse_0: 3.0042e-01, mse_f: 3.1552e+00, total loss: 4.2353e+00, Error: 2.1289e-02, Error v: 1.2879e-02
It: 14600, Time: 5.63, mse_0: 2.8187e-01, mse_f: 2.3632e+00, total loss: 1.0238e+01, Error: 2.0238e-02, Error v: 1.4561e-02
It: 14700, Time: 5.61, mse_0: 2.7741e-01, mse_f: 3.2841e+00, total loss: 1.0311e+01, Error: 2.0098e-02, Error v: 1.5692e-02
It: 14800, Time: 5.61, mse_0: 2.6443e-01, mse_f: 1.9426e+00, total loss: 5.5551e+00, Error: 1.9522e-02, Error v: 1.3244e-02
It: 14900, Time: 5.59, mse_0: 3.4956e-01, mse_f: 5.3437e+00, total loss: 7.9263e+00, Error: 2.2341e-02, Error v: 1.0517e-02
It: 15000, Time: 5.63, mse_0: 3.5153e-01, mse_f: 5.0275e+00, total loss: 9.7441e+00, Error: 2.1281e-02, Error v: 1.0279e-02
It: 15100, Time: 5.60, mse_0: 2.6014e-01, mse_f: 2.1334e+00, total loss: 8.7155e+00, Error: 2.0101e-02, Error v: 1.3659e-02
It: 15200, Time: 5.78, mse_0: 2.6384e-01, mse_f: 3.6897e+00, total loss: 5.0885e+00, Error: 1.8895e-02, Error v: 1.2338e-02
It: 15300, Time: 5.69, mse_0: 2.7608e-01, mse_f: 3.9540e+00, total loss: 1.2651e+01, Error: 1.9012e-02, Error v: 1.4554e-02
It: 15400, Time: 5.58, mse_0: 2.5430e-01, mse_f: 2.9276e+00, total loss: 4.0888e+00, Error: 1.9122e-02, Error v: 1.0707e-02
It: 15500, Time: 5.61, mse_0: 2.2463e-01, mse_f: 1.5184e+00, total loss: 2.7908e+00, Error: 1.8892e-02, Error v: 1.0218e-02
It: 15600, Time: 5.63, mse_0: 3.1512e-01, mse_f: 4.4006e+00, total loss: 6.5850e+00, Error: 2.0319e-02, Error v: 1.2492e-02
It: 15700, Time: 5.60, mse_0: 2.9751e-01, mse_f: 3.6681e+00, total loss: 1.1018e+01, Error: 1.8952e-02, Error v: 1.0351e-02
It: 15800, Time: 5.63, mse_0: 2.7181e-01, mse_f: 3.4819e+00, total loss: 7.7643e+00, Error: 1.9134e-02, Error v: 1.0864e-02
It: 15900, Time: 5.58, mse_0: 2.8371e-01, mse_f: 2.1144e+00, total loss: 7.7512e+00, Error: 1.8191e-02, Error v: 1.0375e-02
It: 16000, Time: 5.58, mse_0: 2.3461e-01, mse_f: 4.3285e+00, total loss: 9.5929e+00, Error: 1.8410e-02, Error v: 1.0654e-02
It: 16100, Time: 5.67, mse_0: 3.6493e-01, mse_f: 3.4183e+00, total loss: 1.1932e+01, Error: 1.8827e-02, Error v: 1.0951e-02
It: 16200, Time: 5.64, mse_0: 3.1013e-01, mse_f: 4.7096e+00, total loss: 1.0247e+01, Error: 1.9981e-02, Error v: 1.1766e-02
It: 16300, Time: 5.63, mse_0: 3.6790e-01, mse_f: 3.7400e+00, total loss: 5.8003e+00, Error: 1.9307e-02, Error v: 1.1146e-02
It: 16400, Time: 5.60, mse_0: 2.6235e-01, mse_f: 2.9752e+00, total loss: 3.8152e+00, Error: 1.8132e-02, Error v: 1.0814e-02
It: 16500, Time: 5.60, mse_0: 3.5000e-01, mse_f: 3.0311e+00, total loss: 1.3871e+01, Error: 1.8170e-02, Error v: 1.3362e-02
It: 16600, Time: 5.58, mse_0: 3.7115e-01, mse_f: 6.0156e+00, total loss: 1.6942e+01, Error: 1.9413e-02, Error v: 1.2594e-02
It: 16700, Time: 5.61, mse_0: 4.2969e-01, mse_f: 5.8647e+00, total loss: 8.4377e+00, Error: 2.0167e-02, Error v: 1.0255e-02
It: 16800, Time: 5.58, mse_0: 2.6001e-01, mse_f: 3.4697e+00, total loss: 5.9770e+00, Error: 1.7276e-02, Error v: 9.8149e-03
It: 16900, Time: 5.61, mse_0: 2.2515e-01, mse_f: 2.3231e+00, total loss: 9.3641e+00, Error: 1.7782e-02, Error v: 1.0444e-02
It: 17000, Time: 5.63, mse_0: 3.3152e-01, mse_f: 4.6651e+00, total loss: 1.0271e+01, Error: 1.8479e-02, Error v: 1.0498e-02
It: 17100, Time: 5.63, mse_0: 3.1739e-01, mse_f: 4.4943e+00, total loss: 5.6815e+00, Error: 1.8706e-02, Error v: 9.9603e-03
It: 17200, Time: 5.63, mse_0: 3.0508e-01, mse_f: 2.7813e+00, total loss: 1.2669e+01, Error: 1.7192e-02, Error v: 9.5440e-03
It: 17300, Time: 5.75, mse_0: 3.3100e-01, mse_f: 3.4712e+00, total loss: 6.3226e+00, Error: 1.6838e-02, Error v: 9.7591e-03
It: 17400, Time: 5.61, mse_0: 1.9444e-01, mse_f: 1.9621e+00, total loss: 1.0171e+01, Error: 1.6671e-02, Error v: 1.1140e-02
It: 17500, Time: 5.60, mse_0: 1.9798e-01, mse_f: 1.7948e+00, total loss: 2.7553e+00, Error: 1.6567e-02, Error v: 9.6802e-03
It: 17600, Time: 5.60, mse_0: 2.2000e-01, mse_f: 3.1342e+00, total loss: 3.9535e+00, Error: 1.6635e-02, Error v: 1.0195e-02
It: 17700, Time: 5.58, mse_0: 3.1743e-01, mse_f: 3.6999e+00, total loss: 1.4362e+01, Error: 1.7812e-02, Error v: 1.2344e-02
It: 17800, Time: 5.58, mse_0: 3.0409e-01, mse_f: 2.9086e+00, total loss: 5.9011e+00, Error: 1.7138e-02, Error v: 9.0228e-03
It: 17900, Time: 5.61, mse_0: 3.0196e-01, mse_f: 5.3508e+00, total loss: 1.0831e+01, Error: 1.6742e-02, Error v: 1.0175e-02
It: 18000, Time: 5.63, mse_0: 1.7768e-01, mse_f: 3.4474e+00, total loss: 6.2609e+00, Error: 1.5599e-02, Error v: 8.9885e-03
It: 18100, Time: 5.61, mse_0: 2.1499e-01, mse_f: 2.7679e+00, total loss: 4.0410e+00, Error: 1.5821e-02, Error v: 1.0492e-02
It: 18200, Time: 5.60, mse_0: 2.6536e-01, mse_f: 3.1898e+00, total loss: 5.5088e+00, Error: 1.6319e-02, Error v: 9.1288e-03
It: 18300, Time: 5.60, mse_0: 2.3608e-01, mse_f: 3.6763e+00, total loss: 4.5023e+00, Error: 1.6314e-02, Error v: 1.0134e-02
It: 18400, Time: 5.64, mse_0: 2.9301e-01, mse_f: 3.0398e+00, total loss: 6.2778e+00, Error: 1.7190e-02, Error v: 9.3937e-03
It: 18500, Time: 5.60, mse_0: 2.3933e-01, mse_f: 2.5891e+00, total loss: 1.4141e+01, Error: 1.6303e-02, Error v: 1.0366e-02
It: 18600, Time: 5.59, mse_0: 2.1266e-01, mse_f: 2.4606e+00, total loss: 3.9346e+00, Error: 1.5092e-02, Error v: 8.9604e-03
It: 18700, Time: 5.59, mse_0: 1.9284e-01, mse_f: 1.7396e+00, total loss: 1.1020e+01, Error: 1.5172e-02, Error v: 9.8347e-03
It: 18800, Time: 5.64, mse_0: 2.0140e-01, mse_f: 4.8951e+00, total loss: 7.8991e+00, Error: 1.5777e-02, Error v: 9.6836e-03
It: 18900, Time: 5.60, mse_0: 2.4101e-01, mse_f: 2.4382e+00, total loss: 3.5097e+00, Error: 1.6968e-02, Error v: 9.8195e-03
It: 19000, Time: 5.64, mse_0: 2.2131e-01, mse_f: 1.7448e+00, total loss: 6.2046e+00, Error: 1.6200e-02, Error v: 1.1430e-02
It: 19100, Time: 5.59, mse_0: 1.9060e-01, mse_f: 2.6276e+00, total loss: 4.2302e+00, Error: 1.5417e-02, Error v: 8.7358e-03
It: 19200, Time: 5.61, mse_0: 2.5147e-01, mse_f: 1.5654e+00, total loss: 4.5527e+00, Error: 1.4733e-02, Error v: 9.5653e-03
It: 19300, Time: 5.60, mse_0: 1.9780e-01, mse_f: 1.6163e+00, total loss: 2.5907e+00, Error: 1.4833e-02, Error v: 1.1775e-02
It: 19400, Time: 5.67, mse_0: 2.1071e-01, mse_f: 2.2305e+00, total loss: 3.9480e+00, Error: 1.4162e-02, Error v: 7.5826e-03
It: 19500, Time: 5.63, mse_0: 2.2713e-01, mse_f: 2.1523e+00, total loss: 6.3778e+00, Error: 1.5595e-02, Error v: 1.0695e-02
It: 19600, Time: 5.61, mse_0: 2.8535e-01, mse_f: 5.2480e+00, total loss: 1.3317e+01, Error: 1.5177e-02, Error v: 9.1241e-03
It: 19700, Time: 5.67, mse_0: 2.0463e-01, mse_f: 1.9942e+00, total loss: 8.7735e+00, Error: 1.4589e-02, Error v: 1.2260e-02
It: 19800, Time: 5.63, mse_0: 2.0049e-01, mse_f: 2.1091e+00, total loss: 6.0098e+00, Error: 1.4386e-02, Error v: 1.0441e-02
It: 19900, Time: 5.60, mse_0: 2.6041e-01, mse_f: 2.6263e+00, total loss: 7.1143e+00, Error: 1.4890e-02, Error v: 1.0763e-02
It: 20000, Time: 5.61, mse_0: 1.6744e-01, mse_f: 2.9436e+00, total loss: 4.4191e+00, Error: 1.4633e-02, Error v: 7.0539e-03
It: 20100, Time: 5.60, mse_0: 3.7456e-01, mse_f: 2.7868e+00, total loss: 4.6972e+00, Error: 1.6600e-02, Error v: 1.1140e-02
It: 20200, Time: 5.60, mse_0: 4.2177e-01, mse_f: 4.8061e+00, total loss: 8.8699e+00, Error: 1.5201e-02, Error v: 1.2501e-02
It: 20300, Time: 5.58, mse_0: 5.1850e-01, mse_f: 6.9323e+00, total loss: 8.6527e+00, Error: 1.5208e-02, Error v: 7.2948e-03
It: 20400, Time: 5.61, mse_0: 1.9845e-01, mse_f: 2.4286e+00, total loss: 3.6357e+00, Error: 1.4085e-02, Error v: 6.7588e-03
It: 20500, Time: 5.63, mse_0: 1.6919e-01, mse_f: 2.0272e+00, total loss: 7.8205e+00, Error: 1.5366e-02, Error v: 1.2121e-02
It: 20600, Time: 5.61, mse_0: 2.1943e-01, mse_f: 2.6359e+00, total loss: 8.9496e+00, Error: 1.4244e-02, Error v: 8.8640e-03
It: 20700, Time: 5.64, mse_0: 1.8369e-01, mse_f: 2.0597e+00, total loss: 4.2038e+00, Error: 1.3139e-02, Error v: 7.6634e-03
It: 20800, Time: 5.61, mse_0: 1.6463e-01, mse_f: 2.2005e+00, total loss: 9.7260e+00, Error: 1.3591e-02, Error v: 1.0417e-02
It: 20900, Time: 5.60, mse_0: 1.5982e-01, mse_f: 2.2014e+00, total loss: 4.5603e+00, Error: 1.3799e-02, Error v: 8.0702e-03
It: 21000, Time: 5.60, mse_0: 1.5769e-01, mse_f: 2.3438e+00, total loss: 3.3657e+00, Error: 1.3688e-02, Error v: 8.2944e-03
It: 21100, Time: 5.61, mse_0: 2.0962e-01, mse_f: 2.4813e+00, total loss: 5.8622e+00, Error: 1.3293e-02, Error v: 8.4859e-03
It: 21200, Time: 5.58, mse_0: 2.3699e-01, mse_f: 3.0692e+00, total loss: 4.7285e+00, Error: 1.4153e-02, Error v: 8.5758e-03
It: 21300, Time: 5.58, mse_0: 1.7482e-01, mse_f: 1.4383e+00, total loss: 8.0319e+00, Error: 1.3005e-02, Error v: 1.1657e-02
It: 21400, Time: 5.82, mse_0: 1.7853e-01, mse_f: 3.7586e+00, total loss: 8.8191e+00, Error: 1.3206e-02, Error v: 8.2500e-03
It: 21500, Time: 5.99, mse_0: 2.2788e-01, mse_f: 3.5991e+00, total loss: 5.7732e+00, Error: 1.4816e-02, Error v: 8.6792e-03
It: 21600, Time: 5.88, mse_0: 2.3086e-01, mse_f: 3.4875e+00, total loss: 9.9389e+00, Error: 1.5355e-02, Error v: 1.1716e-02
It: 21700, Time: 5.83, mse_0: 2.1479e-01, mse_f: 2.4355e+00, total loss: 9.3596e+00, Error: 1.3667e-02, Error v: 1.0910e-02
It: 21800, Time: 5.91, mse_0: 1.6170e-01, mse_f: 1.7191e+00, total loss: 6.2888e+00, Error: 1.2807e-02, Error v: 7.3261e-03
It: 21900, Time: 5.83, mse_0: 1.4874e-01, mse_f: 2.0474e+00, total loss: 7.6523e+00, Error: 1.3194e-02, Error v: 8.2235e-03
It: 22000, Time: 5.86, mse_0: 1.4511e-01, mse_f: 1.9044e+00, total loss: 3.7080e+00, Error: 1.2256e-02, Error v: 7.4080e-03
starting L-BFGS training
It: 100, Time: 6.25, mse_0: 9.5724e+01, mse_f: 1.6529e+02, total loss: 4.3646e+02, Error: 2.1815e-01, Error v: 4.5550e-01
It: 200, Time: 6.63, mse_0: 2.2122e+01, mse_f: 1.0017e+02, total loss: 2.4521e+02, Error: 1.4350e-01, Error v: 3.6022e-01
It: 300, Time: 6.86, mse_0: 1.5689e+00, mse_f: 1.1363e+01, total loss: 1.6152e+01, Error: 2.7585e-02, Error v: 4.0078e-02
It: 400, Time: 7.14, mse_0: 2.6684e-01, mse_f: 1.9160e+00, total loss: 2.6258e+00, Error: 1.3913e-02, Error v: 1.2441e-02
It: 500, Time: 6.55, mse_0: 1.4142e-01, mse_f: 1.2064e+00, total loss: 1.6426e+00, Error: 1.1778e-02, Error v: 8.5748e-03
It: 600, Time: 6.67, mse_0: 1.1747e-01, mse_f: 1.0017e+00, total loss: 1.3492e+00, Error: 1.0345e-02, Error v: 6.5392e-03
It: 700, Time: 6.39, mse_0: 1.0691e-01, mse_f: 9.2231e-01, total loss: 1.2382e+00, Error: 1.0544e-02, Error v: 5.5971e-03
It: 800, Time: 6.44, mse_0: 1.0073e-01, mse_f: 8.8466e-01, total loss: 1.1826e+00, Error: 1.0698e-02, Error v: 5.0743e-03
It: 900, Time: 6.44, mse_0: 1.0184e-01, mse_f: 8.5513e-01, total loss: 1.1453e+00, Error: 1.0740e-02, Error v: 4.7671e-03
It: 1000, Time: 6.44, mse_0: 9.9691e-02, mse_f: 8.3622e-01, total loss: 1.1197e+00, Error: 1.1028e-02, Error v: 4.5042e-03
It: 1100, Time: 6.49, mse_0: 9.7569e-02, mse_f: 8.2227e-01, total loss: 1.0984e+00, Error: 1.1023e-02, Error v: 4.3463e-03
It: 1200, Time: 6.57, mse_0: 9.4203e-02, mse_f: 8.1247e-01, total loss: 1.0813e+00, Error: 1.0474e-02, Error v: 4.1539e-03
It: 1300, Time: 6.58, mse_0: 9.0784e-02, mse_f: 8.0183e-01, total loss: 1.0655e+00, Error: 1.0261e-02, Error v: 4.0454e-03
It: 1400, Time: 6.58, mse_0: 8.7674e-02, mse_f: 7.9050e-01, total loss: 1.0479e+00, Error: 9.7102e-03, Error v: 3.9171e-03
It: 1500, Time: 6.50, mse_0: 8.5433e-02, mse_f: 7.7909e-01, total loss: 1.0300e+00, Error: 9.1277e-03, Error v: 3.8495e-03
It: 1600, Time: 6.46, mse_0: 8.2263e-02, mse_f: 7.6278e-01, total loss: 1.0062e+00, Error: 8.7194e-03, Error v: 3.7036e-03
It: 1700, Time: 6.46, mse_0: 8.0427e-02, mse_f: 7.4524e-01, total loss: 9.8316e-01, Error: 8.2996e-03, Error v: 3.5163e-03
It: 1800, Time: 6.41, mse_0: 7.7042e-02, mse_f: 7.3037e-01, total loss: 9.5966e-01, Error: 7.5663e-03, Error v: 3.4872e-03
It: 1900, Time: 6.47, mse_0: 7.6078e-02, mse_f: 7.1022e-01, total loss: 9.3253e-01, Error: 7.2860e-03, Error v: 3.3851e-03
It: 2000, Time: 6.50, mse_0: 7.5772e-02, mse_f: 6.9236e-01, total loss: 9.0946e-01, Error: 7.1095e-03, Error v: 3.3127e-03
It: 2100, Time: 6.45, mse_0: 7.3234e-02, mse_f: 6.7313e-01, total loss: 8.8412e-01, Error: 7.0097e-03, Error v: 3.2253e-03
It: 2200, Time: 6.55, mse_0: 7.1413e-02, mse_f: 6.5447e-01, total loss: 8.5852e-01, Error: 6.6284e-03, Error v: 3.2353e-03
It: 2300, Time: 6.46, mse_0: 6.8835e-02, mse_f: 6.3664e-01, total loss: 8.3340e-01, Error: 6.3638e-03, Error v: 3.1927e-03
It: 2400, Time: 6.49, mse_0: 6.6134e-02, mse_f: 6.1939e-01, total loss: 8.1094e-01, Error: 5.9916e-03, Error v: 3.1344e-03
It: 2500, Time: 6.49, mse_0: 6.2957e-02, mse_f: 6.0559e-01, total loss: 7.9030e-01, Error: 5.9678e-03, Error v: 3.1098e-03
It: 2600, Time: 6.46, mse_0: 6.0863e-02, mse_f: 5.9205e-01, total loss: 7.6892e-01, Error: 5.6380e-03, Error v: 3.0405e-03
It: 2700, Time: 6.53, mse_0: 5.7318e-02, mse_f: 5.7825e-01, total loss: 7.5057e-01, Error: 5.3260e-03, Error v: 2.9997e-03
It: 2800, Time: 6.52, mse_0: 5.4172e-02, mse_f: 5.6248e-01, total loss: 7.2853e-01, Error: 5.1104e-03, Error v: 2.9778e-03
It: 2900, Time: 6.47, mse_0: 5.1852e-02, mse_f: 5.4758e-01, total loss: 7.0837e-01, Error: 5.1348e-03, Error v: 2.9507e-03
It: 3000, Time: 6.49, mse_0: 5.1247e-02, mse_f: 5.3585e-01, total loss: 6.9262e-01, Error: 5.1061e-03, Error v: 2.9221e-03
It: 3100, Time: 6.49, mse_0: 4.8857e-02, mse_f: 5.2533e-01, total loss: 6.7794e-01, Error: 5.1198e-03, Error v: 2.9151e-03
It: 3200, Time: 6.49, mse_0: 4.6401e-02, mse_f: 5.1197e-01, total loss: 6.5967e-01, Error: 4.9978e-03, Error v: 2.8666e-03
It: 3300, Time: 6.56, mse_0: 4.4678e-02, mse_f: 5.0182e-01, total loss: 6.4492e-01, Error: 4.9802e-03, Error v: 2.7754e-03
It: 3400, Time: 6.46, mse_0: 4.3662e-02, mse_f: 4.9255e-01, total loss: 6.3151e-01, Error: 4.9283e-03, Error v: 2.7402e-03
It: 3500, Time: 6.53, mse_0: 4.2997e-02, mse_f: 4.8136e-01, total loss: 6.1729e-01, Error: 4.8094e-03, Error v: 2.7247e-03
It: 3600, Time: 6.49, mse_0: 4.2656e-02, mse_f: 4.7136e-01, total loss: 6.0441e-01, Error: 4.6642e-03, Error v: 2.7469e-03
It: 3700, Time: 6.49, mse_0: 3.9978e-02, mse_f: 4.6083e-01, total loss: 5.8979e-01, Error: 4.5180e-03, Error v: 2.7664e-03
It: 3800, Time: 6.43, mse_0: 3.9141e-02, mse_f: 4.5018e-01, total loss: 5.7618e-01, Error: 4.4337e-03, Error v: 2.7234e-03
It: 3900, Time: 6.44, mse_0: 3.7939e-02, mse_f: 4.4137e-01, total loss: 5.6405e-01, Error: 4.3338e-03, Error v: 2.6653e-03
It: 4000, Time: 6.63, mse_0: 3.7783e-02, mse_f: 4.3187e-01, total loss: 5.5135e-01, Error: 4.2200e-03, Error v: 2.6581e-03
It: 4100, Time: 6.49, mse_0: 3.5560e-02, mse_f: 4.2242e-01, total loss: 5.3823e-01, Error: 4.0323e-03, Error v: 2.6284e-03
It: 4200, Time: 6.44, mse_0: 3.5366e-02, mse_f: 4.1317e-01, total loss: 5.2616e-01, Error: 3.9373e-03, Error v: 2.6009e-03
It: 4300, Time: 6.60, mse_0: 3.5308e-02, mse_f: 4.0398e-01, total loss: 5.1533e-01, Error: 3.8710e-03, Error v: 2.6259e-03
It: 4400, Time: 6.46, mse_0: 3.3788e-02, mse_f: 3.9634e-01, total loss: 5.0504e-01, Error: 3.8555e-03, Error v: 2.6276e-03
It: 4500, Time: 6.47, mse_0: 3.2992e-02, mse_f: 3.8929e-01, total loss: 4.9564e-01, Error: 3.9024e-03, Error v: 2.5867e-03
It: 4600, Time: 6.50, mse_0: 3.2908e-02, mse_f: 3.8194e-01, total loss: 4.8651e-01, Error: 3.8522e-03, Error v: 2.6165e-03
It: 4700, Time: 6.42, mse_0: 3.3155e-02, mse_f: 3.7464e-01, total loss: 4.7753e-01, Error: 3.8305e-03, Error v: 2.6098e-03
It: 4800, Time: 6.52, mse_0: 3.2443e-02, mse_f: 3.6716e-01, total loss: 4.6756e-01, Error: 3.7647e-03, Error v: 2.5531e-03
It: 4900, Time: 6.57, mse_0: 3.1469e-02, mse_f: 3.6050e-01, total loss: 4.5811e-01, Error: 3.6968e-03, Error v: 2.5273e-03
It: 5000, Time: 6.47, mse_0: 3.0605e-02, mse_f: 3.5345e-01, total loss: 4.4935e-01, Error: 3.6460e-03, Error v: 2.5137e-03
It: 5100, Time: 6.64, mse_0: 3.0774e-02, mse_f: 3.4595e-01, total loss: 4.3996e-01, Error: 3.7087e-03, Error v: 2.5176e-03
It: 5200, Time: 6.52, mse_0: 2.9674e-02, mse_f: 3.4019e-01, total loss: 4.3203e-01, Error: 3.6650e-03, Error v: 2.5087e-03
It: 5300, Time: 6.49, mse_0: 3.0002e-02, mse_f: 3.3262e-01, total loss: 4.2313e-01, Error: 3.7302e-03, Error v: 2.5284e-03
It: 5400, Time: 6.42, mse_0: 3.0175e-02, mse_f: 3.2613e-01, total loss: 4.1529e-01, Error: 3.6771e-03, Error v: 2.5030e-03
It: 5500, Time: 6.46, mse_0: 3.0322e-02, mse_f: 3.1924e-01, total loss: 4.0685e-01, Error: 3.6935e-03, Error v: 2.5110e-03
It: 5600, Time: 6.49, mse_0: 2.9903e-02, mse_f: 3.1338e-01, total loss: 3.9900e-01, Error: 3.6304e-03, Error v: 2.4689e-03
It: 5700, Time: 6.44, mse_0: 2.9558e-02, mse_f: 3.0680e-01, total loss: 3.9096e-01, Error: 3.5997e-03, Error v: 2.4674e-03
It: 5800, Time: 6.63, mse_0: 2.9363e-02, mse_f: 3.0170e-01, total loss: 3.8437e-01, Error: 3.5331e-03, Error v: 2.4409e-03
It: 5900, Time: 6.78, mse_0: 2.8638e-02, mse_f: 2.9780e-01, total loss: 3.7858e-01, Error: 3.4861e-03, Error v: 2.4255e-03
It: 6000, Time: 6.58, mse_0: 2.8200e-02, mse_f: 2.9300e-01, total loss: 3.7224e-01, Error: 3.4221e-03, Error v: 2.4326e-03
It: 6100, Time: 6.78, mse_0: 2.7396e-02, mse_f: 2.8716e-01, total loss: 3.6502e-01, Error: 3.4325e-03, Error v: 2.4078e-03
It: 6200, Time: 6.62, mse_0: 2.7540e-02, mse_f: 2.8218e-01, total loss: 3.5906e-01, Error: 3.3928e-03, Error v: 2.4245e-03
It: 6300, Time: 6.69, mse_0: 2.7077e-02, mse_f: 2.7650e-01, total loss: 3.5205e-01, Error: 3.4101e-03, Error v: 2.3668e-03
It: 6400, Time: 6.78, mse_0: 2.6705e-02, mse_f: 2.7226e-01, total loss: 3.4635e-01, Error: 3.3889e-03, Error v: 2.3658e-03
It: 6500, Time: 6.55, mse_0: 2.6211e-02, mse_f: 2.6824e-01, total loss: 3.4116e-01, Error: 3.3509e-03, Error v: 2.3540e-03
It: 6600, Time: 6.52, mse_0: 2.5822e-02, mse_f: 2.6416e-01, total loss: 3.3601e-01, Error: 3.3426e-03, Error v: 2.3599e-03
It: 6700, Time: 6.50, mse_0: 2.5744e-02, mse_f: 2.6026e-01, total loss: 3.3085e-01, Error: 3.3551e-03, Error v: 2.3424e-03
It: 6800, Time: 6.52, mse_0: 2.5708e-02, mse_f: 2.5621e-01, total loss: 3.2592e-01, Error: 3.4762e-03, Error v: 2.3336e-03
It: 6900, Time: 6.53, mse_0: 2.5115e-02, mse_f: 2.5244e-01, total loss: 3.2008e-01, Error: 3.4480e-03, Error v: 2.3134e-03
It: 7000, Time: 6.64, mse_0: 2.4002e-02, mse_f: 2.4834e-01, total loss: 3.1451e-01, Error: 3.6056e-03, Error v: 2.3092e-03
It: 7100, Time: 6.53, mse_0: 2.3264e-02, mse_f: 2.4452e-01, total loss: 3.0924e-01, Error: 3.5845e-03, Error v: 2.2820e-03
It: 7200, Time: 6.52, mse_0: 2.2912e-02, mse_f: 2.4048e-01, total loss: 3.0448e-01, Error: 3.4433e-03, Error v: 2.2857e-03
It: 7300, Time: 6.55, mse_0: 2.2854e-02, mse_f: 2.3593e-01, total loss: 2.9894e-01, Error: 3.5671e-03, Error v: 2.2899e-03
It: 7400, Time: 6.59, mse_0: 2.2010e-02, mse_f: 2.3224e-01, total loss: 2.9416e-01, Error: 3.5012e-03, Error v: 2.2671e-03
It: 7500, Time: 6.50, mse_0: 2.1630e-02, mse_f: 2.2846e-01, total loss: 2.8951e-01, Error: 3.3812e-03, Error v: 2.2768e-03
It: 7600, Time: 6.53, mse_0: 2.1379e-02, mse_f: 2.2531e-01, total loss: 2.8557e-01, Error: 3.2834e-03, Error v: 2.2647e-03
It: 7700, Time: 6.52, mse_0: 2.1013e-02, mse_f: 2.2220e-01, total loss: 2.8157e-01, Error: 3.2344e-03, Error v: 2.2774e-03
It: 7800, Time: 6.50, mse_0: 2.0799e-02, mse_f: 2.1872e-01, total loss: 2.7714e-01, Error: 3.1957e-03, Error v: 2.2601e-03
It: 7900, Time: 6.52, mse_0: 2.0607e-02, mse_f: 2.1567e-01, total loss: 2.7314e-01, Error: 3.1875e-03, Error v: 2.2423e-03
It: 8000, Time: 6.49, mse_0: 2.0215e-02, mse_f: 2.1286e-01, total loss: 2.6919e-01, Error: 3.1494e-03, Error v: 2.2256e-03
It: 8100, Time: 6.50, mse_0: 1.9828e-02, mse_f: 2.0950e-01, total loss: 2.6500e-01, Error: 3.1080e-03, Error v: 2.2113e-03
It: 8200, Time: 6.55, mse_0: 1.9628e-02, mse_f: 2.0623e-01, total loss: 2.6110e-01, Error: 3.1016e-03, Error v: 2.2001e-03
It: 8300, Time: 6.50, mse_0: 1.9216e-02, mse_f: 2.0277e-01, total loss: 2.5714e-01, Error: 3.1081e-03, Error v: 2.2065e-03
It: 8400, Time: 6.50, mse_0: 1.8957e-02, mse_f: 1.9967e-01, total loss: 2.5355e-01, Error: 3.1186e-03, Error v: 2.1981e-03
It: 8500, Time: 6.53, mse_0: 1.8877e-02, mse_f: 1.9636e-01, total loss: 2.4936e-01, Error: 3.0851e-03, Error v: 2.1977e-03
It: 8600, Time: 6.49, mse_0: 1.8586e-02, mse_f: 1.9310e-01, total loss: 2.4548e-01, Error: 3.0615e-03, Error v: 2.2050e-03
It: 8700, Time: 6.53, mse_0: 1.8246e-02, mse_f: 1.9026e-01, total loss: 2.4193e-01, Error: 3.0302e-03, Error v: 2.2054e-03
It: 8800, Time: 6.63, mse_0: 1.8147e-02, mse_f: 1.8805e-01, total loss: 2.3900e-01, Error: 3.0305e-03, Error v: 2.2093e-03
It: 8900, Time: 6.50, mse_0: 1.8110e-02, mse_f: 1.8542e-01, total loss: 2.3580e-01, Error: 3.0665e-03, Error v: 2.1832e-03
It: 9000, Time: 6.52, mse_0: 1.7797e-02, mse_f: 1.8311e-01, total loss: 2.3269e-01, Error: 3.0543e-03, Error v: 2.1676e-03
It: 9100, Time: 6.53, mse_0: 1.7633e-02, mse_f: 1.8093e-01, total loss: 2.2983e-01, Error: 3.0314e-03, Error v: 2.1603e-03
It: 9200, Time: 6.52, mse_0: 1.7330e-02, mse_f: 1.7866e-01, total loss: 2.2693e-01, Error: 3.0273e-03, Error v: 2.1406e-03
It: 9300, Time: 6.52, mse_0: 1.7093e-02, mse_f: 1.7662e-01, total loss: 2.2439e-01, Error: 3.0052e-03, Error v: 2.1396e-03
It: 9400, Time: 6.53, mse_0: 1.7030e-02, mse_f: 1.7434e-01, total loss: 2.2145e-01, Error: 3.0285e-03, Error v: 2.1328e-03
It: 9500, Time: 6.52, mse_0: 1.6879e-02, mse_f: 1.7181e-01, total loss: 2.1824e-01, Error: 3.0400e-03, Error v: 2.1229e-03
It: 9600, Time: 6.52, mse_0: 1.6590e-02, mse_f: 1.6925e-01, total loss: 2.1510e-01, Error: 3.0055e-03, Error v: 2.1350e-03
It: 9700, Time: 6.50, mse_0: 1.6630e-02, mse_f: 1.6709e-01, total loss: 2.1241e-01, Error: 3.0134e-03, Error v: 2.1415e-03
It: 9800, Time: 6.52, mse_0: 1.6441e-02, mse_f: 1.6459e-01, total loss: 2.0941e-01, Error: 3.0103e-03, Error v: 2.1432e-03
It: 9900, Time: 6.52, mse_0: 1.6175e-02, mse_f: 1.6262e-01, total loss: 2.0679e-01, Error: 3.0073e-03, Error v: 2.1452e-03
It: 10000, Time: 6.52, mse_0: 1.5904e-02, mse_f: 1.6049e-01, total loss: 2.0411e-01, Error: 3.0427e-03, Error v: 2.1262e-03
It: 10100, Time: 6.49, mse_0: 1.5778e-02, mse_f: 1.5808e-01, total loss: 2.0145e-01, Error: 3.0140e-03, Error v: 2.1137e-03
It: 10200, Time: 6.50, mse_0: 1.5457e-02, mse_f: 1.5630e-01, total loss: 1.9900e-01, Error: 3.0233e-03, Error v: 2.0941e-03
It: 10300, Time: 6.52, mse_0: 1.5205e-02, mse_f: 1.5429e-01, total loss: 1.9651e-01, Error: 3.0512e-03, Error v: 2.0780e-03
It: 10400, Time: 6.49, mse_0: 1.5111e-02, mse_f: 1.5235e-01, total loss: 1.9408e-01, Error: 3.0585e-03, Error v: 2.0788e-03
It: 10500, Time: 6.53, mse_0: 1.4907e-02, mse_f: 1.5044e-01, total loss: 1.9175e-01, Error: 3.1002e-03, Error v: 2.0837e-03
It: 10600, Time: 6.60, mse_0: 1.4909e-02, mse_f: 1.4883e-01, total loss: 1.8976e-01, Error: 3.1799e-03, Error v: 2.0848e-03
It: 10700, Time: 6.56, mse_0: 1.4601e-02, mse_f: 1.4730e-01, total loss: 1.8782e-01, Error: 3.2496e-03, Error v: 2.0891e-03
It: 10800, Time: 6.50, mse_0: 1.4414e-02, mse_f: 1.4561e-01, total loss: 1.8551e-01, Error: 3.2765e-03, Error v: 2.0975e-03
It: 10900, Time: 6.53, mse_0: 1.4221e-02, mse_f: 1.4398e-01, total loss: 1.8348e-01, Error: 3.2426e-03, Error v: 2.1089e-03
It: 11000, Time: 6.52, mse_0: 1.3935e-02, mse_f: 1.4226e-01, total loss: 1.8136e-01, Error: 3.2210e-03, Error v: 2.0956e-03
It: 11100, Time: 6.53, mse_0: 1.3760e-02, mse_f: 1.4050e-01, total loss: 1.7918e-01, Error: 3.1235e-03, Error v: 2.0979e-03
It: 11200, Time: 6.50, mse_0: 1.3777e-02, mse_f: 1.3889e-01, total loss: 1.7701e-01, Error: 3.1723e-03, Error v: 2.0790e-03
It: 11300, Time: 6.50, mse_0: 1.3753e-02, mse_f: 1.3740e-01, total loss: 1.7511e-01, Error: 3.2185e-03, Error v: 2.0673e-03
It: 11400, Time: 6.52, mse_0: 1.3818e-02, mse_f: 1.3573e-01, total loss: 1.7306e-01, Error: 3.1575e-03, Error v: 2.0717e-03
It: 11500, Time: 6.50, mse_0: 1.3467e-02, mse_f: 1.3405e-01, total loss: 1.7079e-01, Error: 3.1916e-03, Error v: 2.0559e-03
It: 11600, Time: 6.50, mse_0: 1.3246e-02, mse_f: 1.3264e-01, total loss: 1.6894e-01, Error: 3.1610e-03, Error v: 2.0442e-03
It: 11700, Time: 6.52, mse_0: 1.3051e-02, mse_f: 1.3114e-01, total loss: 1.6701e-01, Error: 3.1370e-03, Error v: 2.0508e-03
It: 11800, Time: 6.50, mse_0: 1.2858e-02, mse_f: 1.2959e-01, total loss: 1.6507e-01, Error: 3.1172e-03, Error v: 2.0383e-03
It: 11900, Time: 6.49, mse_0: 1.2794e-02, mse_f: 1.2837e-01, total loss: 1.6351e-01, Error: 3.1598e-03, Error v: 2.0365e-03
It: 12000, Time: 6.52, mse_0: 1.2592e-02, mse_f: 1.2683e-01, total loss: 1.6157e-01, Error: 3.1502e-03, Error v: 2.0349e-03
It: 12100, Time: 6.52, mse_0: 1.2391e-02, mse_f: 1.2534e-01, total loss: 1.5967e-01, Error: 3.1342e-03, Error v: 2.0448e-03
It: 12200, Time: 6.47, mse_0: 1.2274e-02, mse_f: 1.2391e-01, total loss: 1.5782e-01, Error: 3.1558e-03, Error v: 2.0405e-03
It: 12300, Time: 6.52, mse_0: 1.2116e-02, mse_f: 1.2253e-01, total loss: 1.5597e-01, Error: 3.0949e-03, Error v: 2.0419e-03
It: 12400, Time: 6.52, mse_0: 1.1986e-02, mse_f: 1.2127e-01, total loss: 1.5430e-01, Error: 3.0758e-03, Error v: 2.0432e-03
It: 12500, Time: 6.60, mse_0: 1.1760e-02, mse_f: 1.2001e-01, total loss: 1.5266e-01, Error: 3.0444e-03, Error v: 2.0360e-03
It: 12600, Time: 6.53, mse_0: 1.1534e-02, mse_f: 1.1867e-01, total loss: 1.5081e-01, Error: 3.1133e-03, Error v: 2.0195e-03
It: 12700, Time: 6.47, mse_0: 1.1495e-02, mse_f: 1.1751e-01, total loss: 1.4934e-01, Error: 3.1145e-03, Error v: 2.0179e-03
It: 12800, Time: 6.49, mse_0: 1.1155e-02, mse_f: 1.1631e-01, total loss: 1.4769e-01, Error: 3.1306e-03, Error v: 2.0158e-03
It: 12900, Time: 6.50, mse_0: 1.0949e-02, mse_f: 1.1515e-01, total loss: 1.4622e-01, Error: 3.0996e-03, Error v: 2.0178e-03
It: 13000, Time: 6.53, mse_0: 1.0777e-02, mse_f: 1.1387e-01, total loss: 1.4464e-01, Error: 3.0575e-03, Error v: 2.0183e-03
It: 13100, Time: 6.50, mse_0: 1.0631e-02, mse_f: 1.1283e-01, total loss: 1.4329e-01, Error: 3.0480e-03, Error v: 2.0235e-03
It: 13200, Time: 6.49, mse_0: 1.0546e-02, mse_f: 1.1172e-01, total loss: 1.4186e-01, Error: 3.0252e-03, Error v: 2.0280e-03
It: 13300, Time: 6.52, mse_0: 1.0425e-02, mse_f: 1.1071e-01, total loss: 1.4052e-01, Error: 3.0844e-03, Error v: 2.0195e-03
It: 13400, Time: 6.50, mse_0: 1.0323e-02, mse_f: 1.0959e-01, total loss: 1.3914e-01, Error: 3.0498e-03, Error v: 2.0196e-03
It: 13500, Time: 6.50, mse_0: 1.0260e-02, mse_f: 1.0875e-01, total loss: 1.3799e-01, Error: 3.0083e-03, Error v: 2.0098e-03
It: 13600, Time: 6.53, mse_0: 1.0260e-02, mse_f: 1.0768e-01, total loss: 1.3664e-01, Error: 3.0154e-03, Error v: 2.0008e-03
It: 13700, Time: 6.52, mse_0: 1.0214e-02, mse_f: 1.0652e-01, total loss: 1.3516e-01, Error: 3.0551e-03, Error v: 1.9956e-03
It: 13800, Time: 6.52, mse_0: 1.0098e-02, mse_f: 1.0544e-01, total loss: 1.3381e-01, Error: 3.0230e-03, Error v: 1.9904e-03
It: 13900, Time: 6.52, mse_0: 1.0044e-02, mse_f: 1.0433e-01, total loss: 1.3248e-01, Error: 3.0360e-03, Error v: 1.9881e-03
It: 14000, Time: 6.50, mse_0: 9.8886e-03, mse_f: 1.0342e-01, total loss: 1.3130e-01, Error: 3.0647e-03, Error v: 1.9870e-03
It: 14100, Time: 6.55, mse_0: 9.7677e-03, mse_f: 1.0228e-01, total loss: 1.2984e-01, Error: 3.0496e-03, Error v: 1.9820e-03
It: 14200, Time: 6.50, mse_0: 9.6661e-03, mse_f: 1.0129e-01, total loss: 1.2861e-01, Error: 2.9186e-03, Error v: 1.9927e-03
It: 14300, Time: 6.56, mse_0: 9.7413e-03, mse_f: 1.0023e-01, total loss: 1.2735e-01, Error: 2.8959e-03, Error v: 1.9931e-03
It: 14400, Time: 6.55, mse_0: 9.7372e-03, mse_f: 9.9361e-02, total loss: 1.2627e-01, Error: 2.8988e-03, Error v: 1.9914e-03
It: 14500, Time: 6.50, mse_0: 9.7314e-03, mse_f: 9.8315e-02, total loss: 1.2497e-01, Error: 2.9068e-03, Error v: 1.9931e-03
It: 14600, Time: 6.53, mse_0: 9.7437e-03, mse_f: 9.7460e-02, total loss: 1.2397e-01, Error: 2.9116e-03, Error v: 1.9924e-03
It: 14700, Time: 6.53, mse_0: 9.6887e-03, mse_f: 9.6625e-02, total loss: 1.2288e-01, Error: 2.9095e-03, Error v: 1.9821e-03
It: 14800, Time: 6.50, mse_0: 9.6828e-03, mse_f: 9.5744e-02, total loss: 1.2176e-01, Error: 2.8756e-03, Error v: 1.9790e-03
It: 14900, Time: 6.50, mse_0: 9.6104e-03, mse_f: 9.5011e-02, total loss: 1.2076e-01, Error: 2.8572e-03, Error v: 1.9756e-03
It: 15000, Time: 6.46, mse_0: 9.5724e-03, mse_f: 9.4186e-02, total loss: 1.1975e-01, Error: 2.8686e-03, Error v: 1.9731e-03
It: 15100, Time: 6.52, mse_0: 9.4557e-03, mse_f: 9.3433e-02, total loss: 1.1880e-01, Error: 2.8761e-03, Error v: 1.9683e-03
It: 15200, Time: 6.50, mse_0: 9.2535e-03, mse_f: 9.2656e-02, total loss: 1.1782e-01, Error: 2.8193e-03, Error v: 1.9704e-03
It: 15300, Time: 6.50, mse_0: 9.2125e-03, mse_f: 9.1700e-02, total loss: 1.1672e-01, Error: 2.7809e-03, Error v: 1.9670e-03
It: 15400, Time: 6.49, mse_0: 9.1553e-03, mse_f: 9.0867e-02, total loss: 1.1567e-01, Error: 2.7739e-03, Error v: 1.9570e-03
It: 15500, Time: 6.49, mse_0: 9.0950e-03, mse_f: 9.0038e-02, total loss: 1.1463e-01, Error: 2.7522e-03, Error v: 1.9586e-03
It: 15600, Time: 6.52, mse_0: 9.1325e-03, mse_f: 8.9336e-02, total loss: 1.1381e-01, Error: 2.7627e-03, Error v: 1.9575e-03
It: 15700, Time: 6.52, mse_0: 9.1764e-03, mse_f: 8.8580e-02, total loss: 1.1293e-01, Error: 2.7443e-03, Error v: 1.9568e-03
It: 15800, Time: 6.50, mse_0: 9.0502e-03, mse_f: 8.7687e-02, total loss: 1.1184e-01, Error: 2.7621e-03, Error v: 1.9508e-03
It: 15900, Time: 6.53, mse_0: 8.9437e-03, mse_f: 8.6891e-02, total loss: 1.1087e-01, Error: 2.7755e-03, Error v: 1.9525e-03
It: 16000, Time: 6.53, mse_0: 8.8480e-03, mse_f: 8.6191e-02, total loss: 1.0995e-01, Error: 2.8069e-03, Error v: 1.9551e-03
It: 16100, Time: 6.49, mse_0: 8.7620e-03, mse_f: 8.5549e-02, total loss: 1.0910e-01, Error: 2.7664e-03, Error v: 1.9472e-03
It: 16200, Time: 6.63, mse_0: 8.7143e-03, mse_f: 8.4734e-02, total loss: 1.0811e-01, Error: 2.7238e-03, Error v: 1.9528e-03
It: 16300, Time: 6.50, mse_0: 8.6792e-03, mse_f: 8.3950e-02, total loss: 1.0715e-01, Error: 2.6808e-03, Error v: 1.9466e-03
It: 16400, Time: 6.49, mse_0: 8.5174e-03, mse_f: 8.3253e-02, total loss: 1.0626e-01, Error: 2.6339e-03, Error v: 1.9464e-03
It: 16500, Time: 6.52, mse_0: 8.4314e-03, mse_f: 8.2583e-02, total loss: 1.0540e-01, Error: 2.6316e-03, Error v: 1.9454e-03
It: 16600, Time: 6.52, mse_0: 8.3666e-03, mse_f: 8.1973e-02, total loss: 1.0462e-01, Error: 2.6150e-03, Error v: 1.9468e-03
It: 16700, Time: 6.50, mse_0: 8.1607e-03, mse_f: 8.1274e-02, total loss: 1.0368e-01, Error: 2.5928e-03, Error v: 1.9461e-03
It: 16800, Time: 6.52, mse_0: 8.0727e-03, mse_f: 8.0544e-02, total loss: 1.0270e-01, Error: 2.6219e-03, Error v: 1.9464e-03
It: 16900, Time: 6.50, mse_0: 7.9381e-03, mse_f: 7.9861e-02, total loss: 1.0180e-01, Error: 2.5563e-03, Error v: 1.9402e-03
It: 17000, Time: 6.53, mse_0: 7.8655e-03, mse_f: 7.9090e-02, total loss: 1.0083e-01, Error: 2.5523e-03, Error v: 1.9411e-03
It: 17100, Time: 6.50, mse_0: 7.7901e-03, mse_f: 7.8441e-02, total loss: 9.9969e-02, Error: 2.5425e-03, Error v: 1.9401e-03
It: 17200, Time: 6.52, mse_0: 7.7266e-03, mse_f: 7.7648e-02, total loss: 9.9015e-02, Error: 2.5220e-03, Error v: 1.9362e-03
It: 17300, Time: 6.49, mse_0: 7.6558e-03, mse_f: 7.7002e-02, total loss: 9.8212e-02, Error: 2.5352e-03, Error v: 1.9327e-03
It: 17400, Time: 6.50, mse_0: 7.6156e-03, mse_f: 7.6291e-02, total loss: 9.7338e-02, Error: 2.5372e-03, Error v: 1.9324e-03
It: 17500, Time: 6.50, mse_0: 7.5510e-03, mse_f: 7.5617e-02, total loss: 9.6503e-02, Error: 2.5187e-03, Error v: 1.9334e-03
It: 17600, Time: 6.49, mse_0: 7.4786e-03, mse_f: 7.5028e-02, total loss: 9.5726e-02, Error: 2.5218e-03, Error v: 1.9302e-03
It: 17700, Time: 6.55, mse_0: 7.4024e-03, mse_f: 7.4395e-02, total loss: 9.4901e-02, Error: 2.5368e-03, Error v: 1.9224e-03
It: 17800, Time: 6.52, mse_0: 7.3638e-03, mse_f: 7.3782e-02, total loss: 9.4087e-02, Error: 2.5317e-03, Error v: 1.9186e-03
It: 17900, Time: 6.49, mse_0: 7.2982e-03, mse_f: 7.3313e-02, total loss: 9.3485e-02, Error: 2.5297e-03, Error v: 1.9196e-03
It: 18000, Time: 6.61, mse_0: 7.2604e-03, mse_f: 7.2693e-02, total loss: 9.2734e-02, Error: 2.5405e-03, Error v: 1.9177e-03
It: 18100, Time: 6.50, mse_0: 7.2359e-03, mse_f: 7.2169e-02, total loss: 9.2093e-02, Error: 2.5594e-03, Error v: 1.9095e-03
It: 18200, Time: 6.47, mse_0: 7.1976e-03, mse_f: 7.1626e-02, total loss: 9.1399e-02, Error: 2.5584e-03, Error v: 1.9111e-03
It: 18300, Time: 6.47, mse_0: 7.1336e-03, mse_f: 7.1134e-02, total loss: 9.0760e-02, Error: 2.5616e-03, Error v: 1.9054e-03
It: 18400, Time: 6.50, mse_0: 7.0622e-03, mse_f: 7.0629e-02, total loss: 9.0121e-02, Error: 2.5708e-03, Error v: 1.9076e-03
It: 18500, Time: 6.50, mse_0: 6.9780e-03, mse_f: 7.0098e-02, total loss: 8.9422e-02, Error: 2.5617e-03, Error v: 1.9056e-03
It: 18600, Time: 6.50, mse_0: 6.9155e-03, mse_f: 6.9653e-02, total loss: 8.8854e-02, Error: 2.5491e-03, Error v: 1.9090e-03
It: 18700, Time: 6.49, mse_0: 6.8511e-03, mse_f: 6.9170e-02, total loss: 8.8233e-02, Error: 2.5506e-03, Error v: 1.9029e-03
It: 18800, Time: 6.48, mse_0: 6.8109e-03, mse_f: 6.8575e-02, total loss: 8.7540e-02, Error: 2.5598e-03, Error v: 1.9025e-03
It: 18900, Time: 6.52, mse_0: 6.7938e-03, mse_f: 6.8012e-02, total loss: 8.6885e-02, Error: 2.5596e-03, Error v: 1.9057e-03
It: 19000, Time: 6.52, mse_0: 6.7479e-03, mse_f: 6.7382e-02, total loss: 8.6098e-02, Error: 2.5763e-03, Error v: 1.8993e-03
It: 19100, Time: 6.50, mse_0: 6.7472e-03, mse_f: 6.6838e-02, total loss: 8.5458e-02, Error: 2.5804e-03, Error v: 1.8946e-03
It: 19200, Time: 6.49, mse_0: 6.7079e-03, mse_f: 6.6300e-02, total loss: 8.4802e-02, Error: 2.5721e-03, Error v: 1.8931e-03
It: 19300, Time: 6.52, mse_0: 6.6492e-03, mse_f: 6.5781e-02, total loss: 8.4180e-02, Error: 2.5692e-03, Error v: 1.8944e-03
It: 19400, Time: 6.53, mse_0: 6.6262e-03, mse_f: 6.5159e-02, total loss: 8.3498e-02, Error: 2.5631e-03, Error v: 1.8933e-03
It: 19500, Time: 6.52, mse_0: 6.5576e-03, mse_f: 6.4617e-02, total loss: 8.2794e-02, Error: 2.5703e-03, Error v: 1.8857e-03
It: 19600, Time: 6.53, mse_0: 6.4995e-03, mse_f: 6.4073e-02, total loss: 8.2079e-02, Error: 2.5853e-03, Error v: 1.8854e-03
It: 19700, Time: 6.50, mse_0: 6.4390e-03, mse_f: 6.3604e-02, total loss: 8.1478e-02, Error: 2.5966e-03, Error v: 1.8860e-03
It: 19800, Time: 6.53, mse_0: 6.3784e-03, mse_f: 6.3150e-02, total loss: 8.0891e-02, Error: 2.6287e-03, Error v: 1.8852e-03
It: 19900, Time: 6.58, mse_0: 6.3272e-03, mse_f: 6.2708e-02, total loss: 8.0278e-02, Error: 2.6408e-03, Error v: 1.8872e-03
It: 20000, Time: 6.52, mse_0: 6.2781e-03, mse_f: 6.2276e-02, total loss: 7.9750e-02, Error: 2.6355e-03, Error v: 1.8836e-03
It: 20100, Time: 6.50, mse_0: 6.2018e-03, mse_f: 6.1813e-02, total loss: 7.9145e-02, Error: 2.6134e-03, Error v: 1.8817e-03
It: 20200, Time: 6.50, mse_0: 6.1637e-03, mse_f: 6.1393e-02, total loss: 7.8548e-02, Error: 2.6186e-03, Error v: 1.8802e-03
It: 20300, Time: 6.50, mse_0: 6.1017e-03, mse_f: 6.0933e-02, total loss: 7.7958e-02, Error: 2.6026e-03, Error v: 1.8800e-03
It: 20400, Time: 6.49, mse_0: 6.0515e-03, mse_f: 6.0590e-02, total loss: 7.7484e-02, Error: 2.5825e-03, Error v: 1.8767e-03
It: 20500, Time: 6.49, mse_0: 5.9565e-03, mse_f: 6.0171e-02, total loss: 7.6905e-02, Error: 2.5619e-03, Error v: 1.8805e-03
It: 20600, Time: 6.52, mse_0: 5.9310e-03, mse_f: 5.9724e-02, total loss: 7.6330e-02, Error: 2.5544e-03, Error v: 1.8794e-03
It: 20700, Time: 6.50, mse_0: 5.8650e-03, mse_f: 5.9269e-02, total loss: 7.5742e-02, Error: 2.5768e-03, Error v: 1.8810e-03
It: 20800, Time: 6.49, mse_0: 5.8097e-03, mse_f: 5.8819e-02, total loss: 7.5175e-02, Error: 2.5352e-03, Error v: 1.8822e-03
It: 20900, Time: 6.55, mse_0: 5.8062e-03, mse_f: 5.8391e-02, total loss: 7.4657e-02, Error: 2.5245e-03, Error v: 1.8833e-03
It: 21000, Time: 6.49, mse_0: 5.7629e-03, mse_f: 5.7962e-02, total loss: 7.4108e-02, Error: 2.5252e-03, Error v: 1.8843e-03
It: 21100, Time: 6.52, mse_0: 5.6751e-03, mse_f: 5.7571e-02, total loss: 7.3602e-02, Error: 2.5299e-03, Error v: 1.8797e-03
It: 21200, Time: 6.52, mse_0: 5.6410e-03, mse_f: 5.7234e-02, total loss: 7.3128e-02, Error: 2.5280e-03, Error v: 1.8756e-03
It: 21300, Time: 6.49, mse_0: 5.5866e-03, mse_f: 5.6816e-02, total loss: 7.2627e-02, Error: 2.5099e-03, Error v: 1.8768e-03
It: 21400, Time: 6.50, mse_0: 5.5700e-03, mse_f: 5.6393e-02, total loss: 7.2136e-02, Error: 2.5133e-03, Error v: 1.8808e-03
It: 21500, Time: 6.52, mse_0: 5.5946e-03, mse_f: 5.5921e-02, total loss: 7.1584e-02, Error: 2.5225e-03, Error v: 1.8787e-03
It: 21600, Time: 6.50, mse_0: 5.5486e-03, mse_f: 5.5531e-02, total loss: 7.1070e-02, Error: 2.5244e-03, Error v: 1.8743e-03
It: 21700, Time: 6.58, mse_0: 5.5179e-03, mse_f: 5.5161e-02, total loss: 7.0558e-02, Error: 2.5211e-03, Error v: 1.8685e-03
It: 21800, Time: 6.50, mse_0: 5.4470e-03, mse_f: 5.4816e-02, total loss: 7.0104e-02, Error: 2.5269e-03, Error v: 1.8666e-03
It: 21900, Time: 6.52, mse_0: 5.4304e-03, mse_f: 5.4437e-02, total loss: 6.9647e-02, Error: 2.5353e-03, Error v: 1.8669e-03
It: 22000, Time: 6.47, mse_0: 5.3549e-03, mse_f: 5.4075e-02, total loss: 6.9194e-02, Error: 2.5435e-03, Error v: 1.8695e-03
It: 22100, Time: 6.50, mse_0: 5.2776e-03, mse_f: 5.3725e-02, total loss: 6.8742e-02, Error: 2.5626e-03, Error v: 1.8695e-03
It: 22200, Time: 6.50, mse_0: 5.2437e-03, mse_f: 5.3399e-02, total loss: 6.8314e-02, Error: 2.5672e-03, Error v: 1.8661e-03
It: 22300, Time: 6.50, mse_0: 5.1938e-03, mse_f: 5.3037e-02, total loss: 6.7843e-02, Error: 2.5676e-03, Error v: 1.8680e-03
It: 22400, Time: 6.52, mse_0: 5.1810e-03, mse_f: 5.2694e-02, total loss: 6.7413e-02, Error: 2.5515e-03, Error v: 1.8650e-03
It: 22500, Time: 6.49, mse_0: 5.1348e-03, mse_f: 5.2337e-02, total loss: 6.6960e-02, Error: 2.5594e-03, Error v: 1.8721e-03
It: 22600, Time: 6.47, mse_0: 5.1049e-03, mse_f: 5.1987e-02, total loss: 6.6518e-02, Error: 2.5720e-03, Error v: 1.8692e-03
It: 22700, Time: 6.49, mse_0: 5.0848e-03, mse_f: 5.1684e-02, total loss: 6.6126e-02, Error: 2.5682e-03, Error v: 1.8681e-03
It: 22800, Time: 6.53, mse_0: 5.0356e-03, mse_f: 5.1395e-02, total loss: 6.5754e-02, Error: 2.5635e-03, Error v: 1.8767e-03
It: 22900, Time: 6.52, mse_0: 4.9987e-03, mse_f: 5.1134e-02, total loss: 6.5431e-02, Error: 2.5540e-03, Error v: 1.8689e-03
It: 23000, Time: 6.50, mse_0: 4.9427e-03, mse_f: 5.0878e-02, total loss: 6.5077e-02, Error: 2.5507e-03, Error v: 1.8649e-03
It: 23100, Time: 6.50, mse_0: 4.8955e-03, mse_f: 5.0564e-02, total loss: 6.4658e-02, Error: 2.5496e-03, Error v: 1.8690e-03
It: 23200, Time: 6.53, mse_0: 4.8847e-03, mse_f: 5.0264e-02, total loss: 6.4261e-02, Error: 2.5447e-03, Error v: 1.8685e-03
It: 23300, Time: 6.49, mse_0: 4.8703e-03, mse_f: 4.9985e-02, total loss: 6.3839e-02, Error: 2.5556e-03, Error v: 1.8670e-03
It: 23400, Time: 6.49, mse_0: 4.8124e-03, mse_f: 4.9712e-02, total loss: 6.3453e-02, Error: 2.5610e-03, Error v: 1.8634e-03
It: 23500, Time: 6.56, mse_0: 4.7900e-03, mse_f: 4.9401e-02, total loss: 6.3065e-02, Error: 2.5617e-03, Error v: 1.8640e-03
It: 23600, Time: 6.52, mse_0: 4.7715e-03, mse_f: 4.9137e-02, total loss: 6.2682e-02, Error: 2.5634e-03, Error v: 1.8669e-03
It: 23700, Time: 6.52, mse_0: 4.7688e-03, mse_f: 4.8810e-02, total loss: 6.2270e-02, Error: 2.5590e-03, Error v: 1.8689e-03
It: 23800, Time: 6.52, mse_0: 4.7226e-03, mse_f: 4.8537e-02, total loss: 6.1927e-02, Error: 2.5648e-03, Error v: 1.8659e-03
It: 23900, Time: 6.50, mse_0: 4.7145e-03, mse_f: 4.8290e-02, total loss: 6.1592e-02, Error: 2.5609e-03, Error v: 1.8678e-03
It: 24000, Time: 6.52, mse_0: 4.6640e-03, mse_f: 4.8023e-02, total loss: 6.1219e-02, Error: 2.5493e-03, Error v: 1.8623e-03
It: 24100, Time: 6.50, mse_0: 4.6635e-03, mse_f: 4.7738e-02, total loss: 6.0840e-02, Error: 2.5375e-03, Error v: 1.8610e-03
It: 24200, Time: 6.52, mse_0: 4.6245e-03, mse_f: 4.7536e-02, total loss: 6.0544e-02, Error: 2.5229e-03, Error v: 1.8607e-03
It: 24300, Time: 6.47, mse_0: 4.5894e-03, mse_f: 4.7261e-02, total loss: 6.0183e-02, Error: 2.5136e-03, Error v: 1.8610e-03
It: 24400, Time: 6.49, mse_0: 4.5853e-03, mse_f: 4.7025e-02, total loss: 5.9878e-02, Error: 2.5080e-03, Error v: 1.8591e-03
It: 24500, Time: 6.50, mse_0: 4.5452e-03, mse_f: 4.6736e-02, total loss: 5.9506e-02, Error: 2.5094e-03, Error v: 1.8573e-03
It: 24600, Time: 6.49, mse_0: 4.5105e-03, mse_f: 4.6468e-02, total loss: 5.9162e-02, Error: 2.5013e-03, Error v: 1.8559e-03
It: 24700, Time: 6.50, mse_0: 4.4370e-03, mse_f: 4.6185e-02, total loss: 5.8769e-02, Error: 2.4977e-03, Error v: 1.8584e-03
It: 24800, Time: 6.48, mse_0: 4.3636e-03, mse_f: 4.5936e-02, total loss: 5.8427e-02, Error: 2.4990e-03, Error v: 1.8596e-03
It: 24900, Time: 6.53, mse_0: 4.3204e-03, mse_f: 4.5653e-02, total loss: 5.8087e-02, Error: 2.5025e-03, Error v: 1.8589e-03
It: 25000, Time: 6.53, mse_0: 4.2864e-03, mse_f: 4.5430e-02, total loss: 5.7791e-02, Error: 2.5014e-03, Error v: 1.8570e-03
It: 25100, Time: 6.50, mse_0: 4.2501e-03, mse_f: 4.5195e-02, total loss: 5.7494e-02, Error: 2.4911e-03, Error v: 1.8559e-03
It: 25200, Time: 6.50, mse_0: 4.2066e-03, mse_f: 4.5014e-02, total loss: 5.7237e-02, Error: 2.4969e-03, Error v: 1.8543e-03
It: 25300, Time: 6.53, mse_0: 4.1919e-03, mse_f: 4.4804e-02, total loss: 5.6962e-02, Error: 2.4844e-03, Error v: 1.8555e-03
It: 25400, Time: 6.61, mse_0: 4.1892e-03, mse_f: 4.4525e-02, total loss: 5.6609e-02, Error: 2.4761e-03, Error v: 1.8557e-03
It: 25500, Time: 6.52, mse_0: 4.1618e-03, mse_f: 4.4274e-02, total loss: 5.6276e-02, Error: 2.4808e-03, Error v: 1.8537e-03
It: 25600, Time: 6.50, mse_0: 4.1248e-03, mse_f: 4.4017e-02, total loss: 5.5938e-02, Error: 2.4827e-03, Error v: 1.8504e-03
It: 25700, Time: 6.52, mse_0: 4.1041e-03, mse_f: 4.3744e-02, total loss: 5.5618e-02, Error: 2.4925e-03, Error v: 1.8488e-03
It: 25800, Time: 6.52, mse_0: 4.0884e-03, mse_f: 4.3491e-02, total loss: 5.5311e-02, Error: 2.4824e-03, Error v: 1.8462e-03
It: 25900, Time: 6.50, mse_0: 4.0796e-03, mse_f: 4.3254e-02, total loss: 5.5034e-02, Error: 2.4814e-03, Error v: 1.8473e-03
It: 26000, Time: 6.50, mse_0: 4.0410e-03, mse_f: 4.3024e-02, total loss: 5.4733e-02, Error: 2.4837e-03, Error v: 1.8417e-03
It: 26100, Time: 6.52, mse_0: 4.0155e-03, mse_f: 4.2802e-02, total loss: 5.4446e-02, Error: 2.4876e-03, Error v: 1.8402e-03
It: 26200, Time: 6.49, mse_0: 3.9935e-03, mse_f: 4.2603e-02, total loss: 5.4185e-02, Error: 2.4903e-03, Error v: 1.8414e-03
It: 26300, Time: 6.52, mse_0: 3.9752e-03, mse_f: 4.2371e-02, total loss: 5.3882e-02, Error: 2.4834e-03, Error v: 1.8413e-03
It: 26400, Time: 6.52, mse_0: 3.9627e-03, mse_f: 4.2139e-02, total loss: 5.3584e-02, Error: 2.4813e-03, Error v: 1.8409e-03
It: 26500, Time: 6.50, mse_0: 3.9375e-03, mse_f: 4.1892e-02, total loss: 5.3284e-02, Error: 2.4839e-03, Error v: 1.8401e-03
It: 26600, Time: 6.50, mse_0: 3.9001e-03, mse_f: 4.1674e-02, total loss: 5.3014e-02, Error: 2.4785e-03, Error v: 1.8381e-03
It: 26700, Time: 6.50, mse_0: 3.8676e-03, mse_f: 4.1436e-02, total loss: 5.2698e-02, Error: 2.4884e-03, Error v: 1.8399e-03
It: 26800, Time: 6.47, mse_0: 3.8425e-03, mse_f: 4.1223e-02, total loss: 5.2391e-02, Error: 2.4997e-03, Error v: 1.8396e-03
It: 26900, Time: 6.52, mse_0: 3.8278e-03, mse_f: 4.1022e-02, total loss: 5.2102e-02, Error: 2.5016e-03, Error v: 1.8385e-03
It: 27000, Time: 6.49, mse_0: 3.8019e-03, mse_f: 4.0855e-02, total loss: 5.1849e-02, Error: 2.5028e-03, Error v: 1.8338e-03
It: 27100, Time: 6.52, mse_0: 3.7930e-03, mse_f: 4.0649e-02, total loss: 5.1570e-02, Error: 2.4983e-03, Error v: 1.8329e-03
It: 27200, Time: 6.56, mse_0: 3.8067e-03, mse_f: 4.0412e-02, total loss: 5.1257e-02, Error: 2.4985e-03, Error v: 1.8318e-03
It: 27300, Time: 6.52, mse_0: 3.7803e-03, mse_f: 4.0197e-02, total loss: 5.0967e-02, Error: 2.4871e-03, Error v: 1.8310e-03
It: 27400, Time: 6.52, mse_0: 3.7603e-03, mse_f: 3.9945e-02, total loss: 5.0637e-02, Error: 2.4828e-03, Error v: 1.8298e-03
It: 27500, Time: 6.49, mse_0: 3.7580e-03, mse_f: 3.9710e-02, total loss: 5.0340e-02, Error: 2.4801e-03, Error v: 1.8287e-03
It: 27600, Time: 6.52, mse_0: 3.7212e-03, mse_f: 3.9506e-02, total loss: 5.0058e-02, Error: 2.4881e-03, Error v: 1.8258e-03
It: 27700, Time: 6.52, mse_0: 3.7135e-03, mse_f: 3.9323e-02, total loss: 4.9809e-02, Error: 2.4945e-03, Error v: 1.8293e-03
It: 27800, Time: 6.52, mse_0: 3.6815e-03, mse_f: 3.9127e-02, total loss: 4.9549e-02, Error: 2.5022e-03, Error v: 1.8315e-03
It: 27900, Time: 6.50, mse_0: 3.6575e-03, mse_f: 3.8924e-02, total loss: 4.9287e-02, Error: 2.4976e-03, Error v: 1.8298e-03
It: 28000, Time: 6.50, mse_0: 3.6345e-03, mse_f: 3.8742e-02, total loss: 4.9059e-02, Error: 2.5020e-03, Error v: 1.8316e-03
It: 28100, Time: 6.50, mse_0: 3.6264e-03, mse_f: 3.8523e-02, total loss: 4.8791e-02, Error: 2.5023e-03, Error v: 1.8305e-03
It: 28200, Time: 6.50, mse_0: 3.6038e-03, mse_f: 3.8338e-02, total loss: 4.8566e-02, Error: 2.4953e-03, Error v: 1.8325e-03
It: 28300, Time: 6.52, mse_0: 3.5850e-03, mse_f: 3.8177e-02, total loss: 4.8351e-02, Error: 2.4925e-03, Error v: 1.8303e-03
It: 28400, Time: 6.50, mse_0: 3.5607e-03, mse_f: 3.8004e-02, total loss: 4.8098e-02, Error: 2.5063e-03, Error v: 1.8288e-03
It: 28500, Time: 6.52, mse_0: 3.5478e-03, mse_f: 3.7834e-02, total loss: 4.7877e-02, Error: 2.5028e-03, Error v: 1.8305e-03
It: 28600, Time: 6.49, mse_0: 3.5432e-03, mse_f: 3.7616e-02, total loss: 4.7615e-02, Error: 2.4937e-03, Error v: 1.8293e-03
It: 28700, Time: 6.49, mse_0: 3.5234e-03, mse_f: 3.7432e-02, total loss: 4.7374e-02, Error: 2.4838e-03, Error v: 1.8277e-03
It: 28800, Time: 6.49, mse_0: 3.4927e-03, mse_f: 3.7257e-02, total loss: 4.7161e-02, Error: 2.4697e-03, Error v: 1.8267e-03
It: 28900, Time: 6.52, mse_0: 3.4846e-03, mse_f: 3.7081e-02, total loss: 4.6944e-02, Error: 2.4706e-03, Error v: 1.8275e-03
It: 29000, Time: 6.50, mse_0: 3.4489e-03, mse_f: 3.6910e-02, total loss: 4.6711e-02, Error: 2.4712e-03, Error v: 1.8260e-03
It: 29100, Time: 6.60, mse_0: 3.4329e-03, mse_f: 3.6728e-02, total loss: 4.6486e-02, Error: 2.4825e-03, Error v: 1.8235e-03
It: 29200, Time: 6.50, mse_0: 3.4107e-03, mse_f: 3.6540e-02, total loss: 4.6254e-02, Error: 2.4772e-03, Error v: 1.8259e-03
It: 29300, Time: 6.49, mse_0: 3.3845e-03, mse_f: 3.6382e-02, total loss: 4.6035e-02, Error: 2.4680e-03, Error v: 1.8270e-03
It: 29400, Time: 6.50, mse_0: 3.3582e-03, mse_f: 3.6196e-02, total loss: 4.5793e-02, Error: 2.4609e-03, Error v: 1.8264e-03
It: 29500, Time: 6.53, mse_0: 3.3429e-03, mse_f: 3.5997e-02, total loss: 4.5548e-02, Error: 2.4628e-03, Error v: 1.8232e-03
It: 29600, Time: 6.53, mse_0: 3.3169e-03, mse_f: 3.5851e-02, total loss: 4.5342e-02, Error: 2.4797e-03, Error v: 1.8238e-03
It: 29700, Time: 6.50, mse_0: 3.3005e-03, mse_f: 3.5668e-02, total loss: 4.5095e-02, Error: 2.4608e-03, Error v: 1.8234e-03
It: 29800, Time: 6.50, mse_0: 3.3104e-03, mse_f: 3.5494e-02, total loss: 4.4883e-02, Error: 2.4568e-03, Error v: 1.8237e-03
It: 29900, Time: 6.63, mse_0: 3.3161e-03, mse_f: 3.5326e-02, total loss: 4.4682e-02, Error: 2.4441e-03, Error v: 1.8223e-03
It: 30000, Time: 6.49, mse_0: 3.3314e-03, mse_f: 3.5148e-02, total loss: 4.4474e-02, Error: 2.4512e-03, Error v: 1.8246e-03
It: 30100, Time: 6.52, mse_0: 3.3325e-03, mse_f: 3.5001e-02, total loss: 4.4282e-02, Error: 2.4532e-03, Error v: 1.8223e-03
It: 30200, Time: 6.53, mse_0: 3.3113e-03, mse_f: 3.4835e-02, total loss: 4.4070e-02, Error: 2.4536e-03, Error v: 1.8260e-03
It: 30300, Time: 6.50, mse_0: 3.2833e-03, mse_f: 3.4667e-02, total loss: 4.3852e-02, Error: 2.4631e-03, Error v: 1.8234e-03
It: 30400, Time: 6.50, mse_0: 3.2637e-03, mse_f: 3.4528e-02, total loss: 4.3680e-02, Error: 2.4679e-03, Error v: 1.8220e-03
It: 30500, Time: 6.52, mse_0: 3.2360e-03, mse_f: 3.4381e-02, total loss: 4.3489e-02, Error: 2.4656e-03, Error v: 1.8221e-03
It: 30600, Time: 6.49, mse_0: 3.1933e-03, mse_f: 3.4232e-02, total loss: 4.3300e-02, Error: 2.4537e-03, Error v: 1.8200e-03
It: 30700, Time: 6.52, mse_0: 3.1731e-03, mse_f: 3.4093e-02, total loss: 4.3124e-02, Error: 2.4473e-03, Error v: 1.8198e-03
It: 30800, Time: 6.52, mse_0: 3.1486e-03, mse_f: 3.3961e-02, total loss: 4.2944e-02, Error: 2.4423e-03, Error v: 1.8205e-03
It: 30900, Time: 6.60, mse_0: 3.1266e-03, mse_f: 3.3786e-02, total loss: 4.2718e-02, Error: 2.4297e-03, Error v: 1.8218e-03
It: 31000, Time: 6.50, mse_0: 3.1036e-03, mse_f: 3.3659e-02, total loss: 4.2547e-02, Error: 2.4314e-03, Error v: 1.8213e-03
It: 31100, Time: 6.49, mse_0: 3.1025e-03, mse_f: 3.3521e-02, total loss: 4.2378e-02, Error: 2.4147e-03, Error v: 1.8216e-03
It: 31200, Time: 6.53, mse_0: 3.1068e-03, mse_f: 3.3376e-02, total loss: 4.2211e-02, Error: 2.4195e-03, Error v: 1.8219e-03
It: 31300, Time: 6.50, mse_0: 3.0939e-03, mse_f: 3.3246e-02, total loss: 4.2051e-02, Error: 2.4311e-03, Error v: 1.8195e-03
It: 31400, Time: 6.52, mse_0: 3.0698e-03, mse_f: 3.3115e-02, total loss: 4.1893e-02, Error: 2.4222e-03, Error v: 1.8202e-03
It: 31500, Time: 6.55, mse_0: 3.0577e-03, mse_f: 3.2997e-02, total loss: 4.1741e-02, Error: 2.4213e-03, Error v: 1.8178e-03
Error u: 2.421255e-03
Error v: 1.817829e-03
ferru =  0.0065464317
ferrv =  0.0051775128
Error u: 2.421255e-03
Error v: 1.817829e-03
NeuralNet(
  (network): Sequential(
    (0): Linear(in_features=3, out_features=64, bias=True)
    (1): Tanh()
    (2): Linear(in_features=64, out_features=64, bias=True)
    (3): Tanh()
    (4): Linear(in_features=64, out_features=64, bias=True)
    (5): Tanh()
    (6): Linear(in_features=64, out_features=64, bias=True)
    (7): Tanh()
    (8): Linear(in_features=64, out_features=64, bias=True)
    (9): Tanh()
    (10): Linear(in_features=64, out_features=64, bias=True)
    (11): Tanh()
    (12): Linear(in_features=64, out_features=2, bias=True)
  )
)
starting Adam training
It: 100, Time: 5.61, mse_0: 6.5268e+02, mse_f: 2.7893e+01, total loss: 7.1766e+02, Error: 9.6882e-01, Error v: 7.7373e-01
It: 200, Time: 5.58, mse_0: 6.3071e+02, mse_f: 4.5812e+01, total loss: 6.4561e+02, Error: 9.5461e-01, Error v: 7.1116e-01
It: 300, Time: 5.61, mse_0: 3.1772e+02, mse_f: 4.3958e+01, total loss: 5.1665e+02, Error: 7.1452e-01, Error v: 6.7366e-01
It: 400, Time: 5.61, mse_0: 1.3373e+02, mse_f: 5.1730e+01, total loss: 3.6010e+02, Error: 4.3376e-01, Error v: 6.3024e-01
It: 500, Time: 5.61, mse_0: 3.7336e+01, mse_f: 4.3637e+01, total loss: 2.5053e+02, Error: 2.2550e-01, Error v: 5.6366e-01
It: 600, Time: 5.60, mse_0: 2.3896e+01, mse_f: 4.0650e+01, total loss: 1.8267e+02, Error: 1.6096e-01, Error v: 4.3320e-01
It: 700, Time: 5.63, mse_0: 1.4977e+01, mse_f: 3.4231e+01, total loss: 1.3138e+02, Error: 1.3692e-01, Error v: 3.1966e-01
It: 800, Time: 5.60, mse_0: 8.7814e+00, mse_f: 2.2694e+01, total loss: 8.4793e+01, Error: 9.3839e-02, Error v: 2.1343e-01
It: 900, Time: 5.56, mse_0: 6.1458e+00, mse_f: 1.6430e+01, total loss: 6.7500e+01, Error: 7.8313e-02, Error v: 1.6851e-01
It: 1000, Time: 5.59, mse_0: 4.5523e+00, mse_f: 1.2541e+01, total loss: 5.9765e+01, Error: 6.2058e-02, Error v: 1.3295e-01
It: 1100, Time: 5.61, mse_0: 4.0648e+00, mse_f: 1.0518e+01, total loss: 3.6961e+01, Error: 5.2047e-02, Error v: 1.0619e-01
It: 1200, Time: 5.61, mse_0: 2.9990e+00, mse_f: 9.9075e+00, total loss: 2.8535e+01, Error: 4.2842e-02, Error v: 8.8958e-02
It: 1300, Time: 5.61, mse_0: 2.5216e+00, mse_f: 6.9590e+00, total loss: 1.9455e+01, Error: 3.7992e-02, Error v: 7.7333e-02
It: 1400, Time: 5.70, mse_0: 1.8946e+00, mse_f: 5.0330e+00, total loss: 1.5223e+01, Error: 4.0350e-02, Error v: 6.2047e-02
It: 1500, Time: 5.63, mse_0: 1.5057e+00, mse_f: 3.9646e+00, total loss: 1.0703e+01, Error: 3.0759e-02, Error v: 4.7690e-02
It: 1600, Time: 5.64, mse_0: 1.3205e+00, mse_f: 3.8496e+00, total loss: 1.2958e+01, Error: 3.1804e-02, Error v: 4.2621e-02
It: 1700, Time: 5.64, mse_0: 1.1322e+00, mse_f: 3.0578e+00, total loss: 1.0041e+01, Error: 2.8181e-02, Error v: 3.5422e-02
It: 1800, Time: 5.61, mse_0: 9.2315e-01, mse_f: 2.4058e+00, total loss: 5.9961e+00, Error: 2.3924e-02, Error v: 3.6930e-02
It: 1900, Time: 5.61, mse_0: 8.1207e-01, mse_f: 1.9892e+00, total loss: 4.8492e+00, Error: 2.3265e-02, Error v: 3.3203e-02
It: 2000, Time: 5.63, mse_0: 7.7869e-01, mse_f: 2.0556e+00, total loss: 5.1018e+00, Error: 3.1118e-02, Error v: 2.5282e-02
It: 2100, Time: 5.63, mse_0: 6.9655e-01, mse_f: 1.8892e+00, total loss: 4.1464e+00, Error: 2.4353e-02, Error v: 2.2598e-02
It: 2200, Time: 5.63, mse_0: 5.6856e-01, mse_f: 1.4054e+00, total loss: 3.3057e+00, Error: 2.0198e-02, Error v: 2.4867e-02
It: 2300, Time: 5.63, mse_0: 5.0202e-01, mse_f: 1.2427e+00, total loss: 2.7545e+00, Error: 1.8170e-02, Error v: 2.2898e-02
It: 2400, Time: 5.63, mse_0: 4.5196e-01, mse_f: 1.1386e+00, total loss: 2.6891e+00, Error: 1.9286e-02, Error v: 1.8318e-02
It: 2500, Time: 5.61, mse_0: 4.0326e-01, mse_f: 1.0041e+00, total loss: 2.1231e+00, Error: 1.7027e-02, Error v: 1.5864e-02
It: 2600, Time: 5.59, mse_0: 5.3440e-01, mse_f: 2.3380e+00, total loss: 7.2615e+00, Error: 3.0434e-02, Error v: 2.3052e-02
It: 2700, Time: 5.61, mse_0: 3.4612e-01, mse_f: 9.3691e-01, total loss: 2.0451e+00, Error: 2.3034e-02, Error v: 1.5670e-02
It: 2800, Time: 5.61, mse_0: 3.4115e-01, mse_f: 1.0288e+00, total loss: 2.1769e+00, Error: 1.6279e-02, Error v: 1.4862e-02
It: 2900, Time: 5.61, mse_0: 2.6807e-01, mse_f: 8.2351e-01, total loss: 2.0945e+00, Error: 1.5528e-02, Error v: 1.4913e-02
It: 3000, Time: 5.61, mse_0: 2.5556e-01, mse_f: 9.0745e-01, total loss: 2.7878e+00, Error: 1.3660e-02, Error v: 1.7300e-02
It: 3100, Time: 5.60, mse_0: 2.2852e-01, mse_f: 6.7998e-01, total loss: 1.6248e+00, Error: 1.3793e-02, Error v: 1.2294e-02
It: 3200, Time: 5.63, mse_0: 1.9738e-01, mse_f: 7.1028e-01, total loss: 2.2570e+00, Error: 1.3508e-02, Error v: 1.4456e-02
It: 3300, Time: 5.59, mse_0: 3.4140e-01, mse_f: 1.1958e+00, total loss: 2.7727e+00, Error: 2.6641e-02, Error v: 1.2314e-02
It: 3400, Time: 5.59, mse_0: 1.9795e-01, mse_f: 5.7550e-01, total loss: 1.0700e+00, Error: 1.4366e-02, Error v: 1.4611e-02
It: 3500, Time: 5.63, mse_0: 1.9001e-01, mse_f: 6.0356e-01, total loss: 1.1325e+00, Error: 1.1567e-02, Error v: 1.0691e-02
It: 3600, Time: 5.69, mse_0: 1.5534e-01, mse_f: 4.7471e-01, total loss: 9.4181e-01, Error: 1.1742e-02, Error v: 1.1903e-02
It: 3700, Time: 5.61, mse_0: 1.6027e-01, mse_f: 6.4891e-01, total loss: 2.6211e+00, Error: 1.1797e-02, Error v: 1.5622e-02
It: 3800, Time: 5.64, mse_0: 1.3146e-01, mse_f: 4.7616e-01, total loss: 1.5711e+00, Error: 1.0677e-02, Error v: 1.1780e-02
It: 3900, Time: 5.60, mse_0: 1.3658e-01, mse_f: 5.2825e-01, total loss: 2.5829e+00, Error: 1.0497e-02, Error v: 1.5550e-02
It: 4000, Time: 5.61, mse_0: 9.0009e-01, mse_f: 3.9301e+00, total loss: 5.8903e+00, Error: 3.9484e-02, Error v: 9.3155e-03
It: 4100, Time: 5.64, mse_0: 3.3027e-01, mse_f: 1.2086e+00, total loss: 2.4165e+00, Error: 1.2160e-02, Error v: 1.1223e-02
It: 4200, Time: 5.58, mse_0: 2.0404e-01, mse_f: 6.4892e-01, total loss: 1.1226e+00, Error: 1.0737e-02, Error v: 7.1689e-03
It: 4300, Time: 5.61, mse_0: 1.3525e-01, mse_f: 4.7565e-01, total loss: 2.4072e+00, Error: 1.0663e-02, Error v: 1.2518e-02
It: 4400, Time: 5.59, mse_0: 1.2999e-01, mse_f: 4.5684e-01, total loss: 2.4606e+00, Error: 1.0125e-02, Error v: 1.2899e-02
It: 4500, Time: 5.60, mse_0: 1.0534e-01, mse_f: 3.4127e-01, total loss: 1.0517e+00, Error: 9.4017e-03, Error v: 7.3090e-03
It: 4600, Time: 5.61, mse_0: 9.3252e-02, mse_f: 3.0007e-01, total loss: 5.6546e-01, Error: 8.6581e-03, Error v: 8.0488e-03
It: 4700, Time: 5.61, mse_0: 8.6896e-02, mse_f: 2.8292e-01, total loss: 5.6816e-01, Error: 9.7882e-03, Error v: 1.2799e-02
It: 4800, Time: 5.58, mse_0: 8.6177e-02, mse_f: 3.2316e-01, total loss: 9.2898e-01, Error: 8.3534e-03, Error v: 8.5051e-03
It: 4900, Time: 5.59, mse_0: 8.3696e-02, mse_f: 2.7604e-01, total loss: 8.9273e-01, Error: 8.5341e-03, Error v: 1.1013e-02
It: 5000, Time: 5.59, mse_0: 9.2155e-02, mse_f: 3.4506e-01, total loss: 1.4141e+00, Error: 9.0949e-03, Error v: 1.1756e-02
It: 5100, Time: 5.61, mse_0: 1.6904e-01, mse_f: 6.8162e-01, total loss: 2.2570e+00, Error: 1.0012e-02, Error v: 1.4308e-02
It: 5200, Time: 5.64, mse_0: 1.1551e-01, mse_f: 4.4317e-01, total loss: 1.8064e+00, Error: 9.2537e-03, Error v: 1.1496e-02
It: 5300, Time: 5.61, mse_0: 8.0340e-02, mse_f: 2.5093e-01, total loss: 4.6645e-01, Error: 9.1298e-03, Error v: 7.4158e-03
It: 5400, Time: 5.58, mse_0: 7.3540e-02, mse_f: 2.6366e-01, total loss: 1.1911e+00, Error: 9.3313e-03, Error v: 1.3066e-02
It: 5500, Time: 5.60, mse_0: 7.8923e-02, mse_f: 2.9733e-01, total loss: 1.6839e+00, Error: 1.0270e-02, Error v: 1.4769e-02
It: 5600, Time: 5.63, mse_0: 6.5388e-02, mse_f: 2.5531e-01, total loss: 7.5243e-01, Error: 8.6796e-03, Error v: 1.0180e-02
It: 5700, Time: 5.71, mse_0: 7.7069e-02, mse_f: 2.7979e-01, total loss: 1.6860e+00, Error: 9.8570e-03, Error v: 1.3023e-02
It: 5800, Time: 5.61, mse_0: 6.1641e-02, mse_f: 2.1609e-01, total loss: 7.5040e-01, Error: 9.0640e-03, Error v: 1.1926e-02
It: 5900, Time: 5.61, mse_0: 1.2505e-01, mse_f: 4.6645e-01, total loss: 1.2008e+00, Error: 1.2118e-02, Error v: 7.1032e-03
It: 6000, Time: 5.63, mse_0: 7.9796e-02, mse_f: 2.6350e-01, total loss: 1.1320e+00, Error: 7.5212e-03, Error v: 8.4217e-03
It: 6100, Time: 5.61, mse_0: 5.7708e-02, mse_f: 2.1812e-01, total loss: 5.1290e-01, Error: 8.5861e-03, Error v: 8.7470e-03
It: 6200, Time: 5.63, mse_0: 5.6464e-02, mse_f: 1.9227e-01, total loss: 5.5325e-01, Error: 7.9989e-03, Error v: 9.9879e-03
It: 6300, Time: 5.61, mse_0: 6.5547e-02, mse_f: 1.9999e-01, total loss: 9.7473e-01, Error: 8.0601e-03, Error v: 9.0804e-03
It: 6400, Time: 5.63, mse_0: 1.0023e-01, mse_f: 3.9235e-01, total loss: 1.0627e+00, Error: 9.2946e-03, Error v: 9.6745e-03
It: 6500, Time: 5.59, mse_0: 1.4046e-01, mse_f: 5.4516e-01, total loss: 2.0142e+00, Error: 1.5016e-02, Error v: 1.0631e-02
It: 6600, Time: 5.63, mse_0: 6.1201e-02, mse_f: 2.2098e-01, total loss: 5.2380e-01, Error: 7.0032e-03, Error v: 8.4280e-03
It: 6700, Time: 5.63, mse_0: 5.1117e-02, mse_f: 1.7097e-01, total loss: 5.6016e-01, Error: 7.8757e-03, Error v: 4.7530e-03
It: 6800, Time: 5.59, mse_0: 5.1445e-02, mse_f: 1.8412e-01, total loss: 4.1615e-01, Error: 8.7981e-03, Error v: 1.0056e-02
It: 6900, Time: 5.61, mse_0: 6.6904e-02, mse_f: 2.6150e-01, total loss: 1.3884e+00, Error: 6.9161e-03, Error v: 9.5551e-03
It: 7000, Time: 5.58, mse_0: 7.6318e-02, mse_f: 2.7907e-01, total loss: 1.8301e+00, Error: 8.7750e-03, Error v: 1.5840e-02
It: 7100, Time: 5.61, mse_0: 4.8015e-02, mse_f: 1.6309e-01, total loss: 4.0101e-01, Error: 6.3584e-03, Error v: 7.2237e-03
It: 7200, Time: 5.60, mse_0: 9.2694e-02, mse_f: 3.4625e-01, total loss: 9.1498e-01, Error: 1.1844e-02, Error v: 9.0172e-03
It: 7300, Time: 5.63, mse_0: 6.8973e-02, mse_f: 3.0870e-01, total loss: 2.5923e+00, Error: 1.3083e-02, Error v: 1.4380e-02
It: 7400, Time: 5.60, mse_0: 5.5152e-02, mse_f: 1.5058e-01, total loss: 5.3003e-01, Error: 9.2829e-03, Error v: 5.3874e-03
It: 7500, Time: 5.63, mse_0: 5.0933e-02, mse_f: 1.9044e-01, total loss: 6.1655e-01, Error: 8.6379e-03, Error v: 8.0737e-03
It: 7600, Time: 5.58, mse_0: 5.1097e-02, mse_f: 1.8893e-01, total loss: 5.7541e-01, Error: 9.4598e-03, Error v: 6.4118e-03
It: 7700, Time: 5.63, mse_0: 1.2265e-01, mse_f: 3.8829e-01, total loss: 6.8974e-01, Error: 1.5694e-02, Error v: 5.3824e-03
It: 7800, Time: 5.64, mse_0: 1.0387e-01, mse_f: 2.8847e-01, total loss: 7.6111e-01, Error: 1.1433e-02, Error v: 7.8821e-03
It: 7900, Time: 5.71, mse_0: 7.6548e-02, mse_f: 1.9880e-01, total loss: 1.0923e+00, Error: 6.1359e-03, Error v: 4.9915e-03
It: 8000, Time: 5.63, mse_0: 4.1796e-02, mse_f: 1.7411e-01, total loss: 6.3787e-01, Error: 6.3214e-03, Error v: 6.7041e-03
It: 8100, Time: 5.63, mse_0: 4.4471e-02, mse_f: 1.7107e-01, total loss: 7.3190e-01, Error: 6.5672e-03, Error v: 5.4268e-03
It: 8200, Time: 5.60, mse_0: 3.8210e-02, mse_f: 1.7018e-01, total loss: 4.6392e-01, Error: 8.1496e-03, Error v: 1.0772e-02
It: 8300, Time: 5.63, mse_0: 9.8582e-02, mse_f: 2.9776e-01, total loss: 6.7942e-01, Error: 1.0419e-02, Error v: 6.9970e-03
It: 8400, Time: 5.63, mse_0: 7.6810e-02, mse_f: 2.8965e-01, total loss: 2.0234e+00, Error: 1.2789e-02, Error v: 1.4013e-02
It: 8500, Time: 5.61, mse_0: 3.4631e-02, mse_f: 1.5020e-01, total loss: 3.1542e-01, Error: 8.9346e-03, Error v: 1.0690e-02
It: 8600, Time: 5.61, mse_0: 3.7600e-02, mse_f: 1.6055e-01, total loss: 6.1345e-01, Error: 1.0823e-02, Error v: 7.9864e-03
It: 8700, Time: 5.63, mse_0: 5.3161e-02, mse_f: 1.7615e-01, total loss: 1.6499e+00, Error: 1.1791e-02, Error v: 1.3538e-02
It: 8800, Time: 5.61, mse_0: 4.9036e-02, mse_f: 2.0495e-01, total loss: 1.9638e+00, Error: 9.1192e-03, Error v: 1.4256e-02
It: 8900, Time: 5.60, mse_0: 4.9412e-02, mse_f: 1.6561e-01, total loss: 1.1440e+00, Error: 7.3859e-03, Error v: 7.4128e-03
It: 9000, Time: 5.61, mse_0: 1.1278e-01, mse_f: 3.9354e-01, total loss: 8.4374e-01, Error: 2.7725e-02, Error v: 6.9892e-03
It: 9100, Time: 5.63, mse_0: 1.0697e-01, mse_f: 4.0387e-01, total loss: 6.7790e-01, Error: 7.0250e-03, Error v: 5.5452e-03
It: 9200, Time: 5.60, mse_0: 4.3881e-02, mse_f: 1.5605e-01, total loss: 3.3871e-01, Error: 1.1435e-02, Error v: 6.2164e-03
It: 9300, Time: 5.63, mse_0: 5.0909e-02, mse_f: 1.3132e-01, total loss: 6.7552e-01, Error: 5.3066e-03, Error v: 6.8176e-03
It: 9400, Time: 5.63, mse_0: 3.2887e-02, mse_f: 1.0922e-01, total loss: 6.0707e-01, Error: 5.7550e-03, Error v: 7.1970e-03
It: 9500, Time: 5.59, mse_0: 4.8243e-02, mse_f: 1.2099e-01, total loss: 1.2136e+00, Error: 6.5176e-03, Error v: 8.8737e-03
It: 9600, Time: 5.64, mse_0: 2.8644e-02, mse_f: 1.2924e-01, total loss: 4.6979e-01, Error: 6.5282e-03, Error v: 9.1056e-03
It: 9700, Time: 5.61, mse_0: 4.3955e-02, mse_f: 1.5014e-01, total loss: 9.7278e-01, Error: 7.4218e-03, Error v: 9.8820e-03
It: 9800, Time: 5.61, mse_0: 3.1350e-02, mse_f: 1.0448e-01, total loss: 3.9280e-01, Error: 7.0077e-03, Error v: 7.0706e-03
It: 9900, Time: 5.63, mse_0: 2.7233e-02, mse_f: 1.3088e-01, total loss: 3.3281e-01, Error: 7.0732e-03, Error v: 8.6746e-03
It: 10000, Time: 5.72, mse_0: 3.9061e-02, mse_f: 1.6703e-01, total loss: 5.8665e-01, Error: 1.2272e-02, Error v: 1.1014e-02
It: 10100, Time: 5.67, mse_0: 3.3189e-02, mse_f: 2.1430e-01, total loss: 5.5619e-01, Error: 1.1788e-02, Error v: 7.8943e-03
It: 10200, Time: 5.59, mse_0: 3.3452e-02, mse_f: 1.0333e-01, total loss: 4.8124e-01, Error: 7.4160e-03, Error v: 9.9455e-03
It: 10300, Time: 5.59, mse_0: 3.8654e-02, mse_f: 1.0114e-01, total loss: 4.1320e-01, Error: 7.9314e-03, Error v: 6.1216e-03
It: 10400, Time: 5.61, mse_0: 5.1587e-02, mse_f: 1.4247e-01, total loss: 1.6015e+00, Error: 1.0420e-02, Error v: 1.3602e-02
It: 10500, Time: 5.63, mse_0: 8.4667e-02, mse_f: 1.8614e-01, total loss: 1.6863e+00, Error: 8.1331e-03, Error v: 8.6602e-03
It: 10600, Time: 5.64, mse_0: 2.7596e-02, mse_f: 9.1082e-02, total loss: 6.0069e-01, Error: 4.9345e-03, Error v: 6.3225e-03
It: 10700, Time: 5.59, mse_0: 2.9896e-02, mse_f: 1.1788e-01, total loss: 4.3643e-01, Error: 5.5191e-03, Error v: 4.8903e-03
It: 10800, Time: 5.59, mse_0: 5.6952e-02, mse_f: 2.0259e-01, total loss: 4.4205e-01, Error: 1.1088e-02, Error v: 4.4641e-03
It: 10900, Time: 5.59, mse_0: 3.0617e-02, mse_f: 1.2216e-01, total loss: 5.2878e-01, Error: 5.4203e-03, Error v: 6.2122e-03
It: 11000, Time: 5.60, mse_0: 4.2650e-02, mse_f: 1.6439e-01, total loss: 9.4620e-01, Error: 8.2898e-03, Error v: 7.1816e-03
It: 11100, Time: 5.61, mse_0: 2.8794e-02, mse_f: 1.0526e-01, total loss: 2.1294e-01, Error: 6.0785e-03, Error v: 4.9195e-03
It: 11200, Time: 5.61, mse_0: 3.3918e-02, mse_f: 1.1895e-01, total loss: 2.7936e-01, Error: 6.1268e-03, Error v: 2.9972e-03
It: 11300, Time: 5.63, mse_0: 4.9906e-02, mse_f: 2.4950e-01, total loss: 3.0237e+00, Error: 9.1802e-03, Error v: 1.4444e-02
It: 11400, Time: 5.61, mse_0: 7.6567e-02, mse_f: 2.4666e-01, total loss: 1.2327e+00, Error: 1.4867e-02, Error v: 1.1121e-02
It: 11500, Time: 5.63, mse_0: 4.0820e-02, mse_f: 1.3807e-01, total loss: 2.8669e-01, Error: 1.1614e-02, Error v: 7.8191e-03
It: 11600, Time: 5.61, mse_0: 3.3098e-02, mse_f: 1.3689e-01, total loss: 3.0972e-01, Error: 4.8984e-03, Error v: 2.8635e-03
It: 11700, Time: 5.61, mse_0: 2.8287e-02, mse_f: 9.7262e-02, total loss: 3.7494e-01, Error: 6.4148e-03, Error v: 3.7577e-03
It: 11800, Time: 5.61, mse_0: 4.6407e-02, mse_f: 1.6653e-01, total loss: 2.1924e+00, Error: 1.1134e-02, Error v: 9.2186e-03
It: 11900, Time: 5.61, mse_0: 5.3023e-02, mse_f: 1.9455e-01, total loss: 6.9840e-01, Error: 5.9931e-03, Error v: 6.0924e-03
It: 12000, Time: 5.63, mse_0: 4.4275e-02, mse_f: 1.5460e-01, total loss: 2.3954e-01, Error: 1.0064e-02, Error v: 4.8016e-03
It: 12100, Time: 5.69, mse_0: 3.2271e-02, mse_f: 1.2287e-01, total loss: 1.8996e-01, Error: 6.4591e-03, Error v: 4.1336e-03
It: 12200, Time: 5.63, mse_0: 5.9694e-02, mse_f: 2.1342e-01, total loss: 6.1337e-01, Error: 1.0333e-02, Error v: 6.2760e-03
It: 12300, Time: 5.60, mse_0: 4.0499e-02, mse_f: 1.3026e-01, total loss: 2.3768e-01, Error: 9.4610e-03, Error v: 4.7436e-03
It: 12400, Time: 5.58, mse_0: 2.7679e-02, mse_f: 1.0862e-01, total loss: 2.8129e-01, Error: 6.4338e-03, Error v: 2.7003e-03
It: 12500, Time: 5.61, mse_0: 1.9232e-02, mse_f: 7.3333e-02, total loss: 2.3789e-01, Error: 5.0838e-03, Error v: 5.2674e-03
It: 12600, Time: 5.64, mse_0: 1.8853e-02, mse_f: 6.9131e-02, total loss: 1.2597e-01, Error: 4.0336e-03, Error v: 3.5220e-03
It: 12700, Time: 5.61, mse_0: 2.0922e-02, mse_f: 1.2405e-01, total loss: 4.5627e-01, Error: 8.1524e-03, Error v: 7.2119e-03
It: 12800, Time: 5.61, mse_0: 4.3076e-02, mse_f: 1.6904e-01, total loss: 3.7240e-01, Error: 8.7673e-03, Error v: 1.0465e-02
It: 12900, Time: 5.61, mse_0: 2.4316e-02, mse_f: 9.6878e-02, total loss: 3.2034e-01, Error: 5.8788e-03, Error v: 6.2573e-03
It: 13000, Time: 5.61, mse_0: 5.3907e-02, mse_f: 2.0435e-01, total loss: 3.0827e-01, Error: 1.2164e-02, Error v: 3.4698e-03
It: 13100, Time: 5.61, mse_0: 3.4350e-02, mse_f: 2.0279e-01, total loss: 1.0795e+00, Error: 1.3272e-02, Error v: 8.8219e-03
It: 13200, Time: 5.61, mse_0: 5.2843e-02, mse_f: 2.1348e-01, total loss: 5.6289e-01, Error: 9.2396e-03, Error v: 8.6321e-03
It: 13300, Time: 5.60, mse_0: 2.2106e-02, mse_f: 8.0640e-02, total loss: 1.4712e-01, Error: 7.5178e-03, Error v: 4.6416e-03
It: 13400, Time: 5.60, mse_0: 1.9075e-02, mse_f: 8.3127e-02, total loss: 3.5656e-01, Error: 5.1466e-03, Error v: 4.1611e-03
It: 13500, Time: 5.63, mse_0: 1.7607e-02, mse_f: 8.7126e-02, total loss: 4.3306e-01, Error: 7.1323e-03, Error v: 1.0837e-02
It: 13600, Time: 5.63, mse_0: 1.4429e-02, mse_f: 7.9142e-02, total loss: 1.5233e-01, Error: 5.0791e-03, Error v: 9.2827e-03
It: 13700, Time: 5.64, mse_0: 1.9366e-02, mse_f: 6.3860e-02, total loss: 3.3437e-01, Error: 3.9845e-03, Error v: 5.1084e-03
It: 13800, Time: 5.60, mse_0: 1.5060e-02, mse_f: 7.0471e-02, total loss: 2.3138e-01, Error: 6.4189e-03, Error v: 7.2019e-03
It: 13900, Time: 5.63, mse_0: 4.4563e-02, mse_f: 1.6327e-01, total loss: 1.9175e+00, Error: 1.1950e-02, Error v: 1.3631e-02
It: 14000, Time: 5.59, mse_0: 3.7932e-02, mse_f: 1.2057e-01, total loss: 5.8904e-01, Error: 1.2376e-02, Error v: 4.0331e-03
It: 14100, Time: 5.64, mse_0: 3.9294e-02, mse_f: 1.4246e-01, total loss: 6.8762e-01, Error: 5.8471e-03, Error v: 5.1822e-03
It: 14200, Time: 5.63, mse_0: 2.2414e-02, mse_f: 1.0000e-01, total loss: 4.1991e-01, Error: 4.7706e-03, Error v: 8.1348e-03
It: 14300, Time: 5.72, mse_0: 1.5465e-02, mse_f: 5.5907e-02, total loss: 4.7450e-01, Error: 5.9848e-03, Error v: 5.6187e-03
It: 14400, Time: 5.61, mse_0: 1.7067e-02, mse_f: 8.0202e-02, total loss: 7.5141e-01, Error: 4.0564e-03, Error v: 8.1624e-03
It: 14500, Time: 5.61, mse_0: 2.1473e-02, mse_f: 8.5026e-02, total loss: 8.6125e-01, Error: 7.4371e-03, Error v: 8.0748e-03
It: 14600, Time: 5.63, mse_0: 1.1822e-02, mse_f: 5.5854e-02, total loss: 2.5483e-01, Error: 4.7098e-03, Error v: 4.9854e-03
It: 14700, Time: 5.61, mse_0: 2.9132e-02, mse_f: 9.3159e-02, total loss: 5.8691e-01, Error: 6.0678e-03, Error v: 5.9232e-03
It: 14800, Time: 5.61, mse_0: 1.0360e-02, mse_f: 7.6493e-02, total loss: 1.2900e-01, Error: 6.0088e-03, Error v: 4.8544e-03
It: 14900, Time: 5.63, mse_0: 2.5507e-02, mse_f: 1.1003e-01, total loss: 4.7485e-01, Error: 7.5050e-03, Error v: 7.9965e-03
It: 15000, Time: 5.64, mse_0: 1.5195e-02, mse_f: 5.6903e-02, total loss: 2.3353e-01, Error: 3.8202e-03, Error v: 5.1286e-03
It: 15100, Time: 5.61, mse_0: 3.2974e-02, mse_f: 8.3079e-02, total loss: 1.4456e+00, Error: 9.3444e-03, Error v: 1.2460e-02
It: 15200, Time: 5.63, mse_0: 1.1954e-02, mse_f: 8.4269e-02, total loss: 2.1494e-01, Error: 7.2979e-03, Error v: 5.9906e-03
It: 15300, Time: 5.61, mse_0: 3.2771e-02, mse_f: 1.5122e-01, total loss: 4.3062e-01, Error: 6.2286e-03, Error v: 4.3704e-03
It: 15400, Time: 5.60, mse_0: 1.9653e-02, mse_f: 6.9703e-02, total loss: 1.5726e-01, Error: 4.1707e-03, Error v: 3.6677e-03
It: 15500, Time: 5.63, mse_0: 2.7974e-02, mse_f: 1.0743e-01, total loss: 1.2413e+00, Error: 4.2488e-03, Error v: 9.6702e-03
It: 15600, Time: 5.59, mse_0: 3.3043e-02, mse_f: 1.1032e-01, total loss: 5.5961e-01, Error: 8.2962e-03, Error v: 1.0199e-02
It: 15700, Time: 5.63, mse_0: 4.0730e-02, mse_f: 1.1266e-01, total loss: 2.2156e-01, Error: 6.4641e-03, Error v: 3.2162e-03
It: 15800, Time: 5.63, mse_0: 1.3671e-02, mse_f: 5.9193e-02, total loss: 1.0871e-01, Error: 5.0154e-03, Error v: 5.4396e-03
It: 15900, Time: 5.64, mse_0: 1.0860e-02, mse_f: 4.8471e-02, total loss: 2.2464e-01, Error: 4.3486e-03, Error v: 3.5902e-03
It: 16000, Time: 5.61, mse_0: 5.2985e-02, mse_f: 1.4079e-01, total loss: 1.6038e+00, Error: 9.6994e-03, Error v: 1.2634e-02
It: 16100, Time: 5.63, mse_0: 1.9355e-02, mse_f: 9.4214e-02, total loss: 4.4315e-01, Error: 7.2164e-03, Error v: 5.5190e-03
It: 16200, Time: 5.61, mse_0: 2.0660e-02, mse_f: 8.6564e-02, total loss: 2.9143e-01, Error: 5.3814e-03, Error v: 3.9126e-03
It: 16300, Time: 5.61, mse_0: 1.1771e-02, mse_f: 5.2177e-02, total loss: 8.8493e-02, Error: 4.2957e-03, Error v: 2.1564e-03
It: 16400, Time: 5.71, mse_0: 7.7749e-03, mse_f: 3.2324e-02, total loss: 1.0176e-01, Error: 3.0028e-03, Error v: 3.1796e-03
It: 16500, Time: 5.61, mse_0: 1.5272e-02, mse_f: 9.8805e-02, total loss: 6.5040e-01, Error: 5.0161e-03, Error v: 8.1767e-03
It: 16600, Time: 5.60, mse_0: 6.6907e-02, mse_f: 2.7393e-01, total loss: 1.3129e+00, Error: 1.0079e-02, Error v: 1.0469e-02
It: 16700, Time: 5.61, mse_0: 3.1253e-02, mse_f: 4.7740e-02, total loss: 1.8808e-01, Error: 7.8367e-03, Error v: 1.3500e-02
It: 16800, Time: 5.60, mse_0: 5.4174e-02, mse_f: 2.0861e-01, total loss: 4.1804e-01, Error: 9.8000e-03, Error v: 5.6991e-03
It: 16900, Time: 5.64, mse_0: 1.9017e-02, mse_f: 7.1397e-02, total loss: 1.1993e-01, Error: 3.8718e-03, Error v: 4.3769e-03
It: 17000, Time: 5.61, mse_0: 1.0244e-02, mse_f: 4.4917e-02, total loss: 1.3111e-01, Error: 2.7803e-03, Error v: 4.4856e-03
It: 17100, Time: 5.64, mse_0: 2.2280e-02, mse_f: 1.0720e-01, total loss: 1.3034e+00, Error: 5.3433e-03, Error v: 5.7611e-03
It: 17200, Time: 5.59, mse_0: 2.0017e-02, mse_f: 8.6242e-02, total loss: 1.9591e-01, Error: 4.1374e-03, Error v: 6.3968e-03
It: 17300, Time: 5.63, mse_0: 1.0002e-02, mse_f: 4.2035e-02, total loss: 8.3123e-02, Error: 3.4536e-03, Error v: 2.5627e-03
It: 17400, Time: 5.61, mse_0: 1.2322e-02, mse_f: 5.3698e-02, total loss: 1.1902e-01, Error: 5.2810e-03, Error v: 2.4890e-03
It: 17500, Time: 5.61, mse_0: 1.1190e-02, mse_f: 4.3650e-02, total loss: 3.5342e-01, Error: 5.0915e-03, Error v: 7.1463e-03
It: 17600, Time: 5.60, mse_0: 2.2128e-02, mse_f: 9.4825e-02, total loss: 1.1308e+00, Error: 1.2432e-02, Error v: 7.5476e-03
It: 17700, Time: 5.63, mse_0: 4.1620e-02, mse_f: 1.5716e-01, total loss: 5.8788e-01, Error: 5.9110e-03, Error v: 6.4003e-03
It: 17800, Time: 5.63, mse_0: 1.5350e-02, mse_f: 6.1714e-02, total loss: 2.2759e-01, Error: 4.8705e-03, Error v: 3.9769e-03
It: 17900, Time: 5.63, mse_0: 7.0335e-03, mse_f: 4.2250e-02, total loss: 8.2633e-02, Error: 4.3649e-03, Error v: 2.5341e-03
It: 18000, Time: 5.63, mse_0: 1.5003e-02, mse_f: 5.4943e-02, total loss: 2.6121e-01, Error: 7.5014e-03, Error v: 1.2422e-02
starting L-BFGS training
It: 100, Time: 6.06, mse_0: 7.9436e-03, mse_f: 4.2267e-02, total loss: 5.8336e-02, Error: 2.9002e-03, Error v: 2.5313e-03
It: 200, Time: 6.53, mse_0: 5.3308e-03, mse_f: 2.6237e-02, total loss: 3.5279e-02, Error: 2.8078e-03, Error v: 1.8655e-03
It: 300, Time: 6.53, mse_0: 5.2400e-03, mse_f: 2.5053e-02, total loss: 3.3723e-02, Error: 2.7959e-03, Error v: 1.7977e-03
It: 400, Time: 6.52, mse_0: 5.1099e-03, mse_f: 2.4511e-02, total loss: 3.2949e-02, Error: 2.5799e-03, Error v: 1.7742e-03
It: 500, Time: 6.61, mse_0: 4.8575e-03, mse_f: 2.3942e-02, total loss: 3.2251e-02, Error: 2.7746e-03, Error v: 1.7770e-03
It: 600, Time: 6.53, mse_0: 4.6297e-03, mse_f: 2.3534e-02, total loss: 3.1574e-02, Error: 2.6602e-03, Error v: 1.7641e-03
It: 700, Time: 6.47, mse_0: 4.3668e-03, mse_f: 2.3174e-02, total loss: 3.0873e-02, Error: 2.5979e-03, Error v: 1.7548e-03
It: 800, Time: 6.50, mse_0: 4.2490e-03, mse_f: 2.2604e-02, total loss: 3.0119e-02, Error: 2.4385e-03, Error v: 1.7401e-03
It: 900, Time: 6.53, mse_0: 4.0016e-03, mse_f: 2.2007e-02, total loss: 2.9211e-02, Error: 2.4290e-03, Error v: 1.7360e-03
It: 1000, Time: 6.49, mse_0: 3.7706e-03, mse_f: 2.1471e-02, total loss: 2.8366e-02, Error: 2.4886e-03, Error v: 1.6938e-03
It: 1100, Time: 6.50, mse_0: 3.5707e-03, mse_f: 2.0902e-02, total loss: 2.7580e-02, Error: 2.3258e-03, Error v: 1.6590e-03
It: 1200, Time: 6.49, mse_0: 3.4010e-03, mse_f: 2.0324e-02, total loss: 2.6831e-02, Error: 2.3538e-03, Error v: 1.6453e-03
It: 1300, Time: 6.53, mse_0: 3.2910e-03, mse_f: 1.9779e-02, total loss: 2.6065e-02, Error: 2.2880e-03, Error v: 1.6305e-03
It: 1400, Time: 6.52, mse_0: 3.1421e-03, mse_f: 1.9300e-02, total loss: 2.5435e-02, Error: 2.2687e-03, Error v: 1.6340e-03
It: 1500, Time: 6.53, mse_0: 2.9901e-03, mse_f: 1.8747e-02, total loss: 2.4769e-02, Error: 2.2541e-03, Error v: 1.6207e-03
It: 1600, Time: 6.47, mse_0: 2.9143e-03, mse_f: 1.8230e-02, total loss: 2.4141e-02, Error: 2.1446e-03, Error v: 1.6169e-03
It: 1700, Time: 6.47, mse_0: 2.8689e-03, mse_f: 1.7672e-02, total loss: 2.3516e-02, Error: 2.1792e-03, Error v: 1.6166e-03
It: 1800, Time: 6.50, mse_0: 2.7694e-03, mse_f: 1.7125e-02, total loss: 2.2873e-02, Error: 2.2515e-03, Error v: 1.5958e-03
It: 1900, Time: 6.52, mse_0: 2.6674e-03, mse_f: 1.6611e-02, total loss: 2.2206e-02, Error: 2.1590e-03, Error v: 1.6102e-03
It: 2000, Time: 6.49, mse_0: 2.5628e-03, mse_f: 1.6132e-02, total loss: 2.1594e-02, Error: 2.1079e-03, Error v: 1.5898e-03
It: 2100, Time: 6.53, mse_0: 2.5202e-03, mse_f: 1.5717e-02, total loss: 2.1027e-02, Error: 2.0809e-03, Error v: 1.6141e-03
It: 2200, Time: 6.50, mse_0: 2.4654e-03, mse_f: 1.5313e-02, total loss: 2.0460e-02, Error: 2.2226e-03, Error v: 1.6128e-03
It: 2300, Time: 6.61, mse_0: 2.3517e-03, mse_f: 1.4926e-02, total loss: 1.9953e-02, Error: 2.1687e-03, Error v: 1.6183e-03
It: 2400, Time: 6.52, mse_0: 2.2813e-03, mse_f: 1.4581e-02, total loss: 1.9538e-02, Error: 2.2020e-03, Error v: 1.6061e-03
It: 2500, Time: 6.52, mse_0: 2.1691e-03, mse_f: 1.4196e-02, total loss: 1.9008e-02, Error: 2.2579e-03, Error v: 1.6279e-03
It: 2600, Time: 6.50, mse_0: 2.1043e-03, mse_f: 1.3728e-02, total loss: 1.8499e-02, Error: 2.1713e-03, Error v: 1.6668e-03
It: 2700, Time: 6.55, mse_0: 2.0667e-03, mse_f: 1.3334e-02, total loss: 1.8034e-02, Error: 2.1225e-03, Error v: 1.6702e-03
It: 2800, Time: 6.52, mse_0: 2.0216e-03, mse_f: 1.2918e-02, total loss: 1.7522e-02, Error: 2.3161e-03, Error v: 1.6597e-03
It: 2900, Time: 6.47, mse_0: 1.9729e-03, mse_f: 1.2589e-02, total loss: 1.7076e-02, Error: 2.4334e-03, Error v: 1.6333e-03
It: 3000, Time: 6.53, mse_0: 1.9894e-03, mse_f: 1.2275e-02, total loss: 1.6688e-02, Error: 2.3167e-03, Error v: 1.6280e-03
It: 3100, Time: 6.47, mse_0: 1.9431e-03, mse_f: 1.1933e-02, total loss: 1.6278e-02, Error: 2.3400e-03, Error v: 1.6187e-03
It: 3200, Time: 6.52, mse_0: 1.9130e-03, mse_f: 1.1643e-02, total loss: 1.5927e-02, Error: 2.4455e-03, Error v: 1.5962e-03
It: 3300, Time: 6.49, mse_0: 1.8466e-03, mse_f: 1.1413e-02, total loss: 1.5640e-02, Error: 2.4618e-03, Error v: 1.5946e-03
It: 3400, Time: 6.49, mse_0: 1.7982e-03, mse_f: 1.1070e-02, total loss: 1.5243e-02, Error: 2.3502e-03, Error v: 1.5836e-03
It: 3500, Time: 6.50, mse_0: 1.7543e-03, mse_f: 1.0768e-02, total loss: 1.4874e-02, Error: 2.2661e-03, Error v: 1.6109e-03
It: 3600, Time: 6.47, mse_0: 1.7352e-03, mse_f: 1.0541e-02, total loss: 1.4574e-02, Error: 2.2072e-03, Error v: 1.6044e-03
It: 3700, Time: 6.52, mse_0: 1.6850e-03, mse_f: 1.0302e-02, total loss: 1.4241e-02, Error: 2.1854e-03, Error v: 1.5834e-03
It: 3800, Time: 6.50, mse_0: 1.6502e-03, mse_f: 1.0104e-02, total loss: 1.3993e-02, Error: 2.0996e-03, Error v: 1.5750e-03
It: 3900, Time: 6.52, mse_0: 1.6265e-03, mse_f: 9.8762e-03, total loss: 1.3712e-02, Error: 2.0675e-03, Error v: 1.5509e-03
It: 4000, Time: 6.50, mse_0: 1.5798e-03, mse_f: 9.6346e-03, total loss: 1.3425e-02, Error: 2.0934e-03, Error v: 1.5514e-03
It: 4100, Time: 6.53, mse_0: 1.5641e-03, mse_f: 9.3674e-03, total loss: 1.3135e-02, Error: 2.0656e-03, Error v: 1.5304e-03
It: 4200, Time: 6.60, mse_0: 1.5764e-03, mse_f: 9.1739e-03, total loss: 1.2878e-02, Error: 2.0899e-03, Error v: 1.5276e-03
It: 4300, Time: 6.50, mse_0: 1.5970e-03, mse_f: 8.9628e-03, total loss: 1.2609e-02, Error: 2.1065e-03, Error v: 1.5054e-03
It: 4400, Time: 6.55, mse_0: 1.5578e-03, mse_f: 8.7808e-03, total loss: 1.2312e-02, Error: 2.0227e-03, Error v: 1.5089e-03
It: 4500, Time: 6.52, mse_0: 1.5414e-03, mse_f: 8.6039e-03, total loss: 1.2079e-02, Error: 1.9851e-03, Error v: 1.5157e-03
It: 4600, Time: 6.52, mse_0: 1.5120e-03, mse_f: 8.4462e-03, total loss: 1.1866e-02, Error: 2.0520e-03, Error v: 1.4931e-03
It: 4700, Time: 6.50, mse_0: 1.4662e-03, mse_f: 8.3078e-03, total loss: 1.1638e-02, Error: 2.0926e-03, Error v: 1.4582e-03
It: 4800, Time: 6.53, mse_0: 1.4145e-03, mse_f: 8.1543e-03, total loss: 1.1433e-02, Error: 2.0706e-03, Error v: 1.4518e-03
It: 4900, Time: 6.52, mse_0: 1.3704e-03, mse_f: 8.0296e-03, total loss: 1.1262e-02, Error: 2.1097e-03, Error v: 1.4532e-03
It: 5000, Time: 6.50, mse_0: 1.3276e-03, mse_f: 7.8465e-03, total loss: 1.1046e-02, Error: 2.0305e-03, Error v: 1.4492e-03
It: 5100, Time: 6.47, mse_0: 1.2865e-03, mse_f: 7.6857e-03, total loss: 1.0845e-02, Error: 2.0999e-03, Error v: 1.4498e-03
It: 5200, Time: 6.52, mse_0: 1.2637e-03, mse_f: 7.5352e-03, total loss: 1.0650e-02, Error: 2.0608e-03, Error v: 1.4285e-03
It: 5300, Time: 6.47, mse_0: 1.2407e-03, mse_f: 7.4178e-03, total loss: 1.0476e-02, Error: 2.0743e-03, Error v: 1.4275e-03
It: 5400, Time: 6.49, mse_0: 1.2131e-03, mse_f: 7.3225e-03, total loss: 1.0307e-02, Error: 2.0771e-03, Error v: 1.4101e-03
It: 5500, Time: 6.52, mse_0: 1.1827e-03, mse_f: 7.2175e-03, total loss: 1.0126e-02, Error: 1.9399e-03, Error v: 1.4170e-03
It: 5600, Time: 6.50, mse_0: 1.1798e-03, mse_f: 7.0837e-03, total loss: 9.9356e-03, Error: 2.0193e-03, Error v: 1.3993e-03
It: 5700, Time: 6.53, mse_0: 1.1650e-03, mse_f: 6.9749e-03, total loss: 9.7702e-03, Error: 2.0609e-03, Error v: 1.4082e-03
It: 5800, Time: 6.53, mse_0: 1.1424e-03, mse_f: 6.8717e-03, total loss: 9.6266e-03, Error: 2.0626e-03, Error v: 1.4121e-03
It: 5900, Time: 6.48, mse_0: 1.1190e-03, mse_f: 6.7490e-03, total loss: 9.4687e-03, Error: 2.0923e-03, Error v: 1.3992e-03
It: 6000, Time: 6.61, mse_0: 1.0985e-03, mse_f: 6.6389e-03, total loss: 9.3157e-03, Error: 2.0789e-03, Error v: 1.3776e-03
It: 6100, Time: 6.50, mse_0: 1.0699e-03, mse_f: 6.5430e-03, total loss: 9.1667e-03, Error: 2.1203e-03, Error v: 1.3877e-03
It: 6200, Time: 6.52, mse_0: 1.0606e-03, mse_f: 6.4415e-03, total loss: 9.0237e-03, Error: 2.1506e-03, Error v: 1.3907e-03
It: 6300, Time: 6.53, mse_0: 1.0463e-03, mse_f: 6.3518e-03, total loss: 8.8945e-03, Error: 2.1073e-03, Error v: 1.3640e-03
It: 6400, Time: 6.55, mse_0: 1.0271e-03, mse_f: 6.2241e-03, total loss: 8.7651e-03, Error: 2.0730e-03, Error v: 1.3765e-03
It: 6500, Time: 6.52, mse_0: 1.0313e-03, mse_f: 6.1386e-03, total loss: 8.6445e-03, Error: 2.0939e-03, Error v: 1.3649e-03
It: 6600, Time: 6.52, mse_0: 1.0185e-03, mse_f: 6.0585e-03, total loss: 8.5199e-03, Error: 2.1132e-03, Error v: 1.3677e-03
It: 6700, Time: 6.52, mse_0: 1.0060e-03, mse_f: 5.9581e-03, total loss: 8.3989e-03, Error: 2.0633e-03, Error v: 1.3639e-03
It: 6800, Time: 6.52, mse_0: 9.9247e-04, mse_f: 5.8981e-03, total loss: 8.2810e-03, Error: 2.0205e-03, Error v: 1.3550e-03
It: 6900, Time: 6.52, mse_0: 9.8090e-04, mse_f: 5.8155e-03, total loss: 8.1512e-03, Error: 1.9990e-03, Error v: 1.3420e-03
It: 7000, Time: 6.52, mse_0: 9.5870e-04, mse_f: 5.7324e-03, total loss: 8.0092e-03, Error: 2.0474e-03, Error v: 1.3537e-03
It: 7100, Time: 6.52, mse_0: 9.5637e-04, mse_f: 5.6491e-03, total loss: 7.8838e-03, Error: 2.1138e-03, Error v: 1.3579e-03
It: 7200, Time: 6.50, mse_0: 9.5836e-04, mse_f: 5.5680e-03, total loss: 7.7671e-03, Error: 2.1103e-03, Error v: 1.3618e-03
It: 7300, Time: 6.48, mse_0: 9.5560e-04, mse_f: 5.4865e-03, total loss: 7.6499e-03, Error: 2.2169e-03, Error v: 1.3519e-03
It: 7400, Time: 6.50, mse_0: 9.4745e-04, mse_f: 5.4040e-03, total loss: 7.5232e-03, Error: 2.2265e-03, Error v: 1.3420e-03
It: 7500, Time: 6.52, mse_0: 9.4784e-04, mse_f: 5.3271e-03, total loss: 7.4206e-03, Error: 2.1760e-03, Error v: 1.3577e-03
It: 7600, Time: 6.50, mse_0: 9.4134e-04, mse_f: 5.2438e-03, total loss: 7.3040e-03, Error: 2.1918e-03, Error v: 1.3362e-03
It: 7700, Time: 6.50, mse_0: 9.2890e-04, mse_f: 5.1682e-03, total loss: 7.1879e-03, Error: 2.2616e-03, Error v: 1.3360e-03
It: 7800, Time: 6.56, mse_0: 9.1684e-04, mse_f: 5.1025e-03, total loss: 7.0878e-03, Error: 2.2445e-03, Error v: 1.3456e-03
It: 7900, Time: 6.55, mse_0: 9.0376e-04, mse_f: 5.0400e-03, total loss: 6.9886e-03, Error: 2.2030e-03, Error v: 1.3459e-03
It: 8000, Time: 6.52, mse_0: 8.9059e-04, mse_f: 4.9662e-03, total loss: 6.8919e-03, Error: 2.1994e-03, Error v: 1.3563e-03
It: 8100, Time: 6.53, mse_0: 8.8028e-04, mse_f: 4.9011e-03, total loss: 6.8051e-03, Error: 2.2127e-03, Error v: 1.3594e-03
It: 8200, Time: 6.50, mse_0: 8.6518e-04, mse_f: 4.8547e-03, total loss: 6.7286e-03, Error: 2.1963e-03, Error v: 1.3569e-03
It: 8300, Time: 6.48, mse_0: 8.4192e-04, mse_f: 4.7917e-03, total loss: 6.6433e-03, Error: 2.2055e-03, Error v: 1.3490e-03
It: 8400, Time: 6.53, mse_0: 8.2903e-04, mse_f: 4.7357e-03, total loss: 6.5654e-03, Error: 2.1935e-03, Error v: 1.3521e-03
It: 8500, Time: 6.52, mse_0: 8.2594e-04, mse_f: 4.6789e-03, total loss: 6.4835e-03, Error: 2.1714e-03, Error v: 1.3547e-03
It: 8600, Time: 6.52, mse_0: 8.1390e-04, mse_f: 4.6080e-03, total loss: 6.3902e-03, Error: 2.1845e-03, Error v: 1.3481e-03
It: 8700, Time: 6.52, mse_0: 7.9498e-04, mse_f: 4.5500e-03, total loss: 6.3078e-03, Error: 2.1404e-03, Error v: 1.3493e-03
It: 8800, Time: 6.69, mse_0: 7.6747e-04, mse_f: 4.4914e-03, total loss: 6.2145e-03, Error: 2.1279e-03, Error v: 1.3575e-03
It: 8900, Time: 6.53, mse_0: 7.5806e-04, mse_f: 4.4437e-03, total loss: 6.1484e-03, Error: 2.1462e-03, Error v: 1.3492e-03
It: 9000, Time: 6.48, mse_0: 7.5014e-04, mse_f: 4.4001e-03, total loss: 6.0685e-03, Error: 2.1313e-03, Error v: 1.3323e-03
It: 9100, Time: 6.50, mse_0: 7.5774e-04, mse_f: 4.3401e-03, total loss: 5.9824e-03, Error: 2.0584e-03, Error v: 1.3441e-03
It: 9200, Time: 6.53, mse_0: 7.5212e-04, mse_f: 4.2957e-03, total loss: 5.9136e-03, Error: 2.1276e-03, Error v: 1.3391e-03
It: 9300, Time: 6.53, mse_0: 7.5174e-04, mse_f: 4.2615e-03, total loss: 5.8552e-03, Error: 2.1837e-03, Error v: 1.3315e-03
It: 9400, Time: 6.52, mse_0: 7.4915e-04, mse_f: 4.2068e-03, total loss: 5.7766e-03, Error: 2.1866e-03, Error v: 1.3283e-03
It: 9500, Time: 6.50, mse_0: 7.3934e-04, mse_f: 4.1567e-03, total loss: 5.7042e-03, Error: 2.1744e-03, Error v: 1.3299e-03
It: 9600, Time: 6.52, mse_0: 7.3293e-04, mse_f: 4.1117e-03, total loss: 5.6459e-03, Error: 2.1797e-03, Error v: 1.3243e-03
It: 9700, Time: 6.61, mse_0: 7.3037e-04, mse_f: 4.0567e-03, total loss: 5.5722e-03, Error: 2.1287e-03, Error v: 1.3344e-03
It: 9800, Time: 6.50, mse_0: 7.2626e-04, mse_f: 4.0081e-03, total loss: 5.4995e-03, Error: 2.0744e-03, Error v: 1.3297e-03
It: 9900, Time: 6.52, mse_0: 7.2214e-04, mse_f: 3.9453e-03, total loss: 5.4207e-03, Error: 2.1166e-03, Error v: 1.3328e-03
It: 10000, Time: 6.50, mse_0: 7.2164e-04, mse_f: 3.8944e-03, total loss: 5.3521e-03, Error: 2.1716e-03, Error v: 1.3232e-03
It: 10100, Time: 6.50, mse_0: 7.1543e-04, mse_f: 3.8331e-03, total loss: 5.2751e-03, Error: 2.1943e-03, Error v: 1.3222e-03
It: 10200, Time: 6.52, mse_0: 7.1159e-04, mse_f: 3.7782e-03, total loss: 5.2062e-03, Error: 2.0977e-03, Error v: 1.3231e-03
It: 10300, Time: 6.53, mse_0: 7.0877e-04, mse_f: 3.7312e-03, total loss: 5.1426e-03, Error: 2.0777e-03, Error v: 1.3250e-03
It: 10400, Time: 6.53, mse_0: 7.0137e-04, mse_f: 3.6872e-03, total loss: 5.0837e-03, Error: 2.1517e-03, Error v: 1.3308e-03
It: 10500, Time: 6.56, mse_0: 6.9969e-04, mse_f: 3.6428e-03, total loss: 5.0300e-03, Error: 2.1493e-03, Error v: 1.3167e-03
It: 10600, Time: 6.50, mse_0: 6.9031e-04, mse_f: 3.5854e-03, total loss: 4.9595e-03, Error: 2.1304e-03, Error v: 1.3291e-03
It: 10700, Time: 6.53, mse_0: 6.8835e-04, mse_f: 3.5410e-03, total loss: 4.8956e-03, Error: 2.0965e-03, Error v: 1.3202e-03
It: 10800, Time: 6.50, mse_0: 6.8842e-04, mse_f: 3.4885e-03, total loss: 4.8365e-03, Error: 2.1071e-03, Error v: 1.3184e-03
It: 10900, Time: 6.50, mse_0: 6.8898e-04, mse_f: 3.4356e-03, total loss: 4.7743e-03, Error: 2.1166e-03, Error v: 1.3133e-03
It: 11000, Time: 6.55, mse_0: 6.8581e-04, mse_f: 3.3961e-03, total loss: 4.7226e-03, Error: 2.1021e-03, Error v: 1.3211e-03
It: 11100, Time: 6.52, mse_0: 6.8271e-04, mse_f: 3.3624e-03, total loss: 4.6739e-03, Error: 2.1081e-03, Error v: 1.3141e-03
It: 11200, Time: 6.52, mse_0: 6.7473e-04, mse_f: 3.3298e-03, total loss: 4.6255e-03, Error: 2.1478e-03, Error v: 1.3221e-03
It: 11300, Time: 6.52, mse_0: 6.6645e-04, mse_f: 3.2841e-03, total loss: 4.5748e-03, Error: 2.1001e-03, Error v: 1.3275e-03
It: 11400, Time: 6.50, mse_0: 6.6225e-04, mse_f: 3.2445e-03, total loss: 4.5267e-03, Error: 2.1033e-03, Error v: 1.3195e-03
It: 11500, Time: 6.62, mse_0: 6.5945e-04, mse_f: 3.1917e-03, total loss: 4.4654e-03, Error: 2.1027e-03, Error v: 1.3232e-03
It: 11600, Time: 6.50, mse_0: 6.4988e-04, mse_f: 3.1445e-03, total loss: 4.4090e-03, Error: 2.1439e-03, Error v: 1.3219e-03
It: 11700, Time: 6.50, mse_0: 6.4586e-04, mse_f: 3.1141e-03, total loss: 4.3679e-03, Error: 2.1684e-03, Error v: 1.3168e-03
It: 11800, Time: 6.52, mse_0: 6.3827e-04, mse_f: 3.0841e-03, total loss: 4.3205e-03, Error: 2.1407e-03, Error v: 1.3247e-03
It: 11900, Time: 6.48, mse_0: 6.2800e-04, mse_f: 3.0541e-03, total loss: 4.2782e-03, Error: 2.1460e-03, Error v: 1.3246e-03
It: 12000, Time: 6.53, mse_0: 6.2699e-04, mse_f: 3.0196e-03, total loss: 4.2374e-03, Error: 2.1804e-03, Error v: 1.3277e-03
It: 12100, Time: 6.53, mse_0: 6.2911e-04, mse_f: 2.9823e-03, total loss: 4.1889e-03, Error: 2.2377e-03, Error v: 1.3242e-03
It: 12200, Time: 6.48, mse_0: 6.2382e-04, mse_f: 2.9501e-03, total loss: 4.1424e-03, Error: 2.2075e-03, Error v: 1.3183e-03
It: 12300, Time: 6.53, mse_0: 6.2090e-04, mse_f: 2.9198e-03, total loss: 4.1007e-03, Error: 2.2174e-03, Error v: 1.3257e-03
It: 12400, Time: 6.53, mse_0: 6.1708e-04, mse_f: 2.8769e-03, total loss: 4.0552e-03, Error: 2.2166e-03, Error v: 1.3265e-03
It: 12500, Time: 6.50, mse_0: 6.1761e-04, mse_f: 2.8443e-03, total loss: 4.0133e-03, Error: 2.2195e-03, Error v: 1.3130e-03
It: 12600, Time: 6.50, mse_0: 6.2236e-04, mse_f: 2.8116e-03, total loss: 3.9709e-03, Error: 2.2446e-03, Error v: 1.3248e-03
It: 12700, Time: 6.50, mse_0: 6.1742e-04, mse_f: 2.7892e-03, total loss: 3.9352e-03, Error: 2.2652e-03, Error v: 1.3113e-03
It: 12800, Time: 6.55, mse_0: 6.1064e-04, mse_f: 2.7583e-03, total loss: 3.8986e-03, Error: 2.2365e-03, Error v: 1.3179e-03
It: 12900, Time: 6.52, mse_0: 6.1510e-04, mse_f: 2.7272e-03, total loss: 3.8580e-03, Error: 2.2247e-03, Error v: 1.3026e-03
It: 13000, Time: 6.53, mse_0: 6.1588e-04, mse_f: 2.6991e-03, total loss: 3.8228e-03, Error: 2.2155e-03, Error v: 1.3041e-03
It: 13100, Time: 6.48, mse_0: 6.1681e-04, mse_f: 2.6674e-03, total loss: 3.7856e-03, Error: 2.2445e-03, Error v: 1.3071e-03
It: 13200, Time: 6.50, mse_0: 6.1738e-04, mse_f: 2.6435e-03, total loss: 3.7553e-03, Error: 2.2808e-03, Error v: 1.3019e-03
It: 13300, Time: 6.53, mse_0: 6.1174e-04, mse_f: 2.6162e-03, total loss: 3.7207e-03, Error: 2.2578e-03, Error v: 1.3001e-03
It: 13400, Time: 6.59, mse_0: 6.0655e-04, mse_f: 2.5903e-03, total loss: 3.6814e-03, Error: 2.1976e-03, Error v: 1.2987e-03
It: 13500, Time: 6.53, mse_0: 6.0007e-04, mse_f: 2.5709e-03, total loss: 3.6517e-03, Error: 2.2014e-03, Error v: 1.3062e-03
It: 13600, Time: 6.50, mse_0: 6.0004e-04, mse_f: 2.5485e-03, total loss: 3.6214e-03, Error: 2.2064e-03, Error v: 1.2982e-03
It: 13700, Time: 6.50, mse_0: 5.9668e-04, mse_f: 2.5220e-03, total loss: 3.5887e-03, Error: 2.2124e-03, Error v: 1.3039e-03
It: 13800, Time: 6.55, mse_0: 5.8933e-04, mse_f: 2.4964e-03, total loss: 3.5553e-03, Error: 2.1789e-03, Error v: 1.2976e-03
It: 13900, Time: 6.53, mse_0: 5.8950e-04, mse_f: 2.4710e-03, total loss: 3.5239e-03, Error: 2.1765e-03, Error v: 1.3001e-03
It: 14000, Time: 6.52, mse_0: 5.8854e-04, mse_f: 2.4422e-03, total loss: 3.4894e-03, Error: 2.2039e-03, Error v: 1.2975e-03
It: 14100, Time: 6.52, mse_0: 5.8166e-04, mse_f: 2.4180e-03, total loss: 3.4624e-03, Error: 2.2386e-03, Error v: 1.2926e-03
It: 14200, Time: 6.50, mse_0: 5.7772e-04, mse_f: 2.3975e-03, total loss: 3.4362e-03, Error: 2.2541e-03, Error v: 1.2960e-03
It: 14300, Time: 6.50, mse_0: 5.7553e-04, mse_f: 2.3753e-03, total loss: 3.4100e-03, Error: 2.2544e-03, Error v: 1.2885e-03
It: 14400, Time: 6.52, mse_0: 5.7476e-04, mse_f: 2.3557e-03, total loss: 3.3853e-03, Error: 2.2156e-03, Error v: 1.2934e-03
It: 14500, Time: 6.50, mse_0: 5.7257e-04, mse_f: 2.3316e-03, total loss: 3.3540e-03, Error: 2.1789e-03, Error v: 1.2944e-03
It: 14600, Time: 6.52, mse_0: 5.7269e-04, mse_f: 2.3069e-03, total loss: 3.3264e-03, Error: 2.1826e-03, Error v: 1.2938e-03
It: 14700, Time: 6.49, mse_0: 5.7168e-04, mse_f: 2.2875e-03, total loss: 3.2985e-03, Error: 2.2059e-03, Error v: 1.2889e-03
It: 14800, Time: 6.50, mse_0: 5.6569e-04, mse_f: 2.2696e-03, total loss: 3.2718e-03, Error: 2.1996e-03, Error v: 1.2946e-03
It: 14900, Time: 6.52, mse_0: 5.6609e-04, mse_f: 2.2499e-03, total loss: 3.2456e-03, Error: 2.1818e-03, Error v: 1.2919e-03
It: 15000, Time: 6.52, mse_0: 5.6480e-04, mse_f: 2.2285e-03, total loss: 3.2160e-03, Error: 2.1559e-03, Error v: 1.2908e-03
It: 15100, Time: 6.50, mse_0: 5.5896e-04, mse_f: 2.2110e-03, total loss: 3.1903e-03, Error: 2.1547e-03, Error v: 1.2922e-03
It: 15200, Time: 6.58, mse_0: 5.5793e-04, mse_f: 2.1961e-03, total loss: 3.1668e-03, Error: 2.1640e-03, Error v: 1.2923e-03
It: 15300, Time: 6.55, mse_0: 5.5204e-04, mse_f: 2.1801e-03, total loss: 3.1409e-03, Error: 2.2076e-03, Error v: 1.2873e-03
It: 15400, Time: 6.50, mse_0: 5.4526e-04, mse_f: 2.1661e-03, total loss: 3.1184e-03, Error: 2.1893e-03, Error v: 1.2917e-03
It: 15500, Time: 6.50, mse_0: 5.3931e-04, mse_f: 2.1490e-03, total loss: 3.0940e-03, Error: 2.1388e-03, Error v: 1.2883e-03
It: 15600, Time: 6.50, mse_0: 5.3401e-04, mse_f: 2.1344e-03, total loss: 3.0699e-03, Error: 2.1100e-03, Error v: 1.2927e-03
It: 15700, Time: 6.52, mse_0: 5.3086e-04, mse_f: 2.1215e-03, total loss: 3.0508e-03, Error: 2.0849e-03, Error v: 1.2890e-03
It: 15800, Time: 6.50, mse_0: 5.2734e-04, mse_f: 2.1108e-03, total loss: 3.0317e-03, Error: 2.0916e-03, Error v: 1.2907e-03
It: 15900, Time: 6.48, mse_0: 5.2270e-04, mse_f: 2.0966e-03, total loss: 3.0120e-03, Error: 2.1145e-03, Error v: 1.2895e-03
It: 16000, Time: 6.48, mse_0: 5.1812e-04, mse_f: 2.0799e-03, total loss: 2.9850e-03, Error: 2.0849e-03, Error v: 1.2881e-03
It: 16100, Time: 6.48, mse_0: 5.1297e-04, mse_f: 2.0688e-03, total loss: 2.9661e-03, Error: 2.1026e-03, Error v: 1.2934e-03
It: 16200, Time: 6.48, mse_0: 5.0978e-04, mse_f: 2.0554e-03, total loss: 2.9483e-03, Error: 2.1275e-03, Error v: 1.2828e-03
It: 16300, Time: 6.55, mse_0: 5.0555e-04, mse_f: 2.0407e-03, total loss: 2.9263e-03, Error: 2.1373e-03, Error v: 1.2805e-03
It: 16400, Time: 6.49, mse_0: 4.9992e-04, mse_f: 2.0244e-03, total loss: 2.9048e-03, Error: 2.1932e-03, Error v: 1.2805e-03
It: 16500, Time: 6.50, mse_0: 4.9532e-04, mse_f: 2.0099e-03, total loss: 2.8830e-03, Error: 2.1766e-03, Error v: 1.2855e-03
It: 16600, Time: 6.50, mse_0: 4.9356e-04, mse_f: 1.9956e-03, total loss: 2.8639e-03, Error: 2.1363e-03, Error v: 1.2768e-03
It: 16700, Time: 6.53, mse_0: 4.9184e-04, mse_f: 1.9748e-03, total loss: 2.8412e-03, Error: 2.1475e-03, Error v: 1.2791e-03
It: 16800, Time: 6.50, mse_0: 4.8748e-04, mse_f: 1.9615e-03, total loss: 2.8191e-03, Error: 2.1357e-03, Error v: 1.2772e-03
It: 16900, Time: 6.50, mse_0: 4.8361e-04, mse_f: 1.9435e-03, total loss: 2.7953e-03, Error: 2.1406e-03, Error v: 1.2794e-03
It: 17000, Time: 6.58, mse_0: 4.7985e-04, mse_f: 1.9276e-03, total loss: 2.7730e-03, Error: 2.1249e-03, Error v: 1.2796e-03
It: 17100, Time: 6.56, mse_0: 4.7751e-04, mse_f: 1.9111e-03, total loss: 2.7528e-03, Error: 2.1094e-03, Error v: 1.2748e-03
It: 17200, Time: 6.49, mse_0: 4.7369e-04, mse_f: 1.8914e-03, total loss: 2.7289e-03, Error: 2.1111e-03, Error v: 1.2782e-03
It: 17300, Time: 6.50, mse_0: 4.6943e-04, mse_f: 1.8721e-03, total loss: 2.7065e-03, Error: 2.1238e-03, Error v: 1.2747e-03
It: 17400, Time: 6.49, mse_0: 4.6894e-04, mse_f: 1.8545e-03, total loss: 2.6868e-03, Error: 2.1334e-03, Error v: 1.2714e-03
It: 17500, Time: 6.53, mse_0: 4.6528e-04, mse_f: 1.8390e-03, total loss: 2.6654e-03, Error: 2.1212e-03, Error v: 1.2689e-03
It: 17600, Time: 6.47, mse_0: 4.6503e-04, mse_f: 1.8192e-03, total loss: 2.6439e-03, Error: 2.1272e-03, Error v: 1.2709e-03
It: 17700, Time: 6.52, mse_0: 4.6450e-04, mse_f: 1.8027e-03, total loss: 2.6228e-03, Error: 2.1283e-03, Error v: 1.2750e-03
It: 17800, Time: 6.50, mse_0: 4.6621e-04, mse_f: 1.7848e-03, total loss: 2.5990e-03, Error: 2.1463e-03, Error v: 1.2768e-03
It: 17900, Time: 6.49, mse_0: 4.6574e-04, mse_f: 1.7694e-03, total loss: 2.5787e-03, Error: 2.1502e-03, Error v: 1.2796e-03
It: 18000, Time: 6.52, mse_0: 4.6822e-04, mse_f: 1.7564e-03, total loss: 2.5644e-03, Error: 2.1566e-03, Error v: 1.2783e-03
It: 18100, Time: 6.50, mse_0: 4.6727e-04, mse_f: 1.7421e-03, total loss: 2.5464e-03, Error: 2.1392e-03, Error v: 1.2738e-03
It: 18200, Time: 6.52, mse_0: 4.6670e-04, mse_f: 1.7285e-03, total loss: 2.5274e-03, Error: 2.1182e-03, Error v: 1.2754e-03
It: 18300, Time: 6.50, mse_0: 4.6538e-04, mse_f: 1.7109e-03, total loss: 2.5081e-03, Error: 2.0984e-03, Error v: 1.2743e-03
It: 18400, Time: 6.52, mse_0: 4.6681e-04, mse_f: 1.6979e-03, total loss: 2.4932e-03, Error: 2.1323e-03, Error v: 1.2724e-03
It: 18500, Time: 6.52, mse_0: 4.6252e-04, mse_f: 1.6839e-03, total loss: 2.4755e-03, Error: 2.1531e-03, Error v: 1.2687e-03
It: 18600, Time: 6.52, mse_0: 4.6145e-04, mse_f: 1.6739e-03, total loss: 2.4614e-03, Error: 2.1462e-03, Error v: 1.2731e-03
It: 18700, Time: 6.53, mse_0: 4.6024e-04, mse_f: 1.6641e-03, total loss: 2.4485e-03, Error: 2.1315e-03, Error v: 1.2744e-03
It: 18800, Time: 6.50, mse_0: 4.5600e-04, mse_f: 1.6540e-03, total loss: 2.4349e-03, Error: 2.1124e-03, Error v: 1.2694e-03
It: 18900, Time: 6.59, mse_0: 4.5276e-04, mse_f: 1.6450e-03, total loss: 2.4222e-03, Error: 2.1153e-03, Error v: 1.2761e-03
It: 19000, Time: 6.53, mse_0: 4.5239e-04, mse_f: 1.6321e-03, total loss: 2.4066e-03, Error: 2.1280e-03, Error v: 1.2731e-03
It: 19100, Time: 6.48, mse_0: 4.5049e-04, mse_f: 1.6219e-03, total loss: 2.3920e-03, Error: 2.1451e-03, Error v: 1.2707e-03
It: 19200, Time: 6.50, mse_0: 4.4772e-04, mse_f: 1.6114e-03, total loss: 2.3786e-03, Error: 2.1611e-03, Error v: 1.2742e-03
It: 19300, Time: 6.50, mse_0: 4.4739e-04, mse_f: 1.6032e-03, total loss: 2.3669e-03, Error: 2.1635e-03, Error v: 1.2748e-03
It: 19400, Time: 6.49, mse_0: 4.4535e-04, mse_f: 1.5953e-03, total loss: 2.3563e-03, Error: 2.1551e-03, Error v: 1.2787e-03
It: 19500, Time: 6.50, mse_0: 4.4309e-04, mse_f: 1.5859e-03, total loss: 2.3426e-03, Error: 2.1275e-03, Error v: 1.2707e-03
It: 19600, Time: 6.50, mse_0: 4.3975e-04, mse_f: 1.5776e-03, total loss: 2.3294e-03, Error: 2.1225e-03, Error v: 1.2746e-03
It: 19700, Time: 6.48, mse_0: 4.4016e-04, mse_f: 1.5641e-03, total loss: 2.3158e-03, Error: 2.1311e-03, Error v: 1.2723e-03
It: 19800, Time: 6.52, mse_0: 4.3809e-04, mse_f: 1.5562e-03, total loss: 2.3027e-03, Error: 2.1406e-03, Error v: 1.2743e-03
It: 19900, Time: 6.50, mse_0: 4.3673e-04, mse_f: 1.5491e-03, total loss: 2.2906e-03, Error: 2.1438e-03, Error v: 1.2698e-03
It: 20000, Time: 6.52, mse_0: 4.3795e-04, mse_f: 1.5374e-03, total loss: 2.2778e-03, Error: 2.1276e-03, Error v: 1.2682e-03
It: 20100, Time: 6.53, mse_0: 4.3711e-04, mse_f: 1.5285e-03, total loss: 2.2662e-03, Error: 2.1322e-03, Error v: 1.2656e-03
It: 20200, Time: 6.50, mse_0: 4.3570e-04, mse_f: 1.5166e-03, total loss: 2.2528e-03, Error: 2.1405e-03, Error v: 1.2698e-03
It: 20300, Time: 6.49, mse_0: 4.3291e-04, mse_f: 1.5077e-03, total loss: 2.2404e-03, Error: 2.1386e-03, Error v: 1.2651e-03
It: 20400, Time: 6.53, mse_0: 4.2902e-04, mse_f: 1.4997e-03, total loss: 2.2293e-03, Error: 2.1559e-03, Error v: 1.2683e-03
It: 20500, Time: 6.50, mse_0: 4.2473e-04, mse_f: 1.4910e-03, total loss: 2.2169e-03, Error: 2.1471e-03, Error v: 1.2613e-03
It: 20600, Time: 6.53, mse_0: 4.2262e-04, mse_f: 1.4813e-03, total loss: 2.2044e-03, Error: 2.1332e-03, Error v: 1.2663e-03
It: 20700, Time: 6.56, mse_0: 4.2189e-04, mse_f: 1.4713e-03, total loss: 2.1915e-03, Error: 2.1024e-03, Error v: 1.2651e-03
It: 20800, Time: 6.53, mse_0: 4.2153e-04, mse_f: 1.4600e-03, total loss: 2.1799e-03, Error: 2.1014e-03, Error v: 1.2715e-03
It: 20900, Time: 6.52, mse_0: 4.2117e-04, mse_f: 1.4503e-03, total loss: 2.1680e-03, Error: 2.1109e-03, Error v: 1.2661e-03
It: 21000, Time: 6.53, mse_0: 4.1976e-04, mse_f: 1.4386e-03, total loss: 2.1556e-03, Error: 2.1284e-03, Error v: 1.2652e-03
It: 21100, Time: 6.53, mse_0: 4.1808e-04, mse_f: 1.4289e-03, total loss: 2.1444e-03, Error: 2.1363e-03, Error v: 1.2691e-03
It: 21200, Time: 6.50, mse_0: 4.1654e-04, mse_f: 1.4202e-03, total loss: 2.1321e-03, Error: 2.1257e-03, Error v: 1.2681e-03
It: 21300, Time: 6.50, mse_0: 4.1514e-04, mse_f: 1.4141e-03, total loss: 2.1230e-03, Error: 2.1155e-03, Error v: 1.2719e-03
It: 21400, Time: 6.50, mse_0: 4.1443e-04, mse_f: 1.4038e-03, total loss: 2.1115e-03, Error: 2.1387e-03, Error v: 1.2684e-03
It: 21500, Time: 6.52, mse_0: 4.1401e-04, mse_f: 1.3949e-03, total loss: 2.1001e-03, Error: 2.1238e-03, Error v: 1.2679e-03
It: 21600, Time: 6.52, mse_0: 4.1211e-04, mse_f: 1.3898e-03, total loss: 2.0900e-03, Error: 2.1001e-03, Error v: 1.2695e-03
It: 21700, Time: 6.52, mse_0: 4.1212e-04, mse_f: 1.3795e-03, total loss: 2.0784e-03, Error: 2.1060e-03, Error v: 1.2674e-03
It: 21800, Time: 6.50, mse_0: 4.0728e-04, mse_f: 1.3706e-03, total loss: 2.0658e-03, Error: 2.1095e-03, Error v: 1.2721e-03
It: 21900, Time: 6.53, mse_0: 4.0526e-04, mse_f: 1.3600e-03, total loss: 2.0534e-03, Error: 2.0806e-03, Error v: 1.2629e-03
It: 22000, Time: 6.50, mse_0: 4.0478e-04, mse_f: 1.3512e-03, total loss: 2.0433e-03, Error: 2.0965e-03, Error v: 1.2620e-03
It: 22100, Time: 6.50, mse_0: 4.0417e-04, mse_f: 1.3430e-03, total loss: 2.0330e-03, Error: 2.1177e-03, Error v: 1.2619e-03
It: 22200, Time: 6.52, mse_0: 4.0355e-04, mse_f: 1.3342e-03, total loss: 2.0211e-03, Error: 2.1198e-03, Error v: 1.2682e-03
It: 22300, Time: 6.48, mse_0: 4.0370e-04, mse_f: 1.3219e-03, total loss: 2.0087e-03, Error: 2.1161e-03, Error v: 1.2663e-03
It: 22400, Time: 6.52, mse_0: 4.0403e-04, mse_f: 1.3133e-03, total loss: 1.9979e-03, Error: 2.1083e-03, Error v: 1.2640e-03
It: 22500, Time: 6.53, mse_0: 4.0370e-04, mse_f: 1.3035e-03, total loss: 1.9855e-03, Error: 2.1143e-03, Error v: 1.2652e-03
It: 22600, Time: 6.61, mse_0: 4.0294e-04, mse_f: 1.2952e-03, total loss: 1.9758e-03, Error: 2.1344e-03, Error v: 1.2699e-03
It: 22700, Time: 6.52, mse_0: 4.0232e-04, mse_f: 1.2878e-03, total loss: 1.9661e-03, Error: 2.1459e-03, Error v: 1.2629e-03
It: 22800, Time: 6.50, mse_0: 4.0220e-04, mse_f: 1.2801e-03, total loss: 1.9554e-03, Error: 2.1591e-03, Error v: 1.2627e-03
It: 22900, Time: 6.50, mse_0: 4.0107e-04, mse_f: 1.2724e-03, total loss: 1.9453e-03, Error: 2.1865e-03, Error v: 1.2633e-03
It: 23000, Time: 6.52, mse_0: 4.0042e-04, mse_f: 1.2651e-03, total loss: 1.9352e-03, Error: 2.1796e-03, Error v: 1.2629e-03
It: 23100, Time: 6.50, mse_0: 3.9750e-04, mse_f: 1.2592e-03, total loss: 1.9264e-03, Error: 2.1652e-03, Error v: 1.2624e-03
It: 23200, Time: 6.53, mse_0: 3.9654e-04, mse_f: 1.2536e-03, total loss: 1.9185e-03, Error: 2.1761e-03, Error v: 1.2617e-03
It: 23300, Time: 6.50, mse_0: 3.9478e-04, mse_f: 1.2465e-03, total loss: 1.9093e-03, Error: 2.1761e-03, Error v: 1.2638e-03
It: 23400, Time: 6.50, mse_0: 3.9400e-04, mse_f: 1.2388e-03, total loss: 1.8992e-03, Error: 2.1618e-03, Error v: 1.2588e-03
It: 23500, Time: 6.50, mse_0: 3.9215e-04, mse_f: 1.2331e-03, total loss: 1.8906e-03, Error: 2.1421e-03, Error v: 1.2604e-03
It: 23600, Time: 6.50, mse_0: 3.9189e-04, mse_f: 1.2247e-03, total loss: 1.8798e-03, Error: 2.1252e-03, Error v: 1.2580e-03
It: 23700, Time: 6.52, mse_0: 3.8905e-04, mse_f: 1.2197e-03, total loss: 1.8715e-03, Error: 2.1573e-03, Error v: 1.2602e-03
It: 23800, Time: 6.48, mse_0: 3.8776e-04, mse_f: 1.2149e-03, total loss: 1.8631e-03, Error: 2.1639e-03, Error v: 1.2609e-03
It: 23900, Time: 6.49, mse_0: 3.8563e-04, mse_f: 1.2087e-03, total loss: 1.8539e-03, Error: 2.1331e-03, Error v: 1.2560e-03
It: 24000, Time: 6.50, mse_0: 3.8628e-04, mse_f: 1.2032e-03, total loss: 1.8462e-03, Error: 2.1079e-03, Error v: 1.2543e-03
It: 24100, Time: 6.52, mse_0: 3.8566e-04, mse_f: 1.1968e-03, total loss: 1.8372e-03, Error: 2.1162e-03, Error v: 1.2556e-03
It: 24200, Time: 6.48, mse_0: 3.8351e-04, mse_f: 1.1898e-03, total loss: 1.8264e-03, Error: 2.1216e-03, Error v: 1.2548e-03
It: 24300, Time: 6.52, mse_0: 3.8263e-04, mse_f: 1.1829e-03, total loss: 1.8181e-03, Error: 2.1245e-03, Error v: 1.2520e-03
It: 24400, Time: 6.56, mse_0: 3.8093e-04, mse_f: 1.1781e-03, total loss: 1.8105e-03, Error: 2.1221e-03, Error v: 1.2534e-03
It: 24500, Time: 6.55, mse_0: 3.8011e-04, mse_f: 1.1720e-03, total loss: 1.8029e-03, Error: 2.1179e-03, Error v: 1.2542e-03
It: 24600, Time: 6.55, mse_0: 3.7953e-04, mse_f: 1.1653e-03, total loss: 1.7951e-03, Error: 2.1322e-03, Error v: 1.2530e-03
It: 24700, Time: 6.50, mse_0: 3.7987e-04, mse_f: 1.1556e-03, total loss: 1.7845e-03, Error: 2.1420e-03, Error v: 1.2533e-03
It: 24800, Time: 6.49, mse_0: 3.7991e-04, mse_f: 1.1471e-03, total loss: 1.7746e-03, Error: 2.1462e-03, Error v: 1.2547e-03
It: 24900, Time: 6.55, mse_0: 3.8056e-04, mse_f: 1.1411e-03, total loss: 1.7675e-03, Error: 2.1264e-03, Error v: 1.2557e-03
It: 25000, Time: 6.52, mse_0: 3.8101e-04, mse_f: 1.1352e-03, total loss: 1.7608e-03, Error: 2.1276e-03, Error v: 1.2551e-03
It: 25100, Time: 6.50, mse_0: 3.8063e-04, mse_f: 1.1276e-03, total loss: 1.7526e-03, Error: 2.1267e-03, Error v: 1.2550e-03
It: 25200, Time: 6.52, mse_0: 3.8055e-04, mse_f: 1.1211e-03, total loss: 1.7442e-03, Error: 2.1307e-03, Error v: 1.2536e-03
It: 25300, Time: 6.48, mse_0: 3.7974e-04, mse_f: 1.1147e-03, total loss: 1.7359e-03, Error: 2.1405e-03, Error v: 1.2545e-03
It: 25400, Time: 6.49, mse_0: 3.7919e-04, mse_f: 1.1088e-03, total loss: 1.7279e-03, Error: 2.1516e-03, Error v: 1.2536e-03
It: 25500, Time: 6.52, mse_0: 3.7707e-04, mse_f: 1.1030e-03, total loss: 1.7194e-03, Error: 2.1418e-03, Error v: 1.2562e-03
It: 25600, Time: 6.47, mse_0: 3.7676e-04, mse_f: 1.0975e-03, total loss: 1.7120e-03, Error: 2.1274e-03, Error v: 1.2548e-03
It: 25700, Time: 6.49, mse_0: 3.7682e-04, mse_f: 1.0901e-03, total loss: 1.7034e-03, Error: 2.1334e-03, Error v: 1.2559e-03
It: 25800, Time: 6.50, mse_0: 3.7720e-04, mse_f: 1.0832e-03, total loss: 1.6950e-03, Error: 2.1414e-03, Error v: 1.2536e-03
It: 25900, Time: 6.49, mse_0: 3.7521e-04, mse_f: 1.0776e-03, total loss: 1.6872e-03, Error: 2.1506e-03, Error v: 1.2561e-03
It: 26000, Time: 6.52, mse_0: 3.7386e-04, mse_f: 1.0721e-03, total loss: 1.6805e-03, Error: 2.1512e-03, Error v: 1.2546e-03
It: 26100, Time: 6.50, mse_0: 3.7417e-04, mse_f: 1.0678e-03, total loss: 1.6740e-03, Error: 2.1432e-03, Error v: 1.2555e-03
It: 26200, Time: 6.53, mse_0: 3.7378e-04, mse_f: 1.0617e-03, total loss: 1.6666e-03, Error: 2.1465e-03, Error v: 1.2478e-03
It: 26300, Time: 6.59, mse_0: 3.7274e-04, mse_f: 1.0575e-03, total loss: 1.6591e-03, Error: 2.1400e-03, Error v: 1.2514e-03
It: 26400, Time: 6.50, mse_0: 3.7244e-04, mse_f: 1.0515e-03, total loss: 1.6510e-03, Error: 2.1392e-03, Error v: 1.2504e-03
It: 26500, Time: 6.50, mse_0: 3.7209e-04, mse_f: 1.0461e-03, total loss: 1.6435e-03, Error: 2.1609e-03, Error v: 1.2500e-03
It: 26600, Time: 6.50, mse_0: 3.7198e-04, mse_f: 1.0407e-03, total loss: 1.6364e-03, Error: 2.1777e-03, Error v: 1.2494e-03
It: 26700, Time: 6.55, mse_0: 3.7152e-04, mse_f: 1.0360e-03, total loss: 1.6311e-03, Error: 2.1836e-03, Error v: 1.2536e-03
It: 26800, Time: 6.52, mse_0: 3.7020e-04, mse_f: 1.0297e-03, total loss: 1.6235e-03, Error: 2.1678e-03, Error v: 1.2532e-03
It: 26900, Time: 6.52, mse_0: 3.6992e-04, mse_f: 1.0245e-03, total loss: 1.6168e-03, Error: 2.1546e-03, Error v: 1.2507e-03
It: 27000, Time: 6.52, mse_0: 3.7068e-04, mse_f: 1.0198e-03, total loss: 1.6102e-03, Error: 2.1378e-03, Error v: 1.2506e-03
It: 27100, Time: 6.49, mse_0: 3.7035e-04, mse_f: 1.0156e-03, total loss: 1.6046e-03, Error: 2.1320e-03, Error v: 1.2504e-03
It: 27200, Time: 6.50, mse_0: 3.7109e-04, mse_f: 1.0112e-03, total loss: 1.5990e-03, Error: 2.1133e-03, Error v: 1.2473e-03
It: 27300, Time: 6.50, mse_0: 3.7049e-04, mse_f: 1.0077e-03, total loss: 1.5937e-03, Error: 2.1232e-03, Error v: 1.2506e-03
It: 27400, Time: 6.50, mse_0: 3.6961e-04, mse_f: 1.0042e-03, total loss: 1.5884e-03, Error: 2.1126e-03, Error v: 1.2501e-03
It: 27500, Time: 6.48, mse_0: 3.6791e-04, mse_f: 9.9951e-04, total loss: 1.5812e-03, Error: 2.1134e-03, Error v: 1.2506e-03
Error u: 2.113362e-03
Error v: 1.250608e-03
ferru =  0.00022226085
ferrv =  0.00021387331
Error u: 2.381002e-03
Error v: 1.754691e-03
NeuralNet(
  (network): Sequential(
    (0): Linear(in_features=3, out_features=64, bias=True)
    (1): Tanh()
    (2): Linear(in_features=64, out_features=64, bias=True)
    (3): Tanh()
    (4): Linear(in_features=64, out_features=64, bias=True)
    (5): Tanh()
    (6): Linear(in_features=64, out_features=64, bias=True)
    (7): Tanh()
    (8): Linear(in_features=64, out_features=64, bias=True)
    (9): Tanh()
    (10): Linear(in_features=64, out_features=64, bias=True)
    (11): Tanh()
    (12): Linear(in_features=64, out_features=2, bias=True)
  )
)
starting Adam training
It: 100, Time: 5.63, mse_0: 2.2139e+02, mse_f: 2.6495e+00, total loss: 2.4250e+02, Error: 9.8470e-01, Error v: 6.4386e-01
It: 200, Time: 5.59, mse_0: 2.0641e+02, mse_f: 2.6029e+00, total loss: 1.8140e+02, Error: 1.0031e+00, Error v: 9.6236e-01
It: 300, Time: 5.63, mse_0: 1.6559e+02, mse_f: 9.1304e+00, total loss: 1.4797e+02, Error: 9.4619e-01, Error v: 7.7951e-01
It: 400, Time: 5.62, mse_0: 1.4030e+02, mse_f: 1.4628e+01, total loss: 1.4505e+02, Error: 9.0584e-01, Error v: 7.6726e-01
It: 500, Time: 5.59, mse_0: 1.3783e+02, mse_f: 1.4211e+01, total loss: 1.3454e+02, Error: 9.3198e-01, Error v: 7.9325e-01
It: 600, Time: 5.61, mse_0: 1.0811e+02, mse_f: 1.8132e+01, total loss: 1.2398e+02, Error: 9.0336e-01, Error v: 7.6574e-01
It: 700, Time: 5.73, mse_0: 7.1319e+01, mse_f: 2.3437e+01, total loss: 1.0418e+02, Error: 8.5933e-01, Error v: 7.9729e-01
It: 800, Time: 5.63, mse_0: 3.8072e+01, mse_f: 2.0584e+01, total loss: 8.2130e+01, Error: 7.4378e-01, Error v: 7.1118e-01
It: 900, Time: 5.61, mse_0: 2.3098e+01, mse_f: 1.3270e+01, total loss: 6.1292e+01, Error: 4.6467e-01, Error v: 6.0176e-01
It: 1000, Time: 5.63, mse_0: 1.7735e+01, mse_f: 1.0455e+01, total loss: 5.1251e+01, Error: 3.2098e-01, Error v: 5.3434e-01
It: 1100, Time: 5.61, mse_0: 1.7009e+01, mse_f: 9.7034e+00, total loss: 4.4714e+01, Error: 3.0666e-01, Error v: 4.9427e-01
It: 1200, Time: 5.61, mse_0: 1.5476e+01, mse_f: 8.5658e+00, total loss: 3.8688e+01, Error: 3.0027e-01, Error v: 4.1291e-01
It: 1300, Time: 5.61, mse_0: 1.2885e+01, mse_f: 8.1500e+00, total loss: 3.2594e+01, Error: 2.9241e-01, Error v: 3.5241e-01
It: 1400, Time: 5.63, mse_0: 1.1167e+01, mse_f: 8.3024e+00, total loss: 3.4254e+01, Error: 2.7725e-01, Error v: 3.3457e-01
It: 1500, Time: 5.61, mse_0: 1.0478e+01, mse_f: 7.3914e+00, total loss: 2.7286e+01, Error: 2.4663e-01, Error v: 2.3334e-01
It: 1600, Time: 5.60, mse_0: 7.1675e+00, mse_f: 6.6138e+00, total loss: 1.8946e+01, Error: 2.2429e-01, Error v: 2.2722e-01
It: 1700, Time: 5.61, mse_0: 4.7467e+00, mse_f: 6.0297e+00, total loss: 1.4383e+01, Error: 1.9251e-01, Error v: 1.9037e-01
It: 1800, Time: 5.63, mse_0: 3.0374e+00, mse_f: 5.4666e+00, total loss: 1.2169e+01, Error: 1.4901e-01, Error v: 1.8371e-01
It: 1900, Time: 5.74, mse_0: 2.7605e+00, mse_f: 5.7390e+00, total loss: 1.2005e+01, Error: 1.2501e-01, Error v: 1.4866e-01
It: 2000, Time: 5.63, mse_0: 2.0308e+00, mse_f: 4.8455e+00, total loss: 1.0049e+01, Error: 9.7912e-02, Error v: 1.3883e-01
It: 2100, Time: 6.01, mse_0: 1.3616e+00, mse_f: 3.6708e+00, total loss: 8.2323e+00, Error: 9.0926e-02, Error v: 1.3415e-01
It: 2200, Time: 6.06, mse_0: 1.1451e+00, mse_f: 2.9278e+00, total loss: 8.8920e+00, Error: 1.0575e-01, Error v: 1.3125e-01
It: 2300, Time: 5.86, mse_0: 1.0439e+00, mse_f: 2.8324e+00, total loss: 5.7944e+00, Error: 8.1622e-02, Error v: 9.3657e-02
It: 2400, Time: 5.92, mse_0: 1.0015e+00, mse_f: 2.5794e+00, total loss: 5.5969e+00, Error: 6.5460e-02, Error v: 8.2126e-02
It: 2500, Time: 5.94, mse_0: 8.9320e-01, mse_f: 2.3205e+00, total loss: 5.3108e+00, Error: 6.5621e-02, Error v: 8.2132e-02
It: 2600, Time: 5.80, mse_0: 6.8275e-01, mse_f: 1.6839e+00, total loss: 4.3252e+00, Error: 7.5935e-02, Error v: 9.4452e-02
It: 2700, Time: 6.15, mse_0: 6.9884e-01, mse_f: 1.4931e+00, total loss: 4.0414e+00, Error: 7.5879e-02, Error v: 8.7892e-02
It: 2800, Time: 5.74, mse_0: 6.6737e-01, mse_f: 1.5897e+00, total loss: 3.7666e+00, Error: 6.2898e-02, Error v: 7.1798e-02
It: 2900, Time: 5.46, mse_0: 5.1844e-01, mse_f: 1.2698e+00, total loss: 2.6158e+00, Error: 6.0558e-02, Error v: 6.9752e-02
It: 3000, Time: 5.38, mse_0: 4.6313e-01, mse_f: 1.0943e+00, total loss: 2.5926e+00, Error: 5.7207e-02, Error v: 6.6733e-02
It: 3100, Time: 5.42, mse_0: 4.4966e-01, mse_f: 1.1049e+00, total loss: 2.4576e+00, Error: 5.5130e-02, Error v: 5.9745e-02
It: 3200, Time: 5.42, mse_0: 4.7251e-01, mse_f: 9.8684e-01, total loss: 2.3410e+00, Error: 6.4451e-02, Error v: 5.6557e-02
It: 3300, Time: 5.64, mse_0: 4.6462e-01, mse_f: 8.5324e-01, total loss: 4.4577e+00, Error: 8.1393e-02, Error v: 9.3073e-02
It: 3400, Time: 5.56, mse_0: 4.4212e-01, mse_f: 8.5943e-01, total loss: 2.3955e+00, Error: 4.8134e-02, Error v: 5.4297e-02
It: 3500, Time: 5.55, mse_0: 2.9346e-01, mse_f: 7.3647e-01, total loss: 1.6915e+00, Error: 4.2294e-02, Error v: 4.8780e-02
It: 3600, Time: 5.50, mse_0: 2.1219e-01, mse_f: 6.1486e-01, total loss: 1.4050e+00, Error: 3.7169e-02, Error v: 4.7434e-02
It: 3700, Time: 5.44, mse_0: 1.9021e-01, mse_f: 5.7113e-01, total loss: 1.2760e+00, Error: 5.2657e-02, Error v: 4.5297e-02
It: 3800, Time: 5.56, mse_0: 1.7741e-01, mse_f: 5.4016e-01, total loss: 1.1513e+00, Error: 3.3308e-02, Error v: 4.0962e-02
It: 3900, Time: 5.66, mse_0: 1.7008e-01, mse_f: 5.1038e-01, total loss: 1.1400e+00, Error: 3.4182e-02, Error v: 3.8873e-02
It: 4000, Time: 5.59, mse_0: 1.8499e-01, mse_f: 4.7245e-01, total loss: 1.0996e+00, Error: 3.0845e-02, Error v: 3.7470e-02
It: 4100, Time: 5.47, mse_0: 1.5109e-01, mse_f: 4.5879e-01, total loss: 1.4601e+00, Error: 3.9586e-02, Error v: 4.7436e-02
It: 4200, Time: 5.47, mse_0: 1.7744e-01, mse_f: 4.0204e-01, total loss: 1.8767e+00, Error: 5.0148e-02, Error v: 4.9389e-02
It: 4300, Time: 5.44, mse_0: 1.3801e-01, mse_f: 3.8395e-01, total loss: 8.6680e-01, Error: 2.6459e-02, Error v: 3.4802e-02
It: 4400, Time: 5.39, mse_0: 9.7042e-02, mse_f: 3.3548e-01, total loss: 8.5354e-01, Error: 2.7191e-02, Error v: 3.6820e-02
It: 4500, Time: 5.75, mse_0: 7.1254e-02, mse_f: 3.0979e-01, total loss: 6.0870e-01, Error: 2.2982e-02, Error v: 2.8963e-02
It: 4600, Time: 5.81, mse_0: 7.0928e-02, mse_f: 2.8841e-01, total loss: 5.7910e-01, Error: 2.7803e-02, Error v: 3.1397e-02
It: 4700, Time: 5.52, mse_0: 7.3344e-02, mse_f: 2.7365e-01, total loss: 1.0971e+00, Error: 2.6208e-02, Error v: 4.4455e-02
It: 4800, Time: 5.47, mse_0: 8.6885e-02, mse_f: 2.6922e-01, total loss: 9.0692e-01, Error: 2.7567e-02, Error v: 3.2861e-02
It: 4900, Time: 5.53, mse_0: 1.3009e-01, mse_f: 2.5240e-01, total loss: 1.1018e+00, Error: 2.6556e-02, Error v: 2.8188e-02
It: 5000, Time: 5.49, mse_0: 7.4774e-02, mse_f: 2.1935e-01, total loss: 1.1165e+00, Error: 2.7114e-02, Error v: 4.8084e-02
It: 5100, Time: 5.63, mse_0: 1.7258e-01, mse_f: 2.4546e-01, total loss: 1.0319e+00, Error: 3.6992e-02, Error v: 3.2430e-02
It: 5200, Time: 5.74, mse_0: 6.1436e-02, mse_f: 1.9545e-01, total loss: 8.6202e-01, Error: 3.0503e-02, Error v: 3.7865e-02
It: 5300, Time: 5.49, mse_0: 1.1310e-01, mse_f: 2.2892e-01, total loss: 1.1031e+00, Error: 3.3578e-02, Error v: 2.4690e-02
It: 5400, Time: 5.56, mse_0: 4.6870e-02, mse_f: 1.6838e-01, total loss: 5.7282e-01, Error: 2.2664e-02, Error v: 3.7238e-02
It: 5500, Time: 5.64, mse_0: 4.5482e-02, mse_f: 1.5743e-01, total loss: 2.9276e-01, Error: 1.7660e-02, Error v: 1.9179e-02
It: 5600, Time: 5.52, mse_0: 3.8701e-02, mse_f: 1.4754e-01, total loss: 2.7376e-01, Error: 1.7659e-02, Error v: 1.9676e-02
It: 5700, Time: 5.50, mse_0: 7.8088e-02, mse_f: 1.4616e-01, total loss: 9.0224e-01, Error: 2.4111e-02, Error v: 3.5653e-02
It: 5800, Time: 5.58, mse_0: 4.5447e-02, mse_f: 1.3298e-01, total loss: 2.9556e-01, Error: 1.9162e-02, Error v: 1.8410e-02
It: 5900, Time: 5.52, mse_0: 5.9849e-02, mse_f: 1.3094e-01, total loss: 3.7250e-01, Error: 2.2441e-02, Error v: 2.7687e-02
It: 6000, Time: 5.52, mse_0: 3.5447e-02, mse_f: 1.1832e-01, total loss: 2.3121e-01, Error: 2.5802e-02, Error v: 1.9415e-02
It: 6100, Time: 5.42, mse_0: 6.5174e-02, mse_f: 1.3481e-01, total loss: 4.5353e-01, Error: 3.6865e-02, Error v: 3.2426e-02
It: 6200, Time: 5.41, mse_0: 6.1439e-02, mse_f: 1.2496e-01, total loss: 6.9008e-01, Error: 3.3270e-02, Error v: 2.5104e-02
It: 6300, Time: 5.52, mse_0: 8.6546e-02, mse_f: 1.3627e-01, total loss: 6.3486e-01, Error: 2.1153e-02, Error v: 2.5195e-02
It: 6400, Time: 5.80, mse_0: 4.6336e-02, mse_f: 1.0083e-01, total loss: 4.1632e-01, Error: 2.0093e-02, Error v: 3.0908e-02
It: 6500, Time: 5.77, mse_0: 5.2031e-02, mse_f: 9.9234e-02, total loss: 3.6505e-01, Error: 3.1662e-02, Error v: 2.0363e-02
It: 6600, Time: 5.58, mse_0: 4.4001e-02, mse_f: 1.0374e-01, total loss: 5.6489e-01, Error: 2.1988e-02, Error v: 2.9844e-02
It: 6700, Time: 5.47, mse_0: 1.0952e-01, mse_f: 1.0984e-01, total loss: 5.7243e-01, Error: 4.1978e-02, Error v: 2.3565e-02
It: 6800, Time: 5.45, mse_0: 3.9560e-02, mse_f: 8.4623e-02, total loss: 1.7107e-01, Error: 1.5240e-02, Error v: 1.4556e-02
It: 6900, Time: 5.41, mse_0: 9.7177e-02, mse_f: 1.0147e-01, total loss: 8.2090e-01, Error: 3.4451e-02, Error v: 3.1497e-02
It: 7000, Time: 5.64, mse_0: 5.9743e-02, mse_f: 9.8983e-02, total loss: 3.8749e-01, Error: 2.8898e-02, Error v: 2.6508e-02
It: 7100, Time: 5.69, mse_0: 5.7583e-02, mse_f: 8.6424e-02, total loss: 2.9837e-01, Error: 3.5695e-02, Error v: 1.6309e-02
It: 7200, Time: 5.42, mse_0: 2.4090e-02, mse_f: 6.8810e-02, total loss: 1.8202e-01, Error: 1.8348e-02, Error v: 1.8474e-02
It: 7300, Time: 5.55, mse_0: 1.2657e-01, mse_f: 1.3939e-01, total loss: 9.0347e-01, Error: 6.0478e-02, Error v: 3.6673e-02
It: 7400, Time: 5.58, mse_0: 1.3627e-01, mse_f: 1.1184e-01, total loss: 5.2274e-01, Error: 2.9249e-02, Error v: 2.6292e-02
It: 7500, Time: 5.48, mse_0: 4.9042e-02, mse_f: 8.0123e-02, total loss: 2.7105e-01, Error: 1.5306e-02, Error v: 1.7515e-02
It: 7600, Time: 5.53, mse_0: 5.0144e-02, mse_f: 7.0475e-02, total loss: 3.9360e-01, Error: 1.8025e-02, Error v: 2.1757e-02
It: 7700, Time: 5.69, mse_0: 3.4944e-02, mse_f: 6.4826e-02, total loss: 2.2445e-01, Error: 1.9779e-02, Error v: 2.5706e-02
It: 7800, Time: 5.53, mse_0: 2.1562e-02, mse_f: 6.1143e-02, total loss: 1.5959e-01, Error: 1.2453e-02, Error v: 1.1527e-02
It: 7900, Time: 5.44, mse_0: 3.9526e-02, mse_f: 7.1959e-02, total loss: 3.4277e-01, Error: 1.7428e-02, Error v: 1.4381e-02
It: 8000, Time: 5.44, mse_0: 2.4999e-02, mse_f: 6.2140e-02, total loss: 3.5390e-01, Error: 1.6710e-02, Error v: 1.7913e-02
It: 8100, Time: 5.41, mse_0: 1.0109e-01, mse_f: 8.0915e-02, total loss: 3.2655e-01, Error: 5.8544e-02, Error v: 3.2669e-02
It: 8200, Time: 5.67, mse_0: 4.4039e-02, mse_f: 6.2788e-02, total loss: 1.9838e-01, Error: 4.9728e-02, Error v: 1.7088e-02
It: 8300, Time: 5.94, mse_0: 2.6597e-02, mse_f: 5.4556e-02, total loss: 1.1495e-01, Error: 1.9820e-02, Error v: 1.3914e-02
It: 8400, Time: 5.71, mse_0: 2.7928e-02, mse_f: 5.2617e-02, total loss: 2.4806e-01, Error: 2.3836e-02, Error v: 1.4390e-02
It: 8500, Time: 5.52, mse_0: 2.1146e-02, mse_f: 5.5581e-02, total loss: 1.5279e-01, Error: 2.6668e-02, Error v: 2.6624e-02
It: 8600, Time: 5.44, mse_0: 5.0374e-02, mse_f: 6.0141e-02, total loss: 2.9106e-01, Error: 2.3639e-02, Error v: 1.7119e-02
It: 8700, Time: 5.42, mse_0: 1.9821e-02, mse_f: 4.7284e-02, total loss: 1.0525e-01, Error: 1.2638e-02, Error v: 1.1973e-02
It: 8800, Time: 5.52, mse_0: 1.7480e-02, mse_f: 4.3642e-02, total loss: 1.2262e-01, Error: 1.2435e-02, Error v: 1.2170e-02
It: 8900, Time: 5.75, mse_0: 1.6422e-02, mse_f: 4.2259e-02, total loss: 8.8948e-02, Error: 1.3872e-02, Error v: 1.0511e-02
It: 9000, Time: 5.58, mse_0: 5.4236e-02, mse_f: 6.2921e-02, total loss: 3.4065e-01, Error: 6.1174e-02, Error v: 1.9197e-02
It: 9100, Time: 5.50, mse_0: 1.6844e-02, mse_f: 4.6440e-02, total loss: 9.7429e-02, Error: 1.9476e-02, Error v: 3.0959e-02
It: 9200, Time: 5.70, mse_0: 2.0845e-02, mse_f: 4.5221e-02, total loss: 1.0244e-01, Error: 1.9425e-02, Error v: 1.8503e-02
It: 9300, Time: 5.48, mse_0: 1.3356e-01, mse_f: 7.1035e-02, total loss: 7.2176e-01, Error: 3.5329e-02, Error v: 3.5059e-02
It: 9400, Time: 5.45, mse_0: 2.3510e-02, mse_f: 4.7339e-02, total loss: 2.0493e-01, Error: 2.2123e-02, Error v: 1.4855e-02
It: 9500, Time: 5.64, mse_0: 2.9884e-02, mse_f: 4.1599e-02, total loss: 1.3657e-01, Error: 1.9296e-02, Error v: 1.1427e-02
It: 9600, Time: 5.67, mse_0: 1.6835e-02, mse_f: 3.6286e-02, total loss: 1.0143e-01, Error: 1.0626e-02, Error v: 1.0036e-02
It: 9700, Time: 5.47, mse_0: 6.8797e-02, mse_f: 4.7874e-02, total loss: 5.9060e-01, Error: 2.2712e-02, Error v: 1.7579e-02
It: 9800, Time: 5.46, mse_0: 2.6268e-02, mse_f: 3.6393e-02, total loss: 1.1027e-01, Error: 1.6188e-02, Error v: 1.6691e-02
It: 9900, Time: 5.50, mse_0: 4.9967e-02, mse_f: 4.7003e-02, total loss: 2.5916e-01, Error: 2.5477e-02, Error v: 1.4353e-02
It: 10000, Time: 5.44, mse_0: 4.2992e-02, mse_f: 4.1239e-02, total loss: 1.5821e-01, Error: 2.3345e-02, Error v: 1.1065e-02
It: 10100, Time: 5.58, mse_0: 3.8899e-02, mse_f: 3.7869e-02, total loss: 1.7368e-01, Error: 2.2763e-02, Error v: 1.7192e-02
It: 10200, Time: 5.86, mse_0: 1.0088e-01, mse_f: 6.0916e-02, total loss: 4.9760e-01, Error: 5.0051e-02, Error v: 1.2167e-02
It: 10300, Time: 5.55, mse_0: 5.7675e-02, mse_f: 4.6887e-02, total loss: 4.7438e-01, Error: 3.1288e-02, Error v: 2.9166e-02
It: 10400, Time: 5.50, mse_0: 4.7405e-02, mse_f: 4.2779e-02, total loss: 2.1319e-01, Error: 2.4662e-02, Error v: 9.0808e-03
It: 10500, Time: 5.45, mse_0: 3.1989e-02, mse_f: 3.6017e-02, total loss: 2.6220e-01, Error: 2.0556e-02, Error v: 1.5447e-02
It: 10600, Time: 5.49, mse_0: 3.3549e-02, mse_f: 3.5657e-02, total loss: 3.0908e-01, Error: 1.4723e-02, Error v: 1.4661e-02
It: 10700, Time: 5.44, mse_0: 1.0391e-02, mse_f: 3.4078e-02, total loss: 1.7726e-01, Error: 1.1772e-02, Error v: 1.4784e-02
It: 10800, Time: 5.59, mse_0: 1.9457e-02, mse_f: 3.1721e-02, total loss: 9.9244e-02, Error: 1.1988e-02, Error v: 7.9872e-03
It: 10900, Time: 5.56, mse_0: 1.8643e-01, mse_f: 8.8430e-02, total loss: 7.3523e-01, Error: 4.2181e-02, Error v: 1.2544e-02
It: 11000, Time: 5.53, mse_0: 2.6291e-02, mse_f: 3.1883e-02, total loss: 2.5446e-01, Error: 1.4062e-02, Error v: 1.4284e-02
It: 11100, Time: 5.49, mse_0: 2.0970e-02, mse_f: 2.8362e-02, total loss: 2.2147e-01, Error: 1.5469e-02, Error v: 1.8158e-02
It: 11200, Time: 5.44, mse_0: 1.4142e-02, mse_f: 3.1661e-02, total loss: 1.9263e-01, Error: 8.8020e-03, Error v: 1.9156e-02
It: 11300, Time: 5.59, mse_0: 2.2746e-02, mse_f: 2.9924e-02, total loss: 2.6307e-01, Error: 1.1472e-02, Error v: 2.2549e-02
It: 11400, Time: 5.61, mse_0: 2.0122e-02, mse_f: 2.6700e-02, total loss: 1.9602e-01, Error: 1.3697e-02, Error v: 1.5926e-02
It: 11500, Time: 5.52, mse_0: 1.4386e-01, mse_f: 6.4144e-02, total loss: 5.4482e-01, Error: 4.3877e-02, Error v: 1.8781e-02
It: 11600, Time: 5.44, mse_0: 9.2832e-03, mse_f: 2.3382e-02, total loss: 4.9492e-02, Error: 1.7115e-02, Error v: 1.3578e-02
It: 11700, Time: 5.45, mse_0: 2.2261e-02, mse_f: 2.6401e-02, total loss: 8.0918e-02, Error: 1.0234e-02, Error v: 7.4112e-03
It: 11800, Time: 5.36, mse_0: 1.1764e-02, mse_f: 2.3305e-02, total loss: 6.5626e-02, Error: 7.9148e-03, Error v: 6.9908e-03
It: 11900, Time: 5.39, mse_0: 2.1924e-02, mse_f: 2.4877e-02, total loss: 9.4158e-02, Error: 9.7360e-03, Error v: 1.2055e-02
It: 12000, Time: 5.66, mse_0: 2.1540e-02, mse_f: 2.7641e-02, total loss: 2.7447e-01, Error: 2.0633e-02, Error v: 1.5981e-02
It: 12100, Time: 5.67, mse_0: 3.8079e-02, mse_f: 3.0921e-02, total loss: 2.1091e-01, Error: 1.6183e-02, Error v: 1.6783e-02
It: 12200, Time: 5.47, mse_0: 2.2461e-02, mse_f: 2.4118e-02, total loss: 7.9053e-02, Error: 9.7623e-03, Error v: 8.5499e-03
It: 12300, Time: 5.45, mse_0: 2.4842e-02, mse_f: 3.3068e-02, total loss: 3.2811e-01, Error: 1.3971e-02, Error v: 1.4714e-02
It: 12400, Time: 5.42, mse_0: 9.7450e-03, mse_f: 2.6947e-02, total loss: 1.2310e-01, Error: 8.2771e-03, Error v: 1.2153e-02
It: 12500, Time: 5.38, mse_0: 6.4213e-02, mse_f: 3.4425e-02, total loss: 1.9595e-01, Error: 2.6568e-02, Error v: 1.0779e-02
It: 12600, Time: 5.61, mse_0: 3.0219e-02, mse_f: 2.5069e-02, total loss: 2.8428e-01, Error: 2.1678e-02, Error v: 1.6655e-02
It: 12700, Time: 5.72, mse_0: 5.3302e-02, mse_f: 3.1522e-02, total loss: 3.6792e-01, Error: 1.9390e-02, Error v: 1.9090e-02
It: 12800, Time: 5.49, mse_0: 4.6911e-02, mse_f: 3.1843e-02, total loss: 1.4570e-01, Error: 2.3369e-02, Error v: 7.6677e-03
It: 12900, Time: 5.58, mse_0: 2.5147e-02, mse_f: 2.1569e-02, total loss: 1.1926e-01, Error: 1.6807e-02, Error v: 1.2436e-02
It: 13000, Time: 5.59, mse_0: 1.3012e-02, mse_f: 2.0811e-02, total loss: 5.0656e-02, Error: 9.9260e-03, Error v: 1.5524e-02
It: 13100, Time: 5.49, mse_0: 2.6204e-02, mse_f: 2.2226e-02, total loss: 3.2091e-01, Error: 1.8120e-02, Error v: 2.4020e-02
It: 13200, Time: 5.55, mse_0: 2.5431e-02, mse_f: 2.2456e-02, total loss: 1.3281e-01, Error: 1.3315e-02, Error v: 8.1232e-03
It: 13300, Time: 5.83, mse_0: 1.7092e-02, mse_f: 1.8535e-02, total loss: 7.3936e-02, Error: 2.9360e-02, Error v: 1.2987e-02
It: 13400, Time: 5.52, mse_0: 2.9224e-02, mse_f: 2.3469e-02, total loss: 1.2551e-01, Error: 1.3690e-02, Error v: 9.7018e-03
It: 13500, Time: 5.53, mse_0: 2.1792e-02, mse_f: 1.9489e-02, total loss: 1.5405e-01, Error: 1.3539e-02, Error v: 1.3379e-02
It: 13600, Time: 5.52, mse_0: 4.0292e-02, mse_f: 3.1204e-02, total loss: 3.6147e-01, Error: 1.7199e-02, Error v: 1.6933e-02
It: 13700, Time: 5.41, mse_0: 1.5138e-02, mse_f: 2.0548e-02, total loss: 1.1606e-01, Error: 1.8779e-02, Error v: 1.1343e-02
It: 13800, Time: 5.41, mse_0: 1.7438e-02, mse_f: 1.7535e-02, total loss: 6.6854e-02, Error: 1.1696e-02, Error v: 1.1375e-02
It: 13900, Time: 5.89, mse_0: 1.6598e-02, mse_f: 1.7778e-02, total loss: 6.5200e-02, Error: 1.1003e-02, Error v: 5.7061e-03
It: 14000, Time: 5.67, mse_0: 5.6455e-02, mse_f: 3.0621e-02, total loss: 3.1262e-01, Error: 9.1343e-03, Error v: 6.4467e-03
It: 14100, Time: 5.60, mse_0: 2.3651e-02, mse_f: 2.3653e-02, total loss: 2.8564e-01, Error: 1.6801e-02, Error v: 1.6150e-02
It: 14200, Time: 5.55, mse_0: 3.2759e-02, mse_f: 2.2888e-02, total loss: 1.4432e-01, Error: 2.0905e-02, Error v: 1.0068e-02
It: 14300, Time: 5.44, mse_0: 3.4641e-02, mse_f: 1.7220e-02, total loss: 1.3133e-01, Error: 1.3704e-02, Error v: 9.1712e-03
It: 14400, Time: 5.41, mse_0: 2.1789e-02, mse_f: 1.9024e-02, total loss: 6.9284e-02, Error: 1.1419e-02, Error v: 6.3456e-03
It: 14500, Time: 5.64, mse_0: 1.0262e-02, mse_f: 1.3654e-02, total loss: 4.0527e-02, Error: 1.4828e-02, Error v: 4.2840e-03
It: 14600, Time: 5.58, mse_0: 8.4966e-03, mse_f: 1.2737e-02, total loss: 7.9576e-02, Error: 1.1006e-02, Error v: 1.0716e-02
It: 14700, Time: 5.49, mse_0: 8.8433e-02, mse_f: 3.5901e-02, total loss: 3.1486e-01, Error: 3.4209e-02, Error v: 2.1499e-02
It: 14800, Time: 5.61, mse_0: 1.7985e-02, mse_f: 1.4717e-02, total loss: 1.5415e-01, Error: 1.3029e-02, Error v: 1.2915e-02
It: 14900, Time: 5.61, mse_0: 2.4740e-02, mse_f: 1.6314e-02, total loss: 1.7992e-01, Error: 1.7744e-02, Error v: 1.4858e-02
It: 15000, Time: 5.49, mse_0: 3.0601e-02, mse_f: 1.9312e-02, total loss: 2.2209e-01, Error: 1.9063e-02, Error v: 1.5868e-02
It: 15100, Time: 5.58, mse_0: 7.3714e-02, mse_f: 4.3092e-02, total loss: 2.6482e-01, Error: 2.2208e-02, Error v: 1.0215e-02
It: 15200, Time: 5.72, mse_0: 4.9515e-02, mse_f: 2.7110e-02, total loss: 1.4334e-01, Error: 1.9581e-02, Error v: 1.4248e-02
It: 15300, Time: 5.50, mse_0: 2.5465e-02, mse_f: 1.5241e-02, total loss: 1.3280e-01, Error: 7.8631e-03, Error v: 9.4643e-03
It: 15400, Time: 5.39, mse_0: 7.7753e-03, mse_f: 1.1023e-02, total loss: 4.1524e-02, Error: 1.0598e-02, Error v: 6.7406e-03
It: 15500, Time: 5.42, mse_0: 1.4851e-02, mse_f: 1.2183e-02, total loss: 1.3423e-01, Error: 8.5884e-03, Error v: 9.0486e-03
It: 15600, Time: 5.45, mse_0: 2.1626e-02, mse_f: 1.4779e-02, total loss: 6.5241e-02, Error: 2.2689e-02, Error v: 7.8236e-03
It: 15700, Time: 5.59, mse_0: 9.2013e-03, mse_f: 1.3465e-02, total loss: 1.3945e-01, Error: 9.1233e-03, Error v: 2.1357e-02
It: 15800, Time: 5.86, mse_0: 2.4666e-02, mse_f: 1.4232e-02, total loss: 2.3011e-01, Error: 1.7656e-02, Error v: 1.7979e-02
It: 15900, Time: 5.53, mse_0: 5.7469e-03, mse_f: 1.2751e-02, total loss: 5.8681e-02, Error: 7.4844e-03, Error v: 8.7555e-03
It: 16000, Time: 5.49, mse_0: 1.1405e-02, mse_f: 1.1667e-02, total loss: 6.8586e-02, Error: 1.1389e-02, Error v: 1.0574e-02
It: 16100, Time: 5.39, mse_0: 1.0133e-02, mse_f: 1.2578e-02, total loss: 4.9202e-02, Error: 8.5588e-03, Error v: 3.3944e-03
It: 16200, Time: 5.49, mse_0: 5.1105e-02, mse_f: 2.3686e-02, total loss: 1.7372e-01, Error: 2.4710e-02, Error v: 9.0181e-03
It: 16300, Time: 5.53, mse_0: 1.3848e-01, mse_f: 4.6514e-02, total loss: 8.4963e-01, Error: 4.4512e-02, Error v: 4.1254e-02
It: 16400, Time: 5.61, mse_0: 3.9402e-02, mse_f: 2.3649e-02, total loss: 1.3711e-01, Error: 1.1188e-02, Error v: 1.0271e-02
It: 16500, Time: 5.47, mse_0: 1.2976e-02, mse_f: 1.1559e-02, total loss: 7.3186e-02, Error: 1.5923e-02, Error v: 8.6926e-03
It: 16600, Time: 5.52, mse_0: 6.3041e-03, mse_f: 1.0625e-02, total loss: 5.2510e-02, Error: 1.1352e-02, Error v: 6.4215e-03
It: 16700, Time: 5.52, mse_0: 2.7751e-02, mse_f: 2.0045e-02, total loss: 3.6762e-01, Error: 1.9206e-02, Error v: 2.0518e-02
It: 16800, Time: 5.58, mse_0: 1.6035e-02, mse_f: 1.8581e-02, total loss: 1.4527e-01, Error: 2.0145e-02, Error v: 1.7374e-02
It: 16900, Time: 5.44, mse_0: 1.2850e-02, mse_f: 1.1893e-02, total loss: 5.4453e-02, Error: 6.1281e-03, Error v: 7.4778e-03
It: 17000, Time: 5.67, mse_0: 1.0809e-02, mse_f: 1.0161e-02, total loss: 4.7012e-02, Error: 1.0232e-02, Error v: 5.9906e-03
starting L-BFGS training
It: 100, Time: 5.98, mse_0: 2.7975e-03, mse_f: 7.6797e-03, total loss: 1.1684e-02, Error: 4.0379e-03, Error v: 2.7854e-03
It: 200, Time: 6.34, mse_0: 2.6531e-03, mse_f: 7.3059e-03, total loss: 1.1185e-02, Error: 3.9590e-03, Error v: 2.8334e-03
It: 300, Time: 6.45, mse_0: 2.5532e-03, mse_f: 6.9928e-03, total loss: 1.0772e-02, Error: 3.8865e-03, Error v: 2.8464e-03
It: 400, Time: 6.28, mse_0: 2.4826e-03, mse_f: 6.7775e-03, total loss: 1.0464e-02, Error: 4.2106e-03, Error v: 2.8373e-03
It: 500, Time: 6.36, mse_0: 2.4252e-03, mse_f: 6.4893e-03, total loss: 1.0110e-02, Error: 4.1873e-03, Error v: 2.8112e-03
It: 600, Time: 6.75, mse_0: 2.3582e-03, mse_f: 6.2448e-03, total loss: 9.7567e-03, Error: 4.2882e-03, Error v: 2.8090e-03
It: 700, Time: 6.70, mse_0: 2.2824e-03, mse_f: 6.0114e-03, total loss: 9.4256e-03, Error: 4.2458e-03, Error v: 2.7629e-03
It: 800, Time: 6.53, mse_0: 2.2442e-03, mse_f: 5.8088e-03, total loss: 9.1379e-03, Error: 4.0411e-03, Error v: 2.6768e-03
It: 900, Time: 6.30, mse_0: 2.1477e-03, mse_f: 5.6189e-03, total loss: 8.8438e-03, Error: 3.9978e-03, Error v: 2.7330e-03
It: 1000, Time: 6.36, mse_0: 2.0928e-03, mse_f: 5.4755e-03, total loss: 8.5750e-03, Error: 4.0410e-03, Error v: 2.7181e-03
It: 1100, Time: 6.72, mse_0: 2.0277e-03, mse_f: 5.2820e-03, total loss: 8.3063e-03, Error: 4.0434e-03, Error v: 2.6025e-03
It: 1200, Time: 6.42, mse_0: 1.9924e-03, mse_f: 5.1329e-03, total loss: 8.0849e-03, Error: 3.9444e-03, Error v: 2.5074e-03
It: 1300, Time: 6.50, mse_0: 1.9465e-03, mse_f: 5.0059e-03, total loss: 7.8746e-03, Error: 3.9298e-03, Error v: 2.4605e-03
It: 1400, Time: 6.38, mse_0: 1.8957e-03, mse_f: 4.8969e-03, total loss: 7.6999e-03, Error: 3.9529e-03, Error v: 2.4580e-03
It: 1500, Time: 6.31, mse_0: 1.8442e-03, mse_f: 4.7851e-03, total loss: 7.5074e-03, Error: 3.8022e-03, Error v: 2.3580e-03
It: 1600, Time: 6.69, mse_0: 1.8096e-03, mse_f: 4.7106e-03, total loss: 7.3592e-03, Error: 3.6077e-03, Error v: 2.3844e-03
It: 1700, Time: 6.47, mse_0: 1.7502e-03, mse_f: 4.6076e-03, total loss: 7.1842e-03, Error: 3.4650e-03, Error v: 2.3866e-03
It: 1800, Time: 6.44, mse_0: 1.6804e-03, mse_f: 4.4986e-03, total loss: 7.0029e-03, Error: 3.3726e-03, Error v: 2.3412e-03
It: 1900, Time: 6.69, mse_0: 1.6306e-03, mse_f: 4.4061e-03, total loss: 6.8139e-03, Error: 3.1872e-03, Error v: 2.2384e-03
It: 2000, Time: 6.63, mse_0: 1.5807e-03, mse_f: 4.3138e-03, total loss: 6.6660e-03, Error: 3.3855e-03, Error v: 2.1935e-03
It: 2100, Time: 6.52, mse_0: 1.5503e-03, mse_f: 4.2532e-03, total loss: 6.5384e-03, Error: 3.3978e-03, Error v: 2.1450e-03
It: 2200, Time: 6.39, mse_0: 1.4891e-03, mse_f: 4.1554e-03, total loss: 6.3701e-03, Error: 3.4108e-03, Error v: 2.1027e-03
It: 2300, Time: 6.28, mse_0: 1.4147e-03, mse_f: 4.0313e-03, total loss: 6.1788e-03, Error: 3.2471e-03, Error v: 2.0679e-03
It: 2400, Time: 6.36, mse_0: 1.3709e-03, mse_f: 3.9419e-03, total loss: 6.0409e-03, Error: 3.2643e-03, Error v: 2.0492e-03
It: 2500, Time: 6.63, mse_0: 1.3463e-03, mse_f: 3.8646e-03, total loss: 5.9200e-03, Error: 3.1070e-03, Error v: 2.0399e-03
It: 2600, Time: 6.78, mse_0: 1.3348e-03, mse_f: 3.7550e-03, total loss: 5.7883e-03, Error: 3.1280e-03, Error v: 2.0390e-03
It: 2700, Time: 6.85, mse_0: 1.3014e-03, mse_f: 3.6714e-03, total loss: 5.6494e-03, Error: 3.1445e-03, Error v: 1.9789e-03
It: 2800, Time: 6.35, mse_0: 1.2839e-03, mse_f: 3.5862e-03, total loss: 5.5208e-03, Error: 2.9890e-03, Error v: 1.9601e-03
It: 2900, Time: 6.39, mse_0: 1.2346e-03, mse_f: 3.5020e-03, total loss: 5.3908e-03, Error: 3.0194e-03, Error v: 1.9183e-03
It: 3000, Time: 6.35, mse_0: 1.1858e-03, mse_f: 3.4138e-03, total loss: 5.2568e-03, Error: 3.3083e-03, Error v: 1.8296e-03
It: 3100, Time: 6.52, mse_0: 1.1296e-03, mse_f: 3.3451e-03, total loss: 5.1429e-03, Error: 3.2191e-03, Error v: 1.8198e-03
It: 3200, Time: 6.74, mse_0: 1.0887e-03, mse_f: 3.2985e-03, total loss: 5.0413e-03, Error: 3.0015e-03, Error v: 1.8289e-03
It: 3300, Time: 6.35, mse_0: 1.0511e-03, mse_f: 3.2279e-03, total loss: 4.9244e-03, Error: 2.9929e-03, Error v: 1.8610e-03
It: 3400, Time: 6.41, mse_0: 1.0178e-03, mse_f: 3.1937e-03, total loss: 4.8400e-03, Error: 2.9778e-03, Error v: 1.8401e-03
It: 3500, Time: 6.61, mse_0: 1.0040e-03, mse_f: 3.1256e-03, total loss: 4.7494e-03, Error: 3.0812e-03, Error v: 1.8716e-03
It: 3600, Time: 6.25, mse_0: 9.5984e-04, mse_f: 3.0598e-03, total loss: 4.6379e-03, Error: 3.4333e-03, Error v: 1.7900e-03
It: 3700, Time: 6.58, mse_0: 9.0842e-04, mse_f: 2.9856e-03, total loss: 4.5356e-03, Error: 3.1487e-03, Error v: 1.7907e-03
It: 3800, Time: 6.60, mse_0: 8.7992e-04, mse_f: 2.9198e-03, total loss: 4.4445e-03, Error: 3.2008e-03, Error v: 1.8261e-03
It: 3900, Time: 6.33, mse_0: 8.5210e-04, mse_f: 2.8659e-03, total loss: 4.3548e-03, Error: 3.1092e-03, Error v: 1.7913e-03
It: 4000, Time: 6.39, mse_0: 8.2755e-04, mse_f: 2.7972e-03, total loss: 4.2666e-03, Error: 2.9042e-03, Error v: 1.7547e-03
It: 4100, Time: 6.28, mse_0: 8.0061e-04, mse_f: 2.7257e-03, total loss: 4.1813e-03, Error: 2.8289e-03, Error v: 1.7582e-03
It: 4200, Time: 6.41, mse_0: 7.7874e-04, mse_f: 2.6611e-03, total loss: 4.0974e-03, Error: 2.7393e-03, Error v: 1.7061e-03
It: 4300, Time: 6.84, mse_0: 7.6062e-04, mse_f: 2.6085e-03, total loss: 4.0251e-03, Error: 2.7655e-03, Error v: 1.7415e-03
It: 4400, Time: 6.50, mse_0: 7.3236e-04, mse_f: 2.5504e-03, total loss: 3.9436e-03, Error: 2.8919e-03, Error v: 1.7807e-03
It: 4500, Time: 6.60, mse_0: 7.1441e-04, mse_f: 2.5157e-03, total loss: 3.8798e-03, Error: 3.0996e-03, Error v: 1.7005e-03
It: 4600, Time: 6.41, mse_0: 6.9573e-04, mse_f: 2.4711e-03, total loss: 3.8181e-03, Error: 2.8878e-03, Error v: 1.6655e-03
It: 4700, Time: 6.28, mse_0: 6.8678e-04, mse_f: 2.4251e-03, total loss: 3.7545e-03, Error: 2.8729e-03, Error v: 1.6061e-03
It: 4800, Time: 6.49, mse_0: 6.6964e-04, mse_f: 2.3907e-03, total loss: 3.6937e-03, Error: 2.7853e-03, Error v: 1.5666e-03
It: 4900, Time: 6.35, mse_0: 6.6097e-04, mse_f: 2.3628e-03, total loss: 3.6399e-03, Error: 2.9228e-03, Error v: 1.5523e-03
It: 5000, Time: 6.53, mse_0: 6.5899e-04, mse_f: 2.3195e-03, total loss: 3.5787e-03, Error: 2.9254e-03, Error v: 1.5663e-03
It: 5100, Time: 6.84, mse_0: 6.5082e-04, mse_f: 2.2873e-03, total loss: 3.5205e-03, Error: 2.8506e-03, Error v: 1.5870e-03
It: 5200, Time: 6.36, mse_0: 6.4148e-04, mse_f: 2.2508e-03, total loss: 3.4707e-03, Error: 2.8163e-03, Error v: 1.5467e-03
It: 5300, Time: 6.63, mse_0: 6.2031e-04, mse_f: 2.2099e-03, total loss: 3.4070e-03, Error: 2.6824e-03, Error v: 1.5381e-03
It: 5400, Time: 6.50, mse_0: 6.1811e-04, mse_f: 2.1790e-03, total loss: 3.3549e-03, Error: 2.6972e-03, Error v: 1.5191e-03
It: 5500, Time: 6.31, mse_0: 6.0265e-04, mse_f: 2.1505e-03, total loss: 3.2924e-03, Error: 2.7123e-03, Error v: 1.4900e-03
It: 5600, Time: 6.45, mse_0: 5.8839e-04, mse_f: 2.1231e-03, total loss: 3.2452e-03, Error: 2.7023e-03, Error v: 1.4791e-03
It: 5700, Time: 6.63, mse_0: 5.6802e-04, mse_f: 2.0963e-03, total loss: 3.1989e-03, Error: 2.6916e-03, Error v: 1.4672e-03
It: 5800, Time: 6.55, mse_0: 5.5545e-04, mse_f: 2.0657e-03, total loss: 3.1538e-03, Error: 2.8463e-03, Error v: 1.4722e-03
It: 5900, Time: 6.64, mse_0: 5.5164e-04, mse_f: 2.0411e-03, total loss: 3.1151e-03, Error: 3.0518e-03, Error v: 1.4639e-03
It: 6000, Time: 6.31, mse_0: 5.4038e-04, mse_f: 2.0076e-03, total loss: 3.0663e-03, Error: 2.9084e-03, Error v: 1.5149e-03
It: 6100, Time: 6.33, mse_0: 5.1966e-04, mse_f: 1.9803e-03, total loss: 3.0267e-03, Error: 2.6904e-03, Error v: 1.4747e-03
It: 6200, Time: 6.56, mse_0: 5.1037e-04, mse_f: 1.9490e-03, total loss: 2.9863e-03, Error: 2.6283e-03, Error v: 1.4370e-03
It: 6300, Time: 6.94, mse_0: 4.9976e-04, mse_f: 1.9220e-03, total loss: 2.9494e-03, Error: 2.6392e-03, Error v: 1.4531e-03
It: 6400, Time: 6.60, mse_0: 4.9874e-04, mse_f: 1.8926e-03, total loss: 2.9068e-03, Error: 2.6847e-03, Error v: 1.4577e-03
It: 6500, Time: 6.39, mse_0: 4.8803e-04, mse_f: 1.8603e-03, total loss: 2.8570e-03, Error: 2.6360e-03, Error v: 1.4419e-03
It: 6600, Time: 6.41, mse_0: 4.8054e-04, mse_f: 1.8323e-03, total loss: 2.8091e-03, Error: 2.5170e-03, Error v: 1.4731e-03
It: 6700, Time: 6.56, mse_0: 4.6790e-04, mse_f: 1.7957e-03, total loss: 2.7571e-03, Error: 2.7701e-03, Error v: 1.4982e-03
It: 6800, Time: 6.27, mse_0: 4.6174e-04, mse_f: 1.7772e-03, total loss: 2.7247e-03, Error: 2.6457e-03, Error v: 1.5028e-03
It: 6900, Time: 6.89, mse_0: 4.5440e-04, mse_f: 1.7588e-03, total loss: 2.6899e-03, Error: 2.6652e-03, Error v: 1.5502e-03
It: 7000, Time: 6.56, mse_0: 4.4785e-04, mse_f: 1.7312e-03, total loss: 2.6565e-03, Error: 2.6139e-03, Error v: 1.4974e-03
It: 7100, Time: 6.34, mse_0: 4.3898e-04, mse_f: 1.7033e-03, total loss: 2.6173e-03, Error: 2.5524e-03, Error v: 1.5605e-03
It: 7200, Time: 6.61, mse_0: 4.3377e-04, mse_f: 1.6757e-03, total loss: 2.5757e-03, Error: 2.5376e-03, Error v: 1.5065e-03
It: 7300, Time: 6.37, mse_0: 4.2096e-04, mse_f: 1.6448e-03, total loss: 2.5257e-03, Error: 2.5407e-03, Error v: 1.5124e-03
It: 7400, Time: 6.44, mse_0: 4.1997e-04, mse_f: 1.6143e-03, total loss: 2.4880e-03, Error: 2.4670e-03, Error v: 1.4823e-03
It: 7500, Time: 6.75, mse_0: 4.1183e-04, mse_f: 1.5918e-03, total loss: 2.4514e-03, Error: 2.4760e-03, Error v: 1.5622e-03
It: 7600, Time: 6.54, mse_0: 4.0473e-04, mse_f: 1.5711e-03, total loss: 2.4214e-03, Error: 2.6842e-03, Error v: 1.5033e-03
It: 7700, Time: 6.82, mse_0: 4.0237e-04, mse_f: 1.5454e-03, total loss: 2.3863e-03, Error: 2.7026e-03, Error v: 1.4396e-03
It: 7800, Time: 6.87, mse_0: 3.9592e-04, mse_f: 1.5203e-03, total loss: 2.3526e-03, Error: 2.7843e-03, Error v: 1.3862e-03
It: 7900, Time: 6.52, mse_0: 3.9312e-04, mse_f: 1.4956e-03, total loss: 2.3179e-03, Error: 2.6185e-03, Error v: 1.3500e-03
It: 8000, Time: 6.55, mse_0: 3.9394e-04, mse_f: 1.4759e-03, total loss: 2.2927e-03, Error: 2.5803e-03, Error v: 1.3514e-03
It: 8100, Time: 6.50, mse_0: 3.9551e-04, mse_f: 1.4560e-03, total loss: 2.2601e-03, Error: 2.5997e-03, Error v: 1.3377e-03
It: 8200, Time: 6.64, mse_0: 3.9453e-04, mse_f: 1.4411e-03, total loss: 2.2379e-03, Error: 2.5274e-03, Error v: 1.3553e-03
It: 8300, Time: 6.56, mse_0: 3.9112e-04, mse_f: 1.4266e-03, total loss: 2.2137e-03, Error: 2.5572e-03, Error v: 1.3578e-03
It: 8400, Time: 6.52, mse_0: 3.8370e-04, mse_f: 1.4062e-03, total loss: 2.1862e-03, Error: 2.5476e-03, Error v: 1.3399e-03
It: 8500, Time: 6.55, mse_0: 3.7748e-04, mse_f: 1.3885e-03, total loss: 2.1612e-03, Error: 2.6099e-03, Error v: 1.3281e-03
It: 8600, Time: 6.53, mse_0: 3.7488e-04, mse_f: 1.3741e-03, total loss: 2.1395e-03, Error: 2.7099e-03, Error v: 1.3708e-03
It: 8700, Time: 6.53, mse_0: 3.7081e-04, mse_f: 1.3575e-03, total loss: 2.1168e-03, Error: 2.6372e-03, Error v: 1.3007e-03
It: 8800, Time: 6.53, mse_0: 3.6221e-04, mse_f: 1.3475e-03, total loss: 2.0979e-03, Error: 2.5769e-03, Error v: 1.3316e-03
It: 8900, Time: 6.50, mse_0: 3.5654e-04, mse_f: 1.3353e-03, total loss: 2.0765e-03, Error: 2.5722e-03, Error v: 1.3190e-03
It: 9000, Time: 6.52, mse_0: 3.4403e-04, mse_f: 1.3225e-03, total loss: 2.0550e-03, Error: 2.5165e-03, Error v: 1.3782e-03
It: 9100, Time: 6.53, mse_0: 3.3346e-04, mse_f: 1.3121e-03, total loss: 2.0308e-03, Error: 2.4105e-03, Error v: 1.3073e-03
It: 9200, Time: 6.53, mse_0: 3.2963e-04, mse_f: 1.3021e-03, total loss: 2.0136e-03, Error: 2.4792e-03, Error v: 1.3323e-03
It: 9300, Time: 6.55, mse_0: 3.2158e-04, mse_f: 1.2929e-03, total loss: 1.9948e-03, Error: 2.5383e-03, Error v: 1.3050e-03
It: 9400, Time: 6.55, mse_0: 3.2001e-04, mse_f: 1.2769e-03, total loss: 1.9701e-03, Error: 2.5876e-03, Error v: 1.2738e-03
It: 9500, Time: 6.50, mse_0: 3.0761e-04, mse_f: 1.2579e-03, total loss: 1.9470e-03, Error: 2.5142e-03, Error v: 1.2828e-03
It: 9600, Time: 6.52, mse_0: 3.0122e-04, mse_f: 1.2475e-03, total loss: 1.9232e-03, Error: 2.4831e-03, Error v: 1.2909e-03
It: 9700, Time: 6.52, mse_0: 2.9889e-04, mse_f: 1.2355e-03, total loss: 1.9002e-03, Error: 2.3973e-03, Error v: 1.3097e-03
It: 9800, Time: 6.55, mse_0: 2.9374e-04, mse_f: 1.2281e-03, total loss: 1.8811e-03, Error: 2.4924e-03, Error v: 1.3319e-03
It: 9900, Time: 6.55, mse_0: 2.9358e-04, mse_f: 1.2148e-03, total loss: 1.8623e-03, Error: 2.4230e-03, Error v: 1.3126e-03
It: 10000, Time: 6.64, mse_0: 2.9189e-04, mse_f: 1.2001e-03, total loss: 1.8426e-03, Error: 2.5513e-03, Error v: 1.2866e-03
It: 10100, Time: 6.55, mse_0: 2.9019e-04, mse_f: 1.1864e-03, total loss: 1.8217e-03, Error: 2.5235e-03, Error v: 1.2516e-03
It: 10200, Time: 6.58, mse_0: 2.8284e-04, mse_f: 1.1775e-03, total loss: 1.8022e-03, Error: 2.5788e-03, Error v: 1.2429e-03
It: 10300, Time: 6.53, mse_0: 2.7857e-04, mse_f: 1.1624e-03, total loss: 1.7815e-03, Error: 2.5959e-03, Error v: 1.2368e-03
It: 10400, Time: 6.53, mse_0: 2.7397e-04, mse_f: 1.1487e-03, total loss: 1.7622e-03, Error: 2.5587e-03, Error v: 1.1798e-03
It: 10500, Time: 6.55, mse_0: 2.6942e-04, mse_f: 1.1397e-03, total loss: 1.7422e-03, Error: 2.5211e-03, Error v: 1.2207e-03
It: 10600, Time: 6.55, mse_0: 2.6120e-04, mse_f: 1.1308e-03, total loss: 1.7224e-03, Error: 2.4295e-03, Error v: 1.2024e-03
It: 10700, Time: 6.52, mse_0: 2.6381e-04, mse_f: 1.1154e-03, total loss: 1.7043e-03, Error: 2.4302e-03, Error v: 1.1667e-03
It: 10800, Time: 6.55, mse_0: 2.5740e-04, mse_f: 1.1008e-03, total loss: 1.6844e-03, Error: 2.3871e-03, Error v: 1.1709e-03
It: 10900, Time: 6.53, mse_0: 2.5249e-04, mse_f: 1.0928e-03, total loss: 1.6686e-03, Error: 2.3912e-03, Error v: 1.1501e-03
It: 11000, Time: 6.53, mse_0: 2.4925e-04, mse_f: 1.0822e-03, total loss: 1.6520e-03, Error: 2.4508e-03, Error v: 1.1567e-03
It: 11100, Time: 6.55, mse_0: 2.4776e-04, mse_f: 1.0674e-03, total loss: 1.6311e-03, Error: 2.3918e-03, Error v: 1.1638e-03
It: 11200, Time: 6.50, mse_0: 2.4432e-04, mse_f: 1.0531e-03, total loss: 1.6098e-03, Error: 2.3908e-03, Error v: 1.1399e-03
It: 11300, Time: 6.95, mse_0: 2.3901e-04, mse_f: 1.0420e-03, total loss: 1.5937e-03, Error: 2.3613e-03, Error v: 1.1610e-03
It: 11400, Time: 7.12, mse_0: 2.3715e-04, mse_f: 1.0306e-03, total loss: 1.5780e-03, Error: 2.4023e-03, Error v: 1.1469e-03
It: 11500, Time: 6.65, mse_0: 2.3544e-04, mse_f: 1.0185e-03, total loss: 1.5604e-03, Error: 2.5024e-03, Error v: 1.1228e-03
It: 11600, Time: 7.06, mse_0: 2.3408e-04, mse_f: 1.0075e-03, total loss: 1.5425e-03, Error: 2.5732e-03, Error v: 1.1129e-03
It: 11700, Time: 6.83, mse_0: 2.3317e-04, mse_f: 9.9345e-04, total loss: 1.5237e-03, Error: 2.5749e-03, Error v: 1.1127e-03
It: 11800, Time: 6.78, mse_0: 2.3170e-04, mse_f: 9.8407e-04, total loss: 1.5081e-03, Error: 2.5449e-03, Error v: 1.1082e-03
It: 11900, Time: 6.58, mse_0: 2.2904e-04, mse_f: 9.7497e-04, total loss: 1.4922e-03, Error: 2.5248e-03, Error v: 1.1306e-03
It: 12000, Time: 7.00, mse_0: 2.2294e-04, mse_f: 9.6761e-04, total loss: 1.4763e-03, Error: 2.4380e-03, Error v: 1.1082e-03
It: 12100, Time: 6.72, mse_0: 2.2229e-04, mse_f: 9.5785e-04, total loss: 1.4595e-03, Error: 2.4063e-03, Error v: 1.0795e-03
It: 12200, Time: 6.59, mse_0: 2.1930e-04, mse_f: 9.4789e-04, total loss: 1.4445e-03, Error: 2.4493e-03, Error v: 1.0709e-03
It: 12300, Time: 6.53, mse_0: 2.1459e-04, mse_f: 9.4134e-04, total loss: 1.4306e-03, Error: 2.5475e-03, Error v: 1.0762e-03
It: 12400, Time: 6.50, mse_0: 2.1144e-04, mse_f: 9.3290e-04, total loss: 1.4144e-03, Error: 2.6303e-03, Error v: 1.0824e-03
It: 12500, Time: 6.52, mse_0: 2.0913e-04, mse_f: 9.2482e-04, total loss: 1.4003e-03, Error: 2.6083e-03, Error v: 1.0716e-03
It: 12600, Time: 6.49, mse_0: 2.0338e-04, mse_f: 9.2035e-04, total loss: 1.3883e-03, Error: 2.4993e-03, Error v: 1.0705e-03
It: 12700, Time: 6.49, mse_0: 1.9844e-04, mse_f: 9.1213e-04, total loss: 1.3738e-03, Error: 2.4452e-03, Error v: 1.0692e-03
It: 12800, Time: 6.49, mse_0: 1.9489e-04, mse_f: 9.0102e-04, total loss: 1.3560e-03, Error: 2.3012e-03, Error v: 1.0629e-03
It: 12900, Time: 6.50, mse_0: 1.9153e-04, mse_f: 8.9176e-04, total loss: 1.3395e-03, Error: 2.2401e-03, Error v: 1.0412e-03
It: 13000, Time: 6.47, mse_0: 1.8496e-04, mse_f: 8.8456e-04, total loss: 1.3247e-03, Error: 2.2137e-03, Error v: 1.0395e-03
It: 13100, Time: 6.49, mse_0: 1.8337e-04, mse_f: 8.7652e-04, total loss: 1.3093e-03, Error: 2.2524e-03, Error v: 1.0555e-03
It: 13200, Time: 6.49, mse_0: 1.7884e-04, mse_f: 8.6750e-04, total loss: 1.2962e-03, Error: 2.2856e-03, Error v: 1.0623e-03
It: 13300, Time: 6.49, mse_0: 1.7496e-04, mse_f: 8.5920e-04, total loss: 1.2825e-03, Error: 2.4199e-03, Error v: 1.0599e-03
It: 13400, Time: 6.50, mse_0: 1.7039e-04, mse_f: 8.5375e-04, total loss: 1.2674e-03, Error: 2.4519e-03, Error v: 1.0874e-03
It: 13500, Time: 6.47, mse_0: 1.6853e-04, mse_f: 8.4567e-04, total loss: 1.2547e-03, Error: 2.4750e-03, Error v: 1.0813e-03
It: 13600, Time: 6.56, mse_0: 1.6773e-04, mse_f: 8.3767e-04, total loss: 1.2413e-03, Error: 2.4401e-03, Error v: 1.1300e-03
It: 13700, Time: 6.53, mse_0: 1.6892e-04, mse_f: 8.2558e-04, total loss: 1.2246e-03, Error: 2.4984e-03, Error v: 1.1051e-03
It: 13800, Time: 6.50, mse_0: 1.6559e-04, mse_f: 8.1662e-04, total loss: 1.2127e-03, Error: 2.4209e-03, Error v: 1.1110e-03
It: 13900, Time: 6.49, mse_0: 1.6529e-04, mse_f: 8.0655e-04, total loss: 1.2003e-03, Error: 2.4303e-03, Error v: 1.1176e-03
It: 14000, Time: 6.50, mse_0: 1.6280e-04, mse_f: 7.9533e-04, total loss: 1.1857e-03, Error: 2.4998e-03, Error v: 1.0943e-03
It: 14100, Time: 6.53, mse_0: 1.5848e-04, mse_f: 7.8841e-04, total loss: 1.1736e-03, Error: 2.4430e-03, Error v: 1.0443e-03
It: 14200, Time: 6.50, mse_0: 1.5541e-04, mse_f: 7.8265e-04, total loss: 1.1631e-03, Error: 2.3684e-03, Error v: 1.0356e-03
It: 14300, Time: 6.52, mse_0: 1.5649e-04, mse_f: 7.7598e-04, total loss: 1.1524e-03, Error: 2.3525e-03, Error v: 1.0176e-03
It: 14400, Time: 6.52, mse_0: 1.5625e-04, mse_f: 7.6657e-04, total loss: 1.1393e-03, Error: 2.4161e-03, Error v: 1.0134e-03
It: 14500, Time: 6.53, mse_0: 1.5244e-04, mse_f: 7.6070e-04, total loss: 1.1282e-03, Error: 2.4302e-03, Error v: 9.9871e-04
It: 14600, Time: 6.88, mse_0: 1.4559e-04, mse_f: 7.5567e-04, total loss: 1.1171e-03, Error: 2.4520e-03, Error v: 9.9544e-04
It: 14700, Time: 7.03, mse_0: 1.4538e-04, mse_f: 7.5073e-04, total loss: 1.1080e-03, Error: 2.4682e-03, Error v: 9.7627e-04
It: 14800, Time: 6.56, mse_0: 1.4149e-04, mse_f: 7.4547e-04, total loss: 1.0975e-03, Error: 2.5487e-03, Error v: 9.8004e-04
It: 14900, Time: 6.53, mse_0: 1.3975e-04, mse_f: 7.3658e-04, total loss: 1.0873e-03, Error: 2.4749e-03, Error v: 9.8508e-04
It: 15000, Time: 6.53, mse_0: 1.3829e-04, mse_f: 7.3003e-04, total loss: 1.0767e-03, Error: 2.4406e-03, Error v: 9.8616e-04
Error u: 2.440551e-03
Error v: 9.861553e-04
ferru =  0.00014403692
ferrv =  0.0001248384
Error u: 2.384860e-03
Error v: 1.744985e-03
NeuralNet(
  (network): Sequential(
    (0): Linear(in_features=3, out_features=64, bias=True)
    (1): Tanh()
    (2): Linear(in_features=64, out_features=64, bias=True)
    (3): Tanh()
    (4): Linear(in_features=64, out_features=64, bias=True)
    (5): Tanh()
    (6): Linear(in_features=64, out_features=64, bias=True)
    (7): Tanh()
    (8): Linear(in_features=64, out_features=64, bias=True)
    (9): Tanh()
    (10): Linear(in_features=64, out_features=64, bias=True)
    (11): Tanh()
    (12): Linear(in_features=64, out_features=2, bias=True)
  )
)
starting Adam training
It: 100, Time: 5.63, mse_0: 2.7926e+01, mse_f: 3.7290e-03, total loss: 6.4081e+01, Error: 1.0328e+00, Error v: 7.6583e-01
It: 200, Time: 5.64, mse_0: 3.1210e+01, mse_f: 1.5474e-02, total loss: 3.2587e+01, Error: 1.2129e+00, Error v: 8.1104e-01
It: 300, Time: 5.66, mse_0: 2.6677e+01, mse_f: 1.1907e-01, total loss: 2.3895e+01, Error: 9.9562e-01, Error v: 6.8626e-01
It: 400, Time: 5.66, mse_0: 2.6659e+01, mse_f: 1.8890e-01, total loss: 2.2831e+01, Error: 1.0223e+00, Error v: 9.1582e-01
It: 500, Time: 5.75, mse_0: 2.6249e+01, mse_f: 2.2390e-01, total loss: 2.0697e+01, Error: 9.7274e-01, Error v: 7.8567e-01
It: 600, Time: 5.63, mse_0: 2.5762e+01, mse_f: 2.4922e-01, total loss: 2.0463e+01, Error: 9.5826e-01, Error v: 8.3572e-01
It: 700, Time: 5.63, mse_0: 2.4847e+01, mse_f: 3.1932e-01, total loss: 1.9976e+01, Error: 9.4075e-01, Error v: 9.1717e-01
It: 800, Time: 5.60, mse_0: 2.4269e+01, mse_f: 3.7031e-01, total loss: 1.9492e+01, Error: 9.4257e-01, Error v: 8.6822e-01
It: 900, Time: 5.74, mse_0: 2.3637e+01, mse_f: 4.7625e-01, total loss: 1.8947e+01, Error: 9.4985e-01, Error v: 8.3210e-01
It: 1000, Time: 5.69, mse_0: 2.4362e+01, mse_f: 4.8878e-01, total loss: 1.8468e+01, Error: 9.5623e-01, Error v: 7.5012e-01
It: 1100, Time: 5.66, mse_0: 2.5037e+01, mse_f: 3.6220e-01, total loss: 1.9176e+01, Error: 9.5280e-01, Error v: 7.5715e-01
It: 1200, Time: 5.66, mse_0: 2.4371e+01, mse_f: 4.2039e-01, total loss: 1.7900e+01, Error: 9.3790e-01, Error v: 6.5544e-01
It: 1300, Time: 5.83, mse_0: 2.3755e+01, mse_f: 4.6211e-01, total loss: 1.6974e+01, Error: 9.3834e-01, Error v: 7.1386e-01
It: 1400, Time: 5.66, mse_0: 2.3337e+01, mse_f: 5.9083e-01, total loss: 1.6234e+01, Error: 9.3907e-01, Error v: 7.0370e-01
It: 1500, Time: 5.74, mse_0: 2.2742e+01, mse_f: 6.5983e-01, total loss: 1.5723e+01, Error: 9.4025e-01, Error v: 7.0732e-01
It: 1600, Time: 5.91, mse_0: 2.2341e+01, mse_f: 6.5578e-01, total loss: 1.5294e+01, Error: 9.4370e-01, Error v: 6.6746e-01
It: 1700, Time: 5.78, mse_0: 2.1438e+01, mse_f: 5.8708e-01, total loss: 1.5482e+01, Error: 9.4018e-01, Error v: 9.8474e-01
It: 1800, Time: 5.69, mse_0: 2.1473e+01, mse_f: 5.6902e-01, total loss: 1.5556e+01, Error: 9.5050e-01, Error v: 6.6758e-01
It: 1900, Time: 5.88, mse_0: 1.9825e+01, mse_f: 7.6614e-01, total loss: 1.4482e+01, Error: 9.4916e-01, Error v: 6.5037e-01
It: 2000, Time: 6.21, mse_0: 1.7879e+01, mse_f: 8.4227e-01, total loss: 1.3363e+01, Error: 9.3942e-01, Error v: 7.2854e-01
It: 2100, Time: 5.84, mse_0: 1.3181e+01, mse_f: 1.1089e+00, total loss: 1.1456e+01, Error: 9.1540e-01, Error v: 6.9987e-01
It: 2200, Time: 5.83, mse_0: 7.2011e+00, mse_f: 1.4263e+00, total loss: 8.6550e+00, Error: 8.3846e-01, Error v: 7.2835e-01
It: 2300, Time: 5.89, mse_0: 5.0035e+00, mse_f: 1.3578e+00, total loss: 7.5035e+00, Error: 8.4800e-01, Error v: 6.3116e-01
It: 2400, Time: 5.87, mse_0: 2.6152e+00, mse_f: 1.3799e+00, total loss: 5.9857e+00, Error: 7.4324e-01, Error v: 6.7034e-01
It: 2500, Time: 5.99, mse_0: 2.3369e+00, mse_f: 1.2895e+00, total loss: 5.4936e+00, Error: 6.9224e-01, Error v: 6.7843e-01
It: 2600, Time: 6.10, mse_0: 1.7588e+00, mse_f: 1.3443e+00, total loss: 4.8138e+00, Error: 6.7387e-01, Error v: 6.5801e-01
It: 2700, Time: 5.83, mse_0: 1.6489e+00, mse_f: 1.2463e+00, total loss: 4.2479e+00, Error: 6.5584e-01, Error v: 6.3880e-01
It: 2800, Time: 5.80, mse_0: 1.3536e+00, mse_f: 1.2014e+00, total loss: 3.7949e+00, Error: 6.2852e-01, Error v: 6.0352e-01
It: 2900, Time: 5.67, mse_0: 1.2594e+00, mse_f: 1.0754e+00, total loss: 3.4381e+00, Error: 6.0301e-01, Error v: 5.6851e-01
It: 3000, Time: 5.66, mse_0: 1.3133e+00, mse_f: 9.8319e-01, total loss: 3.1932e+00, Error: 5.5937e-01, Error v: 4.9436e-01
It: 3100, Time: 5.70, mse_0: 1.0233e+00, mse_f: 9.8947e-01, total loss: 3.3130e+00, Error: 6.2774e-01, Error v: 6.2835e-01
It: 3200, Time: 5.64, mse_0: 9.6025e-01, mse_f: 9.2387e-01, total loss: 2.9164e+00, Error: 5.1574e-01, Error v: 4.7804e-01
It: 3300, Time: 5.67, mse_0: 1.0428e+00, mse_f: 8.4252e-01, total loss: 2.6603e+00, Error: 4.8942e-01, Error v: 4.4556e-01
It: 3400, Time: 5.72, mse_0: 1.0253e+00, mse_f: 7.6813e-01, total loss: 2.4685e+00, Error: 4.6957e-01, Error v: 4.4041e-01
It: 3500, Time: 5.81, mse_0: 7.9047e-01, mse_f: 6.9839e-01, total loss: 2.2053e+00, Error: 4.6322e-01, Error v: 4.4595e-01
It: 3600, Time: 5.78, mse_0: 1.0833e+00, mse_f: 6.5577e-01, total loss: 2.6335e+00, Error: 4.7593e-01, Error v: 4.7834e-01
It: 3700, Time: 6.09, mse_0: 8.2707e-01, mse_f: 5.9072e-01, total loss: 2.0694e+00, Error: 3.9163e-01, Error v: 3.9834e-01
It: 3800, Time: 6.19, mse_0: 6.4989e-01, mse_f: 5.3773e-01, total loss: 1.8174e+00, Error: 3.4381e-01, Error v: 3.7314e-01
It: 3900, Time: 5.78, mse_0: 5.3981e-01, mse_f: 4.8586e-01, total loss: 1.5784e+00, Error: 3.1809e-01, Error v: 3.6268e-01
It: 4000, Time: 5.96, mse_0: 7.9133e-01, mse_f: 4.0367e-01, total loss: 1.8527e+00, Error: 2.1673e-01, Error v: 2.8098e-01
It: 4100, Time: 5.95, mse_0: 5.8198e-01, mse_f: 4.1267e-01, total loss: 1.4070e+00, Error: 2.1214e-01, Error v: 2.9711e-01
It: 4200, Time: 5.72, mse_0: 4.7658e-01, mse_f: 3.8599e-01, total loss: 1.2435e+00, Error: 2.2602e-01, Error v: 3.2811e-01
It: 4300, Time: 6.06, mse_0: 3.7359e-01, mse_f: 3.5795e-01, total loss: 1.0433e+00, Error: 2.0825e-01, Error v: 3.1791e-01
It: 4400, Time: 6.02, mse_0: 3.7712e-01, mse_f: 3.1976e-01, total loss: 1.0043e+00, Error: 1.5046e-01, Error v: 2.6534e-01
It: 4500, Time: 5.81, mse_0: 3.0791e-01, mse_f: 3.0766e-01, total loss: 1.2386e+00, Error: 2.1811e-01, Error v: 3.4981e-01
It: 4600, Time: 6.03, mse_0: 2.7129e-01, mse_f: 3.0356e-01, total loss: 9.7146e-01, Error: 1.7865e-01, Error v: 3.0885e-01
It: 4700, Time: 6.11, mse_0: 2.8330e-01, mse_f: 2.8376e-01, total loss: 7.6925e-01, Error: 1.3820e-01, Error v: 2.5664e-01
It: 4800, Time: 5.85, mse_0: 2.2118e-01, mse_f: 2.6136e-01, total loss: 6.7760e-01, Error: 1.3162e-01, Error v: 2.4701e-01
It: 4900, Time: 6.28, mse_0: 3.2095e-01, mse_f: 2.5021e-01, total loss: 1.0069e+00, Error: 1.2065e-01, Error v: 2.0206e-01
It: 5000, Time: 6.14, mse_0: 2.0990e-01, mse_f: 2.2002e-01, total loss: 9.5523e-01, Error: 1.6527e-01, Error v: 2.8645e-01
It: 5100, Time: 5.97, mse_0: 1.9237e-01, mse_f: 2.1841e-01, total loss: 5.7954e-01, Error: 1.1032e-01, Error v: 2.0997e-01
It: 5200, Time: 6.06, mse_0: 1.7245e-01, mse_f: 2.0578e-01, total loss: 5.2096e-01, Error: 1.1860e-01, Error v: 2.1998e-01
It: 5300, Time: 5.91, mse_0: 1.4578e-01, mse_f: 1.8561e-01, total loss: 4.7732e-01, Error: 1.1592e-01, Error v: 2.0059e-01
It: 5400, Time: 5.99, mse_0: 1.5316e-01, mse_f: 1.7820e-01, total loss: 4.7187e-01, Error: 9.4951e-02, Error v: 1.6198e-01
It: 5500, Time: 5.99, mse_0: 1.6575e-01, mse_f: 1.6744e-01, total loss: 5.0113e-01, Error: 9.6740e-02, Error v: 1.5849e-01
It: 5600, Time: 5.86, mse_0: 1.4516e-01, mse_f: 1.5500e-01, total loss: 4.5711e-01, Error: 8.4804e-02, Error v: 1.3397e-01
It: 5700, Time: 5.89, mse_0: 1.2708e-01, mse_f: 1.4373e-01, total loss: 4.0182e-01, Error: 8.5404e-02, Error v: 1.2654e-01
It: 5800, Time: 6.02, mse_0: 9.8989e-02, mse_f: 1.2328e-01, total loss: 4.2483e-01, Error: 1.0962e-01, Error v: 1.3938e-01
It: 5900, Time: 5.86, mse_0: 9.0513e-02, mse_f: 1.1552e-01, total loss: 3.5046e-01, Error: 7.7436e-02, Error v: 1.0998e-01
It: 6000, Time: 6.00, mse_0: 8.8578e-02, mse_f: 1.0691e-01, total loss: 3.9677e-01, Error: 1.0840e-01, Error v: 1.2810e-01
It: 6100, Time: 6.06, mse_0: 7.7655e-02, mse_f: 1.1092e-01, total loss: 2.8675e-01, Error: 7.2069e-02, Error v: 1.0295e-01
It: 6200, Time: 5.77, mse_0: 6.7685e-02, mse_f: 1.0242e-01, total loss: 3.2698e-01, Error: 8.6437e-02, Error v: 1.0953e-01
It: 6300, Time: 5.89, mse_0: 5.9824e-02, mse_f: 1.0276e-01, total loss: 2.6530e-01, Error: 7.6670e-02, Error v: 1.0236e-01
It: 6400, Time: 6.08, mse_0: 5.2064e-02, mse_f: 9.7239e-02, total loss: 2.5075e-01, Error: 7.5590e-02, Error v: 9.7831e-02
It: 6500, Time: 5.94, mse_0: 5.0438e-02, mse_f: 9.5439e-02, total loss: 2.3068e-01, Error: 6.2262e-02, Error v: 8.7515e-02
It: 6600, Time: 6.09, mse_0: 4.4365e-02, mse_f: 8.8488e-02, total loss: 2.3632e-01, Error: 8.3613e-02, Error v: 1.0453e-01
It: 6700, Time: 6.24, mse_0: 4.8670e-02, mse_f: 9.1308e-02, total loss: 2.2933e-01, Error: 6.0633e-02, Error v: 8.3961e-02
It: 6800, Time: 5.86, mse_0: 7.2403e-02, mse_f: 8.8505e-02, total loss: 3.3041e-01, Error: 5.8212e-02, Error v: 8.3208e-02
It: 6900, Time: 5.97, mse_0: 6.0750e-02, mse_f: 8.3695e-02, total loss: 2.6553e-01, Error: 6.7487e-02, Error v: 9.3265e-02
It: 7000, Time: 6.05, mse_0: 3.6574e-02, mse_f: 7.9510e-02, total loss: 1.8475e-01, Error: 6.3768e-02, Error v: 8.0352e-02
It: 7100, Time: 5.95, mse_0: 3.3976e-02, mse_f: 7.2451e-02, total loss: 2.2789e-01, Error: 1.0769e-01, Error v: 1.1900e-01
It: 7200, Time: 6.17, mse_0: 5.8962e-02, mse_f: 7.3853e-02, total loss: 3.0058e-01, Error: 6.7039e-02, Error v: 8.7026e-02
It: 7300, Time: 6.28, mse_0: 3.6935e-02, mse_f: 7.2825e-02, total loss: 1.7688e-01, Error: 5.9804e-02, Error v: 7.4750e-02
It: 7400, Time: 5.84, mse_0: 2.7033e-02, mse_f: 6.6796e-02, total loss: 1.4717e-01, Error: 5.3569e-02, Error v: 7.3096e-02
It: 7500, Time: 6.03, mse_0: 2.7531e-02, mse_f: 6.1732e-02, total loss: 1.4618e-01, Error: 5.4179e-02, Error v: 6.5692e-02
It: 7600, Time: 6.03, mse_0: 4.1491e-02, mse_f: 6.0394e-02, total loss: 2.7040e-01, Error: 5.5917e-02, Error v: 7.4504e-02
It: 7700, Time: 5.86, mse_0: 2.6988e-02, mse_f: 5.8942e-02, total loss: 1.3736e-01, Error: 5.6001e-02, Error v: 6.2302e-02
It: 7800, Time: 6.21, mse_0: 2.3804e-02, mse_f: 5.3210e-02, total loss: 1.3118e-01, Error: 5.4621e-02, Error v: 6.5208e-02
It: 7900, Time: 6.08, mse_0: 2.1342e-02, mse_f: 5.0988e-02, total loss: 1.1477e-01, Error: 4.2521e-02, Error v: 4.6144e-02
It: 8000, Time: 5.77, mse_0: 2.6660e-02, mse_f: 4.8896e-02, total loss: 1.5529e-01, Error: 4.5066e-02, Error v: 4.2918e-02
It: 8100, Time: 6.03, mse_0: 1.4450e-02, mse_f: 4.1904e-02, total loss: 9.9670e-02, Error: 4.9082e-02, Error v: 5.9274e-02
It: 8200, Time: 6.00, mse_0: 3.4486e-02, mse_f: 4.3092e-02, total loss: 1.9036e-01, Error: 5.2108e-02, Error v: 4.5253e-02
It: 8300, Time: 5.70, mse_0: 1.7569e-02, mse_f: 3.8439e-02, total loss: 1.0171e-01, Error: 4.4129e-02, Error v: 5.3357e-02
It: 8400, Time: 5.98, mse_0: 1.7346e-02, mse_f: 3.4848e-02, total loss: 1.0265e-01, Error: 4.1915e-02, Error v: 4.9465e-02
It: 8500, Time: 6.08, mse_0: 1.1260e-02, mse_f: 3.1337e-02, total loss: 8.3348e-02, Error: 4.3341e-02, Error v: 5.0872e-02
It: 8600, Time: 6.03, mse_0: 1.6785e-02, mse_f: 2.9684e-02, total loss: 8.8370e-02, Error: 4.6108e-02, Error v: 4.8328e-02
It: 8700, Time: 6.02, mse_0: 1.8248e-02, mse_f: 2.7963e-02, total loss: 9.8443e-02, Error: 4.7574e-02, Error v: 4.9555e-02
It: 8800, Time: 6.00, mse_0: 1.5587e-02, mse_f: 2.4858e-02, total loss: 1.3291e-01, Error: 5.6914e-02, Error v: 6.6240e-02
It: 8900, Time: 5.85, mse_0: 1.4073e-02, mse_f: 2.4952e-02, total loss: 7.8905e-02, Error: 4.9065e-02, Error v: 4.1986e-02
It: 9000, Time: 6.22, mse_0: 1.3750e-02, mse_f: 2.2749e-02, total loss: 6.2626e-02, Error: 3.9038e-02, Error v: 3.7664e-02
It: 9100, Time: 6.08, mse_0: 1.9818e-02, mse_f: 2.2615e-02, total loss: 7.5075e-02, Error: 4.3284e-02, Error v: 3.8385e-02
It: 9200, Time: 5.86, mse_0: 9.0464e-03, mse_f: 2.0799e-02, total loss: 6.8344e-02, Error: 2.9375e-02, Error v: 3.5010e-02
It: 9300, Time: 6.08, mse_0: 7.5963e-03, mse_f: 1.9238e-02, total loss: 6.4751e-02, Error: 3.4991e-02, Error v: 4.1535e-02
It: 9400, Time: 5.97, mse_0: 8.5607e-03, mse_f: 1.7642e-02, total loss: 6.8000e-02, Error: 4.1786e-02, Error v: 4.4930e-02
It: 9500, Time: 5.89, mse_0: 1.3985e-02, mse_f: 1.6782e-02, total loss: 5.4069e-02, Error: 4.0222e-02, Error v: 3.3946e-02
It: 9600, Time: 6.06, mse_0: 1.3218e-02, mse_f: 1.5857e-02, total loss: 7.3006e-02, Error: 4.6153e-02, Error v: 4.8964e-02
It: 9700, Time: 5.94, mse_0: 6.2932e-03, mse_f: 1.6151e-02, total loss: 3.3957e-02, Error: 2.7427e-02, Error v: 3.7028e-02
It: 9800, Time: 5.92, mse_0: 2.3806e-02, mse_f: 1.6564e-02, total loss: 9.2011e-02, Error: 3.7804e-02, Error v: 2.6262e-02
It: 9900, Time: 6.08, mse_0: 1.5859e-02, mse_f: 1.5050e-02, total loss: 5.5858e-02, Error: 2.8145e-02, Error v: 2.4762e-02
It: 10000, Time: 5.86, mse_0: 1.2922e-02, mse_f: 1.3279e-02, total loss: 5.3792e-02, Error: 4.0654e-02, Error v: 3.1226e-02
It: 10100, Time: 5.89, mse_0: 1.2250e-02, mse_f: 1.3759e-02, total loss: 5.1454e-02, Error: 3.2513e-02, Error v: 2.2403e-02
It: 10200, Time: 6.10, mse_0: 9.8789e-03, mse_f: 1.2070e-02, total loss: 7.6233e-02, Error: 4.1819e-02, Error v: 4.4728e-02
It: 10300, Time: 5.91, mse_0: 1.2751e-02, mse_f: 1.2530e-02, total loss: 4.4486e-02, Error: 2.6618e-02, Error v: 2.4645e-02
It: 10400, Time: 5.82, mse_0: 9.7474e-03, mse_f: 1.1163e-02, total loss: 5.4997e-02, Error: 3.2875e-02, Error v: 3.4546e-02
It: 10500, Time: 6.08, mse_0: 7.9868e-03, mse_f: 1.1331e-02, total loss: 3.1700e-02, Error: 3.3717e-02, Error v: 1.8755e-02
It: 10600, Time: 6.07, mse_0: 4.9963e-03, mse_f: 1.1018e-02, total loss: 3.9826e-02, Error: 2.3084e-02, Error v: 3.4009e-02
It: 10700, Time: 6.00, mse_0: 1.3600e-02, mse_f: 1.0453e-02, total loss: 5.2785e-02, Error: 3.4135e-02, Error v: 2.9372e-02
It: 10800, Time: 6.47, mse_0: 8.2035e-03, mse_f: 9.7431e-03, total loss: 5.0334e-02, Error: 3.3952e-02, Error v: 3.1692e-02
It: 10900, Time: 5.94, mse_0: 4.1041e-03, mse_f: 9.8345e-03, total loss: 4.7452e-02, Error: 2.1125e-02, Error v: 3.0365e-02
It: 11000, Time: 6.02, mse_0: 7.8204e-03, mse_f: 9.3173e-03, total loss: 4.0370e-02, Error: 3.5168e-02, Error v: 2.6102e-02
It: 11100, Time: 6.09, mse_0: 4.3133e-03, mse_f: 9.1315e-03, total loss: 2.4437e-02, Error: 2.1644e-02, Error v: 1.7991e-02
It: 11200, Time: 5.97, mse_0: 8.8328e-03, mse_f: 9.5992e-03, total loss: 5.7479e-02, Error: 2.1094e-02, Error v: 3.0824e-02
It: 11300, Time: 6.05, mse_0: 9.1721e-03, mse_f: 9.1456e-03, total loss: 4.1639e-02, Error: 2.2815e-02, Error v: 1.7485e-02
It: 11400, Time: 6.31, mse_0: 3.5212e-03, mse_f: 8.2534e-03, total loss: 1.9201e-02, Error: 1.9071e-02, Error v: 2.1963e-02
It: 11500, Time: 5.78, mse_0: 9.8683e-03, mse_f: 8.4209e-03, total loss: 3.3181e-02, Error: 2.8271e-02, Error v: 1.7662e-02
It: 11600, Time: 5.92, mse_0: 3.9466e-03, mse_f: 7.6088e-03, total loss: 2.7711e-02, Error: 2.3161e-02, Error v: 3.2195e-02
It: 11700, Time: 6.25, mse_0: 1.5428e-02, mse_f: 7.5639e-03, total loss: 5.4104e-02, Error: 4.2803e-02, Error v: 3.1064e-02
It: 11800, Time: 5.78, mse_0: 6.2784e-03, mse_f: 7.5827e-03, total loss: 2.4820e-02, Error: 1.8300e-02, Error v: 1.6180e-02
It: 11900, Time: 5.94, mse_0: 1.1274e-02, mse_f: 7.6629e-03, total loss: 5.1486e-02, Error: 2.3216e-02, Error v: 2.0338e-02
It: 12000, Time: 6.24, mse_0: 6.2946e-03, mse_f: 6.5785e-03, total loss: 3.9357e-02, Error: 3.0482e-02, Error v: 2.4266e-02
It: 12100, Time: 5.75, mse_0: 6.1700e-03, mse_f: 7.2010e-03, total loss: 3.8512e-02, Error: 1.7097e-02, Error v: 2.8844e-02
It: 12200, Time: 5.99, mse_0: 7.6043e-03, mse_f: 6.1509e-03, total loss: 4.9637e-02, Error: 3.1850e-02, Error v: 3.4347e-02
It: 12300, Time: 5.92, mse_0: 2.5442e-03, mse_f: 6.1495e-03, total loss: 2.4138e-02, Error: 1.8671e-02, Error v: 2.1999e-02
It: 12400, Time: 5.84, mse_0: 9.9885e-03, mse_f: 5.8563e-03, total loss: 5.6044e-02, Error: 3.6954e-02, Error v: 2.4941e-02
It: 12500, Time: 6.30, mse_0: 5.8672e-03, mse_f: 5.6240e-03, total loss: 3.2922e-02, Error: 3.0134e-02, Error v: 1.7639e-02
It: 12600, Time: 6.33, mse_0: 4.7301e-03, mse_f: 5.8282e-03, total loss: 1.7307e-02, Error: 1.5254e-02, Error v: 1.3690e-02
It: 12700, Time: 5.89, mse_0: 2.6713e-03, mse_f: 5.5954e-03, total loss: 2.1315e-02, Error: 1.6586e-02, Error v: 2.6922e-02
It: 12800, Time: 6.10, mse_0: 5.2175e-03, mse_f: 5.8587e-03, total loss: 3.4147e-02, Error: 1.8442e-02, Error v: 2.7051e-02
It: 12900, Time: 6.02, mse_0: 4.5387e-03, mse_f: 5.5383e-03, total loss: 2.3692e-02, Error: 1.3754e-02, Error v: 1.5240e-02
It: 13000, Time: 5.88, mse_0: 4.1732e-03, mse_f: 4.9288e-03, total loss: 3.4153e-02, Error: 2.8836e-02, Error v: 3.0544e-02
It: 13100, Time: 6.05, mse_0: 4.0379e-03, mse_f: 4.8083e-03, total loss: 2.5832e-02, Error: 2.8587e-02, Error v: 2.1457e-02
It: 13200, Time: 5.99, mse_0: 7.9455e-03, mse_f: 4.7538e-03, total loss: 2.5912e-02, Error: 2.3597e-02, Error v: 1.2051e-02
It: 13300, Time: 5.95, mse_0: 2.9105e-03, mse_f: 4.4966e-03, total loss: 2.9287e-02, Error: 2.0979e-02, Error v: 2.7324e-02
It: 13400, Time: 6.22, mse_0: 6.1378e-03, mse_f: 4.2997e-03, total loss: 3.5786e-02, Error: 2.4842e-02, Error v: 2.5516e-02
It: 13500, Time: 6.00, mse_0: 7.8514e-03, mse_f: 4.6760e-03, total loss: 2.5373e-02, Error: 2.0104e-02, Error v: 2.1623e-02
It: 13600, Time: 5.89, mse_0: 6.0494e-03, mse_f: 4.6423e-03, total loss: 2.0289e-02, Error: 2.1785e-02, Error v: 1.0975e-02
It: 13700, Time: 6.16, mse_0: 5.3521e-03, mse_f: 4.0468e-03, total loss: 2.1816e-02, Error: 2.0590e-02, Error v: 2.0003e-02
It: 13800, Time: 5.97, mse_0: 2.4074e-03, mse_f: 4.1993e-03, total loss: 1.9414e-02, Error: 2.1752e-02, Error v: 2.6775e-02
It: 13900, Time: 5.81, mse_0: 5.8675e-03, mse_f: 4.0972e-03, total loss: 2.4032e-02, Error: 2.1460e-02, Error v: 1.6557e-02
It: 14000, Time: 6.07, mse_0: 4.9726e-03, mse_f: 3.5199e-03, total loss: 3.5830e-02, Error: 2.9105e-02, Error v: 1.9619e-02
It: 14100, Time: 6.06, mse_0: 4.9074e-03, mse_f: 3.3984e-03, total loss: 3.0012e-02, Error: 2.6482e-02, Error v: 1.9724e-02
It: 14200, Time: 5.80, mse_0: 2.7207e-03, mse_f: 3.2917e-03, total loss: 1.3753e-02, Error: 2.2916e-02, Error v: 1.1093e-02
It: 14300, Time: 6.17, mse_0: 3.4019e-03, mse_f: 3.1850e-03, total loss: 2.0287e-02, Error: 2.1414e-02, Error v: 1.8398e-02
It: 14400, Time: 6.08, mse_0: 2.4479e-03, mse_f: 3.4088e-03, total loss: 2.8841e-02, Error: 1.5740e-02, Error v: 2.4564e-02
It: 14500, Time: 5.85, mse_0: 3.4909e-03, mse_f: 3.1335e-03, total loss: 3.0539e-02, Error: 2.1844e-02, Error v: 1.7383e-02
It: 14600, Time: 5.83, mse_0: 8.9656e-03, mse_f: 3.0197e-03, total loss: 3.3403e-02, Error: 3.1314e-02, Error v: 1.9015e-02
It: 14700, Time: 5.99, mse_0: 3.7313e-03, mse_f: 3.0374e-03, total loss: 1.2120e-02, Error: 2.2030e-02, Error v: 1.0362e-02
It: 14800, Time: 5.94, mse_0: 3.9657e-03, mse_f: 2.6734e-03, total loss: 2.7953e-02, Error: 2.3107e-02, Error v: 2.2760e-02
It: 14900, Time: 6.30, mse_0: 6.7164e-03, mse_f: 2.7688e-03, total loss: 1.7972e-02, Error: 2.2741e-02, Error v: 1.1186e-02
It: 15000, Time: 5.91, mse_0: 5.4145e-03, mse_f: 2.6481e-03, total loss: 1.6733e-02, Error: 3.0113e-02, Error v: 1.5074e-02
It: 15100, Time: 5.86, mse_0: 5.0106e-03, mse_f: 2.7263e-03, total loss: 2.4113e-02, Error: 2.3170e-02, Error v: 1.1058e-02
It: 15200, Time: 6.24, mse_0: 2.4762e-03, mse_f: 2.5818e-03, total loss: 1.4700e-02, Error: 1.0500e-02, Error v: 1.5790e-02
It: 15300, Time: 5.84, mse_0: 4.6243e-03, mse_f: 2.3816e-03, total loss: 2.3368e-02, Error: 2.2495e-02, Error v: 1.6892e-02
It: 15400, Time: 6.00, mse_0: 6.1037e-03, mse_f: 2.5820e-03, total loss: 3.0374e-02, Error: 1.5434e-02, Error v: 1.9439e-02
It: 15500, Time: 6.19, mse_0: 5.4045e-03, mse_f: 2.4224e-03, total loss: 1.6062e-02, Error: 2.1710e-02, Error v: 1.1520e-02
It: 15600, Time: 5.97, mse_0: 3.7555e-03, mse_f: 2.3915e-03, total loss: 1.6602e-02, Error: 1.8597e-02, Error v: 1.0983e-02
It: 15700, Time: 6.06, mse_0: 7.1792e-03, mse_f: 2.2487e-03, total loss: 1.7041e-02, Error: 2.6795e-02, Error v: 9.8023e-03
It: 15800, Time: 6.05, mse_0: 2.1483e-03, mse_f: 2.0321e-03, total loss: 2.1174e-02, Error: 1.5955e-02, Error v: 2.0004e-02
It: 15900, Time: 5.78, mse_0: 8.7514e-04, mse_f: 2.1105e-03, total loss: 6.2229e-03, Error: 1.5236e-02, Error v: 1.0037e-02
It: 16000, Time: 6.02, mse_0: 4.9580e-03, mse_f: 1.9385e-03, total loss: 3.0949e-02, Error: 2.2835e-02, Error v: 1.7310e-02
It: 16100, Time: 6.25, mse_0: 4.4321e-03, mse_f: 1.9072e-03, total loss: 1.7315e-02, Error: 2.8488e-02, Error v: 1.2969e-02
It: 16200, Time: 5.86, mse_0: 1.3830e-03, mse_f: 1.9753e-03, total loss: 9.8054e-03, Error: 9.3963e-03, Error v: 9.6873e-03
It: 16300, Time: 5.92, mse_0: 3.7055e-03, mse_f: 1.7713e-03, total loss: 2.2068e-02, Error: 2.1609e-02, Error v: 1.6067e-02
It: 16400, Time: 6.19, mse_0: 2.3373e-03, mse_f: 1.7450e-03, total loss: 1.8009e-02, Error: 2.2016e-02, Error v: 1.9207e-02
It: 16500, Time: 5.81, mse_0: 3.4277e-03, mse_f: 1.7616e-03, total loss: 1.7761e-02, Error: 2.4921e-02, Error v: 1.7064e-02
It: 16600, Time: 6.10, mse_0: 4.5576e-03, mse_f: 1.8585e-03, total loss: 2.5003e-02, Error: 1.1903e-02, Error v: 1.5810e-02
It: 16700, Time: 6.10, mse_0: 5.4049e-03, mse_f: 1.6341e-03, total loss: 2.3561e-02, Error: 2.0687e-02, Error v: 1.8977e-02
It: 16800, Time: 5.91, mse_0: 3.0354e-03, mse_f: 1.6127e-03, total loss: 1.9610e-02, Error: 1.9606e-02, Error v: 1.6709e-02
It: 16900, Time: 6.16, mse_0: 3.2562e-03, mse_f: 1.5575e-03, total loss: 1.7859e-02, Error: 2.1810e-02, Error v: 1.7335e-02
It: 17000, Time: 6.16, mse_0: 4.1022e-03, mse_f: 1.5731e-03, total loss: 1.5211e-02, Error: 2.0346e-02, Error v: 9.8195e-03
starting L-BFGS training
It: 100, Time: 6.38, mse_0: 2.7231e-04, mse_f: 1.4779e-03, total loss: 2.2287e-03, Error: 6.7716e-03, Error v: 4.6669e-03
It: 200, Time: 7.33, mse_0: 2.6262e-04, mse_f: 1.3755e-03, total loss: 2.1243e-03, Error: 8.0981e-03, Error v: 4.7331e-03
It: 300, Time: 7.17, mse_0: 2.5858e-04, mse_f: 1.3335e-03, total loss: 2.0500e-03, Error: 8.0955e-03, Error v: 4.9302e-03
It: 400, Time: 7.21, mse_0: 2.3976e-04, mse_f: 1.2779e-03, total loss: 1.9741e-03, Error: 7.6205e-03, Error v: 4.7731e-03
It: 500, Time: 6.95, mse_0: 2.2056e-04, mse_f: 1.2285e-03, total loss: 1.8929e-03, Error: 6.9106e-03, Error v: 4.4458e-03
It: 600, Time: 7.24, mse_0: 2.2989e-04, mse_f: 1.1771e-03, total loss: 1.8509e-03, Error: 7.1986e-03, Error v: 4.2737e-03
It: 700, Time: 6.97, mse_0: 2.1135e-04, mse_f: 1.1210e-03, total loss: 1.7638e-03, Error: 6.5818e-03, Error v: 4.3179e-03
It: 800, Time: 7.05, mse_0: 2.0571e-04, mse_f: 1.0950e-03, total loss: 1.7025e-03, Error: 6.8779e-03, Error v: 4.2396e-03
It: 900, Time: 7.24, mse_0: 2.0581e-04, mse_f: 1.0519e-03, total loss: 1.6394e-03, Error: 7.0077e-03, Error v: 4.1955e-03
It: 1000, Time: 6.81, mse_0: 1.8233e-04, mse_f: 1.0178e-03, total loss: 1.5702e-03, Error: 6.2251e-03, Error v: 4.2580e-03
It: 1100, Time: 7.17, mse_0: 1.8545e-04, mse_f: 9.6628e-04, total loss: 1.5065e-03, Error: 6.4815e-03, Error v: 3.9637e-03
It: 1200, Time: 7.08, mse_0: 1.9640e-04, mse_f: 9.1734e-04, total loss: 1.4522e-03, Error: 6.6459e-03, Error v: 3.9659e-03
It: 1300, Time: 6.74, mse_0: 1.9188e-04, mse_f: 8.9258e-04, total loss: 1.3996e-03, Error: 6.9599e-03, Error v: 3.9893e-03
It: 1400, Time: 7.58, mse_0: 1.8467e-04, mse_f: 8.6549e-04, total loss: 1.3488e-03, Error: 6.1865e-03, Error v: 3.9187e-03
It: 1500, Time: 7.14, mse_0: 1.7874e-04, mse_f: 8.4236e-04, total loss: 1.3018e-03, Error: 6.3724e-03, Error v: 3.7788e-03
It: 1600, Time: 6.91, mse_0: 1.6848e-04, mse_f: 8.1878e-04, total loss: 1.2592e-03, Error: 6.4286e-03, Error v: 3.6746e-03
It: 1700, Time: 7.24, mse_0: 1.6488e-04, mse_f: 7.9185e-04, total loss: 1.2173e-03, Error: 6.3876e-03, Error v: 4.1100e-03
It: 1800, Time: 7.06, mse_0: 1.5521e-04, mse_f: 7.6806e-04, total loss: 1.1734e-03, Error: 6.5539e-03, Error v: 3.9752e-03
It: 1900, Time: 7.11, mse_0: 1.5231e-04, mse_f: 7.3549e-04, total loss: 1.1302e-03, Error: 6.6147e-03, Error v: 4.1139e-03
It: 2000, Time: 7.22, mse_0: 1.5444e-04, mse_f: 6.9791e-04, total loss: 1.0937e-03, Error: 6.4200e-03, Error v: 3.7276e-03
It: 2100, Time: 7.03, mse_0: 1.4610e-04, mse_f: 6.7378e-04, total loss: 1.0587e-03, Error: 6.3837e-03, Error v: 3.8451e-03
It: 2200, Time: 7.11, mse_0: 1.4267e-04, mse_f: 6.5895e-04, total loss: 1.0328e-03, Error: 6.2185e-03, Error v: 3.8729e-03
It: 2300, Time: 6.92, mse_0: 1.4002e-04, mse_f: 6.3749e-04, total loss: 1.0050e-03, Error: 6.4427e-03, Error v: 3.6614e-03
It: 2400, Time: 7.03, mse_0: 1.3439e-04, mse_f: 6.1246e-04, total loss: 9.6814e-04, Error: 6.0865e-03, Error v: 3.0882e-03
It: 2500, Time: 7.10, mse_0: 1.2716e-04, mse_f: 5.9600e-04, total loss: 9.3902e-04, Error: 6.2655e-03, Error v: 2.9027e-03
It: 2600, Time: 7.60, mse_0: 1.1869e-04, mse_f: 5.8172e-04, total loss: 9.1244e-04, Error: 5.7783e-03, Error v: 2.8871e-03
It: 2700, Time: 7.02, mse_0: 1.1560e-04, mse_f: 5.7002e-04, total loss: 8.8657e-04, Error: 5.9610e-03, Error v: 2.6964e-03
It: 2800, Time: 6.83, mse_0: 1.1575e-04, mse_f: 5.5285e-04, total loss: 8.6488e-04, Error: 5.4174e-03, Error v: 2.7124e-03
It: 2900, Time: 7.09, mse_0: 1.1645e-04, mse_f: 5.3737e-04, total loss: 8.4534e-04, Error: 5.8172e-03, Error v: 2.7162e-03
It: 3000, Time: 7.28, mse_0: 1.1509e-04, mse_f: 5.1798e-04, total loss: 8.1563e-04, Error: 5.6054e-03, Error v: 2.7287e-03
It: 3100, Time: 7.00, mse_0: 1.0519e-04, mse_f: 4.9840e-04, total loss: 7.9226e-04, Error: 5.7571e-03, Error v: 2.8484e-03
It: 3200, Time: 7.14, mse_0: 1.0479e-04, mse_f: 4.7872e-04, total loss: 7.6820e-04, Error: 5.5569e-03, Error v: 2.7875e-03
It: 3300, Time: 6.83, mse_0: 1.0483e-04, mse_f: 4.6959e-04, total loss: 7.5156e-04, Error: 5.1562e-03, Error v: 2.9126e-03
It: 3400, Time: 7.02, mse_0: 1.0621e-04, mse_f: 4.5178e-04, total loss: 7.3234e-04, Error: 5.6891e-03, Error v: 2.8525e-03
It: 3500, Time: 7.42, mse_0: 9.7822e-05, mse_f: 4.4649e-04, total loss: 7.1237e-04, Error: 5.1895e-03, Error v: 2.7306e-03
It: 3600, Time: 6.77, mse_0: 9.7275e-05, mse_f: 4.4030e-04, total loss: 6.9863e-04, Error: 5.2606e-03, Error v: 2.8956e-03
It: 3700, Time: 7.11, mse_0: 9.7592e-05, mse_f: 4.2980e-04, total loss: 6.8461e-04, Error: 5.5285e-03, Error v: 2.9019e-03
It: 3800, Time: 7.22, mse_0: 9.6654e-05, mse_f: 4.1875e-04, total loss: 6.6680e-04, Error: 5.5844e-03, Error v: 3.0933e-03
It: 3900, Time: 6.94, mse_0: 9.8033e-05, mse_f: 4.1074e-04, total loss: 6.4782e-04, Error: 5.5832e-03, Error v: 2.9263e-03
It: 4000, Time: 7.22, mse_0: 9.7193e-05, mse_f: 4.0541e-04, total loss: 6.3409e-04, Error: 5.3724e-03, Error v: 2.7544e-03
It: 4100, Time: 7.20, mse_0: 9.4897e-05, mse_f: 3.9772e-04, total loss: 6.2001e-04, Error: 5.6083e-03, Error v: 2.8762e-03
It: 4200, Time: 6.97, mse_0: 9.6075e-05, mse_f: 3.8940e-04, total loss: 6.0671e-04, Error: 5.1432e-03, Error v: 3.0541e-03
It: 4300, Time: 7.17, mse_0: 9.8245e-05, mse_f: 3.7971e-04, total loss: 5.9437e-04, Error: 5.2637e-03, Error v: 2.8300e-03
It: 4400, Time: 7.08, mse_0: 9.6072e-05, mse_f: 3.7133e-04, total loss: 5.8169e-04, Error: 5.2272e-03, Error v: 2.8431e-03
It: 4500, Time: 7.30, mse_0: 9.2996e-05, mse_f: 3.6821e-04, total loss: 5.7127e-04, Error: 5.0070e-03, Error v: 2.7749e-03
It: 4600, Time: 7.19, mse_0: 9.2935e-05, mse_f: 3.6205e-04, total loss: 5.5730e-04, Error: 5.3695e-03, Error v: 2.9340e-03
It: 4700, Time: 7.14, mse_0: 8.3333e-05, mse_f: 3.5589e-04, total loss: 5.4310e-04, Error: 4.8549e-03, Error v: 2.9202e-03
It: 4800, Time: 7.25, mse_0: 8.5676e-05, mse_f: 3.4509e-04, total loss: 5.2856e-04, Error: 4.9125e-03, Error v: 2.8086e-03
It: 4900, Time: 7.22, mse_0: 8.3513e-05, mse_f: 3.3426e-04, total loss: 5.1338e-04, Error: 4.9846e-03, Error v: 2.5753e-03
It: 5000, Time: 7.44, mse_0: 8.0741e-05, mse_f: 3.2910e-04, total loss: 5.0392e-04, Error: 4.3505e-03, Error v: 2.4511e-03
It: 5100, Time: 6.89, mse_0: 7.7453e-05, mse_f: 3.2157e-04, total loss: 4.8923e-04, Error: 4.4312e-03, Error v: 2.2474e-03
It: 5200, Time: 7.31, mse_0: 7.5767e-05, mse_f: 3.1527e-04, total loss: 4.7887e-04, Error: 4.5825e-03, Error v: 2.2161e-03
It: 5300, Time: 7.31, mse_0: 7.1714e-05, mse_f: 3.0816e-04, total loss: 4.6775e-04, Error: 4.9335e-03, Error v: 2.1763e-03
It: 5400, Time: 6.77, mse_0: 6.7036e-05, mse_f: 3.0244e-04, total loss: 4.5811e-04, Error: 4.7609e-03, Error v: 2.1733e-03
It: 5500, Time: 7.27, mse_0: 6.3529e-05, mse_f: 2.9826e-04, total loss: 4.4797e-04, Error: 4.8567e-03, Error v: 2.3860e-03
It: 5600, Time: 7.17, mse_0: 6.1692e-05, mse_f: 2.9391e-04, total loss: 4.4123e-04, Error: 4.8248e-03, Error v: 2.4460e-03
It: 5700, Time: 6.99, mse_0: 6.1220e-05, mse_f: 2.8590e-04, total loss: 4.3046e-04, Error: 4.7332e-03, Error v: 2.4189e-03
It: 5800, Time: 6.77, mse_0: 6.1719e-05, mse_f: 2.8046e-04, total loss: 4.2134e-04, Error: 5.0532e-03, Error v: 2.2572e-03
It: 5900, Time: 6.70, mse_0: 6.0475e-05, mse_f: 2.7673e-04, total loss: 4.1379e-04, Error: 4.8346e-03, Error v: 2.2712e-03
It: 6000, Time: 6.66, mse_0: 5.8583e-05, mse_f: 2.7116e-04, total loss: 4.0700e-04, Error: 4.8616e-03, Error v: 2.1425e-03
It: 6100, Time: 6.58, mse_0: 5.7585e-05, mse_f: 2.6627e-04, total loss: 4.0025e-04, Error: 4.8745e-03, Error v: 2.1873e-03
It: 6200, Time: 6.52, mse_0: 5.4861e-05, mse_f: 2.6255e-04, total loss: 3.9334e-04, Error: 5.1700e-03, Error v: 2.2059e-03
It: 6300, Time: 6.52, mse_0: 5.5219e-05, mse_f: 2.5646e-04, total loss: 3.8578e-04, Error: 4.8526e-03, Error v: 2.1958e-03
It: 6400, Time: 6.55, mse_0: 5.3535e-05, mse_f: 2.4839e-04, total loss: 3.7773e-04, Error: 4.8588e-03, Error v: 2.1447e-03
It: 6500, Time: 6.64, mse_0: 5.1242e-05, mse_f: 2.4184e-04, total loss: 3.6850e-04, Error: 4.9903e-03, Error v: 2.0950e-03
It: 6600, Time: 6.55, mse_0: 5.0009e-05, mse_f: 2.3568e-04, total loss: 3.6069e-04, Error: 4.7180e-03, Error v: 2.1562e-03
It: 6700, Time: 6.55, mse_0: 4.8678e-05, mse_f: 2.3144e-04, total loss: 3.5370e-04, Error: 5.0174e-03, Error v: 2.1767e-03
It: 6800, Time: 6.52, mse_0: 4.7179e-05, mse_f: 2.2785e-04, total loss: 3.4670e-04, Error: 4.6332e-03, Error v: 2.2274e-03
It: 6900, Time: 6.52, mse_0: 4.7770e-05, mse_f: 2.2271e-04, total loss: 3.3906e-04, Error: 4.8434e-03, Error v: 2.2382e-03
It: 7000, Time: 6.53, mse_0: 4.4728e-05, mse_f: 2.2034e-04, total loss: 3.3287e-04, Error: 4.4874e-03, Error v: 2.3732e-03
It: 7100, Time: 6.53, mse_0: 4.3785e-05, mse_f: 2.1794e-04, total loss: 3.2785e-04, Error: 4.5641e-03, Error v: 2.3770e-03
It: 7200, Time: 6.52, mse_0: 4.5194e-05, mse_f: 2.1544e-04, total loss: 3.2266e-04, Error: 4.6469e-03, Error v: 2.3137e-03
It: 7300, Time: 6.58, mse_0: 4.5110e-05, mse_f: 2.1067e-04, total loss: 3.1615e-04, Error: 4.4799e-03, Error v: 2.2722e-03
It: 7400, Time: 6.56, mse_0: 4.3358e-05, mse_f: 2.0677e-04, total loss: 3.1091e-04, Error: 4.5519e-03, Error v: 2.1928e-03
It: 7500, Time: 6.66, mse_0: 4.2324e-05, mse_f: 2.0377e-04, total loss: 3.0642e-04, Error: 4.4986e-03, Error v: 2.2298e-03
It: 7600, Time: 6.86, mse_0: 4.2626e-05, mse_f: 2.0078e-04, total loss: 3.0196e-04, Error: 4.4544e-03, Error v: 2.1609e-03
It: 7700, Time: 6.53, mse_0: 4.1950e-05, mse_f: 1.9767e-04, total loss: 2.9695e-04, Error: 4.3529e-03, Error v: 2.1835e-03
It: 7800, Time: 6.56, mse_0: 4.1011e-05, mse_f: 1.9429e-04, total loss: 2.9259e-04, Error: 4.6615e-03, Error v: 2.1945e-03
It: 7900, Time: 6.56, mse_0: 4.0873e-05, mse_f: 1.9119e-04, total loss: 2.8942e-04, Error: 4.4437e-03, Error v: 2.1620e-03
It: 8000, Time: 6.81, mse_0: 4.2022e-05, mse_f: 1.8804e-04, total loss: 2.8606e-04, Error: 4.5064e-03, Error v: 2.1136e-03
It: 8100, Time: 7.00, mse_0: 4.3042e-05, mse_f: 1.8437e-04, total loss: 2.8189e-04, Error: 4.7130e-03, Error v: 2.1247e-03
It: 8200, Time: 6.80, mse_0: 4.3361e-05, mse_f: 1.8077e-04, total loss: 2.7763e-04, Error: 4.7910e-03, Error v: 2.0027e-03
It: 8300, Time: 7.20, mse_0: 4.4387e-05, mse_f: 1.7664e-04, total loss: 2.7252e-04, Error: 4.4443e-03, Error v: 1.9838e-03
It: 8400, Time: 7.38, mse_0: 4.2896e-05, mse_f: 1.7420e-04, total loss: 2.6854e-04, Error: 4.4810e-03, Error v: 1.9903e-03
It: 8500, Time: 7.30, mse_0: 4.1927e-05, mse_f: 1.7175e-04, total loss: 2.6493e-04, Error: 4.6256e-03, Error v: 1.9575e-03
It: 8600, Time: 7.41, mse_0: 4.1409e-05, mse_f: 1.6942e-04, total loss: 2.6172e-04, Error: 4.5708e-03, Error v: 1.9462e-03
It: 8700, Time: 7.16, mse_0: 4.1378e-05, mse_f: 1.6756e-04, total loss: 2.5922e-04, Error: 4.3304e-03, Error v: 1.9679e-03
It: 8800, Time: 7.25, mse_0: 4.0586e-05, mse_f: 1.6539e-04, total loss: 2.5646e-04, Error: 4.5308e-03, Error v: 1.9635e-03
It: 8900, Time: 7.10, mse_0: 3.9816e-05, mse_f: 1.6348e-04, total loss: 2.5324e-04, Error: 4.3263e-03, Error v: 1.9821e-03
It: 9000, Time: 6.94, mse_0: 3.9747e-05, mse_f: 1.5952e-04, total loss: 2.4870e-04, Error: 4.5692e-03, Error v: 2.0222e-03
It: 9100, Time: 7.42, mse_0: 3.7735e-05, mse_f: 1.5743e-04, total loss: 2.4366e-04, Error: 4.5354e-03, Error v: 1.9959e-03
It: 9200, Time: 7.27, mse_0: 3.7617e-05, mse_f: 1.5462e-04, total loss: 2.4022e-04, Error: 4.3469e-03, Error v: 1.8970e-03
It: 9300, Time: 6.86, mse_0: 3.6844e-05, mse_f: 1.5166e-04, total loss: 2.3702e-04, Error: 4.1191e-03, Error v: 1.8746e-03
It: 9400, Time: 7.31, mse_0: 3.7014e-05, mse_f: 1.4932e-04, total loss: 2.3411e-04, Error: 4.3083e-03, Error v: 1.8612e-03
It: 9500, Time: 6.89, mse_0: 3.6808e-05, mse_f: 1.4597e-04, total loss: 2.3082e-04, Error: 4.2640e-03, Error v: 1.8171e-03
It: 9600, Time: 7.17, mse_0: 3.7314e-05, mse_f: 1.4354e-04, total loss: 2.2758e-04, Error: 4.4471e-03, Error v: 1.8382e-03
It: 9700, Time: 7.42, mse_0: 3.7969e-05, mse_f: 1.4049e-04, total loss: 2.2389e-04, Error: 4.3907e-03, Error v: 1.8708e-03
It: 9800, Time: 6.94, mse_0: 3.8056e-05, mse_f: 1.3831e-04, total loss: 2.2088e-04, Error: 4.5824e-03, Error v: 1.9061e-03
It: 9900, Time: 7.30, mse_0: 3.7625e-05, mse_f: 1.3626e-04, total loss: 2.1798e-04, Error: 4.4519e-03, Error v: 1.9368e-03
It: 10000, Time: 7.35, mse_0: 3.5697e-05, mse_f: 1.3439e-04, total loss: 2.1439e-04, Error: 4.7117e-03, Error v: 1.9184e-03
It: 10100, Time: 6.94, mse_0: 3.5637e-05, mse_f: 1.3280e-04, total loss: 2.1069e-04, Error: 4.4164e-03, Error v: 1.8177e-03
It: 10200, Time: 7.22, mse_0: 3.5363e-05, mse_f: 1.3148e-04, total loss: 2.0775e-04, Error: 4.4891e-03, Error v: 1.7738e-03
It: 10300, Time: 7.39, mse_0: 3.4681e-05, mse_f: 1.3067e-04, total loss: 2.0541e-04, Error: 4.4069e-03, Error v: 1.7719e-03
It: 10400, Time: 7.05, mse_0: 3.3989e-05, mse_f: 1.2975e-04, total loss: 2.0337e-04, Error: 4.3571e-03, Error v: 1.8072e-03
It: 10500, Time: 6.55, mse_0: 3.2928e-05, mse_f: 1.2845e-04, total loss: 2.0125e-04, Error: 4.4518e-03, Error v: 1.7665e-03
It: 10600, Time: 7.36, mse_0: 3.2662e-05, mse_f: 1.2739e-04, total loss: 1.9946e-04, Error: 4.2489e-03, Error v: 1.7641e-03
It: 10700, Time: 7.28, mse_0: 3.2336e-05, mse_f: 1.2582e-04, total loss: 1.9766e-04, Error: 4.3111e-03, Error v: 1.7748e-03
It: 10800, Time: 7.24, mse_0: 3.3030e-05, mse_f: 1.2465e-04, total loss: 1.9586e-04, Error: 4.3206e-03, Error v: 1.7273e-03
It: 10900, Time: 7.19, mse_0: 3.2803e-05, mse_f: 1.2319e-04, total loss: 1.9408e-04, Error: 4.3588e-03, Error v: 1.7327e-03
It: 11000, Time: 7.16, mse_0: 3.2858e-05, mse_f: 1.2114e-04, total loss: 1.9219e-04, Error: 4.1698e-03, Error v: 1.7481e-03
It: 11100, Time: 7.19, mse_0: 3.2170e-05, mse_f: 1.1946e-04, total loss: 1.9021e-04, Error: 4.4450e-03, Error v: 1.7354e-03
It: 11200, Time: 7.31, mse_0: 3.2591e-05, mse_f: 1.1748e-04, total loss: 1.8834e-04, Error: 4.3346e-03, Error v: 1.7829e-03
It: 11300, Time: 6.78, mse_0: 3.2552e-05, mse_f: 1.1641e-04, total loss: 1.8657e-04, Error: 4.3837e-03, Error v: 1.7559e-03
It: 11400, Time: 7.30, mse_0: 3.1960e-05, mse_f: 1.1564e-04, total loss: 1.8507e-04, Error: 4.3802e-03, Error v: 1.7499e-03
It: 11500, Time: 7.25, mse_0: 3.2095e-05, mse_f: 1.1439e-04, total loss: 1.8379e-04, Error: 4.2999e-03, Error v: 1.6894e-03
It: 11600, Time: 6.92, mse_0: 3.1849e-05, mse_f: 1.1275e-04, total loss: 1.8213e-04, Error: 4.3381e-03, Error v: 1.6382e-03
It: 11700, Time: 7.38, mse_0: 3.2245e-05, mse_f: 1.1152e-04, total loss: 1.8066e-04, Error: 4.3734e-03, Error v: 1.6599e-03
It: 11800, Time: 7.02, mse_0: 3.1928e-05, mse_f: 1.1027e-04, total loss: 1.7920e-04, Error: 4.4034e-03, Error v: 1.6452e-03
It: 11900, Time: 7.17, mse_0: 3.1840e-05, mse_f: 1.0878e-04, total loss: 1.7732e-04, Error: 4.3375e-03, Error v: 1.6521e-03
It: 12000, Time: 7.33, mse_0: 3.0962e-05, mse_f: 1.0777e-04, total loss: 1.7569e-04, Error: 4.3599e-03, Error v: 1.6417e-03
It: 12100, Time: 6.85, mse_0: 3.1153e-05, mse_f: 1.0638e-04, total loss: 1.7417e-04, Error: 4.2691e-03, Error v: 1.6695e-03
It: 12200, Time: 7.42, mse_0: 3.0781e-05, mse_f: 1.0540e-04, total loss: 1.7250e-04, Error: 4.3502e-03, Error v: 1.6937e-03
It: 12300, Time: 7.28, mse_0: 3.0736e-05, mse_f: 1.0430e-04, total loss: 1.7101e-04, Error: 4.3493e-03, Error v: 1.6788e-03
It: 12400, Time: 6.91, mse_0: 3.0632e-05, mse_f: 1.0345e-04, total loss: 1.6986e-04, Error: 4.1686e-03, Error v: 1.6602e-03
It: 12500, Time: 7.03, mse_0: 3.0097e-05, mse_f: 1.0208e-04, total loss: 1.6819e-04, Error: 4.3237e-03, Error v: 1.6456e-03
It: 12600, Time: 7.39, mse_0: 2.9918e-05, mse_f: 1.0108e-04, total loss: 1.6698e-04, Error: 4.2216e-03, Error v: 1.6170e-03
It: 12700, Time: 7.28, mse_0: 2.9779e-05, mse_f: 1.0020e-04, total loss: 1.6562e-04, Error: 4.2423e-03, Error v: 1.6854e-03
It: 12800, Time: 7.10, mse_0: 3.0044e-05, mse_f: 9.9436e-05, total loss: 1.6422e-04, Error: 4.4174e-03, Error v: 1.6671e-03
It: 12900, Time: 7.13, mse_0: 2.9303e-05, mse_f: 9.8401e-05, total loss: 1.6277e-04, Error: 4.4475e-03, Error v: 1.6700e-03
It: 13000, Time: 7.10, mse_0: 2.8946e-05, mse_f: 9.7625e-05, total loss: 1.6149e-04, Error: 4.4185e-03, Error v: 1.6999e-03
It: 13100, Time: 6.99, mse_0: 2.8733e-05, mse_f: 9.7093e-05, total loss: 1.5956e-04, Error: 4.3686e-03, Error v: 1.6576e-03
It: 13200, Time: 7.24, mse_0: 2.8188e-05, mse_f: 9.6531e-05, total loss: 1.5803e-04, Error: 4.3727e-03, Error v: 1.6240e-03
It: 13300, Time: 7.20, mse_0: 2.7847e-05, mse_f: 9.6177e-05, total loss: 1.5665e-04, Error: 4.4865e-03, Error v: 1.6322e-03
It: 13400, Time: 7.05, mse_0: 2.7389e-05, mse_f: 9.5907e-05, total loss: 1.5517e-04, Error: 4.3432e-03, Error v: 1.5924e-03
It: 13500, Time: 7.22, mse_0: 2.6595e-05, mse_f: 9.5256e-05, total loss: 1.5383e-04, Error: 4.4153e-03, Error v: 1.6540e-03
It: 13600, Time: 6.88, mse_0: 2.6255e-05, mse_f: 9.4366e-05, total loss: 1.5210e-04, Error: 4.2933e-03, Error v: 1.6365e-03
It: 13700, Time: 7.24, mse_0: 2.6208e-05, mse_f: 9.3355e-05, total loss: 1.5077e-04, Error: 4.2496e-03, Error v: 1.5937e-03
It: 13800, Time: 7.36, mse_0: 2.6300e-05, mse_f: 9.2023e-05, total loss: 1.4950e-04, Error: 4.2673e-03, Error v: 1.5361e-03
It: 13900, Time: 6.77, mse_0: 2.6124e-05, mse_f: 9.1037e-05, total loss: 1.4830e-04, Error: 4.2910e-03, Error v: 1.5285e-03
It: 14000, Time: 7.11, mse_0: 2.6298e-05, mse_f: 9.0045e-05, total loss: 1.4693e-04, Error: 4.1684e-03, Error v: 1.4999e-03
It: 14100, Time: 7.17, mse_0: 2.6326e-05, mse_f: 8.9251e-05, total loss: 1.4571e-04, Error: 4.4211e-03, Error v: 1.4934e-03
It: 14200, Time: 6.99, mse_0: 2.5670e-05, mse_f: 8.8556e-05, total loss: 1.4449e-04, Error: 4.2453e-03, Error v: 1.4958e-03
It: 14300, Time: 7.27, mse_0: 2.5407e-05, mse_f: 8.7786e-05, total loss: 1.4332e-04, Error: 4.1724e-03, Error v: 1.4219e-03
It: 14400, Time: 7.03, mse_0: 2.5440e-05, mse_f: 8.6628e-05, total loss: 1.4199e-04, Error: 4.2650e-03, Error v: 1.4014e-03
It: 14500, Time: 7.19, mse_0: 2.5020e-05, mse_f: 8.6045e-05, total loss: 1.4082e-04, Error: 4.2184e-03, Error v: 1.3499e-03
It: 14600, Time: 7.19, mse_0: 2.4790e-05, mse_f: 8.5340e-05, total loss: 1.3983e-04, Error: 4.1813e-03, Error v: 1.3643e-03
It: 14700, Time: 6.91, mse_0: 2.4787e-05, mse_f: 8.4815e-05, total loss: 1.3872e-04, Error: 4.1354e-03, Error v: 1.3518e-03
It: 14800, Time: 7.09, mse_0: 2.4843e-05, mse_f: 8.4070e-05, total loss: 1.3732e-04, Error: 4.1949e-03, Error v: 1.3299e-03
It: 14900, Time: 7.27, mse_0: 2.4677e-05, mse_f: 8.3500e-05, total loss: 1.3649e-04, Error: 4.2992e-03, Error v: 1.3456e-03
It: 15000, Time: 7.44, mse_0: 2.4453e-05, mse_f: 8.2983e-05, total loss: 1.3561e-04, Error: 4.2354e-03, Error v: 1.3217e-03
Error u: 4.235416e-03
Error v: 1.321705e-03
ferru =  4.7254878e-05
ferrv =  3.52144e-05
Error u: 2.394920e-03
Error v: 1.744166e-03
