NeuralNet(
  (network): Sequential(
    (0): Linear(in_features=3, out_features=64, bias=True)
    (1): Tanh()
    (2): Linear(in_features=64, out_features=64, bias=True)
    (3): Tanh()
    (4): Linear(in_features=64, out_features=64, bias=True)
    (5): Tanh()
    (6): Linear(in_features=64, out_features=64, bias=True)
    (7): Tanh()
    (8): Linear(in_features=64, out_features=64, bias=True)
    (9): Tanh()
    (10): Linear(in_features=64, out_features=64, bias=True)
    (11): Tanh()
    (12): Linear(in_features=64, out_features=2, bias=True)
  )
)
starting Adam training
It: 100, Time: 5.13, mse_0: 4.7837e+03, mse_f: 1.4364e+00, total loss: 2.4247e+03, Error: 9.8127e-01, Error v: 9.4419e-01
It: 200, Time: 4.20, mse_0: 3.5709e+03, mse_f: 8.9105e+01, total loss: 2.0692e+03, Error: 9.2950e-01, Error v: 1.0762e+00
It: 300, Time: 4.60, mse_0: 3.1549e+03, mse_f: 1.4847e+02, total loss: 1.8337e+03, Error: 9.5523e-01, Error v: 9.7111e-01
It: 400, Time: 4.80, mse_0: 2.2805e+03, mse_f: 1.9667e+02, total loss: 1.4696e+03, Error: 8.7570e-01, Error v: 1.1144e+00
It: 500, Time: 4.68, mse_0: 1.0657e+03, mse_f: 2.9063e+02, total loss: 8.8232e+02, Error: 8.4405e-01, Error v: 1.0790e+00
It: 600, Time: 4.83, mse_0: 5.4883e+02, mse_f: 1.9779e+02, total loss: 5.2787e+02, Error: 7.7525e-01, Error v: 1.0420e+00
It: 700, Time: 4.82, mse_0: 2.2902e+02, mse_f: 1.3068e+02, total loss: 2.8348e+02, Error: 7.4618e-01, Error v: 1.1090e+00
It: 800, Time: 5.13, mse_0: 8.6810e+01, mse_f: 6.7746e+01, total loss: 1.3556e+02, Error: 7.6277e-01, Error v: 1.1504e+00
It: 900, Time: 4.96, mse_0: 4.1672e+01, mse_f: 3.9855e+01, total loss: 8.3130e+01, Error: 7.4706e-01, Error v: 1.1747e+00
It: 1000, Time: 4.73, mse_0: 2.2634e+01, mse_f: 2.4574e+01, total loss: 5.9483e+01, Error: 7.3934e-01, Error v: 1.1583e+00
It: 1100, Time: 4.56, mse_0: 1.4304e+01, mse_f: 1.7106e+01, total loss: 4.9345e+01, Error: 7.3129e-01, Error v: 1.1205e+00
It: 1200, Time: 5.23, mse_0: 9.5853e+00, mse_f: 1.3999e+01, total loss: 4.6020e+01, Error: 7.2067e-01, Error v: 1.0842e+00
It: 1300, Time: 4.81, mse_0: 7.2540e+00, mse_f: 1.0239e+01, total loss: 4.3501e+01, Error: 7.0931e-01, Error v: 1.0596e+00
It: 1400, Time: 4.71, mse_0: 6.1995e+00, mse_f: 9.3031e+00, total loss: 4.4874e+01, Error: 6.9762e-01, Error v: 1.0374e+00
It: 1500, Time: 4.65, mse_0: 5.2837e+00, mse_f: 8.3376e+00, total loss: 4.5356e+01, Error: 6.8119e-01, Error v: 9.9972e-01
It: 1600, Time: 4.95, mse_0: 5.2126e+00, mse_f: 8.3430e+00, total loss: 4.6446e+01, Error: 6.6268e-01, Error v: 9.6128e-01
It: 1700, Time: 4.91, mse_0: 5.1565e+00, mse_f: 8.9990e+00, total loss: 4.7830e+01, Error: 6.3820e-01, Error v: 9.1571e-01
It: 1800, Time: 4.82, mse_0: 4.8982e+00, mse_f: 7.7721e+00, total loss: 4.6437e+01, Error: 6.1316e-01, Error v: 8.6607e-01
It: 1900, Time: 4.75, mse_0: 5.1789e+00, mse_f: 8.6018e+00, total loss: 4.7814e+01, Error: 5.9428e-01, Error v: 8.3519e-01
It: 2000, Time: 4.83, mse_0: 5.3555e+00, mse_f: 8.8226e+00, total loss: 4.8110e+01, Error: 5.7586e-01, Error v: 8.0236e-01
It: 2100, Time: 4.82, mse_0: 5.1022e+00, mse_f: 8.7898e+00, total loss: 4.7396e+01, Error: 5.5882e-01, Error v: 7.8165e-01
It: 2200, Time: 4.85, mse_0: 5.1010e+00, mse_f: 9.6181e+00, total loss: 4.9489e+01, Error: 5.4167e-01, Error v: 7.5871e-01
It: 2300, Time: 4.75, mse_0: 4.8101e+00, mse_f: 9.2297e+00, total loss: 4.8040e+01, Error: 5.2251e-01, Error v: 7.3968e-01
It: 2400, Time: 4.57, mse_0: 4.5762e+00, mse_f: 8.0788e+00, total loss: 4.4858e+01, Error: 4.9736e-01, Error v: 7.1616e-01
It: 2500, Time: 4.67, mse_0: 4.8191e+00, mse_f: 1.0324e+01, total loss: 4.6285e+01, Error: 4.7177e-01, Error v: 6.9393e-01
It: 2600, Time: 4.78, mse_0: 4.0478e+00, mse_f: 7.3792e+00, total loss: 4.1131e+01, Error: 4.5283e-01, Error v: 6.7226e-01
It: 2700, Time: 4.85, mse_0: 4.7075e+00, mse_f: 8.3401e+00, total loss: 4.2194e+01, Error: 4.3540e-01, Error v: 6.5673e-01
It: 2800, Time: 5.04, mse_0: 3.8935e+00, mse_f: 8.1378e+00, total loss: 3.9730e+01, Error: 4.1600e-01, Error v: 6.4641e-01
It: 2900, Time: 5.01, mse_0: 3.3740e+00, mse_f: 6.9243e+00, total loss: 3.8359e+01, Error: 4.0330e-01, Error v: 6.3650e-01
It: 3000, Time: 4.60, mse_0: 3.8451e+00, mse_f: 8.9466e+00, total loss: 4.0369e+01, Error: 3.9045e-01, Error v: 6.2378e-01
It: 3100, Time: 5.14, mse_0: 3.4992e+00, mse_f: 8.3273e+00, total loss: 3.8800e+01, Error: 3.7837e-01, Error v: 6.1310e-01
It: 3200, Time: 4.75, mse_0: 3.1613e+00, mse_f: 8.1443e+00, total loss: 3.7565e+01, Error: 3.6487e-01, Error v: 6.0133e-01
It: 3300, Time: 4.63, mse_0: 3.4088e+00, mse_f: 1.1545e+01, total loss: 4.1378e+01, Error: 3.5443e-01, Error v: 5.9515e-01
It: 3400, Time: 4.68, mse_0: 2.7547e+00, mse_f: 8.0108e+00, total loss: 3.7068e+01, Error: 3.4257e-01, Error v: 5.8433e-01
It: 3500, Time: 4.81, mse_0: 2.7946e+00, mse_f: 7.2680e+00, total loss: 3.5385e+01, Error: 3.3630e-01, Error v: 5.8729e-01
It: 3600, Time: 5.00, mse_0: 2.6321e+00, mse_f: 5.7432e+00, total loss: 3.3344e+01, Error: 3.2850e-01, Error v: 5.8028e-01
It: 3700, Time: 4.91, mse_0: 3.1880e+00, mse_f: 8.5958e+00, total loss: 3.7533e+01, Error: 3.2202e-01, Error v: 5.7278e-01
It: 3800, Time: 5.06, mse_0: 2.2417e+00, mse_f: 4.9295e+00, total loss: 3.2858e+01, Error: 3.1639e-01, Error v: 5.7137e-01
It: 3900, Time: 5.06, mse_0: 2.4706e+00, mse_f: 7.9782e+00, total loss: 3.6274e+01, Error: 3.1151e-01, Error v: 5.6852e-01
It: 4000, Time: 5.21, mse_0: 2.6605e+00, mse_f: 5.9836e+00, total loss: 3.4866e+01, Error: 3.0714e-01, Error v: 5.6567e-01
It: 4100, Time: 4.93, mse_0: 2.4715e+00, mse_f: 1.1713e+01, total loss: 4.0071e+01, Error: 3.0146e-01, Error v: 5.6139e-01
It: 4200, Time: 5.08, mse_0: 2.1913e+00, mse_f: 5.6233e+00, total loss: 3.4306e+01, Error: 2.9890e-01, Error v: 5.5763e-01
It: 4300, Time: 4.81, mse_0: 2.0873e+00, mse_f: 5.6197e+00, total loss: 3.3176e+01, Error: 2.9421e-01, Error v: 5.5989e-01
It: 4400, Time: 4.66, mse_0: 2.3982e+00, mse_f: 1.1072e+01, total loss: 3.9478e+01, Error: 2.8878e-01, Error v: 5.5467e-01
It: 4500, Time: 4.60, mse_0: 1.8052e+00, mse_f: 5.9384e+00, total loss: 3.3943e+01, Error: 2.8470e-01, Error v: 5.5285e-01
It: 4600, Time: 4.51, mse_0: 1.9187e+00, mse_f: 7.4621e+00, total loss: 3.5973e+01, Error: 2.8258e-01, Error v: 5.5110e-01
It: 4700, Time: 4.31, mse_0: 1.9555e+00, mse_f: 7.4241e+00, total loss: 3.6091e+01, Error: 2.7797e-01, Error v: 5.4888e-01
It: 4800, Time: 4.88, mse_0: 1.7392e+00, mse_f: 4.8760e+00, total loss: 3.6395e+01, Error: 2.7380e-01, Error v: 5.4513e-01
It: 4900, Time: 4.70, mse_0: 2.4575e+00, mse_f: 8.9626e+00, total loss: 4.1456e+01, Error: 2.7090e-01, Error v: 5.4683e-01
It: 5000, Time: 4.89, mse_0: 1.8544e+00, mse_f: 6.1090e+00, total loss: 3.6834e+01, Error: 2.7147e-01, Error v: 5.4614e-01
It: 5100, Time: 4.83, mse_0: 1.7229e+00, mse_f: 5.3373e+00, total loss: 3.5747e+01, Error: 2.6717e-01, Error v: 5.4189e-01
It: 5200, Time: 5.47, mse_0: 1.6120e+00, mse_f: 6.1713e+00, total loss: 3.6568e+01, Error: 2.6403e-01, Error v: 5.3721e-01
It: 5300, Time: 5.19, mse_0: 1.4807e+00, mse_f: 7.5230e+00, total loss: 3.8118e+01, Error: 2.6135e-01, Error v: 5.3285e-01
It: 5400, Time: 5.11, mse_0: 1.4156e+00, mse_f: 5.1048e+00, total loss: 3.5740e+01, Error: 2.5818e-01, Error v: 5.2823e-01
It: 5500, Time: 4.61, mse_0: 1.2982e+00, mse_f: 5.3977e+00, total loss: 3.5462e+01, Error: 2.5416e-01, Error v: 5.2527e-01
It: 5600, Time: 4.09, mse_0: 1.2665e+00, mse_f: 8.3627e+00, total loss: 3.9802e+01, Error: 2.4995e-01, Error v: 5.2057e-01
It: 5700, Time: 4.43, mse_0: 2.1458e+00, mse_f: 8.3794e+00, total loss: 4.6130e+01, Error: 2.4996e-01, Error v: 5.2200e-01
It: 5800, Time: 4.18, mse_0: 1.1920e+00, mse_f: 5.5146e+00, total loss: 3.8036e+01, Error: 2.4673e-01, Error v: 5.1801e-01
It: 5900, Time: 4.44, mse_0: 1.4629e+00, mse_f: 6.7170e+00, total loss: 4.0682e+01, Error: 2.4379e-01, Error v: 5.1658e-01
It: 6000, Time: 4.31, mse_0: 1.1767e+00, mse_f: 4.5387e+00, total loss: 3.6876e+01, Error: 2.3807e-01, Error v: 5.1236e-01
It: 6100, Time: 4.24, mse_0: 1.1487e+00, mse_f: 8.4008e+00, total loss: 4.0720e+01, Error: 2.3632e-01, Error v: 5.0842e-01
It: 6200, Time: 4.34, mse_0: 1.5645e+00, mse_f: 1.2686e+01, total loss: 5.1045e+01, Error: 2.3158e-01, Error v: 5.0102e-01
It: 6300, Time: 4.42, mse_0: 1.1720e+00, mse_f: 9.2924e+00, total loss: 4.1340e+01, Error: 2.2940e-01, Error v: 5.0042e-01
It: 6400, Time: 4.37, mse_0: 1.5177e+00, mse_f: 8.4055e+00, total loss: 4.3090e+01, Error: 2.2855e-01, Error v: 4.8991e-01
It: 6500, Time: 4.22, mse_0: 1.0744e+00, mse_f: 4.7173e+00, total loss: 3.8349e+01, Error: 2.2581e-01, Error v: 4.8341e-01
It: 6600, Time: 4.58, mse_0: 1.1906e+00, mse_f: 7.4621e+00, total loss: 4.2463e+01, Error: 2.2348e-01, Error v: 4.7932e-01
It: 6700, Time: 4.66, mse_0: 1.0666e+00, mse_f: 6.0462e+00, total loss: 3.9663e+01, Error: 2.1858e-01, Error v: 4.6734e-01
It: 6800, Time: 4.55, mse_0: 1.0767e+00, mse_f: 6.8017e+00, total loss: 3.9751e+01, Error: 2.1405e-01, Error v: 4.5467e-01
It: 6900, Time: 4.85, mse_0: 8.8616e-01, mse_f: 7.0170e+00, total loss: 3.8051e+01, Error: 2.0655e-01, Error v: 4.3064e-01
It: 7000, Time: 4.62, mse_0: 1.1718e+00, mse_f: 9.7178e+00, total loss: 4.0786e+01, Error: 2.0127e-01, Error v: 4.1876e-01
It: 7100, Time: 4.87, mse_0: 1.2475e+00, mse_f: 1.1007e+01, total loss: 4.0902e+01, Error: 1.9948e-01, Error v: 4.1638e-01
It: 7200, Time: 4.83, mse_0: 1.0973e+00, mse_f: 7.8790e+00, total loss: 3.5905e+01, Error: 1.8901e-01, Error v: 3.9902e-01
It: 7300, Time: 4.57, mse_0: 9.8045e-01, mse_f: 1.0017e+01, total loss: 3.7450e+01, Error: 1.7763e-01, Error v: 3.8304e-01
It: 7400, Time: 4.87, mse_0: 9.4440e-01, mse_f: 8.4612e+00, total loss: 3.5022e+01, Error: 1.7431e-01, Error v: 3.7331e-01
It: 7500, Time: 4.62, mse_0: 1.1743e+00, mse_f: 8.0030e+00, total loss: 3.2896e+01, Error: 1.6781e-01, Error v: 3.5703e-01
It: 7600, Time: 4.67, mse_0: 1.8285e+00, mse_f: 2.6672e+01, total loss: 5.3346e+01, Error: 1.7250e-01, Error v: 3.5419e-01
It: 7700, Time: 4.59, mse_0: 1.2179e+00, mse_f: 7.7882e+00, total loss: 3.2603e+01, Error: 1.5689e-01, Error v: 3.4607e-01
It: 7800, Time: 4.86, mse_0: 1.0990e+00, mse_f: 7.0855e+00, total loss: 2.9751e+01, Error: 1.5191e-01, Error v: 3.2878e-01
It: 7900, Time: 4.71, mse_0: 9.0107e-01, mse_f: 7.7024e+00, total loss: 2.9053e+01, Error: 1.4397e-01, Error v: 3.1158e-01
It: 8000, Time: 4.67, mse_0: 1.0351e+00, mse_f: 1.3092e+01, total loss: 3.3711e+01, Error: 1.4646e-01, Error v: 2.9086e-01
It: 8100, Time: 5.09, mse_0: 9.1409e-01, mse_f: 7.0166e+00, total loss: 2.5348e+01, Error: 1.3751e-01, Error v: 2.7971e-01
It: 8200, Time: 4.79, mse_0: 8.8794e-01, mse_f: 1.1121e+01, total loss: 2.8944e+01, Error: 1.2673e-01, Error v: 2.6520e-01
It: 8300, Time: 4.84, mse_0: 6.3559e+00, mse_f: 2.9511e+01, total loss: 6.4612e+01, Error: 1.4443e-01, Error v: 2.9397e-01
It: 8400, Time: 4.61, mse_0: 2.9598e+00, mse_f: 1.9771e+01, total loss: 4.3848e+01, Error: 1.4428e-01, Error v: 2.7942e-01
It: 8500, Time: 4.48, mse_0: 1.3942e+00, mse_f: 9.6821e+00, total loss: 2.8156e+01, Error: 1.3001e-01, Error v: 2.5877e-01
It: 8600, Time: 4.46, mse_0: 1.1677e+00, mse_f: 7.8159e+00, total loss: 2.3767e+01, Error: 1.1933e-01, Error v: 2.3615e-01
It: 8700, Time: 4.47, mse_0: 7.2171e-01, mse_f: 6.4687e+00, total loss: 2.0028e+01, Error: 1.0893e-01, Error v: 2.1957e-01
It: 8800, Time: 4.53, mse_0: 8.5649e-01, mse_f: 1.2819e+01, total loss: 2.5511e+01, Error: 1.0688e-01, Error v: 2.0866e-01
It: 8900, Time: 4.28, mse_0: 8.0826e-01, mse_f: 6.9264e+00, total loss: 1.8901e+01, Error: 1.0259e-01, Error v: 1.9596e-01
It: 9000, Time: 4.32, mse_0: 7.2585e-01, mse_f: 9.3687e+00, total loss: 2.0053e+01, Error: 9.5534e-02, Error v: 1.8101e-01
It: 9100, Time: 4.45, mse_0: 1.1881e+00, mse_f: 1.1061e+01, total loss: 2.1307e+01, Error: 9.4333e-02, Error v: 1.7417e-01
It: 9200, Time: 4.52, mse_0: 7.3760e-01, mse_f: 5.4815e+00, total loss: 1.5508e+01, Error: 8.8742e-02, Error v: 1.6423e-01
It: 9300, Time: 4.19, mse_0: 6.9989e-01, mse_f: 6.8070e+00, total loss: 1.5441e+01, Error: 8.4518e-02, Error v: 1.5652e-01
It: 9400, Time: 4.33, mse_0: 9.4933e+00, mse_f: 4.6371e+01, total loss: 6.9202e+01, Error: 1.2274e-01, Error v: 2.0883e-01
It: 9500, Time: 4.53, mse_0: 3.6347e+00, mse_f: 1.9597e+01, total loss: 3.5927e+01, Error: 1.2348e-01, Error v: 1.9629e-01
It: 9600, Time: 4.63, mse_0: 2.0342e+00, mse_f: 1.1038e+01, total loss: 2.3177e+01, Error: 1.0720e-01, Error v: 1.7145e-01
It: 9700, Time: 4.55, mse_0: 9.7042e-01, mse_f: 6.6661e+00, total loss: 1.5216e+01, Error: 9.1446e-02, Error v: 1.5284e-01
It: 9800, Time: 4.88, mse_0: 7.2096e-01, mse_f: 5.2151e+00, total loss: 1.2517e+01, Error: 7.9331e-02, Error v: 1.3990e-01
It: 9900, Time: 4.40, mse_0: 6.9226e-01, mse_f: 4.7171e+00, total loss: 1.1053e+01, Error: 7.4048e-02, Error v: 1.2895e-01
It: 10000, Time: 4.69, mse_0: 1.0756e+01, mse_f: 6.4095e+01, total loss: 9.7704e+01, Error: 1.1344e-01, Error v: 1.5729e-01
It: 10100, Time: 4.78, mse_0: 8.5877e+00, mse_f: 3.7483e+01, total loss: 6.4508e+01, Error: 1.3183e-01, Error v: 1.8602e-01
It: 10200, Time: 4.96, mse_0: 2.8124e+00, mse_f: 1.5827e+01, total loss: 2.9794e+01, Error: 1.1953e-01, Error v: 1.7367e-01
It: 10300, Time: 5.01, mse_0: 1.7437e+00, mse_f: 8.5144e+00, total loss: 1.8393e+01, Error: 9.8865e-02, Error v: 1.4817e-01
It: 10400, Time: 4.75, mse_0: 1.2128e+00, mse_f: 6.4861e+00, total loss: 1.3994e+01, Error: 8.5924e-02, Error v: 1.2939e-01
It: 10500, Time: 4.48, mse_0: 8.2947e-01, mse_f: 4.9009e+00, total loss: 1.1068e+01, Error: 7.3280e-02, Error v: 1.1795e-01
It: 10600, Time: 4.53, mse_0: 6.9652e-01, mse_f: 4.1878e+00, total loss: 9.4954e+00, Error: 6.9504e-02, Error v: 1.0897e-01
It: 10700, Time: 4.73, mse_0: 6.5225e-01, mse_f: 4.7779e+00, total loss: 9.4440e+00, Error: 6.4178e-02, Error v: 1.0034e-01
It: 10800, Time: 4.79, mse_0: 8.0935e-01, mse_f: 4.6249e+00, total loss: 9.2214e+00, Error: 7.7515e-02, Error v: 9.5875e-02
It: 10900, Time: 4.85, mse_0: 7.4597e-01, mse_f: 4.7742e+00, total loss: 9.0584e+00, Error: 7.1176e-02, Error v: 8.9180e-02
It: 11000, Time: 4.82, mse_0: 5.4891e-01, mse_f: 7.9530e+00, total loss: 1.1723e+01, Error: 6.5910e-02, Error v: 8.8042e-02
It: 11100, Time: 4.72, mse_0: 5.3098e-01, mse_f: 6.5138e+00, total loss: 1.0184e+01, Error: 6.1061e-02, Error v: 8.3250e-02
It: 11200, Time: 4.59, mse_0: 5.0006e-01, mse_f: 4.0949e+00, total loss: 7.2727e+00, Error: 5.6715e-02, Error v: 7.7920e-02
It: 11300, Time: 4.58, mse_0: 4.7652e-01, mse_f: 4.9202e+00, total loss: 7.8323e+00, Error: 5.3660e-02, Error v: 7.3692e-02
It: 11400, Time: 5.02, mse_0: 4.5738e-01, mse_f: 7.0565e+00, total loss: 9.8856e+00, Error: 5.3112e-02, Error v: 6.9173e-02
It: 11500, Time: 4.74, mse_0: 5.0843e-01, mse_f: 4.4509e+00, total loss: 7.6983e+00, Error: 5.4372e-02, Error v: 6.4724e-02
It: 11600, Time: 4.65, mse_0: 5.7000e-01, mse_f: 3.8908e+00, total loss: 7.0222e+00, Error: 5.2817e-02, Error v: 6.5531e-02
It: 11700, Time: 4.49, mse_0: 2.1332e+02, mse_f: 1.8151e+02, total loss: 4.3940e+02, Error: 3.7648e-01, Error v: 5.4049e-01
It: 11800, Time: 4.61, mse_0: 1.0401e+02, mse_f: 1.0375e+02, total loss: 2.7570e+02, Error: 3.8027e-01, Error v: 5.5501e-01
It: 11900, Time: 4.73, mse_0: 5.3039e+01, mse_f: 5.7224e+01, total loss: 1.9048e+02, Error: 3.3426e-01, Error v: 5.3793e-01
It: 12000, Time: 4.90, mse_0: 2.4742e+01, mse_f: 3.9669e+01, total loss: 1.5142e+02, Error: 2.9687e-01, Error v: 5.2264e-01
It: 12100, Time: 4.62, mse_0: 1.9256e+01, mse_f: 2.9584e+01, total loss: 1.3403e+02, Error: 2.7721e-01, Error v: 5.1449e-01
It: 12200, Time: 4.78, mse_0: 1.6700e+01, mse_f: 2.3939e+01, total loss: 1.2582e+02, Error: 2.6634e-01, Error v: 5.1120e-01
It: 12300, Time: 4.72, mse_0: 1.4648e+01, mse_f: 2.1610e+01, total loss: 1.2125e+02, Error: 2.6076e-01, Error v: 5.0979e-01
It: 12400, Time: 4.68, mse_0: 1.3372e+01, mse_f: 2.1163e+01, total loss: 1.1905e+02, Error: 2.5507e-01, Error v: 5.0690e-01
It: 12500, Time: 4.34, mse_0: 1.2174e+01, mse_f: 1.9909e+01, total loss: 1.1668e+02, Error: 2.4971e-01, Error v: 5.0452e-01
It: 12600, Time: 4.48, mse_0: 1.1554e+01, mse_f: 1.9155e+01, total loss: 1.1513e+02, Error: 2.4426e-01, Error v: 5.0216e-01
It: 12700, Time: 4.42, mse_0: 1.0516e+01, mse_f: 1.6733e+01, total loss: 1.1166e+02, Error: 2.4054e-01, Error v: 4.9942e-01
It: 12800, Time: 5.18, mse_0: 1.0014e+01, mse_f: 1.7576e+01, total loss: 1.1145e+02, Error: 2.3523e-01, Error v: 4.9641e-01
It: 12900, Time: 4.85, mse_0: 9.5888e+00, mse_f: 1.7753e+01, total loss: 1.1030e+02, Error: 2.2934e-01, Error v: 4.9272e-01
It: 13000, Time: 5.07, mse_0: 9.1445e+00, mse_f: 1.7072e+01, total loss: 1.0805e+02, Error: 2.2265e-01, Error v: 4.8869e-01
It: 13100, Time: 4.91, mse_0: 8.4483e+00, mse_f: 1.5942e+01, total loss: 1.0521e+02, Error: 2.1654e-01, Error v: 4.8344e-01
It: 13200, Time: 4.76, mse_0: 7.8850e+00, mse_f: 1.7898e+01, total loss: 1.0542e+02, Error: 2.1082e-01, Error v: 4.7623e-01
It: 13300, Time: 5.09, mse_0: 7.5601e+00, mse_f: 1.8167e+01, total loss: 1.0329e+02, Error: 2.0249e-01, Error v: 4.6698e-01
It: 13400, Time: 5.15, mse_0: 6.7862e+00, mse_f: 1.5693e+01, total loss: 9.7652e+01, Error: 1.9615e-01, Error v: 4.5359e-01
It: 13500, Time: 5.40, mse_0: 6.1843e+00, mse_f: 1.5233e+01, total loss: 9.2408e+01, Error: 1.8686e-01, Error v: 4.3256e-01
It: 13600, Time: 5.06, mse_0: 5.3665e+00, mse_f: 1.7056e+01, total loss: 8.4988e+01, Error: 1.7175e-01, Error v: 3.9486e-01
It: 13700, Time: 5.86, mse_0: 5.0435e+00, mse_f: 1.9635e+01, total loss: 7.6364e+01, Error: 1.5496e-01, Error v: 3.5517e-01
It: 13800, Time: 5.70, mse_0: 4.7653e+00, mse_f: 1.5852e+01, total loss: 6.6254e+01, Error: 1.4195e-01, Error v: 3.2348e-01
It: 13900, Time: 4.59, mse_0: 4.1762e+00, mse_f: 1.5073e+01, total loss: 5.7201e+01, Error: 1.3410e-01, Error v: 2.9138e-01
It: 14000, Time: 5.05, mse_0: 6.5037e+00, mse_f: 2.8041e+01, total loss: 7.4197e+01, Error: 1.2737e-01, Error v: 2.6458e-01
It: 14100, Time: 5.28, mse_0: 4.7553e+00, mse_f: 2.0151e+01, total loss: 5.5111e+01, Error: 1.2128e-01, Error v: 2.4770e-01
It: 14200, Time: 4.28, mse_0: 2.9638e+00, mse_f: 1.5311e+01, total loss: 4.3757e+01, Error: 1.0878e-01, Error v: 2.2010e-01
It: 14300, Time: 4.43, mse_0: 2.3069e+00, mse_f: 1.5592e+01, total loss: 3.7817e+01, Error: 1.0251e-01, Error v: 1.9445e-01
It: 14400, Time: 4.52, mse_0: 2.0540e+00, mse_f: 1.2577e+01, total loss: 3.0003e+01, Error: 9.1756e-02, Error v: 1.6784e-01
It: 14500, Time: 5.28, mse_0: 1.3730e+01, mse_f: 6.9307e+01, total loss: 1.0911e+02, Error: 1.2398e-01, Error v: 1.9248e-01
It: 14600, Time: 4.55, mse_0: 1.1800e+01, mse_f: 3.3615e+01, total loss: 6.9048e+01, Error: 1.1845e-01, Error v: 1.8815e-01
It: 14700, Time: 4.72, mse_0: 4.2820e+00, mse_f: 1.8286e+01, total loss: 3.7734e+01, Error: 9.7501e-02, Error v: 1.5420e-01
It: 14800, Time: 4.47, mse_0: 2.6520e+00, mse_f: 1.3362e+01, total loss: 2.7691e+01, Error: 8.3676e-02, Error v: 1.3757e-01
It: 14900, Time: 4.23, mse_0: 1.7898e+00, mse_f: 9.7358e+00, total loss: 2.1410e+01, Error: 7.4001e-02, Error v: 1.1951e-01
It: 15000, Time: 4.11, mse_0: 1.5285e+00, mse_f: 8.3523e+00, total loss: 1.7382e+01, Error: 6.5216e-02, Error v: 1.0254e-01
It: 15100, Time: 4.51, mse_0: 1.8792e+00, mse_f: 1.1269e+01, total loss: 1.9212e+01, Error: 8.0968e-02, Error v: 8.9171e-02
It: 15200, Time: 4.41, mse_0: 1.4754e+00, mse_f: 7.4380e+00, total loss: 1.4138e+01, Error: 7.6429e-02, Error v: 7.9294e-02
It: 15300, Time: 4.50, mse_0: 1.2438e+00, mse_f: 8.3054e+00, total loss: 1.4344e+01, Error: 7.0851e-02, Error v: 7.2698e-02
It: 15400, Time: 4.25, mse_0: 1.0460e+00, mse_f: 8.6781e+00, total loss: 1.3708e+01, Error: 6.2556e-02, Error v: 6.4721e-02
It: 15500, Time: 4.61, mse_0: 9.1315e-01, mse_f: 6.0805e+00, total loss: 1.0286e+01, Error: 5.7700e-02, Error v: 6.0525e-02
It: 15600, Time: 4.63, mse_0: 8.8307e-01, mse_f: 8.6050e+00, total loss: 1.2610e+01, Error: 5.3503e-02, Error v: 5.3104e-02
It: 15700, Time: 5.11, mse_0: 8.5095e-01, mse_f: 7.2961e+00, total loss: 1.1060e+01, Error: 5.0558e-02, Error v: 4.8757e-02
It: 15800, Time: 5.46, mse_0: 2.1167e+00, mse_f: 4.7008e+01, total loss: 1.1924e+02, Error: 6.2236e-02, Error v: 5.5372e-02
It: 15900, Time: 5.16, mse_0: 1.1512e+02, mse_f: 1.7854e+02, total loss: 3.7065e+02, Error: 3.0726e-01, Error v: 4.8703e-01
It: 16000, Time: 4.51, mse_0: 4.9060e+01, mse_f: 7.7239e+01, total loss: 2.2282e+02, Error: 2.6760e-01, Error v: 4.6837e-01
It: 16100, Time: 4.28, mse_0: 2.8559e+01, mse_f: 4.5664e+01, total loss: 1.7564e+02, Error: 2.4576e-01, Error v: 4.6410e-01
It: 16200, Time: 4.61, mse_0: 1.6553e+01, mse_f: 3.4171e+01, total loss: 1.4790e+02, Error: 2.2160e-01, Error v: 4.5415e-01
It: 16300, Time: 5.53, mse_0: 1.1286e+01, mse_f: 2.8261e+01, total loss: 1.3174e+02, Error: 2.0601e-01, Error v: 4.3679e-01
It: 16400, Time: 5.01, mse_0: 7.2435e+00, mse_f: 2.4962e+01, total loss: 1.1321e+02, Error: 1.8490e-01, Error v: 3.9932e-01
It: 16500, Time: 4.77, mse_0: 6.3122e+00, mse_f: 2.4727e+01, total loss: 8.9440e+01, Error: 1.6038e-01, Error v: 3.2848e-01
It: 16600, Time: 4.71, mse_0: 4.7721e+00, mse_f: 2.4949e+01, total loss: 7.0308e+01, Error: 1.3268e-01, Error v: 2.6777e-01
It: 16700, Time: 4.71, mse_0: 3.5846e+00, mse_f: 1.8507e+01, total loss: 4.7844e+01, Error: 1.0375e-01, Error v: 2.0512e-01
It: 16800, Time: 4.13, mse_0: 2.6469e+00, mse_f: 1.5974e+01, total loss: 3.2314e+01, Error: 7.7764e-02, Error v: 1.4128e-01
It: 16900, Time: 4.45, mse_0: 2.5067e+00, mse_f: 1.9163e+01, total loss: 3.0015e+01, Error: 5.7463e-02, Error v: 1.0027e-01
It: 17000, Time: 4.49, mse_0: 1.9328e+00, mse_f: 1.1233e+01, total loss: 1.9237e+01, Error: 5.7392e-02, Error v: 8.3861e-02
It: 17100, Time: 5.40, mse_0: 3.1886e+01, mse_f: 1.3369e+02, total loss: 2.1174e+02, Error: 1.1378e-01, Error v: 1.7693e-01
It: 17200, Time: 5.03, mse_0: 1.4355e+01, mse_f: 5.3850e+01, total loss: 8.7418e+01, Error: 1.1807e-01, Error v: 1.6169e-01
It: 17300, Time: 4.85, mse_0: 4.9976e+00, mse_f: 2.6860e+01, total loss: 4.5790e+01, Error: 9.5820e-02, Error v: 1.3011e-01
It: 17400, Time: 6.47, mse_0: 2.6090e+00, mse_f: 1.4889e+01, total loss: 2.6524e+01, Error: 6.8859e-02, Error v: 9.8473e-02
It: 17500, Time: 6.19, mse_0: 2.0355e+00, mse_f: 9.8136e+00, total loss: 1.7448e+01, Error: 5.4657e-02, Error v: 8.0207e-02
It: 17600, Time: 6.15, mse_0: 1.4776e+00, mse_f: 7.6790e+00, total loss: 1.3299e+01, Error: 4.7733e-02, Error v: 6.5524e-02
It: 17700, Time: 6.23, mse_0: 1.1910e+00, mse_f: 6.3600e+00, total loss: 1.0806e+01, Error: 4.2816e-02, Error v: 5.4868e-02
It: 17800, Time: 5.84, mse_0: 9.6702e-01, mse_f: 5.4405e+00, total loss: 9.1488e+00, Error: 3.9458e-02, Error v: 4.7313e-02
It: 17900, Time: 5.04, mse_0: 1.6445e+00, mse_f: 1.6859e+01, total loss: 2.0828e+01, Error: 4.4411e-02, Error v: 4.1726e-02
It: 18000, Time: 4.71, mse_0: 9.3617e-01, mse_f: 8.7040e+00, total loss: 1.1868e+01, Error: 4.7909e-02, Error v: 3.7888e-02
It: 18100, Time: 4.55, mse_0: 7.3581e-01, mse_f: 6.0935e+00, total loss: 8.7119e+00, Error: 4.3571e-02, Error v: 3.4296e-02
It: 18200, Time: 4.23, mse_0: 6.3986e-01, mse_f: 3.8757e+00, total loss: 6.1314e+00, Error: 3.9687e-02, Error v: 3.1051e-02
It: 18300, Time: 4.35, mse_0: 6.0495e-01, mse_f: 1.0539e+01, total loss: 1.3215e+01, Error: 3.7395e-02, Error v: 3.0466e-02
It: 18400, Time: 4.32, mse_0: 9.5744e-01, mse_f: 6.6653e+00, total loss: 9.4195e+00, Error: 4.9570e-02, Error v: 3.1806e-02
It: 18500, Time: 4.41, mse_0: 1.2894e+01, mse_f: 8.3622e+01, total loss: 1.1713e+02, Error: 9.3485e-02, Error v: 1.0945e-01
It: 18600, Time: 4.33, mse_0: 6.5870e+00, mse_f: 3.4389e+01, total loss: 5.0647e+01, Error: 8.2264e-02, Error v: 9.8585e-02
It: 18700, Time: 4.48, mse_0: 2.1836e+00, mse_f: 1.2960e+01, total loss: 1.9941e+01, Error: 6.6996e-02, Error v: 6.4991e-02
It: 18800, Time: 4.49, mse_0: 1.1706e+00, mse_f: 8.0989e+00, total loss: 1.2083e+01, Error: 5.6294e-02, Error v: 5.0910e-02
It: 18900, Time: 4.50, mse_0: 8.1802e-01, mse_f: 5.2485e+00, total loss: 8.2180e+00, Error: 3.7908e-02, Error v: 3.8317e-02
It: 19000, Time: 4.46, mse_0: 7.0527e-01, mse_f: 3.8020e+00, total loss: 5.9698e+00, Error: 3.6114e-02, Error v: 2.9437e-02
It: 19100, Time: 4.30, mse_0: 7.8388e-01, mse_f: 4.7250e+00, total loss: 6.7365e+00, Error: 4.2495e-02, Error v: 2.5723e-02
It: 19200, Time: 4.41, mse_0: 6.9620e-01, mse_f: 6.8340e+00, total loss: 8.8262e+00, Error: 4.4732e-02, Error v: 2.5046e-02
It: 19300, Time: 4.71, mse_0: 5.6587e-01, mse_f: 4.2907e+00, total loss: 5.9386e+00, Error: 4.0467e-02, Error v: 2.3894e-02
It: 19400, Time: 4.54, mse_0: 4.3852e-01, mse_f: 2.6523e+00, total loss: 4.0815e+00, Error: 3.7053e-02, Error v: 2.1822e-02
It: 19500, Time: 4.58, mse_0: 4.2605e-01, mse_f: 2.8452e+00, total loss: 4.1741e+00, Error: 3.3528e-02, Error v: 2.0600e-02
It: 19600, Time: 4.83, mse_0: 3.7751e-01, mse_f: 2.4721e+00, total loss: 3.6851e+00, Error: 3.0622e-02, Error v: 1.9451e-02
It: 19700, Time: 4.27, mse_0: 7.1420e-01, mse_f: 8.1045e+00, total loss: 9.8884e+00, Error: 5.0618e-02, Error v: 2.0632e-02
It: 19800, Time: 5.11, mse_0: 5.2248e-01, mse_f: 4.1725e+00, total loss: 6.9103e+00, Error: 4.4138e-02, Error v: 2.0705e-02
It: 19900, Time: 5.03, mse_0: 3.6550e-01, mse_f: 3.4171e+00, total loss: 4.8718e+00, Error: 4.1934e-02, Error v: 1.9001e-02
It: 20000, Time: 4.72, mse_0: 3.4929e-01, mse_f: 4.2124e+00, total loss: 6.1476e+00, Error: 3.5660e-02, Error v: 1.9159e-02
It: 20100, Time: 4.29, mse_0: 3.2444e-01, mse_f: 2.8632e+00, total loss: 4.5941e+00, Error: 3.2509e-02, Error v: 1.8312e-02
It: 20200, Time: 4.22, mse_0: 3.5793e-01, mse_f: 2.5278e+00, total loss: 4.5174e+00, Error: 2.7949e-02, Error v: 1.8155e-02
It: 20300, Time: 4.18, mse_0: 3.8948e-01, mse_f: 5.8261e+00, total loss: 6.9559e+00, Error: 2.8941e-02, Error v: 1.7641e-02
It: 20400, Time: 5.29, mse_0: 3.0834e-01, mse_f: 4.3887e+00, total loss: 5.4687e+00, Error: 2.8412e-02, Error v: 1.6554e-02
It: 20500, Time: 4.74, mse_0: 3.9769e-01, mse_f: 3.9202e+00, total loss: 5.2860e+00, Error: 2.8668e-02, Error v: 1.6982e-02
It: 20600, Time: 4.75, mse_0: 2.9239e-01, mse_f: 2.0094e+00, total loss: 3.1810e+00, Error: 3.0429e-02, Error v: 1.6498e-02
It: 20700, Time: 4.54, mse_0: 5.6056e-01, mse_f: 8.0144e+00, total loss: 9.3187e+00, Error: 3.0099e-02, Error v: 1.7889e-02
It: 20800, Time: 4.55, mse_0: 7.2546e+00, mse_f: 2.1200e+02, total loss: 2.8498e+02, Error: 4.0150e-02, Error v: 7.6758e-02
It: 20900, Time: 4.52, mse_0: 5.0657e+01, mse_f: 7.4644e+01, total loss: 1.4132e+02, Error: 1.4661e-01, Error v: 1.7225e-01
It: 21000, Time: 4.75, mse_0: 1.5931e+01, mse_f: 3.8599e+01, total loss: 6.8709e+01, Error: 1.1550e-01, Error v: 1.4249e-01
It: 21100, Time: 5.79, mse_0: 4.1262e+00, mse_f: 1.9828e+01, total loss: 3.1868e+01, Error: 7.4817e-02, Error v: 8.7528e-02
It: 21200, Time: 5.26, mse_0: 1.5278e+00, mse_f: 1.1192e+01, total loss: 1.6877e+01, Error: 5.0525e-02, Error v: 5.9926e-02
It: 21300, Time: 5.11, mse_0: 1.2644e+00, mse_f: 5.5337e+00, total loss: 8.6050e+00, Error: 4.1942e-02, Error v: 3.9660e-02
It: 21400, Time: 5.00, mse_0: 6.1860e-01, mse_f: 3.6543e+00, total loss: 5.5043e+00, Error: 2.5731e-02, Error v: 2.7525e-02
It: 21500, Time: 4.90, mse_0: 6.6267e-01, mse_f: 5.9953e+00, total loss: 7.5944e+00, Error: 3.3352e-02, Error v: 2.0662e-02
It: 21600, Time: 4.80, mse_0: 5.7245e-01, mse_f: 4.4050e+00, total loss: 5.7669e+00, Error: 3.1388e-02, Error v: 1.9997e-02
It: 21700, Time: 4.46, mse_0: 3.5957e-01, mse_f: 2.0513e+00, total loss: 3.0986e+00, Error: 2.8221e-02, Error v: 1.8132e-02
It: 21800, Time: 4.58, mse_0: 3.2083e-01, mse_f: 2.2368e+00, total loss: 3.1900e+00, Error: 2.6248e-02, Error v: 1.6830e-02
It: 21900, Time: 4.62, mse_0: 2.8625e-01, mse_f: 1.8529e+00, total loss: 2.7103e+00, Error: 2.4900e-02, Error v: 1.5640e-02
It: 22000, Time: 4.80, mse_0: 2.8212e-01, mse_f: 1.6128e+00, total loss: 2.4280e+00, Error: 2.8678e-02, Error v: 1.5220e-02
It: 22100, Time: 4.47, mse_0: 2.4865e-01, mse_f: 1.7745e+00, total loss: 2.5420e+00, Error: 2.6968e-02, Error v: 1.4655e-02
It: 22200, Time: 4.60, mse_0: 2.8164e-01, mse_f: 2.1090e+00, total loss: 2.8713e+00, Error: 2.6089e-02, Error v: 1.3931e-02
It: 22300, Time: 4.76, mse_0: 2.4353e-01, mse_f: 3.6688e+00, total loss: 4.5748e+00, Error: 2.6971e-02, Error v: 1.4573e-02
It: 22400, Time: 4.36, mse_0: 2.6618e-01, mse_f: 4.3545e+00, total loss: 5.2777e+00, Error: 2.8681e-02, Error v: 1.3716e-02
It: 22500, Time: 4.44, mse_0: 2.5051e-01, mse_f: 1.6906e+00, total loss: 2.3950e+00, Error: 2.6452e-02, Error v: 1.3591e-02
It: 22600, Time: 4.55, mse_0: 2.2644e-01, mse_f: 1.8738e+00, total loss: 2.5202e+00, Error: 2.6354e-02, Error v: 1.3015e-02
It: 22700, Time: 4.56, mse_0: 3.6625e-01, mse_f: 3.7461e+00, total loss: 5.3272e+00, Error: 2.5571e-02, Error v: 1.3534e-02
It: 22800, Time: 4.44, mse_0: 2.5841e-01, mse_f: 2.9772e+00, total loss: 4.4408e+00, Error: 2.6459e-02, Error v: 1.4727e-02
It: 22900, Time: 4.95, mse_0: 4.3527e-01, mse_f: 2.1782e+00, total loss: 3.8903e+00, Error: 3.1261e-02, Error v: 2.6272e-02
It: 23000, Time: 4.67, mse_0: 1.3114e+01, mse_f: 9.4814e+01, total loss: 1.3441e+02, Error: 8.9397e-02, Error v: 7.6804e-02
It: 23100, Time: 4.62, mse_0: 1.0181e+01, mse_f: 3.3310e+01, total loss: 5.4117e+01, Error: 8.8723e-02, Error v: 8.9522e-02
It: 23200, Time: 4.60, mse_0: 2.3189e+00, mse_f: 1.5303e+01, total loss: 2.2080e+01, Error: 4.8995e-02, Error v: 6.1735e-02
It: 23300, Time: 4.98, mse_0: 1.1964e+00, mse_f: 8.4186e+00, total loss: 1.1868e+01, Error: 4.4522e-02, Error v: 3.7704e-02
It: 23400, Time: 4.95, mse_0: 5.6340e-01, mse_f: 3.9333e+00, total loss: 5.5043e+00, Error: 2.8787e-02, Error v: 2.4165e-02
It: 23500, Time: 5.07, mse_0: 3.9324e-01, mse_f: 2.4210e+00, total loss: 3.5202e+00, Error: 2.5920e-02, Error v: 1.7727e-02
It: 23600, Time: 4.60, mse_0: 4.1182e-01, mse_f: 3.3514e+00, total loss: 4.2898e+00, Error: 2.4422e-02, Error v: 1.4858e-02
It: 23700, Time: 5.43, mse_0: 2.7215e-01, mse_f: 2.6592e+00, total loss: 3.4414e+00, Error: 2.5049e-02, Error v: 1.4106e-02
It: 23800, Time: 4.31, mse_0: 2.8078e-01, mse_f: 2.4575e+00, total loss: 3.1654e+00, Error: 2.3073e-02, Error v: 1.3064e-02
It: 23900, Time: 4.77, mse_0: 2.0557e-01, mse_f: 1.3114e+00, total loss: 1.8999e+00, Error: 2.5088e-02, Error v: 1.2613e-02
It: 24000, Time: 4.88, mse_0: 2.0159e-01, mse_f: 1.2654e+00, total loss: 1.8240e+00, Error: 2.4873e-02, Error v: 1.2011e-02
It: 24100, Time: 6.34, mse_0: 2.4371e-01, mse_f: 3.3241e+00, total loss: 3.9655e+00, Error: 2.5233e-02, Error v: 1.1633e-02
It: 24200, Time: 5.11, mse_0: 2.2727e-01, mse_f: 2.5751e+00, total loss: 3.1600e+00, Error: 2.3502e-02, Error v: 1.1376e-02
It: 24300, Time: 4.73, mse_0: 3.3099e-01, mse_f: 4.4033e+00, total loss: 5.0955e+00, Error: 2.5274e-02, Error v: 1.2324e-02
It: 24400, Time: 5.04, mse_0: 1.8881e-01, mse_f: 1.1402e+00, total loss: 1.6247e+00, Error: 2.4681e-02, Error v: 1.1225e-02
It: 24500, Time: 6.86, mse_0: 1.9518e-01, mse_f: 1.9530e+00, total loss: 2.4709e+00, Error: 2.2920e-02, Error v: 1.0767e-02
It: 24600, Time: 6.61, mse_0: 2.6865e-01, mse_f: 3.2080e+00, total loss: 3.8275e+00, Error: 2.3608e-02, Error v: 1.0638e-02
It: 24700, Time: 5.89, mse_0: 2.4336e-01, mse_f: 2.0012e+00, total loss: 2.5079e+00, Error: 2.4055e-02, Error v: 1.0480e-02
It: 24800, Time: 5.15, mse_0: 2.1718e-01, mse_f: 2.6243e+00, total loss: 3.2125e+00, Error: 2.4125e-02, Error v: 1.0379e-02
It: 24900, Time: 5.70, mse_0: 1.9871e-01, mse_f: 2.1545e+00, total loss: 3.1537e+00, Error: 2.5024e-02, Error v: 1.0189e-02
It: 25000, Time: 5.59, mse_0: 2.2274e-01, mse_f: 1.7887e+00, total loss: 4.5117e+00, Error: 2.1896e-02, Error v: 1.1282e-02
It: 25100, Time: 5.17, mse_0: 3.7005e-01, mse_f: 4.0191e+00, total loss: 7.5441e+00, Error: 2.7452e-02, Error v: 1.5402e-02
It: 25200, Time: 4.91, mse_0: 3.4877e-01, mse_f: 2.6193e+00, total loss: 5.6649e+00, Error: 2.4940e-02, Error v: 1.8534e-02
It: 25300, Time: 5.06, mse_0: 2.8097e-01, mse_f: 9.4597e+00, total loss: 1.2819e+01, Error: 2.9109e-02, Error v: 1.7560e-02
It: 25400, Time: 5.14, mse_0: 5.3913e+00, mse_f: 2.9701e+01, total loss: 5.8671e+01, Error: 5.6292e-02, Error v: 4.0306e-02
It: 25500, Time: 4.76, mse_0: 2.0401e+00, mse_f: 1.1115e+01, total loss: 1.5917e+01, Error: 4.0816e-02, Error v: 3.6219e-02
It: 25600, Time: 4.71, mse_0: 8.5329e-01, mse_f: 6.4491e+00, total loss: 8.5653e+00, Error: 3.9950e-02, Error v: 2.3003e-02
It: 25700, Time: 4.91, mse_0: 3.2586e-01, mse_f: 2.6515e+00, total loss: 3.5973e+00, Error: 2.7658e-02, Error v: 1.8154e-02
It: 25800, Time: 5.15, mse_0: 2.8282e-01, mse_f: 1.7003e+00, total loss: 2.3281e+00, Error: 1.9909e-02, Error v: 1.1460e-02
It: 25900, Time: 5.19, mse_0: 2.4039e-01, mse_f: 4.5095e+00, total loss: 5.1360e+00, Error: 2.2419e-02, Error v: 1.0359e-02
It: 26000, Time: 5.49, mse_0: 2.2080e-01, mse_f: 2.8690e+00, total loss: 3.3811e+00, Error: 2.1506e-02, Error v: 9.7526e-03
It: 26100, Time: 4.71, mse_0: 1.8366e-01, mse_f: 2.4995e+00, total loss: 2.9808e+00, Error: 2.1140e-02, Error v: 9.2190e-03
It: 26200, Time: 4.96, mse_0: 1.7078e-01, mse_f: 1.1982e+00, total loss: 1.5896e+00, Error: 2.0357e-02, Error v: 9.0635e-03
It: 26300, Time: 4.92, mse_0: 2.0409e-01, mse_f: 3.0310e+00, total loss: 3.5075e+00, Error: 2.2134e-02, Error v: 8.8662e-03
It: 26400, Time: 4.74, mse_0: 2.1757e-01, mse_f: 2.5044e+00, total loss: 2.9615e+00, Error: 2.0749e-02, Error v: 8.5939e-03
It: 26500, Time: 4.47, mse_0: 1.4552e-01, mse_f: 2.3685e+00, total loss: 2.7955e+00, Error: 2.0962e-02, Error v: 9.6067e-03
It: 26600, Time: 5.04, mse_0: 1.8765e-01, mse_f: 2.6791e+00, total loss: 3.1270e+00, Error: 2.1209e-02, Error v: 9.8697e-03
It: 26700, Time: 4.86, mse_0: 1.7996e-01, mse_f: 1.7981e+00, total loss: 2.2038e+00, Error: 2.0219e-02, Error v: 8.7402e-03
It: 26800, Time: 4.49, mse_0: 2.1474e-01, mse_f: 2.2223e+00, total loss: 2.6301e+00, Error: 2.0329e-02, Error v: 8.7236e-03
It: 26900, Time: 4.58, mse_0: 1.8440e-01, mse_f: 3.6387e+00, total loss: 4.3224e+00, Error: 2.0515e-02, Error v: 9.8022e-03
It: 27000, Time: 4.65, mse_0: 1.6928e-01, mse_f: 3.5105e+00, total loss: 4.4724e+00, Error: 2.0843e-02, Error v: 1.0327e-02
It: 27100, Time: 4.78, mse_0: 1.6101e-01, mse_f: 2.5382e+00, total loss: 3.1273e+00, Error: 2.0711e-02, Error v: 8.1289e-03
It: 27200, Time: 4.92, mse_0: 1.8354e-01, mse_f: 1.9268e+00, total loss: 2.3648e+00, Error: 2.0894e-02, Error v: 1.0199e-02
It: 27300, Time: 4.73, mse_0: 2.2916e-01, mse_f: 3.2151e+00, total loss: 5.5159e+00, Error: 2.1508e-02, Error v: 1.2075e-02
It: 27400, Time: 5.29, mse_0: 1.5560e-01, mse_f: 3.9620e+00, total loss: 4.6861e+00, Error: 1.8780e-02, Error v: 8.9502e-03
It: 27500, Time: 4.87, mse_0: 7.6812e-01, mse_f: 6.0984e+00, total loss: 7.9814e+00, Error: 3.0585e-02, Error v: 2.5819e-02
It: 27600, Time: 4.62, mse_0: 3.8308e+00, mse_f: 2.5403e+01, total loss: 4.1065e+01, Error: 4.7570e-02, Error v: 4.8144e-02
It: 27700, Time: 4.39, mse_0: 1.1174e+00, mse_f: 9.2765e+00, total loss: 1.2255e+01, Error: 4.3518e-02, Error v: 2.8662e-02
It: 27800, Time: 4.35, mse_0: 5.1992e-01, mse_f: 5.9257e+00, total loss: 7.3327e+00, Error: 2.6454e-02, Error v: 1.8082e-02
It: 27900, Time: 4.46, mse_0: 3.0623e-01, mse_f: 2.2705e+00, total loss: 3.0247e+00, Error: 1.7200e-02, Error v: 1.0919e-02
It: 28000, Time: 4.33, mse_0: 1.8065e-01, mse_f: 1.3504e+00, total loss: 1.8548e+00, Error: 1.7518e-02, Error v: 9.4252e-03
It: 28100, Time: 4.22, mse_0: 1.4007e-01, mse_f: 1.0364e+00, total loss: 1.4052e+00, Error: 1.5513e-02, Error v: 8.5138e-03
It: 28200, Time: 4.04, mse_0: 3.0947e-01, mse_f: 2.1817e+00, total loss: 2.7773e+00, Error: 2.9772e-02, Error v: 9.7389e-03
It: 28300, Time: 3.91, mse_0: 2.0477e-01, mse_f: 1.7325e+00, total loss: 2.1499e+00, Error: 2.6385e-02, Error v: 9.1952e-03
It: 28400, Time: 4.15, mse_0: 1.3821e-01, mse_f: 8.6045e-01, total loss: 1.1650e+00, Error: 2.3537e-02, Error v: 8.1115e-03
It: 28500, Time: 4.28, mse_0: 1.3454e-01, mse_f: 1.3287e+00, total loss: 1.6327e+00, Error: 1.9592e-02, Error v: 7.4910e-03
It: 28600, Time: 4.18, mse_0: 1.2075e-01, mse_f: 1.0150e+00, total loss: 1.2912e+00, Error: 1.7089e-02, Error v: 7.1551e-03
It: 28700, Time: 4.30, mse_0: 1.5587e-01, mse_f: 1.6834e+00, total loss: 2.0154e+00, Error: 2.0380e-02, Error v: 7.7051e-03
It: 28800, Time: 4.59, mse_0: 1.3670e-01, mse_f: 1.4430e+00, total loss: 1.7312e+00, Error: 1.8880e-02, Error v: 7.3071e-03
It: 28900, Time: 4.32, mse_0: 1.9057e-01, mse_f: 1.7707e+00, total loss: 2.1194e+00, Error: 1.8918e-02, Error v: 7.5396e-03
It: 29000, Time: 4.35, mse_0: 1.8231e-01, mse_f: 2.6071e+00, total loss: 3.1309e+00, Error: 1.8116e-02, Error v: 8.3547e-03
It: 29100, Time: 5.03, mse_0: 1.8807e-01, mse_f: 3.3219e+00, total loss: 5.6234e+00, Error: 2.0022e-02, Error v: 8.4797e-03
It: 29200, Time: 4.52, mse_0: 2.6520e-01, mse_f: 2.3140e+00, total loss: 6.8374e+00, Error: 1.6684e-02, Error v: 9.3953e-03
It: 29300, Time: 4.27, mse_0: 5.4228e-01, mse_f: 7.3513e+00, total loss: 1.2085e+01, Error: 2.1568e-02, Error v: 1.3256e-02
It: 29400, Time: 3.93, mse_0: 1.8665e+00, mse_f: 3.5513e+01, total loss: 8.4126e+01, Error: 3.5692e-02, Error v: 2.6425e-02
It: 29500, Time: 4.66, mse_0: 1.9385e+00, mse_f: 1.6326e+01, total loss: 2.1438e+01, Error: 4.6625e-02, Error v: 3.8197e-02
It: 29600, Time: 4.48, mse_0: 9.0019e-01, mse_f: 7.6976e+00, total loss: 9.9545e+00, Error: 3.1501e-02, Error v: 2.3993e-02
It: 29700, Time: 4.75, mse_0: 4.6728e-01, mse_f: 3.3357e+00, total loss: 4.5018e+00, Error: 2.1862e-02, Error v: 1.6278e-02
It: 29800, Time: 4.74, mse_0: 1.8488e-01, mse_f: 1.3562e+00, total loss: 1.8674e+00, Error: 1.5221e-02, Error v: 9.9541e-03
It: 29900, Time: 4.52, mse_0: 1.4292e-01, mse_f: 1.0231e+00, total loss: 1.3647e+00, Error: 1.5595e-02, Error v: 8.4806e-03
It: 30000, Time: 4.18, mse_0: 3.1241e-01, mse_f: 2.4883e+00, total loss: 2.9328e+00, Error: 2.3190e-02, Error v: 8.3274e-03
starting L-BFGS training
It: 100, Time: 6.20, mse_0: 1.0558e-01, mse_f: 7.1223e-01, total loss: 9.6810e-01, Error: 1.5592e-02, Error v: 7.3630e-03
It: 200, Time: 6.26, mse_0: 9.9348e-02, mse_f: 7.0076e-01, total loss: 9.4109e-01, Error: 1.3969e-02, Error v: 6.9720e-03
It: 300, Time: 6.01, mse_0: 9.5582e-02, mse_f: 6.8535e-01, total loss: 9.1153e-01, Error: 1.2412e-02, Error v: 6.6285e-03
It: 400, Time: 7.12, mse_0: 9.4167e-02, mse_f: 6.6624e-01, total loss: 8.7939e-01, Error: 1.1540e-02, Error v: 6.3981e-03
It: 500, Time: 6.94, mse_0: 9.1145e-02, mse_f: 6.5243e-01, total loss: 8.5310e-01, Error: 1.0625e-02, Error v: 6.1042e-03
It: 600, Time: 5.91, mse_0: 8.9148e-02, mse_f: 6.3783e-01, total loss: 8.3194e-01, Error: 1.0048e-02, Error v: 5.9605e-03
It: 700, Time: 6.11, mse_0: 8.8110e-02, mse_f: 6.2447e-01, total loss: 8.1304e-01, Error: 1.0210e-02, Error v: 5.8075e-03
It: 800, Time: 6.52, mse_0: 8.5490e-02, mse_f: 6.1039e-01, total loss: 7.9292e-01, Error: 9.8938e-03, Error v: 5.6719e-03
It: 900, Time: 6.37, mse_0: 8.4274e-02, mse_f: 5.9933e-01, total loss: 7.7627e-01, Error: 9.5544e-03, Error v: 5.4725e-03
It: 1000, Time: 6.36, mse_0: 8.1892e-02, mse_f: 5.8594e-01, total loss: 7.5762e-01, Error: 9.2203e-03, Error v: 5.3296e-03
It: 1100, Time: 6.44, mse_0: 8.0392e-02, mse_f: 5.7222e-01, total loss: 7.3895e-01, Error: 8.8325e-03, Error v: 5.1673e-03
It: 1200, Time: 6.75, mse_0: 7.8789e-02, mse_f: 5.5695e-01, total loss: 7.1904e-01, Error: 8.9738e-03, Error v: 5.1080e-03
It: 1300, Time: 6.64, mse_0: 7.4553e-02, mse_f: 5.4418e-01, total loss: 6.9910e-01, Error: 8.3853e-03, Error v: 4.9713e-03
It: 1400, Time: 6.81, mse_0: 7.3585e-02, mse_f: 5.2950e-01, total loss: 6.8001e-01, Error: 8.0912e-03, Error v: 4.9203e-03
It: 1500, Time: 6.32, mse_0: 7.0724e-02, mse_f: 5.1523e-01, total loss: 6.6029e-01, Error: 7.3158e-03, Error v: 4.8693e-03
It: 1600, Time: 6.39, mse_0: 6.9656e-02, mse_f: 5.0199e-01, total loss: 6.4306e-01, Error: 7.3076e-03, Error v: 4.8230e-03
It: 1700, Time: 6.45, mse_0: 6.9762e-02, mse_f: 4.8780e-01, total loss: 6.2547e-01, Error: 6.9586e-03, Error v: 4.7371e-03
It: 1800, Time: 6.75, mse_0: 6.9529e-02, mse_f: 4.7400e-01, total loss: 6.0914e-01, Error: 6.6023e-03, Error v: 4.6515e-03
It: 1900, Time: 6.60, mse_0: 6.8694e-02, mse_f: 4.6081e-01, total loss: 5.9294e-01, Error: 6.7164e-03, Error v: 4.6358e-03
It: 2000, Time: 6.68, mse_0: 6.6943e-02, mse_f: 4.4787e-01, total loss: 5.7663e-01, Error: 6.5172e-03, Error v: 4.5549e-03
It: 2100, Time: 6.89, mse_0: 6.5559e-02, mse_f: 4.3642e-01, total loss: 5.6211e-01, Error: 6.1366e-03, Error v: 4.5087e-03
It: 2200, Time: 6.61, mse_0: 6.3036e-02, mse_f: 4.2395e-01, total loss: 5.4575e-01, Error: 6.3432e-03, Error v: 4.5215e-03
It: 2300, Time: 6.34, mse_0: 6.1039e-02, mse_f: 4.1193e-01, total loss: 5.3025e-01, Error: 6.3030e-03, Error v: 4.3664e-03
It: 2400, Time: 6.55, mse_0: 5.7266e-02, mse_f: 4.0134e-01, total loss: 5.1588e-01, Error: 6.1060e-03, Error v: 4.3428e-03
It: 2500, Time: 6.93, mse_0: 5.4736e-02, mse_f: 3.9114e-01, total loss: 5.0186e-01, Error: 5.8090e-03, Error v: 4.2915e-03
It: 2600, Time: 7.14, mse_0: 5.2265e-02, mse_f: 3.8143e-01, total loss: 4.8830e-01, Error: 5.7387e-03, Error v: 4.2395e-03
It: 2700, Time: 7.01, mse_0: 4.9993e-02, mse_f: 3.7125e-01, total loss: 4.7492e-01, Error: 5.2642e-03, Error v: 4.1410e-03
It: 2800, Time: 6.78, mse_0: 4.8504e-02, mse_f: 3.6193e-01, total loss: 4.6275e-01, Error: 4.9942e-03, Error v: 4.0071e-03
It: 2900, Time: 6.88, mse_0: 4.8096e-02, mse_f: 3.5175e-01, total loss: 4.5010e-01, Error: 4.9563e-03, Error v: 3.9626e-03
It: 3000, Time: 6.92, mse_0: 4.6877e-02, mse_f: 3.4416e-01, total loss: 4.3987e-01, Error: 4.9242e-03, Error v: 3.9421e-03
It: 3100, Time: 6.36, mse_0: 4.5412e-02, mse_f: 3.3630e-01, total loss: 4.2964e-01, Error: 4.8117e-03, Error v: 3.9838e-03
It: 3200, Time: 8.38, mse_0: 4.4001e-02, mse_f: 3.2893e-01, total loss: 4.1940e-01, Error: 5.0183e-03, Error v: 3.9378e-03
It: 3300, Time: 6.99, mse_0: 4.2488e-02, mse_f: 3.2133e-01, total loss: 4.0886e-01, Error: 5.1450e-03, Error v: 3.8152e-03
It: 3400, Time: 7.23, mse_0: 4.1206e-02, mse_f: 3.1361e-01, total loss: 3.9918e-01, Error: 5.0085e-03, Error v: 3.8115e-03
It: 3500, Time: 7.85, mse_0: 4.0154e-02, mse_f: 3.0713e-01, total loss: 3.9032e-01, Error: 4.4680e-03, Error v: 3.7957e-03
It: 3600, Time: 6.78, mse_0: 3.9908e-02, mse_f: 2.9883e-01, total loss: 3.7990e-01, Error: 4.2331e-03, Error v: 3.7450e-03
It: 3700, Time: 6.46, mse_0: 3.9579e-02, mse_f: 2.9292e-01, total loss: 3.7193e-01, Error: 4.0749e-03, Error v: 3.6925e-03
It: 3800, Time: 6.44, mse_0: 3.9466e-02, mse_f: 2.8660e-01, total loss: 3.6380e-01, Error: 3.9395e-03, Error v: 3.6395e-03
It: 3900, Time: 6.44, mse_0: 3.9621e-02, mse_f: 2.7965e-01, total loss: 3.5520e-01, Error: 3.8376e-03, Error v: 3.6093e-03
It: 4000, Time: 6.51, mse_0: 3.8723e-02, mse_f: 2.7345e-01, total loss: 3.4698e-01, Error: 3.8725e-03, Error v: 3.5650e-03
It: 4100, Time: 6.26, mse_0: 3.7805e-02, mse_f: 2.6690e-01, total loss: 3.3834e-01, Error: 3.6696e-03, Error v: 3.5102e-03
It: 4200, Time: 6.40, mse_0: 3.6277e-02, mse_f: 2.6126e-01, total loss: 3.3068e-01, Error: 3.6357e-03, Error v: 3.4792e-03
It: 4300, Time: 6.41, mse_0: 3.5094e-02, mse_f: 2.5619e-01, total loss: 3.2418e-01, Error: 3.5972e-03, Error v: 3.5008e-03
It: 4400, Time: 6.77, mse_0: 3.4429e-02, mse_f: 2.5111e-01, total loss: 3.1799e-01, Error: 3.6074e-03, Error v: 3.5048e-03
It: 4500, Time: 6.39, mse_0: 3.3289e-02, mse_f: 2.4656e-01, total loss: 3.1194e-01, Error: 3.7110e-03, Error v: 3.4765e-03
It: 4600, Time: 6.19, mse_0: 3.3212e-02, mse_f: 2.4237e-01, total loss: 3.0688e-01, Error: 3.6126e-03, Error v: 3.4469e-03
It: 4700, Time: 6.43, mse_0: 3.2599e-02, mse_f: 2.3870e-01, total loss: 3.0214e-01, Error: 3.5416e-03, Error v: 3.4567e-03
It: 4800, Time: 6.40, mse_0: 3.1673e-02, mse_f: 2.3397e-01, total loss: 2.9623e-01, Error: 3.7856e-03, Error v: 3.4493e-03
It: 4900, Time: 6.33, mse_0: 3.0974e-02, mse_f: 2.2906e-01, total loss: 2.9028e-01, Error: 3.6300e-03, Error v: 3.4352e-03
It: 5000, Time: 6.28, mse_0: 2.9886e-02, mse_f: 2.2476e-01, total loss: 2.8453e-01, Error: 3.6891e-03, Error v: 3.4201e-03
It: 5100, Time: 6.58, mse_0: 2.9474e-02, mse_f: 2.2056e-01, total loss: 2.7919e-01, Error: 3.7349e-03, Error v: 3.3838e-03
It: 5200, Time: 6.36, mse_0: 2.8996e-02, mse_f: 2.1661e-01, total loss: 2.7436e-01, Error: 3.8037e-03, Error v: 3.4215e-03
It: 5300, Time: 6.49, mse_0: 2.8152e-02, mse_f: 2.1284e-01, total loss: 2.6927e-01, Error: 3.7411e-03, Error v: 3.4266e-03
It: 5400, Time: 6.44, mse_0: 2.7691e-02, mse_f: 2.0904e-01, total loss: 2.6425e-01, Error: 3.6547e-03, Error v: 3.3948e-03
It: 5500, Time: 6.42, mse_0: 2.7318e-02, mse_f: 2.0504e-01, total loss: 2.5941e-01, Error: 3.6898e-03, Error v: 3.3669e-03
It: 5600, Time: 6.30, mse_0: 2.7083e-02, mse_f: 2.0168e-01, total loss: 2.5530e-01, Error: 3.6491e-03, Error v: 3.3432e-03
It: 5700, Time: 6.15, mse_0: 2.6580e-02, mse_f: 1.9819e-01, total loss: 2.5075e-01, Error: 3.6491e-03, Error v: 3.3402e-03
It: 5800, Time: 6.38, mse_0: 2.6187e-02, mse_f: 1.9470e-01, total loss: 2.4617e-01, Error: 3.7101e-03, Error v: 3.3266e-03
It: 5900, Time: 6.54, mse_0: 2.5409e-02, mse_f: 1.9141e-01, total loss: 2.4174e-01, Error: 3.6612e-03, Error v: 3.2362e-03
It: 6000, Time: 5.85, mse_0: 2.4895e-02, mse_f: 1.8811e-01, total loss: 2.3772e-01, Error: 3.6742e-03, Error v: 3.2374e-03
It: 6100, Time: 6.01, mse_0: 2.4002e-02, mse_f: 1.8526e-01, total loss: 2.3384e-01, Error: 3.5329e-03, Error v: 3.2107e-03
It: 6200, Time: 5.94, mse_0: 2.3816e-02, mse_f: 1.8241e-01, total loss: 2.3010e-01, Error: 3.5759e-03, Error v: 3.2008e-03
It: 6300, Time: 5.91, mse_0: 2.3540e-02, mse_f: 1.7959e-01, total loss: 2.2620e-01, Error: 3.6567e-03, Error v: 3.1495e-03
It: 6400, Time: 5.87, mse_0: 2.3078e-02, mse_f: 1.7702e-01, total loss: 2.2275e-01, Error: 3.7457e-03, Error v: 3.1462e-03
It: 6500, Time: 6.01, mse_0: 2.2782e-02, mse_f: 1.7415e-01, total loss: 2.1934e-01, Error: 3.8504e-03, Error v: 3.1327e-03
It: 6600, Time: 5.77, mse_0: 2.2411e-02, mse_f: 1.7143e-01, total loss: 2.1589e-01, Error: 3.6725e-03, Error v: 3.1342e-03
It: 6700, Time: 6.49, mse_0: 2.1903e-02, mse_f: 1.6888e-01, total loss: 2.1246e-01, Error: 3.5671e-03, Error v: 3.1059e-03
It: 6800, Time: 6.24, mse_0: 2.1661e-02, mse_f: 1.6653e-01, total loss: 2.0929e-01, Error: 3.7026e-03, Error v: 3.0759e-03
It: 6900, Time: 6.16, mse_0: 2.1529e-02, mse_f: 1.6415e-01, total loss: 2.0626e-01, Error: 3.6216e-03, Error v: 3.0528e-03
It: 7000, Time: 6.15, mse_0: 2.1335e-02, mse_f: 1.6175e-01, total loss: 2.0309e-01, Error: 3.4823e-03, Error v: 3.0283e-03
It: 7100, Time: 6.59, mse_0: 2.1384e-02, mse_f: 1.5891e-01, total loss: 1.9963e-01, Error: 3.4649e-03, Error v: 3.0319e-03
It: 7200, Time: 6.52, mse_0: 2.0714e-02, mse_f: 1.5667e-01, total loss: 1.9681e-01, Error: 3.6003e-03, Error v: 3.0339e-03
It: 7300, Time: 6.23, mse_0: 2.0021e-02, mse_f: 1.5438e-01, total loss: 1.9373e-01, Error: 3.6915e-03, Error v: 3.0313e-03
It: 7400, Time: 6.42, mse_0: 1.9645e-02, mse_f: 1.5197e-01, total loss: 1.9054e-01, Error: 3.5737e-03, Error v: 3.0177e-03
It: 7500, Time: 6.86, mse_0: 1.9292e-02, mse_f: 1.4981e-01, total loss: 1.8771e-01, Error: 3.4337e-03, Error v: 2.9817e-03
It: 7600, Time: 6.24, mse_0: 1.9021e-02, mse_f: 1.4759e-01, total loss: 1.8486e-01, Error: 3.4872e-03, Error v: 2.9683e-03
It: 7700, Time: 5.92, mse_0: 1.8782e-02, mse_f: 1.4553e-01, total loss: 1.8226e-01, Error: 3.2102e-03, Error v: 2.9792e-03
It: 7800, Time: 6.57, mse_0: 1.8510e-02, mse_f: 1.4359e-01, total loss: 1.7970e-01, Error: 3.3874e-03, Error v: 2.9415e-03
It: 7900, Time: 6.24, mse_0: 1.8083e-02, mse_f: 1.4165e-01, total loss: 1.7700e-01, Error: 3.4703e-03, Error v: 2.8897e-03
It: 8000, Time: 6.08, mse_0: 1.7941e-02, mse_f: 1.3964e-01, total loss: 1.7447e-01, Error: 3.4493e-03, Error v: 2.8624e-03
It: 8100, Time: 6.26, mse_0: 1.7754e-02, mse_f: 1.3788e-01, total loss: 1.7227e-01, Error: 3.4267e-03, Error v: 2.8248e-03
It: 8200, Time: 6.38, mse_0: 1.7437e-02, mse_f: 1.3618e-01, total loss: 1.7018e-01, Error: 3.2686e-03, Error v: 2.7911e-03
It: 8300, Time: 7.28, mse_0: 1.7249e-02, mse_f: 1.3447e-01, total loss: 1.6798e-01, Error: 3.3272e-03, Error v: 2.7649e-03
It: 8400, Time: 6.49, mse_0: 1.7251e-02, mse_f: 1.3252e-01, total loss: 1.6571e-01, Error: 2.9754e-03, Error v: 2.7468e-03
It: 8500, Time: 6.00, mse_0: 1.6928e-02, mse_f: 1.3082e-01, total loss: 1.6364e-01, Error: 3.0434e-03, Error v: 2.7380e-03
It: 8600, Time: 6.36, mse_0: 1.6803e-02, mse_f: 1.2912e-01, total loss: 1.6175e-01, Error: 2.9914e-03, Error v: 2.7395e-03
It: 8700, Time: 6.48, mse_0: 1.6413e-02, mse_f: 1.2704e-01, total loss: 1.5909e-01, Error: 2.9146e-03, Error v: 2.7105e-03
It: 8800, Time: 6.52, mse_0: 1.6076e-02, mse_f: 1.2554e-01, total loss: 1.5720e-01, Error: 2.8365e-03, Error v: 2.6928e-03
It: 8900, Time: 6.48, mse_0: 1.5807e-02, mse_f: 1.2385e-01, total loss: 1.5515e-01, Error: 2.7086e-03, Error v: 2.6714e-03
It: 9000, Time: 6.18, mse_0: 1.5601e-02, mse_f: 1.2235e-01, total loss: 1.5315e-01, Error: 2.7376e-03, Error v: 2.6419e-03
It: 9100, Time: 6.69, mse_0: 1.5249e-02, mse_f: 1.2100e-01, total loss: 1.5120e-01, Error: 2.6946e-03, Error v: 2.6292e-03
It: 9200, Time: 6.61, mse_0: 1.4990e-02, mse_f: 1.1955e-01, total loss: 1.4937e-01, Error: 2.6244e-03, Error v: 2.6132e-03
It: 9300, Time: 6.94, mse_0: 1.4659e-02, mse_f: 1.1832e-01, total loss: 1.4762e-01, Error: 2.7262e-03, Error v: 2.5896e-03
It: 9400, Time: 7.12, mse_0: 1.4365e-02, mse_f: 1.1663e-01, total loss: 1.4543e-01, Error: 2.6876e-03, Error v: 2.5831e-03
It: 9500, Time: 7.06, mse_0: 1.4301e-02, mse_f: 1.1494e-01, total loss: 1.4339e-01, Error: 2.6924e-03, Error v: 2.5653e-03
It: 9600, Time: 6.59, mse_0: 1.4343e-02, mse_f: 1.1330e-01, total loss: 1.4156e-01, Error: 2.6672e-03, Error v: 2.5658e-03
It: 9700, Time: 7.11, mse_0: 1.4103e-02, mse_f: 1.1180e-01, total loss: 1.3980e-01, Error: 2.6255e-03, Error v: 2.5572e-03
It: 9800, Time: 6.99, mse_0: 1.3865e-02, mse_f: 1.1029e-01, total loss: 1.3802e-01, Error: 2.7077e-03, Error v: 2.5740e-03
It: 9900, Time: 6.83, mse_0: 1.3684e-02, mse_f: 1.0864e-01, total loss: 1.3610e-01, Error: 2.7683e-03, Error v: 2.5628e-03
It: 10000, Time: 6.64, mse_0: 1.3292e-02, mse_f: 1.0721e-01, total loss: 1.3433e-01, Error: 2.7168e-03, Error v: 2.5719e-03
It: 10100, Time: 6.89, mse_0: 1.2953e-02, mse_f: 1.0590e-01, total loss: 1.3255e-01, Error: 2.7608e-03, Error v: 2.5479e-03
It: 10200, Time: 6.92, mse_0: 1.2659e-02, mse_f: 1.0459e-01, total loss: 1.3093e-01, Error: 2.7732e-03, Error v: 2.5655e-03
It: 10300, Time: 6.49, mse_0: 1.2419e-02, mse_f: 1.0345e-01, total loss: 1.2942e-01, Error: 2.8120e-03, Error v: 2.5476e-03
It: 10400, Time: 6.45, mse_0: 1.2278e-02, mse_f: 1.0236e-01, total loss: 1.2802e-01, Error: 2.8255e-03, Error v: 2.5233e-03
It: 10500, Time: 6.83, mse_0: 1.2134e-02, mse_f: 1.0118e-01, total loss: 1.2650e-01, Error: 2.8525e-03, Error v: 2.4983e-03
It: 10600, Time: 6.90, mse_0: 1.1995e-02, mse_f: 9.9924e-02, total loss: 1.2489e-01, Error: 2.9087e-03, Error v: 2.4868e-03
It: 10700, Time: 7.20, mse_0: 1.1700e-02, mse_f: 9.8851e-02, total loss: 1.2337e-01, Error: 2.9127e-03, Error v: 2.4512e-03
It: 10800, Time: 7.23, mse_0: 1.1609e-02, mse_f: 9.7584e-02, total loss: 1.2187e-01, Error: 2.7880e-03, Error v: 2.4431e-03
It: 10900, Time: 7.18, mse_0: 1.1493e-02, mse_f: 9.6381e-02, total loss: 1.2040e-01, Error: 2.6932e-03, Error v: 2.4413e-03
It: 11000, Time: 7.25, mse_0: 1.1378e-02, mse_f: 9.5309e-02, total loss: 1.1905e-01, Error: 2.6529e-03, Error v: 2.4442e-03
It: 11100, Time: 6.20, mse_0: 1.1310e-02, mse_f: 9.4144e-02, total loss: 1.1764e-01, Error: 2.7738e-03, Error v: 2.4524e-03
It: 11200, Time: 6.40, mse_0: 1.1208e-02, mse_f: 9.3297e-02, total loss: 1.1647e-01, Error: 2.8139e-03, Error v: 2.4397e-03
It: 11300, Time: 6.45, mse_0: 1.1132e-02, mse_f: 9.2309e-02, total loss: 1.1524e-01, Error: 2.8080e-03, Error v: 2.4489e-03
It: 11400, Time: 7.29, mse_0: 1.1006e-02, mse_f: 9.1437e-02, total loss: 1.1410e-01, Error: 2.6528e-03, Error v: 2.4646e-03
It: 11500, Time: 6.10, mse_0: 1.0765e-02, mse_f: 9.0464e-02, total loss: 1.1275e-01, Error: 2.5810e-03, Error v: 2.4512e-03
It: 11600, Time: 6.57, mse_0: 1.0685e-02, mse_f: 8.9447e-02, total loss: 1.1148e-01, Error: 2.6119e-03, Error v: 2.4237e-03
It: 11700, Time: 6.30, mse_0: 1.0596e-02, mse_f: 8.8380e-02, total loss: 1.1009e-01, Error: 2.6719e-03, Error v: 2.3954e-03
It: 11800, Time: 6.44, mse_0: 1.0430e-02, mse_f: 8.7488e-02, total loss: 1.0884e-01, Error: 2.7629e-03, Error v: 2.3919e-03
It: 11900, Time: 6.53, mse_0: 1.0287e-02, mse_f: 8.6540e-02, total loss: 1.0761e-01, Error: 2.7247e-03, Error v: 2.3957e-03
It: 12000, Time: 6.99, mse_0: 1.0140e-02, mse_f: 8.5577e-02, total loss: 1.0643e-01, Error: 2.7379e-03, Error v: 2.3974e-03
It: 12100, Time: 6.36, mse_0: 1.0078e-02, mse_f: 8.4645e-02, total loss: 1.0530e-01, Error: 2.7406e-03, Error v: 2.3962e-03
It: 12200, Time: 6.76, mse_0: 1.0054e-02, mse_f: 8.3851e-02, total loss: 1.0419e-01, Error: 2.8156e-03, Error v: 2.3895e-03
It: 12300, Time: 6.34, mse_0: 9.8549e-03, mse_f: 8.3049e-02, total loss: 1.0303e-01, Error: 2.8019e-03, Error v: 2.3861e-03
It: 12400, Time: 6.36, mse_0: 9.8163e-03, mse_f: 8.2204e-02, total loss: 1.0186e-01, Error: 2.7472e-03, Error v: 2.3900e-03
It: 12500, Time: 6.19, mse_0: 9.6740e-03, mse_f: 8.1392e-02, total loss: 1.0079e-01, Error: 2.6915e-03, Error v: 2.3947e-03
It: 12600, Time: 5.87, mse_0: 9.5442e-03, mse_f: 8.0619e-02, total loss: 9.9723e-02, Error: 2.7127e-03, Error v: 2.3717e-03
It: 12700, Time: 6.30, mse_0: 9.2971e-03, mse_f: 7.9866e-02, total loss: 9.8667e-02, Error: 2.6765e-03, Error v: 2.3609e-03
It: 12800, Time: 6.56, mse_0: 9.1800e-03, mse_f: 7.9102e-02, total loss: 9.7693e-02, Error: 2.7791e-03, Error v: 2.3622e-03
It: 12900, Time: 6.75, mse_0: 8.9500e-03, mse_f: 7.8439e-02, total loss: 9.6725e-02, Error: 2.7701e-03, Error v: 2.3566e-03
It: 13000, Time: 6.72, mse_0: 8.8204e-03, mse_f: 7.7661e-02, total loss: 9.5783e-02, Error: 2.7037e-03, Error v: 2.3402e-03
It: 13100, Time: 6.61, mse_0: 8.7373e-03, mse_f: 7.6996e-02, total loss: 9.4934e-02, Error: 2.7794e-03, Error v: 2.3248e-03
It: 13200, Time: 6.26, mse_0: 8.6204e-03, mse_f: 7.6163e-02, total loss: 9.3899e-02, Error: 2.7807e-03, Error v: 2.3123e-03
It: 13300, Time: 6.16, mse_0: 8.4908e-03, mse_f: 7.5429e-02, total loss: 9.2947e-02, Error: 2.7861e-03, Error v: 2.2934e-03
It: 13400, Time: 6.17, mse_0: 8.3404e-03, mse_f: 7.4805e-02, total loss: 9.2106e-02, Error: 2.6684e-03, Error v: 2.2895e-03
It: 13500, Time: 6.56, mse_0: 8.2064e-03, mse_f: 7.4072e-02, total loss: 9.1131e-02, Error: 2.6681e-03, Error v: 2.2751e-03
It: 13600, Time: 5.96, mse_0: 8.1793e-03, mse_f: 7.3405e-02, total loss: 9.0318e-02, Error: 2.6096e-03, Error v: 2.2856e-03
It: 13700, Time: 6.37, mse_0: 8.1386e-03, mse_f: 7.2721e-02, total loss: 8.9479e-02, Error: 2.6474e-03, Error v: 2.2772e-03
It: 13800, Time: 6.10, mse_0: 8.1154e-03, mse_f: 7.2045e-02, total loss: 8.8690e-02, Error: 2.5812e-03, Error v: 2.2656e-03
It: 13900, Time: 6.25, mse_0: 8.0029e-03, mse_f: 7.1353e-02, total loss: 8.7856e-02, Error: 2.6139e-03, Error v: 2.2649e-03
It: 14000, Time: 5.94, mse_0: 7.9450e-03, mse_f: 7.0733e-02, total loss: 8.7132e-02, Error: 2.5905e-03, Error v: 2.2657e-03
It: 14100, Time: 6.15, mse_0: 7.8331e-03, mse_f: 7.0170e-02, total loss: 8.6423e-02, Error: 2.5986e-03, Error v: 2.2634e-03
It: 14200, Time: 5.80, mse_0: 7.6843e-03, mse_f: 6.9509e-02, total loss: 8.5580e-02, Error: 2.5904e-03, Error v: 2.2576e-03
It: 14300, Time: 6.19, mse_0: 7.5994e-03, mse_f: 6.9006e-02, total loss: 8.4947e-02, Error: 2.6038e-03, Error v: 2.2601e-03
It: 14400, Time: 6.34, mse_0: 7.5563e-03, mse_f: 6.8357e-02, total loss: 8.4242e-02, Error: 2.6508e-03, Error v: 2.2558e-03
It: 14500, Time: 6.10, mse_0: 7.4519e-03, mse_f: 6.7742e-02, total loss: 8.3492e-02, Error: 2.6120e-03, Error v: 2.2500e-03
It: 14600, Time: 6.35, mse_0: 7.4004e-03, mse_f: 6.7157e-02, total loss: 8.2824e-02, Error: 2.6417e-03, Error v: 2.2616e-03
It: 14700, Time: 6.56, mse_0: 7.3297e-03, mse_f: 6.6612e-02, total loss: 8.2191e-02, Error: 2.7913e-03, Error v: 2.2512e-03
It: 14800, Time: 6.31, mse_0: 7.2597e-03, mse_f: 6.6036e-02, total loss: 8.1513e-02, Error: 2.9277e-03, Error v: 2.2444e-03
It: 14900, Time: 6.46, mse_0: 7.2719e-03, mse_f: 6.5344e-02, total loss: 8.0730e-02, Error: 2.8291e-03, Error v: 2.2398e-03
It: 15000, Time: 6.50, mse_0: 7.2613e-03, mse_f: 6.4826e-02, total loss: 8.0118e-02, Error: 2.7275e-03, Error v: 2.2455e-03
It: 15100, Time: 6.44, mse_0: 7.2469e-03, mse_f: 6.4291e-02, total loss: 7.9481e-02, Error: 2.7224e-03, Error v: 2.2506e-03
It: 15200, Time: 6.58, mse_0: 7.2544e-03, mse_f: 6.3737e-02, total loss: 7.8842e-02, Error: 2.7081e-03, Error v: 2.2534e-03
It: 15300, Time: 6.08, mse_0: 7.2314e-03, mse_f: 6.3170e-02, total loss: 7.8143e-02, Error: 2.7726e-03, Error v: 2.2509e-03
It: 15400, Time: 6.28, mse_0: 7.1658e-03, mse_f: 6.2643e-02, total loss: 7.7515e-02, Error: 2.8499e-03, Error v: 2.2433e-03
It: 15500, Time: 6.08, mse_0: 7.1041e-03, mse_f: 6.2157e-02, total loss: 7.6921e-02, Error: 2.7883e-03, Error v: 2.2355e-03
It: 15600, Time: 6.30, mse_0: 7.0620e-03, mse_f: 6.1662e-02, total loss: 7.6323e-02, Error: 2.7468e-03, Error v: 2.2348e-03
It: 15700, Time: 6.15, mse_0: 6.9850e-03, mse_f: 6.1159e-02, total loss: 7.5668e-02, Error: 2.7346e-03, Error v: 2.2386e-03
It: 15800, Time: 6.87, mse_0: 6.8480e-03, mse_f: 6.0732e-02, total loss: 7.5025e-02, Error: 2.6268e-03, Error v: 2.2316e-03
It: 15900, Time: 6.58, mse_0: 6.7308e-03, mse_f: 6.0248e-02, total loss: 7.4357e-02, Error: 2.5981e-03, Error v: 2.2267e-03
It: 16000, Time: 6.30, mse_0: 6.6570e-03, mse_f: 5.9791e-02, total loss: 7.3764e-02, Error: 2.5980e-03, Error v: 2.2145e-03
It: 16100, Time: 6.22, mse_0: 6.5498e-03, mse_f: 5.9385e-02, total loss: 7.3193e-02, Error: 2.4509e-03, Error v: 2.2211e-03
It: 16200, Time: 6.11, mse_0: 6.5073e-03, mse_f: 5.8904e-02, total loss: 7.2570e-02, Error: 2.4330e-03, Error v: 2.2114e-03
It: 16300, Time: 6.26, mse_0: 6.4425e-03, mse_f: 5.8489e-02, total loss: 7.2041e-02, Error: 2.4703e-03, Error v: 2.2046e-03
It: 16400, Time: 6.63, mse_0: 6.4022e-03, mse_f: 5.8069e-02, total loss: 7.1459e-02, Error: 2.4812e-03, Error v: 2.2033e-03
It: 16500, Time: 6.78, mse_0: 6.3073e-03, mse_f: 5.7601e-02, total loss: 7.0798e-02, Error: 2.4957e-03, Error v: 2.1819e-03
It: 16600, Time: 7.02, mse_0: 6.1500e-03, mse_f: 5.7107e-02, total loss: 7.0131e-02, Error: 2.4942e-03, Error v: 2.1800e-03
It: 16700, Time: 7.27, mse_0: 6.0256e-03, mse_f: 5.6662e-02, total loss: 6.9513e-02, Error: 2.5058e-03, Error v: 2.1862e-03
It: 16800, Time: 6.88, mse_0: 5.9333e-03, mse_f: 5.6266e-02, total loss: 6.8965e-02, Error: 2.4839e-03, Error v: 2.1691e-03
It: 16900, Time: 6.80, mse_0: 5.8253e-03, mse_f: 5.5893e-02, total loss: 6.8456e-02, Error: 2.5051e-03, Error v: 2.1618e-03
It: 17000, Time: 7.58, mse_0: 5.7453e-03, mse_f: 5.5523e-02, total loss: 6.7949e-02, Error: 2.4851e-03, Error v: 2.1480e-03
It: 17100, Time: 7.61, mse_0: 5.6728e-03, mse_f: 5.5140e-02, total loss: 6.7445e-02, Error: 2.4636e-03, Error v: 2.1462e-03
It: 17200, Time: 6.60, mse_0: 5.5613e-03, mse_f: 5.4760e-02, total loss: 6.6944e-02, Error: 2.4430e-03, Error v: 2.1392e-03
It: 17300, Time: 6.79, mse_0: 5.4938e-03, mse_f: 5.4342e-02, total loss: 6.6392e-02, Error: 2.4629e-03, Error v: 2.1409e-03
It: 17400, Time: 6.95, mse_0: 5.4243e-03, mse_f: 5.3956e-02, total loss: 6.5890e-02, Error: 2.4920e-03, Error v: 2.1248e-03
It: 17500, Time: 7.12, mse_0: 5.3758e-03, mse_f: 5.3640e-02, total loss: 6.5439e-02, Error: 2.4493e-03, Error v: 2.1202e-03
It: 17600, Time: 6.28, mse_0: 5.3143e-03, mse_f: 5.3266e-02, total loss: 6.4956e-02, Error: 2.4525e-03, Error v: 2.1172e-03
It: 17700, Time: 6.26, mse_0: 5.2883e-03, mse_f: 5.2889e-02, total loss: 6.4470e-02, Error: 2.4293e-03, Error v: 2.1080e-03
It: 17800, Time: 7.40, mse_0: 5.2551e-03, mse_f: 5.2543e-02, total loss: 6.4065e-02, Error: 2.3859e-03, Error v: 2.1051e-03
It: 17900, Time: 7.83, mse_0: 5.2453e-03, mse_f: 5.2206e-02, total loss: 6.3646e-02, Error: 2.3941e-03, Error v: 2.1016e-03
It: 18000, Time: 8.29, mse_0: 5.2008e-03, mse_f: 5.1882e-02, total loss: 6.3240e-02, Error: 2.3701e-03, Error v: 2.0925e-03
It: 18100, Time: 6.83, mse_0: 5.1640e-03, mse_f: 5.1554e-02, total loss: 6.2826e-02, Error: 2.3359e-03, Error v: 2.0922e-03
It: 18200, Time: 6.80, mse_0: 5.1047e-03, mse_f: 5.1151e-02, total loss: 6.2311e-02, Error: 2.3242e-03, Error v: 2.0888e-03
It: 18300, Time: 6.51, mse_0: 5.0198e-03, mse_f: 5.0776e-02, total loss: 6.1823e-02, Error: 2.3047e-03, Error v: 2.0853e-03
It: 18400, Time: 7.26, mse_0: 4.9488e-03, mse_f: 5.0424e-02, total loss: 6.1375e-02, Error: 2.3243e-03, Error v: 2.0771e-03
It: 18500, Time: 6.96, mse_0: 4.9142e-03, mse_f: 5.0025e-02, total loss: 6.0887e-02, Error: 2.3527e-03, Error v: 2.0689e-03
It: 18600, Time: 7.53, mse_0: 4.8840e-03, mse_f: 4.9659e-02, total loss: 6.0421e-02, Error: 2.3743e-03, Error v: 2.0548e-03
It: 18700, Time: 7.21, mse_0: 4.8382e-03, mse_f: 4.9279e-02, total loss: 5.9942e-02, Error: 2.3754e-03, Error v: 2.0455e-03
It: 18800, Time: 6.57, mse_0: 4.8067e-03, mse_f: 4.8943e-02, total loss: 5.9496e-02, Error: 2.3854e-03, Error v: 2.0434e-03
It: 18900, Time: 6.54, mse_0: 4.7761e-03, mse_f: 4.8668e-02, total loss: 5.9128e-02, Error: 2.4139e-03, Error v: 2.0476e-03
It: 19000, Time: 6.45, mse_0: 4.7440e-03, mse_f: 4.8347e-02, total loss: 5.8712e-02, Error: 2.3805e-03, Error v: 2.0430e-03
It: 19100, Time: 6.29, mse_0: 4.6998e-03, mse_f: 4.8009e-02, total loss: 5.8260e-02, Error: 2.3665e-03, Error v: 2.0389e-03
It: 19200, Time: 6.44, mse_0: 4.6882e-03, mse_f: 4.7669e-02, total loss: 5.7868e-02, Error: 2.3310e-03, Error v: 2.0425e-03
It: 19300, Time: 6.52, mse_0: 4.6658e-03, mse_f: 4.7339e-02, total loss: 5.7456e-02, Error: 2.3249e-03, Error v: 2.0303e-03
It: 19400, Time: 6.40, mse_0: 4.5803e-03, mse_f: 4.7056e-02, total loss: 5.7074e-02, Error: 2.3112e-03, Error v: 2.0285e-03
It: 19500, Time: 6.14, mse_0: 4.5475e-03, mse_f: 4.6710e-02, total loss: 5.6664e-02, Error: 2.3108e-03, Error v: 2.0255e-03
It: 19600, Time: 6.29, mse_0: 4.5148e-03, mse_f: 4.6378e-02, total loss: 5.6263e-02, Error: 2.3154e-03, Error v: 2.0200e-03
It: 19700, Time: 6.32, mse_0: 4.4904e-03, mse_f: 4.6051e-02, total loss: 5.5882e-02, Error: 2.2926e-03, Error v: 2.0245e-03
It: 19800, Time: 6.50, mse_0: 4.4644e-03, mse_f: 4.5782e-02, total loss: 5.5545e-02, Error: 2.2786e-03, Error v: 2.0231e-03
It: 19900, Time: 7.02, mse_0: 4.4121e-03, mse_f: 4.5486e-02, total loss: 5.5171e-02, Error: 2.2928e-03, Error v: 2.0192e-03
It: 20000, Time: 6.92, mse_0: 4.4001e-03, mse_f: 4.5188e-02, total loss: 5.4810e-02, Error: 2.3306e-03, Error v: 2.0254e-03
It: 20100, Time: 7.06, mse_0: 4.3756e-03, mse_f: 4.4945e-02, total loss: 5.4502e-02, Error: 2.3331e-03, Error v: 2.0162e-03
It: 20200, Time: 6.88, mse_0: 4.3359e-03, mse_f: 4.4683e-02, total loss: 5.4170e-02, Error: 2.2954e-03, Error v: 2.0048e-03
It: 20300, Time: 6.57, mse_0: 4.3132e-03, mse_f: 4.4411e-02, total loss: 5.3824e-02, Error: 2.2923e-03, Error v: 2.0039e-03
It: 20400, Time: 6.64, mse_0: 4.2644e-03, mse_f: 4.4182e-02, total loss: 5.3528e-02, Error: 2.2726e-03, Error v: 2.0006e-03
It: 20500, Time: 6.96, mse_0: 4.2307e-03, mse_f: 4.3915e-02, total loss: 5.3194e-02, Error: 2.2495e-03, Error v: 2.0057e-03
It: 20600, Time: 5.73, mse_0: 4.2233e-03, mse_f: 4.3603e-02, total loss: 5.2817e-02, Error: 2.2566e-03, Error v: 2.0060e-03
It: 20700, Time: 6.30, mse_0: 4.1968e-03, mse_f: 4.3286e-02, total loss: 5.2443e-02, Error: 2.2405e-03, Error v: 1.9969e-03
It: 20800, Time: 6.16, mse_0: 4.1984e-03, mse_f: 4.2949e-02, total loss: 5.2078e-02, Error: 2.2570e-03, Error v: 1.9984e-03
It: 20900, Time: 6.48, mse_0: 4.1907e-03, mse_f: 4.2684e-02, total loss: 5.1767e-02, Error: 2.2388e-03, Error v: 1.9911e-03
It: 21000, Time: 6.59, mse_0: 4.1517e-03, mse_f: 4.2446e-02, total loss: 5.1482e-02, Error: 2.2369e-03, Error v: 1.9888e-03
It: 21100, Time: 5.78, mse_0: 4.1454e-03, mse_f: 4.2136e-02, total loss: 5.1133e-02, Error: 2.2380e-03, Error v: 1.9822e-03
It: 21200, Time: 5.60, mse_0: 4.1295e-03, mse_f: 4.1874e-02, total loss: 5.0827e-02, Error: 2.2187e-03, Error v: 1.9849e-03
It: 21300, Time: 5.66, mse_0: 4.1086e-03, mse_f: 4.1587e-02, total loss: 5.0491e-02, Error: 2.2190e-03, Error v: 1.9849e-03
It: 21400, Time: 5.54, mse_0: 4.0978e-03, mse_f: 4.1320e-02, total loss: 5.0183e-02, Error: 2.2266e-03, Error v: 1.9913e-03
It: 21500, Time: 6.56, mse_0: 4.0800e-03, mse_f: 4.1021e-02, total loss: 4.9826e-02, Error: 2.2338e-03, Error v: 1.9927e-03
It: 21600, Time: 6.29, mse_0: 4.0741e-03, mse_f: 4.0721e-02, total loss: 4.9486e-02, Error: 2.2458e-03, Error v: 1.9908e-03
It: 21700, Time: 6.07, mse_0: 4.0631e-03, mse_f: 4.0452e-02, total loss: 4.9180e-02, Error: 2.2367e-03, Error v: 1.9927e-03
It: 21800, Time: 6.29, mse_0: 4.0250e-03, mse_f: 4.0168e-02, total loss: 4.8857e-02, Error: 2.2417e-03, Error v: 1.9948e-03
It: 21900, Time: 6.25, mse_0: 4.0095e-03, mse_f: 3.9873e-02, total loss: 4.8527e-02, Error: 2.2419e-03, Error v: 1.9915e-03
It: 22000, Time: 6.16, mse_0: 3.9608e-03, mse_f: 3.9609e-02, total loss: 4.8206e-02, Error: 2.2694e-03, Error v: 1.9868e-03
It: 22100, Time: 6.35, mse_0: 3.9368e-03, mse_f: 3.9263e-02, total loss: 4.7815e-02, Error: 2.2871e-03, Error v: 1.9857e-03
It: 22200, Time: 6.99, mse_0: 3.9082e-03, mse_f: 3.8960e-02, total loss: 4.7480e-02, Error: 2.3182e-03, Error v: 1.9859e-03
It: 22300, Time: 6.28, mse_0: 3.8641e-03, mse_f: 3.8715e-02, total loss: 4.7172e-02, Error: 2.3109e-03, Error v: 1.9794e-03
It: 22400, Time: 6.29, mse_0: 3.8443e-03, mse_f: 3.8466e-02, total loss: 4.6858e-02, Error: 2.2853e-03, Error v: 1.9823e-03
It: 22500, Time: 6.23, mse_0: 3.7964e-03, mse_f: 3.8240e-02, total loss: 4.6574e-02, Error: 2.2517e-03, Error v: 1.9808e-03
It: 22600, Time: 6.15, mse_0: 3.8024e-03, mse_f: 3.7986e-02, total loss: 4.6283e-02, Error: 2.2662e-03, Error v: 1.9851e-03
It: 22700, Time: 6.27, mse_0: 3.7750e-03, mse_f: 3.7773e-02, total loss: 4.6014e-02, Error: 2.2471e-03, Error v: 1.9811e-03
It: 22800, Time: 6.10, mse_0: 3.7374e-03, mse_f: 3.7535e-02, total loss: 4.5721e-02, Error: 2.2422e-03, Error v: 1.9784e-03
It: 22900, Time: 6.02, mse_0: 3.7017e-03, mse_f: 3.7321e-02, total loss: 4.5451e-02, Error: 2.2308e-03, Error v: 1.9770e-03
It: 23000, Time: 5.85, mse_0: 3.6705e-03, mse_f: 3.7140e-02, total loss: 4.5193e-02, Error: 2.2223e-03, Error v: 1.9740e-03
It: 23100, Time: 6.46, mse_0: 3.6436e-03, mse_f: 3.6929e-02, total loss: 4.4896e-02, Error: 2.2232e-03, Error v: 1.9724e-03
It: 23200, Time: 6.58, mse_0: 3.6281e-03, mse_f: 3.6686e-02, total loss: 4.4579e-02, Error: 2.2052e-03, Error v: 1.9737e-03
It: 23300, Time: 6.78, mse_0: 3.5896e-03, mse_f: 3.6464e-02, total loss: 4.4290e-02, Error: 2.2349e-03, Error v: 1.9689e-03
It: 23400, Time: 6.59, mse_0: 3.5356e-03, mse_f: 3.6261e-02, total loss: 4.4022e-02, Error: 2.2389e-03, Error v: 1.9681e-03
It: 23500, Time: 6.37, mse_0: 3.5332e-03, mse_f: 3.6018e-02, total loss: 4.3749e-02, Error: 2.2214e-03, Error v: 1.9714e-03
It: 23600, Time: 6.47, mse_0: 3.4984e-03, mse_f: 3.5807e-02, total loss: 4.3475e-02, Error: 2.1978e-03, Error v: 1.9656e-03
It: 23700, Time: 6.53, mse_0: 3.4822e-03, mse_f: 3.5542e-02, total loss: 4.3169e-02, Error: 2.2029e-03, Error v: 1.9649e-03
It: 23800, Time: 6.20, mse_0: 3.4750e-03, mse_f: 3.5327e-02, total loss: 4.2907e-02, Error: 2.1874e-03, Error v: 1.9688e-03
It: 23900, Time: 6.25, mse_0: 3.4509e-03, mse_f: 3.5115e-02, total loss: 4.2645e-02, Error: 2.1896e-03, Error v: 1.9615e-03
It: 24000, Time: 6.61, mse_0: 3.4301e-03, mse_f: 3.4934e-02, total loss: 4.2424e-02, Error: 2.1831e-03, Error v: 1.9586e-03
It: 24100, Time: 6.62, mse_0: 3.4184e-03, mse_f: 3.4735e-02, total loss: 4.2185e-02, Error: 2.1724e-03, Error v: 1.9608e-03
It: 24200, Time: 6.56, mse_0: 3.4006e-03, mse_f: 3.4533e-02, total loss: 4.1947e-02, Error: 2.1864e-03, Error v: 1.9685e-03
It: 24300, Time: 6.94, mse_0: 3.3798e-03, mse_f: 3.4324e-02, total loss: 4.1696e-02, Error: 2.1750e-03, Error v: 1.9633e-03
It: 24400, Time: 6.99, mse_0: 3.3471e-03, mse_f: 3.4118e-02, total loss: 4.1427e-02, Error: 2.1799e-03, Error v: 1.9608e-03
It: 24500, Time: 7.13, mse_0: 3.3279e-03, mse_f: 3.3918e-02, total loss: 4.1177e-02, Error: 2.2089e-03, Error v: 1.9576e-03
It: 24600, Time: 7.02, mse_0: 3.3148e-03, mse_f: 3.3740e-02, total loss: 4.0936e-02, Error: 2.2114e-03, Error v: 1.9534e-03
It: 24700, Time: 7.69, mse_0: 3.3224e-03, mse_f: 3.3516e-02, total loss: 4.0670e-02, Error: 2.2256e-03, Error v: 1.9511e-03
It: 24800, Time: 7.14, mse_0: 3.3049e-03, mse_f: 3.3327e-02, total loss: 4.0439e-02, Error: 2.2309e-03, Error v: 1.9450e-03
It: 24900, Time: 7.25, mse_0: 3.2926e-03, mse_f: 3.3143e-02, total loss: 4.0209e-02, Error: 2.2872e-03, Error v: 1.9433e-03
It: 25000, Time: 7.44, mse_0: 3.2800e-03, mse_f: 3.2906e-02, total loss: 3.9939e-02, Error: 2.3038e-03, Error v: 1.9343e-03
It: 25100, Time: 6.89, mse_0: 3.2668e-03, mse_f: 3.2706e-02, total loss: 3.9706e-02, Error: 2.2892e-03, Error v: 1.9313e-03
It: 25200, Time: 6.77, mse_0: 3.2404e-03, mse_f: 3.2511e-02, total loss: 3.9465e-02, Error: 2.2712e-03, Error v: 1.9368e-03
It: 25300, Time: 7.04, mse_0: 3.2185e-03, mse_f: 3.2316e-02, total loss: 3.9233e-02, Error: 2.3033e-03, Error v: 1.9416e-03
It: 25400, Time: 7.33, mse_0: 3.1811e-03, mse_f: 3.2125e-02, total loss: 3.8993e-02, Error: 2.3335e-03, Error v: 1.9385e-03
It: 25500, Time: 7.27, mse_0: 3.1422e-03, mse_f: 3.1922e-02, total loss: 3.8745e-02, Error: 2.3159e-03, Error v: 1.9349e-03
It: 25600, Time: 6.39, mse_0: 3.1090e-03, mse_f: 3.1736e-02, total loss: 3.8521e-02, Error: 2.3306e-03, Error v: 1.9375e-03
It: 25700, Time: 6.26, mse_0: 3.0680e-03, mse_f: 3.1568e-02, total loss: 3.8301e-02, Error: 2.3583e-03, Error v: 1.9319e-03
It: 25800, Time: 7.16, mse_0: 3.0314e-03, mse_f: 3.1355e-02, total loss: 3.8052e-02, Error: 2.3993e-03, Error v: 1.9338e-03
It: 25900, Time: 6.59, mse_0: 3.0046e-03, mse_f: 3.1174e-02, total loss: 3.7832e-02, Error: 2.4181e-03, Error v: 1.9315e-03
It: 26000, Time: 7.04, mse_0: 2.9894e-03, mse_f: 3.0991e-02, total loss: 3.7618e-02, Error: 2.4142e-03, Error v: 1.9364e-03
It: 26100, Time: 6.25, mse_0: 2.9697e-03, mse_f: 3.0819e-02, total loss: 3.7429e-02, Error: 2.3734e-03, Error v: 1.9360e-03
It: 26200, Time: 5.95, mse_0: 2.9523e-03, mse_f: 3.0641e-02, total loss: 3.7229e-02, Error: 2.3773e-03, Error v: 1.9375e-03
It: 26300, Time: 6.33, mse_0: 2.9483e-03, mse_f: 3.0443e-02, total loss: 3.6995e-02, Error: 2.4022e-03, Error v: 1.9363e-03
It: 26400, Time: 6.38, mse_0: 2.9553e-03, mse_f: 3.0252e-02, total loss: 3.6780e-02, Error: 2.4070e-03, Error v: 1.9318e-03
It: 26500, Time: 6.24, mse_0: 2.9504e-03, mse_f: 3.0093e-02, total loss: 3.6587e-02, Error: 2.3856e-03, Error v: 1.9263e-03
It: 26600, Time: 6.51, mse_0: 2.9399e-03, mse_f: 2.9945e-02, total loss: 3.6404e-02, Error: 2.3806e-03, Error v: 1.9238e-03
It: 26700, Time: 6.71, mse_0: 2.9049e-03, mse_f: 2.9782e-02, total loss: 3.6193e-02, Error: 2.4019e-03, Error v: 1.9243e-03
It: 26800, Time: 5.84, mse_0: 2.8665e-03, mse_f: 2.9622e-02, total loss: 3.5986e-02, Error: 2.4445e-03, Error v: 1.9236e-03
It: 26900, Time: 6.58, mse_0: 2.8328e-03, mse_f: 2.9469e-02, total loss: 3.5798e-02, Error: 2.4132e-03, Error v: 1.9193e-03
It: 27000, Time: 6.30, mse_0: 2.8162e-03, mse_f: 2.9311e-02, total loss: 3.5609e-02, Error: 2.4305e-03, Error v: 1.9208e-03
It: 27100, Time: 6.03, mse_0: 2.8020e-03, mse_f: 2.9141e-02, total loss: 3.5417e-02, Error: 2.4031e-03, Error v: 1.9217e-03
It: 27200, Time: 6.42, mse_0: 2.7762e-03, mse_f: 2.8980e-02, total loss: 3.5216e-02, Error: 2.3840e-03, Error v: 1.9181e-03
It: 27300, Time: 6.02, mse_0: 2.7676e-03, mse_f: 2.8812e-02, total loss: 3.5023e-02, Error: 2.3572e-03, Error v: 1.9198e-03
It: 27400, Time: 6.46, mse_0: 2.7524e-03, mse_f: 2.8687e-02, total loss: 3.4861e-02, Error: 2.3470e-03, Error v: 1.9216e-03
It: 27500, Time: 6.40, mse_0: 2.7328e-03, mse_f: 2.8540e-02, total loss: 3.4682e-02, Error: 2.3857e-03, Error v: 1.9215e-03
It: 27600, Time: 5.90, mse_0: 2.7173e-03, mse_f: 2.8376e-02, total loss: 3.4498e-02, Error: 2.3798e-03, Error v: 1.9258e-03
It: 27700, Time: 6.44, mse_0: 2.6902e-03, mse_f: 2.8208e-02, total loss: 3.4298e-02, Error: 2.4083e-03, Error v: 1.9223e-03
It: 27800, Time: 6.83, mse_0: 2.6613e-03, mse_f: 2.8037e-02, total loss: 3.4099e-02, Error: 2.3883e-03, Error v: 1.9155e-03
It: 27900, Time: 6.38, mse_0: 2.6471e-03, mse_f: 2.7873e-02, total loss: 3.3905e-02, Error: 2.3813e-03, Error v: 1.9194e-03
It: 28000, Time: 6.58, mse_0: 2.6488e-03, mse_f: 2.7720e-02, total loss: 3.3720e-02, Error: 2.3534e-03, Error v: 1.9223e-03
It: 28100, Time: 6.06, mse_0: 2.6363e-03, mse_f: 2.7561e-02, total loss: 3.3534e-02, Error: 2.3470e-03, Error v: 1.9235e-03
It: 28200, Time: 6.20, mse_0: 2.6249e-03, mse_f: 2.7417e-02, total loss: 3.3361e-02, Error: 2.3671e-03, Error v: 1.9203e-03
It: 28300, Time: 6.26, mse_0: 2.6151e-03, mse_f: 2.7282e-02, total loss: 3.3201e-02, Error: 2.3492e-03, Error v: 1.9173e-03
It: 28400, Time: 6.47, mse_0: 2.6030e-03, mse_f: 2.7131e-02, total loss: 3.3022e-02, Error: 2.3748e-03, Error v: 1.9141e-03
It: 28500, Time: 6.58, mse_0: 2.5943e-03, mse_f: 2.6990e-02, total loss: 3.2844e-02, Error: 2.3471e-03, Error v: 1.9120e-03
It: 28600, Time: 6.69, mse_0: 2.5765e-03, mse_f: 2.6838e-02, total loss: 3.2660e-02, Error: 2.3669e-03, Error v: 1.9108e-03
It: 28700, Time: 6.56, mse_0: 2.5690e-03, mse_f: 2.6693e-02, total loss: 3.2498e-02, Error: 2.3438e-03, Error v: 1.9105e-03
It: 28800, Time: 6.13, mse_0: 2.5584e-03, mse_f: 2.6557e-02, total loss: 3.2339e-02, Error: 2.3194e-03, Error v: 1.9121e-03
It: 28900, Time: 6.45, mse_0: 2.5424e-03, mse_f: 2.6412e-02, total loss: 3.2162e-02, Error: 2.3134e-03, Error v: 1.9172e-03
It: 29000, Time: 6.34, mse_0: 2.5074e-03, mse_f: 2.6285e-02, total loss: 3.2007e-02, Error: 2.3132e-03, Error v: 1.9162e-03
It: 29100, Time: 6.31, mse_0: 2.4972e-03, mse_f: 2.6153e-02, total loss: 3.1837e-02, Error: 2.3399e-03, Error v: 1.9159e-03
It: 29200, Time: 6.29, mse_0: 2.4771e-03, mse_f: 2.6032e-02, total loss: 3.1676e-02, Error: 2.3308e-03, Error v: 1.9133e-03
It: 29300, Time: 6.62, mse_0: 2.4648e-03, mse_f: 2.5886e-02, total loss: 3.1494e-02, Error: 2.3339e-03, Error v: 1.9146e-03
It: 29400, Time: 6.32, mse_0: 2.4505e-03, mse_f: 2.5755e-02, total loss: 3.1326e-02, Error: 2.3357e-03, Error v: 1.9128e-03
It: 29500, Time: 5.84, mse_0: 2.4397e-03, mse_f: 2.5640e-02, total loss: 3.1174e-02, Error: 2.3147e-03, Error v: 1.9126e-03
It: 29600, Time: 6.28, mse_0: 2.4180e-03, mse_f: 2.5520e-02, total loss: 3.1013e-02, Error: 2.3098e-03, Error v: 1.9136e-03
It: 29700, Time: 6.32, mse_0: 2.3980e-03, mse_f: 2.5395e-02, total loss: 3.0853e-02, Error: 2.2952e-03, Error v: 1.9174e-03
It: 29800, Time: 6.25, mse_0: 2.3924e-03, mse_f: 2.5278e-02, total loss: 3.0703e-02, Error: 2.2686e-03, Error v: 1.9170e-03
It: 29900, Time: 6.54, mse_0: 2.3838e-03, mse_f: 2.5143e-02, total loss: 3.0537e-02, Error: 2.2504e-03, Error v: 1.9174e-03
It: 30000, Time: 6.55, mse_0: 2.3871e-03, mse_f: 2.5013e-02, total loss: 3.0382e-02, Error: 2.2351e-03, Error v: 1.9204e-03
It: 30100, Time: 6.10, mse_0: 2.3895e-03, mse_f: 2.4891e-02, total loss: 3.0243e-02, Error: 2.2296e-03, Error v: 1.9161e-03
It: 30200, Time: 5.93, mse_0: 2.3964e-03, mse_f: 2.4759e-02, total loss: 3.0088e-02, Error: 2.2246e-03, Error v: 1.9148e-03
It: 30300, Time: 6.00, mse_0: 2.3832e-03, mse_f: 2.4631e-02, total loss: 2.9928e-02, Error: 2.2103e-03, Error v: 1.9194e-03
It: 30400, Time: 6.43, mse_0: 2.3635e-03, mse_f: 2.4527e-02, total loss: 2.9787e-02, Error: 2.1872e-03, Error v: 1.9166e-03
It: 30500, Time: 6.03, mse_0: 2.3587e-03, mse_f: 2.4405e-02, total loss: 2.9634e-02, Error: 2.1744e-03, Error v: 1.9170e-03
It: 30600, Time: 6.23, mse_0: 2.3489e-03, mse_f: 2.4295e-02, total loss: 2.9497e-02, Error: 2.1694e-03, Error v: 1.9132e-03
It: 30700, Time: 6.20, mse_0: 2.3423e-03, mse_f: 2.4169e-02, total loss: 2.9353e-02, Error: 2.1745e-03, Error v: 1.9123e-03
It: 30800, Time: 6.46, mse_0: 2.3336e-03, mse_f: 2.4051e-02, total loss: 2.9209e-02, Error: 2.1882e-03, Error v: 1.9057e-03
It: 30900, Time: 6.77, mse_0: 2.3269e-03, mse_f: 2.3955e-02, total loss: 2.9088e-02, Error: 2.1783e-03, Error v: 1.9068e-03
It: 31000, Time: 6.74, mse_0: 2.3158e-03, mse_f: 2.3842e-02, total loss: 2.8949e-02, Error: 2.1572e-03, Error v: 1.9123e-03
It: 31100, Time: 6.45, mse_0: 2.3135e-03, mse_f: 2.3721e-02, total loss: 2.8805e-02, Error: 2.1409e-03, Error v: 1.9144e-03
It: 31200, Time: 6.21, mse_0: 2.3112e-03, mse_f: 2.3621e-02, total loss: 2.8679e-02, Error: 2.1425e-03, Error v: 1.9084e-03
It: 31300, Time: 7.17, mse_0: 2.2971e-03, mse_f: 2.3522e-02, total loss: 2.8553e-02, Error: 2.1551e-03, Error v: 1.9083e-03
It: 31400, Time: 7.14, mse_0: 2.2905e-03, mse_f: 2.3419e-02, total loss: 2.8425e-02, Error: 2.1681e-03, Error v: 1.9079e-03
It: 31500, Time: 6.97, mse_0: 2.2816e-03, mse_f: 2.3320e-02, total loss: 2.8301e-02, Error: 2.1557e-03, Error v: 1.9087e-03
It: 31600, Time: 7.15, mse_0: 2.2707e-03, mse_f: 2.3213e-02, total loss: 2.8165e-02, Error: 2.1656e-03, Error v: 1.9141e-03
It: 31700, Time: 6.82, mse_0: 2.2538e-03, mse_f: 2.3125e-02, total loss: 2.8043e-02, Error: 2.1637e-03, Error v: 1.9141e-03
It: 31800, Time: 6.98, mse_0: 2.2457e-03, mse_f: 2.3018e-02, total loss: 2.7907e-02, Error: 2.1662e-03, Error v: 1.9115e-03
It: 31900, Time: 7.02, mse_0: 2.2336e-03, mse_f: 2.2921e-02, total loss: 2.7781e-02, Error: 2.1859e-03, Error v: 1.9139e-03
It: 32000, Time: 6.63, mse_0: 2.2170e-03, mse_f: 2.2837e-02, total loss: 2.7663e-02, Error: 2.1746e-03, Error v: 1.9149e-03
It: 32100, Time: 6.62, mse_0: 2.1911e-03, mse_f: 2.2741e-02, total loss: 2.7539e-02, Error: 2.1840e-03, Error v: 1.9119e-03
It: 32200, Time: 7.77, mse_0: 2.1837e-03, mse_f: 2.2628e-02, total loss: 2.7409e-02, Error: 2.1856e-03, Error v: 1.9106e-03
It: 32300, Time: 7.04, mse_0: 2.1740e-03, mse_f: 2.2522e-02, total loss: 2.7280e-02, Error: 2.1947e-03, Error v: 1.9030e-03
It: 32400, Time: 6.99, mse_0: 2.1591e-03, mse_f: 2.2432e-02, total loss: 2.7163e-02, Error: 2.1822e-03, Error v: 1.8989e-03
It: 32500, Time: 6.70, mse_0: 2.1502e-03, mse_f: 2.2337e-02, total loss: 2.7049e-02, Error: 2.1661e-03, Error v: 1.8998e-03
It: 32600, Time: 6.89, mse_0: 2.1366e-03, mse_f: 2.2245e-02, total loss: 2.6931e-02, Error: 2.1607e-03, Error v: 1.8979e-03
It: 32700, Time: 7.68, mse_0: 2.1199e-03, mse_f: 2.2153e-02, total loss: 2.6809e-02, Error: 2.1455e-03, Error v: 1.8919e-03
It: 32800, Time: 6.73, mse_0: 2.0994e-03, mse_f: 2.2061e-02, total loss: 2.6688e-02, Error: 2.1450e-03, Error v: 1.8914e-03
It: 32900, Time: 7.03, mse_0: 2.0908e-03, mse_f: 2.1958e-02, total loss: 2.6551e-02, Error: 2.1384e-03, Error v: 1.8935e-03
It: 33000, Time: 7.19, mse_0: 2.0811e-03, mse_f: 2.1850e-02, total loss: 2.6423e-02, Error: 2.1338e-03, Error v: 1.8964e-03
It: 33100, Time: 7.33, mse_0: 2.0724e-03, mse_f: 2.1740e-02, total loss: 2.6285e-02, Error: 2.1549e-03, Error v: 1.8941e-03
It: 33200, Time: 7.43, mse_0: 2.0655e-03, mse_f: 2.1635e-02, total loss: 2.6156e-02, Error: 2.1716e-03, Error v: 1.8917e-03
It: 33300, Time: 6.70, mse_0: 2.0563e-03, mse_f: 2.1526e-02, total loss: 2.6020e-02, Error: 2.1660e-03, Error v: 1.8932e-03
It: 33400, Time: 7.17, mse_0: 2.0483e-03, mse_f: 2.1428e-02, total loss: 2.5896e-02, Error: 2.2123e-03, Error v: 1.8938e-03
It: 33500, Time: 5.90, mse_0: 2.0454e-03, mse_f: 2.1325e-02, total loss: 2.5773e-02, Error: 2.2075e-03, Error v: 1.8929e-03
It: 33600, Time: 6.31, mse_0: 2.0433e-03, mse_f: 2.1234e-02, total loss: 2.5661e-02, Error: 2.2100e-03, Error v: 1.8931e-03
It: 33700, Time: 6.42, mse_0: 2.0320e-03, mse_f: 2.1142e-02, total loss: 2.5535e-02, Error: 2.1971e-03, Error v: 1.8923e-03
It: 33800, Time: 6.70, mse_0: 2.0323e-03, mse_f: 2.1044e-02, total loss: 2.5421e-02, Error: 2.2022e-03, Error v: 1.8932e-03
It: 33900, Time: 6.69, mse_0: 2.0312e-03, mse_f: 2.0961e-02, total loss: 2.5314e-02, Error: 2.1998e-03, Error v: 1.8916e-03
It: 34000, Time: 6.82, mse_0: 2.0176e-03, mse_f: 2.0875e-02, total loss: 2.5197e-02, Error: 2.1967e-03, Error v: 1.8895e-03
It: 34100, Time: 6.32, mse_0: 2.0117e-03, mse_f: 2.0795e-02, total loss: 2.5096e-02, Error: 2.1940e-03, Error v: 1.8898e-03
It: 34200, Time: 5.77, mse_0: 2.0138e-03, mse_f: 2.0700e-02, total loss: 2.4992e-02, Error: 2.1900e-03, Error v: 1.8912e-03
It: 34300, Time: 6.53, mse_0: 2.0066e-03, mse_f: 2.0604e-02, total loss: 2.4879e-02, Error: 2.1859e-03, Error v: 1.8876e-03
It: 34400, Time: 6.49, mse_0: 1.9984e-03, mse_f: 2.0512e-02, total loss: 2.4767e-02, Error: 2.1780e-03, Error v: 1.8914e-03
It: 34500, Time: 7.23, mse_0: 1.9897e-03, mse_f: 2.0416e-02, total loss: 2.4648e-02, Error: 2.1738e-03, Error v: 1.8902e-03
It: 34600, Time: 6.46, mse_0: 1.9786e-03, mse_f: 2.0333e-02, total loss: 2.4546e-02, Error: 2.1428e-03, Error v: 1.8845e-03
It: 34700, Time: 6.46, mse_0: 1.9742e-03, mse_f: 2.0255e-02, total loss: 2.4450e-02, Error: 2.1414e-03, Error v: 1.8855e-03
It: 34800, Time: 6.57, mse_0: 1.9537e-03, mse_f: 2.0169e-02, total loss: 2.4351e-02, Error: 2.1350e-03, Error v: 1.8835e-03
It: 34900, Time: 6.21, mse_0: 1.9350e-03, mse_f: 2.0079e-02, total loss: 2.4242e-02, Error: 2.1385e-03, Error v: 1.8775e-03
It: 35000, Time: 6.39, mse_0: 1.9290e-03, mse_f: 1.9995e-02, total loss: 2.4132e-02, Error: 2.1446e-03, Error v: 1.8789e-03
It: 35100, Time: 6.57, mse_0: 1.9255e-03, mse_f: 1.9911e-02, total loss: 2.4026e-02, Error: 2.1548e-03, Error v: 1.8801e-03
It: 35200, Time: 6.68, mse_0: 1.9152e-03, mse_f: 1.9824e-02, total loss: 2.3920e-02, Error: 2.1456e-03, Error v: 1.8792e-03
It: 35300, Time: 6.57, mse_0: 1.9107e-03, mse_f: 1.9727e-02, total loss: 2.3809e-02, Error: 2.1542e-03, Error v: 1.8768e-03
It: 35400, Time: 6.21, mse_0: 1.8986e-03, mse_f: 1.9637e-02, total loss: 2.3702e-02, Error: 2.1923e-03, Error v: 1.8744e-03
It: 35500, Time: 6.35, mse_0: 1.8818e-03, mse_f: 1.9547e-02, total loss: 2.3593e-02, Error: 2.2132e-03, Error v: 1.8755e-03
It: 35600, Time: 5.99, mse_0: 1.8767e-03, mse_f: 1.9472e-02, total loss: 2.3494e-02, Error: 2.2174e-03, Error v: 1.8779e-03
It: 35700, Time: 6.38, mse_0: 1.8702e-03, mse_f: 1.9386e-02, total loss: 2.3388e-02, Error: 2.1997e-03, Error v: 1.8756e-03
It: 35800, Time: 5.84, mse_0: 1.8517e-03, mse_f: 1.9309e-02, total loss: 2.3286e-02, Error: 2.1822e-03, Error v: 1.8739e-03
It: 35900, Time: 5.96, mse_0: 1.8464e-03, mse_f: 1.9220e-02, total loss: 2.3183e-02, Error: 2.1832e-03, Error v: 1.8793e-03
It: 36000, Time: 6.24, mse_0: 1.8280e-03, mse_f: 1.9124e-02, total loss: 2.3065e-02, Error: 2.1832e-03, Error v: 1.8790e-03
It: 36100, Time: 6.04, mse_0: 1.8126e-03, mse_f: 1.9036e-02, total loss: 2.2961e-02, Error: 2.1786e-03, Error v: 1.8792e-03
It: 36200, Time: 6.39, mse_0: 1.7951e-03, mse_f: 1.8959e-02, total loss: 2.2867e-02, Error: 2.1798e-03, Error v: 1.8778e-03
It: 36300, Time: 6.45, mse_0: 1.7928e-03, mse_f: 1.8880e-02, total loss: 2.2774e-02, Error: 2.1435e-03, Error v: 1.8757e-03
It: 36400, Time: 6.47, mse_0: 1.7869e-03, mse_f: 1.8795e-02, total loss: 2.2673e-02, Error: 2.1434e-03, Error v: 1.8734e-03
It: 36500, Time: 6.42, mse_0: 1.7751e-03, mse_f: 1.8713e-02, total loss: 2.2575e-02, Error: 2.1473e-03, Error v: 1.8741e-03
It: 36600, Time: 6.25, mse_0: 1.7708e-03, mse_f: 1.8631e-02, total loss: 2.2477e-02, Error: 2.1476e-03, Error v: 1.8728e-03
It: 36700, Time: 6.53, mse_0: 1.7489e-03, mse_f: 1.8562e-02, total loss: 2.2383e-02, Error: 2.1498e-03, Error v: 1.8690e-03
It: 36800, Time: 6.21, mse_0: 1.7386e-03, mse_f: 1.8489e-02, total loss: 2.2296e-02, Error: 2.1843e-03, Error v: 1.8692e-03
It: 36900, Time: 6.06, mse_0: 1.7304e-03, mse_f: 1.8414e-02, total loss: 2.2206e-02, Error: 2.1759e-03, Error v: 1.8702e-03
It: 37000, Time: 6.36, mse_0: 1.7160e-03, mse_f: 1.8338e-02, total loss: 2.2112e-02, Error: 2.1861e-03, Error v: 1.8699e-03
It: 37100, Time: 6.44, mse_0: 1.6927e-03, mse_f: 1.8255e-02, total loss: 2.2007e-02, Error: 2.1781e-03, Error v: 1.8697e-03
It: 37200, Time: 6.45, mse_0: 1.6780e-03, mse_f: 1.8180e-02, total loss: 2.1914e-02, Error: 2.1755e-03, Error v: 1.8680e-03
It: 37300, Time: 6.16, mse_0: 1.6620e-03, mse_f: 1.8110e-02, total loss: 2.1823e-02, Error: 2.1801e-03, Error v: 1.8657e-03
It: 37400, Time: 6.18, mse_0: 1.6456e-03, mse_f: 1.8041e-02, total loss: 2.1737e-02, Error: 2.2133e-03, Error v: 1.8623e-03
It: 37500, Time: 6.04, mse_0: 1.6404e-03, mse_f: 1.7964e-02, total loss: 2.1646e-02, Error: 2.2156e-03, Error v: 1.8593e-03
It: 37600, Time: 6.45, mse_0: 1.6202e-03, mse_f: 1.7896e-02, total loss: 2.1558e-02, Error: 2.2586e-03, Error v: 1.8575e-03
It: 37700, Time: 6.55, mse_0: 1.6046e-03, mse_f: 1.7829e-02, total loss: 2.1472e-02, Error: 2.2313e-03, Error v: 1.8592e-03
It: 37800, Time: 6.80, mse_0: 1.5950e-03, mse_f: 1.7760e-02, total loss: 2.1391e-02, Error: 2.2237e-03, Error v: 1.8544e-03
It: 37900, Time: 6.61, mse_0: 1.5904e-03, mse_f: 1.7685e-02, total loss: 2.1304e-02, Error: 2.2199e-03, Error v: 1.8547e-03
It: 38000, Time: 6.71, mse_0: 1.5846e-03, mse_f: 1.7608e-02, total loss: 2.1216e-02, Error: 2.2284e-03, Error v: 1.8547e-03
It: 38100, Time: 5.96, mse_0: 1.5718e-03, mse_f: 1.7537e-02, total loss: 2.1127e-02, Error: 2.2259e-03, Error v: 1.8512e-03
It: 38200, Time: 6.62, mse_0: 1.5672e-03, mse_f: 1.7473e-02, total loss: 2.1050e-02, Error: 2.2404e-03, Error v: 1.8480e-03
It: 38300, Time: 6.17, mse_0: 1.5636e-03, mse_f: 1.7405e-02, total loss: 2.0969e-02, Error: 2.2417e-03, Error v: 1.8498e-03
It: 38400, Time: 6.50, mse_0: 1.5603e-03, mse_f: 1.7330e-02, total loss: 2.0882e-02, Error: 2.2436e-03, Error v: 1.8479e-03
It: 38500, Time: 6.18, mse_0: 1.5560e-03, mse_f: 1.7264e-02, total loss: 2.0806e-02, Error: 2.2525e-03, Error v: 1.8464e-03
It: 38600, Time: 6.55, mse_0: 1.5508e-03, mse_f: 1.7196e-02, total loss: 2.0726e-02, Error: 2.2193e-03, Error v: 1.8463e-03
It: 38700, Time: 6.35, mse_0: 1.5529e-03, mse_f: 1.7130e-02, total loss: 2.0649e-02, Error: 2.2221e-03, Error v: 1.8410e-03
It: 38800, Time: 6.81, mse_0: 1.5469e-03, mse_f: 1.7066e-02, total loss: 2.0569e-02, Error: 2.2533e-03, Error v: 1.8391e-03
It: 38900, Time: 6.61, mse_0: 1.5433e-03, mse_f: 1.7008e-02, total loss: 2.0494e-02, Error: 2.2501e-03, Error v: 1.8382e-03
It: 39000, Time: 6.70, mse_0: 1.5392e-03, mse_f: 1.6932e-02, total loss: 2.0406e-02, Error: 2.2564e-03, Error v: 1.8376e-03
It: 39100, Time: 6.64, mse_0: 1.5335e-03, mse_f: 1.6863e-02, total loss: 2.0322e-02, Error: 2.2360e-03, Error v: 1.8376e-03
It: 39200, Time: 6.64, mse_0: 1.5236e-03, mse_f: 1.6796e-02, total loss: 2.0242e-02, Error: 2.2378e-03, Error v: 1.8363e-03
It: 39300, Time: 6.38, mse_0: 1.5182e-03, mse_f: 1.6724e-02, total loss: 2.0157e-02, Error: 2.2396e-03, Error v: 1.8383e-03
It: 39400, Time: 7.15, mse_0: 1.5094e-03, mse_f: 1.6657e-02, total loss: 2.0078e-02, Error: 2.2361e-03, Error v: 1.8409e-03
It: 39500, Time: 7.13, mse_0: 1.5082e-03, mse_f: 1.6580e-02, total loss: 1.9990e-02, Error: 2.2565e-03, Error v: 1.8370e-03
It: 39600, Time: 6.65, mse_0: 1.4990e-03, mse_f: 1.6500e-02, total loss: 1.9899e-02, Error: 2.2331e-03, Error v: 1.8375e-03
It: 39700, Time: 7.11, mse_0: 1.4955e-03, mse_f: 1.6423e-02, total loss: 1.9810e-02, Error: 2.2453e-03, Error v: 1.8381e-03
It: 39800, Time: 6.81, mse_0: 1.4857e-03, mse_f: 1.6356e-02, total loss: 1.9725e-02, Error: 2.2222e-03, Error v: 1.8371e-03
It: 39900, Time: 7.04, mse_0: 1.4799e-03, mse_f: 1.6291e-02, total loss: 1.9648e-02, Error: 2.2264e-03, Error v: 1.8356e-03
It: 40000, Time: 7.17, mse_0: 1.4747e-03, mse_f: 1.6230e-02, total loss: 1.9573e-02, Error: 2.2485e-03, Error v: 1.8379e-03
Error u: 2.248502e-03
Error v: 1.837922e-03
ferru =  0.0049388176
ferrv =  0.004825054
Error u: 2.248502e-03
Error v: 1.837922e-03
NeuralNet(
  (network): Sequential(
    (0): Linear(in_features=3, out_features=64, bias=True)
    (1): Tanh()
    (2): Linear(in_features=64, out_features=64, bias=True)
    (3): Tanh()
    (4): Linear(in_features=64, out_features=64, bias=True)
    (5): Tanh()
    (6): Linear(in_features=64, out_features=64, bias=True)
    (7): Tanh()
    (8): Linear(in_features=64, out_features=64, bias=True)
    (9): Tanh()
    (10): Linear(in_features=64, out_features=64, bias=True)
    (11): Tanh()
    (12): Linear(in_features=64, out_features=2, bias=True)
  )
)
starting Adam training
It: 100, Time: 4.94, mse_0: 6.5532e+02, mse_f: 8.1163e-01, total loss: 3.4533e+02, Error: 9.6767e-01, Error v: 1.4586e+00
It: 200, Time: 4.97, mse_0: 6.4955e+02, mse_f: 7.5950e-01, total loss: 3.3889e+02, Error: 9.5912e-01, Error v: 7.0170e-01
It: 300, Time: 5.12, mse_0: 6.3224e+02, mse_f: 8.0276e+00, total loss: 3.3301e+02, Error: 9.7405e-01, Error v: 7.7314e-01
It: 400, Time: 5.11, mse_0: 5.6007e+02, mse_f: 1.6068e+01, total loss: 3.0710e+02, Error: 9.2981e-01, Error v: 1.1679e+00
It: 500, Time: 4.85, mse_0: 1.3478e+02, mse_f: 3.1245e+01, total loss: 1.2282e+02, Error: 4.5323e-01, Error v: 8.0953e-01
It: 600, Time: 5.22, mse_0: 7.8370e+01, mse_f: 1.9523e+01, total loss: 7.4689e+01, Error: 3.5552e-01, Error v: 8.3336e-01
It: 700, Time: 6.47, mse_0: 3.6019e+01, mse_f: 1.3910e+01, total loss: 3.8988e+01, Error: 2.8984e-01, Error v: 1.1054e+00
It: 800, Time: 5.40, mse_0: 2.2549e+01, mse_f: 6.4513e+00, total loss: 2.3258e+01, Error: 2.3602e-01, Error v: 1.0290e+00
It: 900, Time: 6.11, mse_0: 1.4642e+01, mse_f: 4.0322e+00, total loss: 1.6129e+01, Error: 2.1437e-01, Error v: 1.0478e+00
It: 1000, Time: 5.22, mse_0: 1.0878e+01, mse_f: 2.0660e+00, total loss: 1.1354e+01, Error: 1.8175e-01, Error v: 1.0470e+00
It: 1100, Time: 5.19, mse_0: 8.3248e+00, mse_f: 1.5472e+00, total loss: 9.1077e+00, Error: 1.6115e-01, Error v: 9.8860e-01
It: 1200, Time: 5.32, mse_0: 7.0911e+00, mse_f: 1.1429e+00, total loss: 7.9306e+00, Error: 1.4530e-01, Error v: 9.2515e-01
It: 1300, Time: 5.51, mse_0: 6.1792e+00, mse_f: 1.0093e+00, total loss: 7.4309e+00, Error: 1.3431e-01, Error v: 8.8906e-01
It: 1400, Time: 5.33, mse_0: 5.5950e+00, mse_f: 9.1337e-01, total loss: 7.1654e+00, Error: 1.2379e-01, Error v: 8.4775e-01
It: 1500, Time: 4.72, mse_0: 5.0698e+00, mse_f: 8.5412e-01, total loss: 6.9832e+00, Error: 1.1439e-01, Error v: 7.9948e-01
It: 1600, Time: 5.42, mse_0: 4.6369e+00, mse_f: 8.2900e-01, total loss: 6.7910e+00, Error: 1.0630e-01, Error v: 7.4721e-01
It: 1700, Time: 4.57, mse_0: 4.2355e+00, mse_f: 8.3353e-01, total loss: 6.5689e+00, Error: 9.7772e-02, Error v: 6.9164e-01
It: 1800, Time: 4.62, mse_0: 3.8579e+00, mse_f: 8.1663e-01, total loss: 6.3295e+00, Error: 8.9750e-02, Error v: 6.4318e-01
It: 1900, Time: 4.49, mse_0: 3.8416e+00, mse_f: 1.2950e+00, total loss: 7.3303e+00, Error: 9.2919e-02, Error v: 6.0290e-01
It: 2000, Time: 4.80, mse_0: 3.2199e+00, mse_f: 9.1307e-01, total loss: 6.2397e+00, Error: 8.3816e-02, Error v: 5.7793e-01
It: 2100, Time: 4.48, mse_0: 3.0001e+00, mse_f: 8.1971e-01, total loss: 5.9207e+00, Error: 7.5317e-02, Error v: 5.5226e-01
It: 2200, Time: 4.60, mse_0: 2.7833e+00, mse_f: 6.5917e-01, total loss: 5.7382e+00, Error: 6.6187e-02, Error v: 5.2868e-01
It: 2300, Time: 4.92, mse_0: 2.5276e+00, mse_f: 5.5723e-01, total loss: 5.4060e+00, Error: 7.1316e-02, Error v: 5.0514e-01
It: 2400, Time: 4.64, mse_0: 2.3866e+00, mse_f: 5.3059e-01, total loss: 5.1912e+00, Error: 5.4617e-02, Error v: 4.7678e-01
It: 2500, Time: 4.40, mse_0: 2.2749e+00, mse_f: 6.8196e-01, total loss: 5.3412e+00, Error: 5.1836e-02, Error v: 4.4776e-01
It: 2600, Time: 4.60, mse_0: 2.1210e+00, mse_f: 5.8417e-01, total loss: 4.8874e+00, Error: 4.8515e-02, Error v: 4.1978e-01
It: 2700, Time: 4.53, mse_0: 2.1619e+00, mse_f: 8.6893e-01, total loss: 6.0269e+00, Error: 5.2906e-02, Error v: 3.8807e-01
It: 2800, Time: 4.62, mse_0: 1.9873e+00, mse_f: 7.5654e-01, total loss: 5.5130e+00, Error: 4.0175e-02, Error v: 3.5618e-01
It: 2900, Time: 4.98, mse_0: 1.8079e+00, mse_f: 6.2729e-01, total loss: 4.5514e+00, Error: 3.7767e-02, Error v: 3.2154e-01
It: 3000, Time: 5.26, mse_0: 1.6769e+00, mse_f: 6.2611e-01, total loss: 4.1924e+00, Error: 3.4731e-02, Error v: 2.9064e-01
It: 3100, Time: 5.04, mse_0: 1.5672e+00, mse_f: 7.9093e-01, total loss: 4.1239e+00, Error: 3.3065e-02, Error v: 2.6558e-01
It: 3200, Time: 5.14, mse_0: 1.4288e+00, mse_f: 6.8220e-01, total loss: 3.7302e+00, Error: 3.1639e-02, Error v: 2.4656e-01
It: 3300, Time: 5.44, mse_0: 1.3740e+00, mse_f: 1.3540e+00, total loss: 4.2325e+00, Error: 3.0981e-02, Error v: 2.2728e-01
It: 3400, Time: 4.91, mse_0: 1.1961e+00, mse_f: 9.8804e-01, total loss: 3.6990e+00, Error: 2.8099e-02, Error v: 2.0980e-01
It: 3500, Time: 4.77, mse_0: 1.0938e+00, mse_f: 8.1296e-01, total loss: 3.1043e+00, Error: 2.6446e-02, Error v: 1.9053e-01
It: 3600, Time: 4.59, mse_0: 9.9575e-01, mse_f: 6.6428e-01, total loss: 2.9493e+00, Error: 2.4395e-02, Error v: 1.6880e-01
It: 3700, Time: 4.89, mse_0: 8.4684e-01, mse_f: 6.7987e-01, total loss: 2.5276e+00, Error: 2.1907e-02, Error v: 1.5005e-01
It: 3800, Time: 4.54, mse_0: 9.4984e-01, mse_f: 2.2851e+00, total loss: 4.3343e+00, Error: 3.0235e-02, Error v: 1.4679e-01
It: 3900, Time: 4.51, mse_0: 7.3797e-01, mse_f: 1.1687e+00, total loss: 2.8237e+00, Error: 2.2397e-02, Error v: 1.4566e-01
It: 4000, Time: 4.83, mse_0: 6.5323e-01, mse_f: 8.5948e-01, total loss: 2.5666e+00, Error: 1.9741e-02, Error v: 1.2414e-01
It: 4100, Time: 4.72, mse_0: 7.3062e-01, mse_f: 9.6984e-01, total loss: 4.3073e+00, Error: 2.0124e-02, Error v: 1.2029e-01
It: 4200, Time: 5.01, mse_0: 5.7238e-01, mse_f: 5.6101e-01, total loss: 1.9712e+00, Error: 1.7413e-02, Error v: 1.1789e-01
It: 4300, Time: 4.97, mse_0: 4.3281e-01, mse_f: 6.5752e-01, total loss: 1.6747e+00, Error: 1.7389e-02, Error v: 1.0320e-01
It: 4400, Time: 5.12, mse_0: 6.7169e-01, mse_f: 1.1258e+00, total loss: 2.7196e+00, Error: 2.4243e-02, Error v: 9.3185e-02
It: 4500, Time: 5.67, mse_0: 3.4932e-01, mse_f: 4.3277e-01, total loss: 1.2434e+00, Error: 1.6154e-02, Error v: 8.4706e-02
It: 4600, Time: 5.29, mse_0: 3.1270e-01, mse_f: 4.1279e-01, total loss: 1.1608e+00, Error: 1.5198e-02, Error v: 7.6084e-02
It: 4700, Time: 4.37, mse_0: 2.6755e-01, mse_f: 3.7633e-01, total loss: 1.0308e+00, Error: 1.2494e-02, Error v: 7.0716e-02
It: 4800, Time: 4.83, mse_0: 3.9134e-01, mse_f: 7.7548e-01, total loss: 1.8268e+00, Error: 2.2926e-02, Error v: 6.6521e-02
It: 4900, Time: 4.81, mse_0: 2.5411e-01, mse_f: 4.7298e-01, total loss: 1.1694e+00, Error: 1.7271e-02, Error v: 6.2763e-02
It: 5000, Time: 4.89, mse_0: 2.1697e-01, mse_f: 9.3246e-01, total loss: 1.5052e+00, Error: 1.3882e-02, Error v: 6.3513e-02
It: 5100, Time: 4.52, mse_0: 2.1430e-01, mse_f: 5.0875e-01, total loss: 1.2925e+00, Error: 1.3725e-02, Error v: 5.7613e-02
It: 5200, Time: 4.72, mse_0: 1.9417e-01, mse_f: 3.7672e-01, total loss: 9.0614e-01, Error: 1.1907e-02, Error v: 6.2401e-02
It: 5300, Time: 4.72, mse_0: 2.6307e-01, mse_f: 9.4847e-01, total loss: 1.7119e+00, Error: 1.6053e-02, Error v: 7.2107e-02
It: 5400, Time: 4.86, mse_0: 2.3638e-01, mse_f: 5.5569e-01, total loss: 1.3225e+00, Error: 1.4969e-02, Error v: 7.7425e-02
It: 5500, Time: 4.47, mse_0: 1.9322e-01, mse_f: 3.5444e-01, total loss: 1.4360e+00, Error: 1.2609e-02, Error v: 5.7710e-02
It: 5600, Time: 4.81, mse_0: 1.5617e-01, mse_f: 4.2131e-01, total loss: 9.0974e-01, Error: 9.3840e-03, Error v: 5.3947e-02
It: 5700, Time: 4.55, mse_0: 1.8780e-01, mse_f: 4.3332e-01, total loss: 9.7469e-01, Error: 1.3775e-02, Error v: 4.7962e-02
It: 5800, Time: 4.97, mse_0: 1.3776e-01, mse_f: 3.7229e-01, total loss: 8.5618e-01, Error: 1.4352e-02, Error v: 4.5838e-02
It: 5900, Time: 4.18, mse_0: 1.0763e-01, mse_f: 2.2999e-01, total loss: 5.6707e-01, Error: 1.1215e-02, Error v: 4.3745e-02
It: 6000, Time: 4.48, mse_0: 4.4581e-01, mse_f: 1.7602e+00, total loss: 2.8560e+00, Error: 2.0863e-02, Error v: 4.7076e-02
It: 6100, Time: 4.49, mse_0: 1.6021e-01, mse_f: 3.1500e-01, total loss: 1.0336e+00, Error: 1.1239e-02, Error v: 4.3140e-02
It: 6200, Time: 4.77, mse_0: 1.2010e-01, mse_f: 2.5175e-01, total loss: 6.9407e-01, Error: 8.0518e-03, Error v: 4.1775e-02
It: 6300, Time: 4.82, mse_0: 8.4814e-02, mse_f: 2.5016e-01, total loss: 6.6574e-01, Error: 8.4150e-03, Error v: 4.2006e-02
It: 6400, Time: 4.86, mse_0: 7.7576e-02, mse_f: 3.3008e-01, total loss: 6.0671e-01, Error: 8.7615e-03, Error v: 4.0532e-02
It: 6500, Time: 4.71, mse_0: 6.1106e-02, mse_f: 2.6786e-01, total loss: 4.9741e-01, Error: 8.2179e-03, Error v: 3.9500e-02
It: 6600, Time: 4.78, mse_0: 7.4900e-02, mse_f: 3.8907e-01, total loss: 6.3587e-01, Error: 1.0321e-02, Error v: 4.2419e-02
It: 6700, Time: 5.12, mse_0: 1.6435e-01, mse_f: 1.0760e+00, total loss: 1.7514e+00, Error: 1.1903e-02, Error v: 5.8429e-02
It: 6800, Time: 4.93, mse_0: 7.6929e-02, mse_f: 2.8340e-01, total loss: 6.0233e-01, Error: 1.3463e-02, Error v: 5.5540e-02
It: 6900, Time: 4.77, mse_0: 9.8281e-02, mse_f: 4.1293e-01, total loss: 9.3420e-01, Error: 1.6074e-02, Error v: 4.2192e-02
It: 7000, Time: 4.69, mse_0: 6.4437e-02, mse_f: 2.6984e-01, total loss: 5.1446e-01, Error: 1.5431e-02, Error v: 3.7592e-02
It: 7100, Time: 5.14, mse_0: 6.8110e-02, mse_f: 2.5253e-01, total loss: 5.3034e-01, Error: 1.2368e-02, Error v: 3.5251e-02
It: 7200, Time: 4.80, mse_0: 5.1117e-02, mse_f: 2.5026e-01, total loss: 4.4019e-01, Error: 9.9477e-03, Error v: 3.4677e-02
It: 7300, Time: 4.65, mse_0: 4.5920e-02, mse_f: 5.1333e-01, total loss: 7.1775e-01, Error: 9.4232e-03, Error v: 3.5892e-02
It: 7400, Time: 4.62, mse_0: 7.0230e-02, mse_f: 3.9189e-01, total loss: 6.0416e-01, Error: 1.5348e-02, Error v: 3.5245e-02
It: 7500, Time: 4.32, mse_0: 6.0377e-02, mse_f: 2.2849e-01, total loss: 4.2546e-01, Error: 1.0282e-02, Error v: 3.3379e-02
It: 7600, Time: 4.72, mse_0: 4.0447e-02, mse_f: 1.5893e-01, total loss: 3.4395e-01, Error: 9.4738e-03, Error v: 3.2603e-02
It: 7700, Time: 4.56, mse_0: 4.5684e-02, mse_f: 1.1605e-01, total loss: 2.7830e-01, Error: 1.0115e-02, Error v: 3.2551e-02
It: 7800, Time: 4.64, mse_0: 5.4556e-02, mse_f: 1.9072e-01, total loss: 3.5994e-01, Error: 9.9871e-03, Error v: 3.3080e-02
It: 7900, Time: 4.78, mse_0: 3.5624e-02, mse_f: 1.1966e-01, total loss: 2.5869e-01, Error: 9.5528e-03, Error v: 3.1213e-02
It: 8000, Time: 4.74, mse_0: 5.5918e-02, mse_f: 1.5310e-01, total loss: 5.3844e-01, Error: 1.0467e-02, Error v: 3.1721e-02
It: 8100, Time: 4.69, mse_0: 6.2975e-02, mse_f: 1.3246e-01, total loss: 6.1665e-01, Error: 1.3743e-02, Error v: 3.2823e-02
It: 8200, Time: 4.73, mse_0: 3.6567e-02, mse_f: 1.1011e-01, total loss: 2.3565e-01, Error: 9.5688e-03, Error v: 2.9394e-02
It: 8300, Time: 4.54, mse_0: 5.9320e-02, mse_f: 3.8385e-01, total loss: 5.4700e-01, Error: 9.0280e-03, Error v: 2.9772e-02
It: 8400, Time: 4.51, mse_0: 5.9885e-02, mse_f: 2.9087e-01, total loss: 5.4185e-01, Error: 7.3782e-03, Error v: 3.6912e-02
It: 8500, Time: 4.74, mse_0: 7.2567e-02, mse_f: 1.0771e+00, total loss: 1.5803e+00, Error: 1.0794e-02, Error v: 5.4179e-02
It: 8600, Time: 4.95, mse_0: 1.0037e-01, mse_f: 4.1103e-01, total loss: 7.3756e-01, Error: 1.3836e-02, Error v: 4.3085e-02
It: 8700, Time: 4.89, mse_0: 5.9997e-02, mse_f: 2.9077e-01, total loss: 5.0094e-01, Error: 1.4128e-02, Error v: 3.0897e-02
It: 8800, Time: 4.85, mse_0: 6.4348e-02, mse_f: 2.1476e-01, total loss: 4.3315e-01, Error: 1.0876e-02, Error v: 2.6449e-02
It: 8900, Time: 4.55, mse_0: 5.2275e-02, mse_f: 1.3552e-01, total loss: 3.1410e-01, Error: 1.4567e-02, Error v: 2.6260e-02
It: 9000, Time: 4.53, mse_0: 3.0078e-02, mse_f: 1.0359e-01, total loss: 2.0742e-01, Error: 8.1378e-03, Error v: 2.5360e-02
It: 9100, Time: 4.15, mse_0: 6.0155e-02, mse_f: 1.9996e-01, total loss: 3.6961e-01, Error: 1.2468e-02, Error v: 2.5627e-02
It: 9200, Time: 4.63, mse_0: 3.7934e-02, mse_f: 1.6317e-01, total loss: 2.9080e-01, Error: 8.2903e-03, Error v: 2.5315e-02
It: 9300, Time: 5.15, mse_0: 2.4541e-02, mse_f: 2.1579e-01, total loss: 3.0745e-01, Error: 5.6860e-03, Error v: 2.5488e-02
It: 9400, Time: 4.83, mse_0: 7.1489e-02, mse_f: 2.8820e-01, total loss: 4.7851e-01, Error: 1.4127e-02, Error v: 2.6371e-02
It: 9500, Time: 5.29, mse_0: 3.4748e-02, mse_f: 1.9319e-01, total loss: 3.3620e-01, Error: 8.1752e-03, Error v: 2.8247e-02
It: 9600, Time: 5.68, mse_0: 5.2421e-02, mse_f: 1.8316e-01, total loss: 3.4374e-01, Error: 1.2312e-02, Error v: 2.6453e-02
It: 9700, Time: 5.74, mse_0: 9.8260e-02, mse_f: 2.5582e-01, total loss: 5.1289e-01, Error: 1.4855e-02, Error v: 2.4471e-02
It: 9800, Time: 5.18, mse_0: 6.3601e-02, mse_f: 1.5832e-01, total loss: 4.3004e-01, Error: 1.0720e-02, Error v: 2.4248e-02
It: 9900, Time: 5.83, mse_0: 4.1101e-02, mse_f: 1.3281e-01, total loss: 4.4322e-01, Error: 8.9189e-03, Error v: 2.4657e-02
It: 10000, Time: 4.44, mse_0: 3.4260e-02, mse_f: 1.2023e-01, total loss: 2.7210e-01, Error: 9.0239e-03, Error v: 2.3091e-02
It: 10100, Time: 6.08, mse_0: 8.1747e-02, mse_f: 4.1403e-01, total loss: 6.7307e-01, Error: 1.2930e-02, Error v: 6.3059e-02
It: 10200, Time: 4.93, mse_0: 6.9815e-02, mse_f: 2.2635e-01, total loss: 4.5207e-01, Error: 1.4266e-02, Error v: 3.5577e-02
It: 10300, Time: 5.10, mse_0: 2.4704e-02, mse_f: 2.7882e-01, total loss: 3.8403e-01, Error: 7.3450e-03, Error v: 2.4124e-02
It: 10400, Time: 4.69, mse_0: 3.3309e-02, mse_f: 1.3607e-01, total loss: 2.5313e-01, Error: 6.2440e-03, Error v: 2.1749e-02
It: 10500, Time: 5.03, mse_0: 6.1223e-02, mse_f: 1.4011e-01, total loss: 3.1039e-01, Error: 5.9309e-03, Error v: 2.1142e-02
It: 10600, Time: 4.88, mse_0: 1.9177e-02, mse_f: 7.6736e-02, total loss: 1.3230e-01, Error: 4.6211e-03, Error v: 2.1968e-02
It: 10700, Time: 5.00, mse_0: 2.1369e-02, mse_f: 2.1201e-01, total loss: 2.7822e-01, Error: 5.4821e-03, Error v: 2.2130e-02
It: 10800, Time: 4.96, mse_0: 1.3764e-02, mse_f: 7.8429e-02, total loss: 1.1989e-01, Error: 4.7536e-03, Error v: 2.0385e-02
It: 10900, Time: 4.21, mse_0: 6.1872e-02, mse_f: 2.8553e-01, total loss: 5.3922e-01, Error: 1.0202e-02, Error v: 2.3163e-02
It: 11000, Time: 4.51, mse_0: 2.9758e-02, mse_f: 1.0434e-01, total loss: 1.9396e-01, Error: 1.0070e-02, Error v: 1.9563e-02
It: 11100, Time: 4.11, mse_0: 6.1524e-02, mse_f: 1.8103e-01, total loss: 3.8307e-01, Error: 1.2643e-02, Error v: 2.0567e-02
It: 11200, Time: 4.23, mse_0: 2.7829e-02, mse_f: 1.1252e-01, total loss: 3.4337e-01, Error: 8.7307e-03, Error v: 2.0516e-02
It: 11300, Time: 4.01, mse_0: 3.7836e-02, mse_f: 8.9199e-02, total loss: 3.9790e-01, Error: 7.8925e-03, Error v: 2.0388e-02
It: 11400, Time: 4.29, mse_0: 5.7694e-02, mse_f: 2.1935e-01, total loss: 3.7529e-01, Error: 1.1363e-02, Error v: 1.8749e-02
It: 11500, Time: 4.50, mse_0: 5.3779e-02, mse_f: 2.4917e-01, total loss: 5.4120e-01, Error: 1.0707e-02, Error v: 2.3731e-02
It: 11600, Time: 4.58, mse_0: 4.4763e-02, mse_f: 1.4247e-01, total loss: 3.0584e-01, Error: 7.7671e-03, Error v: 1.8469e-02
It: 11700, Time: 4.29, mse_0: 1.3424e-02, mse_f: 4.4421e-02, total loss: 1.0426e-01, Error: 6.4220e-03, Error v: 1.7084e-02
It: 11800, Time: 4.30, mse_0: 1.2124e-02, mse_f: 1.0428e-01, total loss: 1.7776e-01, Error: 8.5880e-03, Error v: 2.3804e-02
It: 11900, Time: 4.70, mse_0: 2.2388e-02, mse_f: 7.5231e-02, total loss: 2.0182e-01, Error: 4.7262e-03, Error v: 1.7674e-02
It: 12000, Time: 4.36, mse_0: 5.3062e-02, mse_f: 1.7530e-01, total loss: 3.2938e-01, Error: 1.3236e-02, Error v: 1.7020e-02
It: 12100, Time: 4.46, mse_0: 2.0990e-02, mse_f: 1.3776e-01, total loss: 2.3137e-01, Error: 7.8016e-03, Error v: 1.8139e-02
It: 12200, Time: 4.06, mse_0: 1.0889e-01, mse_f: 2.9768e-01, total loss: 5.8164e-01, Error: 1.4561e-02, Error v: 2.0332e-02
It: 12300, Time: 4.45, mse_0: 4.0965e-02, mse_f: 1.3141e-01, total loss: 2.9632e-01, Error: 6.1689e-03, Error v: 1.8761e-02
It: 12400, Time: 4.60, mse_0: 3.2862e-02, mse_f: 2.0108e-01, total loss: 2.8829e-01, Error: 8.3391e-03, Error v: 1.9858e-02
It: 12500, Time: 4.84, mse_0: 1.5235e-02, mse_f: 1.4886e-01, total loss: 2.3575e-01, Error: 4.0526e-03, Error v: 2.0901e-02
It: 12600, Time: 5.13, mse_0: 4.0221e-02, mse_f: 1.4712e-01, total loss: 3.0948e-01, Error: 8.9858e-03, Error v: 1.8909e-02
It: 12700, Time: 4.69, mse_0: 4.1133e-02, mse_f: 2.8913e-01, total loss: 4.3284e-01, Error: 1.1538e-02, Error v: 2.0539e-02
It: 12800, Time: 5.32, mse_0: 2.5857e-02, mse_f: 2.2287e-01, total loss: 2.7224e-01, Error: 5.9017e-03, Error v: 1.5875e-02
It: 12900, Time: 4.71, mse_0: 2.9598e-02, mse_f: 8.1494e-02, total loss: 1.5504e-01, Error: 5.7041e-03, Error v: 1.6740e-02
It: 13000, Time: 4.60, mse_0: 1.4218e-01, mse_f: 3.2490e-01, total loss: 7.0202e-01, Error: 2.3683e-02, Error v: 1.5333e-02
It: 13100, Time: 4.39, mse_0: 1.4721e-01, mse_f: 5.0208e-01, total loss: 8.8829e-01, Error: 1.3203e-02, Error v: 3.7957e-02
It: 13200, Time: 4.26, mse_0: 7.8897e-02, mse_f: 3.0955e-01, total loss: 5.1165e-01, Error: 7.7438e-03, Error v: 2.7302e-02
It: 13300, Time: 4.47, mse_0: 1.9361e-02, mse_f: 1.4228e-01, total loss: 2.0469e-01, Error: 6.9302e-03, Error v: 1.9541e-02
It: 13400, Time: 4.64, mse_0: 1.1944e-02, mse_f: 6.9265e-02, total loss: 1.0054e-01, Error: 5.9342e-03, Error v: 1.6720e-02
It: 13500, Time: 4.76, mse_0: 1.6646e-01, mse_f: 4.8635e-01, total loss: 1.1312e+00, Error: 1.6567e-02, Error v: 2.0242e-02
It: 13600, Time: 4.47, mse_0: 1.9812e-02, mse_f: 4.3436e-01, total loss: 4.8905e-01, Error: 7.6966e-03, Error v: 2.5413e-02
It: 13700, Time: 4.96, mse_0: 2.8490e-02, mse_f: 4.7404e-01, total loss: 6.0472e-01, Error: 5.0651e-03, Error v: 2.6419e-02
It: 13800, Time: 4.87, mse_0: 1.0795e-02, mse_f: 1.2862e-01, total loss: 1.6707e-01, Error: 5.6861e-03, Error v: 2.1741e-02
It: 13900, Time: 4.76, mse_0: 1.0298e-02, mse_f: 2.5371e-01, total loss: 3.0555e-01, Error: 6.1236e-03, Error v: 1.6188e-02
It: 14000, Time: 4.53, mse_0: 6.8585e-02, mse_f: 1.8360e-01, total loss: 3.5933e-01, Error: 6.5781e-03, Error v: 1.4394e-02
It: 14100, Time: 4.25, mse_0: 1.1519e-02, mse_f: 4.7532e-02, total loss: 8.4904e-02, Error: 9.2888e-03, Error v: 1.3670e-02
It: 14200, Time: 4.34, mse_0: 8.1236e-03, mse_f: 3.3673e-02, total loss: 5.4436e-02, Error: 5.9870e-03, Error v: 1.2634e-02
It: 14300, Time: 4.58, mse_0: 1.4271e-02, mse_f: 5.7675e-02, total loss: 1.4071e-01, Error: 6.2892e-03, Error v: 1.3951e-02
It: 14400, Time: 4.34, mse_0: 4.2472e-02, mse_f: 9.1633e-02, total loss: 2.8327e-01, Error: 1.0292e-02, Error v: 1.4961e-02
It: 14500, Time: 4.31, mse_0: 1.5575e-02, mse_f: 6.4863e-02, total loss: 1.5305e-01, Error: 6.3950e-03, Error v: 1.6679e-02
It: 14600, Time: 4.20, mse_0: 1.4210e-02, mse_f: 1.0315e-01, total loss: 1.8218e-01, Error: 4.6165e-03, Error v: 1.6245e-02
It: 14700, Time: 4.55, mse_0: 3.4344e-02, mse_f: 1.5862e-01, total loss: 2.5013e-01, Error: 9.0840e-03, Error v: 1.4547e-02
It: 14800, Time: 4.84, mse_0: 7.2269e-03, mse_f: 2.5168e-02, total loss: 6.1724e-02, Error: 4.5535e-03, Error v: 1.2200e-02
It: 14900, Time: 5.18, mse_0: 1.1123e-02, mse_f: 2.2129e-01, total loss: 2.4788e-01, Error: 6.0579e-03, Error v: 1.4365e-02
It: 15000, Time: 4.43, mse_0: 2.0313e-02, mse_f: 3.0092e-01, total loss: 3.6734e-01, Error: 7.5769e-03, Error v: 1.4866e-02
It: 15100, Time: 4.40, mse_0: 2.3231e-02, mse_f: 4.5644e-02, total loss: 1.9182e-01, Error: 4.3200e-03, Error v: 1.6952e-02
It: 15200, Time: 4.33, mse_0: 1.5473e-02, mse_f: 8.2975e-02, total loss: 1.3030e-01, Error: 4.9138e-03, Error v: 1.5238e-02
It: 15300, Time: 4.59, mse_0: 6.3300e-02, mse_f: 1.4419e-01, total loss: 6.3569e-01, Error: 7.9549e-03, Error v: 1.8189e-02
It: 15400, Time: 4.65, mse_0: 1.2094e-01, mse_f: 4.0406e-01, total loss: 6.9582e-01, Error: 1.7591e-02, Error v: 1.8796e-02
It: 15500, Time: 4.58, mse_0: 1.5067e-02, mse_f: 8.0692e-02, total loss: 1.6105e-01, Error: 8.5562e-03, Error v: 1.5588e-02
It: 15600, Time: 4.77, mse_0: 2.3512e-02, mse_f: 5.7825e-02, total loss: 1.9881e-01, Error: 6.5646e-03, Error v: 1.3714e-02
It: 15700, Time: 4.75, mse_0: 5.2455e-02, mse_f: 1.5890e-01, total loss: 2.8726e-01, Error: 6.5686e-03, Error v: 1.2777e-02
It: 15800, Time: 4.57, mse_0: 1.8085e-02, mse_f: 1.0374e-01, total loss: 2.0592e-01, Error: 6.5719e-03, Error v: 1.4300e-02
It: 15900, Time: 4.62, mse_0: 2.4577e-02, mse_f: 9.5878e-02, total loss: 1.6313e-01, Error: 6.0670e-03, Error v: 1.5672e-02
It: 16000, Time: 4.72, mse_0: 3.8610e-02, mse_f: 1.1872e-01, total loss: 2.0903e-01, Error: 1.0670e-02, Error v: 1.2353e-02
It: 16100, Time: 4.87, mse_0: 2.6242e-02, mse_f: 1.1318e-01, total loss: 2.9076e-01, Error: 7.5464e-03, Error v: 1.7208e-02
It: 16200, Time: 4.76, mse_0: 2.5331e-02, mse_f: 1.0341e-01, total loss: 2.0801e-01, Error: 7.1420e-03, Error v: 1.4221e-02
It: 16300, Time: 4.55, mse_0: 4.7825e-02, mse_f: 1.4495e-01, total loss: 2.2980e-01, Error: 1.0273e-02, Error v: 1.2823e-02
It: 16400, Time: 4.54, mse_0: 1.0299e-02, mse_f: 6.9606e-02, total loss: 1.3312e-01, Error: 6.4972e-03, Error v: 1.5827e-02
It: 16500, Time: 4.67, mse_0: 1.9943e-02, mse_f: 1.7529e-01, total loss: 2.2700e-01, Error: 5.3593e-03, Error v: 1.5235e-02
It: 16600, Time: 4.82, mse_0: 1.9928e-02, mse_f: 9.2557e-02, total loss: 2.2978e-01, Error: 8.5459e-03, Error v: 1.7828e-02
It: 16700, Time: 5.12, mse_0: 1.1287e-02, mse_f: 1.7307e-01, total loss: 2.1630e-01, Error: 6.8484e-03, Error v: 1.5223e-02
It: 16800, Time: 5.05, mse_0: 2.6206e-02, mse_f: 2.4698e-01, total loss: 4.1240e-01, Error: 6.9630e-03, Error v: 1.8178e-02
It: 16900, Time: 4.79, mse_0: 4.3030e-02, mse_f: 8.9840e-02, total loss: 2.5169e-01, Error: 9.7219e-03, Error v: 1.1773e-02
It: 17000, Time: 4.75, mse_0: 2.2579e-02, mse_f: 2.1029e-01, total loss: 2.6040e-01, Error: 7.5228e-03, Error v: 1.1980e-02
It: 17100, Time: 4.90, mse_0: 2.5386e-02, mse_f: 1.0328e-01, total loss: 1.6865e-01, Error: 8.4930e-03, Error v: 1.0857e-02
It: 17200, Time: 4.92, mse_0: 5.6109e-02, mse_f: 1.3600e-01, total loss: 2.9302e-01, Error: 1.0409e-02, Error v: 1.3246e-02
It: 17300, Time: 4.75, mse_0: 1.3282e-02, mse_f: 7.4478e-02, total loss: 1.2526e-01, Error: 4.4962e-03, Error v: 1.1353e-02
It: 17400, Time: 4.79, mse_0: 5.6032e-02, mse_f: 1.4524e-01, total loss: 3.2371e-01, Error: 1.2011e-02, Error v: 1.2111e-02
It: 17500, Time: 4.94, mse_0: 1.3216e-02, mse_f: 6.8143e-02, total loss: 1.2600e-01, Error: 7.2988e-03, Error v: 1.3615e-02
It: 17600, Time: 4.88, mse_0: 1.8533e-02, mse_f: 2.1657e-01, total loss: 3.0306e-01, Error: 8.0840e-03, Error v: 1.2491e-02
It: 17700, Time: 4.81, mse_0: 4.8305e-03, mse_f: 5.2480e-02, total loss: 7.1605e-02, Error: 4.4709e-03, Error v: 1.1146e-02
It: 17800, Time: 4.68, mse_0: 3.7992e-02, mse_f: 5.5983e-02, total loss: 3.3047e-01, Error: 6.0139e-03, Error v: 1.2648e-02
It: 17900, Time: 4.73, mse_0: 1.5232e-02, mse_f: 5.1391e-02, total loss: 1.0338e-01, Error: 5.4754e-03, Error v: 1.1156e-02
It: 18000, Time: 4.66, mse_0: 1.0925e-02, mse_f: 7.0800e-02, total loss: 1.1271e-01, Error: 5.5511e-03, Error v: 1.3555e-02
It: 18100, Time: 4.85, mse_0: 5.0264e-02, mse_f: 7.4925e-02, total loss: 3.9957e-01, Error: 9.2657e-03, Error v: 1.3200e-02
It: 18200, Time: 5.08, mse_0: 2.2583e-02, mse_f: 2.2586e-01, total loss: 3.1457e-01, Error: 5.9724e-03, Error v: 1.6475e-02
It: 18300, Time: 5.32, mse_0: 8.5317e-03, mse_f: 7.1931e-02, total loss: 9.7775e-02, Error: 3.9756e-03, Error v: 1.1915e-02
It: 18400, Time: 5.18, mse_0: 1.0146e-01, mse_f: 2.2848e-01, total loss: 4.5775e-01, Error: 1.1314e-02, Error v: 1.4566e-02
It: 18500, Time: 5.15, mse_0: 1.7529e-02, mse_f: 5.2956e-02, total loss: 9.8648e-02, Error: 4.7401e-03, Error v: 1.0164e-02
It: 18600, Time: 4.96, mse_0: 1.3782e-02, mse_f: 5.3274e-02, total loss: 8.3883e-02, Error: 9.0503e-03, Error v: 1.4389e-02
It: 18700, Time: 5.29, mse_0: 3.2158e-02, mse_f: 1.0085e-01, total loss: 1.9877e-01, Error: 9.1711e-03, Error v: 1.1628e-02
It: 18800, Time: 5.57, mse_0: 8.7622e-03, mse_f: 7.5617e-02, total loss: 1.4548e-01, Error: 6.5862e-03, Error v: 1.2081e-02
It: 18900, Time: 5.20, mse_0: 1.4998e-02, mse_f: 6.0772e-02, total loss: 9.2973e-02, Error: 3.6623e-03, Error v: 1.0248e-02
It: 19000, Time: 4.98, mse_0: 1.0775e-02, mse_f: 1.3349e-01, total loss: 2.1775e-01, Error: 5.3000e-03, Error v: 1.4719e-02
It: 19100, Time: 4.81, mse_0: 8.0832e-03, mse_f: 3.6269e-02, total loss: 5.2326e-02, Error: 3.7790e-03, Error v: 1.0856e-02
It: 19200, Time: 5.10, mse_0: 9.3368e-03, mse_f: 2.3162e-01, total loss: 3.0546e-01, Error: 4.7755e-03, Error v: 1.7755e-02
It: 19300, Time: 4.96, mse_0: 2.0444e-02, mse_f: 1.7852e-01, total loss: 2.2325e-01, Error: 5.3886e-03, Error v: 1.4705e-02
It: 19400, Time: 4.86, mse_0: 4.7801e-02, mse_f: 9.4533e-02, total loss: 4.0047e-01, Error: 9.6565e-03, Error v: 1.5670e-02
It: 19500, Time: 4.62, mse_0: 2.7855e-02, mse_f: 8.2767e-02, total loss: 1.7138e-01, Error: 5.0199e-03, Error v: 1.2441e-02
It: 19600, Time: 4.79, mse_0: 5.3187e-03, mse_f: 7.0121e-02, total loss: 7.9791e-02, Error: 4.2563e-03, Error v: 9.3142e-03
It: 19700, Time: 5.07, mse_0: 5.4844e-03, mse_f: 4.5773e-02, total loss: 6.7844e-02, Error: 5.7024e-03, Error v: 1.0221e-02
It: 19800, Time: 4.92, mse_0: 3.2133e-02, mse_f: 7.9827e-02, total loss: 1.8070e-01, Error: 1.1788e-02, Error v: 1.5282e-02
It: 19900, Time: 5.06, mse_0: 5.7585e-03, mse_f: 6.6692e-02, total loss: 7.9768e-02, Error: 3.2112e-03, Error v: 1.0429e-02
It: 20000, Time: 5.37, mse_0: 1.4510e-01, mse_f: 3.6731e-01, total loss: 7.3635e-01, Error: 2.1449e-02, Error v: 1.6632e-02
It: 20100, Time: 5.61, mse_0: 6.2923e-03, mse_f: 2.1569e-01, total loss: 2.3722e-01, Error: 6.2431e-03, Error v: 1.7001e-02
It: 20200, Time: 4.84, mse_0: 1.1446e-02, mse_f: 3.5848e-02, total loss: 8.1435e-02, Error: 4.5936e-03, Error v: 1.1456e-02
It: 20300, Time: 4.91, mse_0: 4.4044e-02, mse_f: 1.0012e-01, total loss: 1.8878e-01, Error: 8.6104e-03, Error v: 9.7099e-03
It: 20400, Time: 4.78, mse_0: 1.4527e-02, mse_f: 5.0846e-02, total loss: 8.4440e-02, Error: 5.3915e-03, Error v: 9.9961e-03
It: 20500, Time: 4.69, mse_0: 1.8329e-02, mse_f: 4.4189e-02, total loss: 1.4016e-01, Error: 6.2932e-03, Error v: 9.9414e-03
It: 20600, Time: 4.67, mse_0: 1.7800e-02, mse_f: 5.7490e-02, total loss: 1.1882e-01, Error: 6.7988e-03, Error v: 1.4123e-02
It: 20700, Time: 4.92, mse_0: 1.4872e-02, mse_f: 3.4290e-02, total loss: 8.3673e-02, Error: 5.2797e-03, Error v: 1.0524e-02
It: 20800, Time: 4.44, mse_0: 9.5494e-03, mse_f: 7.8006e-02, total loss: 1.2812e-01, Error: 6.8517e-03, Error v: 1.4208e-02
It: 20900, Time: 4.87, mse_0: 6.5560e-03, mse_f: 8.4654e-02, total loss: 1.0619e-01, Error: 4.7530e-03, Error v: 1.1375e-02
It: 21000, Time: 4.70, mse_0: 2.2362e-02, mse_f: 7.7570e-02, total loss: 1.2675e-01, Error: 8.5658e-03, Error v: 9.3863e-03
It: 21100, Time: 4.88, mse_0: 2.5566e-02, mse_f: 7.8529e-02, total loss: 1.3378e-01, Error: 6.1170e-03, Error v: 1.5016e-02
It: 21200, Time: 5.35, mse_0: 1.4175e-02, mse_f: 2.7771e-02, total loss: 1.2692e-01, Error: 4.9975e-03, Error v: 1.0056e-02
It: 21300, Time: 5.16, mse_0: 4.8330e-02, mse_f: 9.8428e-02, total loss: 2.9255e-01, Error: 1.2623e-02, Error v: 1.0071e-02
It: 21400, Time: 4.73, mse_0: 3.0247e-02, mse_f: 5.7480e-02, total loss: 1.4090e-01, Error: 8.9312e-03, Error v: 9.2543e-03
It: 21500, Time: 4.93, mse_0: 8.3607e-03, mse_f: 2.4188e-02, total loss: 7.5796e-02, Error: 6.2356e-03, Error v: 2.0586e-02
It: 21600, Time: 4.30, mse_0: 1.2002e-02, mse_f: 7.3295e-02, total loss: 1.1976e-01, Error: 6.1437e-03, Error v: 1.0167e-02
It: 21700, Time: 4.08, mse_0: 6.7000e-02, mse_f: 1.7230e-01, total loss: 3.7923e-01, Error: 1.2525e-02, Error v: 1.0186e-02
It: 21800, Time: 4.09, mse_0: 1.1392e-02, mse_f: 4.0482e-02, total loss: 6.3841e-02, Error: 4.4312e-03, Error v: 8.9584e-03
It: 21900, Time: 5.42, mse_0: 1.1387e-02, mse_f: 1.8723e-01, total loss: 2.0974e-01, Error: 3.8215e-03, Error v: 9.3226e-03
It: 22000, Time: 4.99, mse_0: 2.1609e-02, mse_f: 4.6524e-02, total loss: 2.0088e-01, Error: 9.5328e-03, Error v: 1.8457e-02
It: 22100, Time: 4.31, mse_0: 6.6261e-03, mse_f: 7.4938e-02, total loss: 9.4508e-02, Error: 4.1308e-03, Error v: 1.0572e-02
It: 22200, Time: 4.40, mse_0: 3.0897e-02, mse_f: 9.0328e-02, total loss: 1.5790e-01, Error: 8.6164e-03, Error v: 1.2071e-02
It: 22300, Time: 6.43, mse_0: 9.8918e-03, mse_f: 4.2600e-02, total loss: 1.4484e-01, Error: 5.7170e-03, Error v: 1.0606e-02
It: 22400, Time: 5.83, mse_0: 1.2088e-02, mse_f: 4.6904e-02, total loss: 1.4259e-01, Error: 8.6596e-03, Error v: 1.0416e-02
It: 22500, Time: 4.54, mse_0: 1.9683e-02, mse_f: 5.1999e-02, total loss: 9.1989e-02, Error: 7.6017e-03, Error v: 8.8700e-03
It: 22600, Time: 5.24, mse_0: 2.7174e-02, mse_f: 7.0692e-02, total loss: 1.2880e-01, Error: 8.7730e-03, Error v: 1.0643e-02
It: 22700, Time: 4.88, mse_0: 6.6422e-02, mse_f: 2.7227e-01, total loss: 4.5918e-01, Error: 1.5151e-02, Error v: 9.4239e-03
It: 22800, Time: 4.23, mse_0: 1.9932e-02, mse_f: 1.5340e-01, total loss: 2.1086e-01, Error: 6.9510e-03, Error v: 1.0785e-02
It: 22900, Time: 4.46, mse_0: 1.6462e-02, mse_f: 4.6864e-02, total loss: 1.3056e-01, Error: 8.7285e-03, Error v: 8.9246e-03
It: 23000, Time: 4.62, mse_0: 1.4338e-02, mse_f: 6.1514e-02, total loss: 7.9904e-02, Error: 5.3299e-03, Error v: 1.1048e-02
It: 23100, Time: 4.56, mse_0: 1.1080e-02, mse_f: 6.0515e-02, total loss: 8.1636e-02, Error: 5.2475e-03, Error v: 9.4437e-03
It: 23200, Time: 4.71, mse_0: 6.0863e-02, mse_f: 1.6290e-01, total loss: 3.2662e-01, Error: 7.2877e-03, Error v: 1.4547e-02
It: 23300, Time: 5.76, mse_0: 1.4606e-02, mse_f: 6.5661e-02, total loss: 1.5469e-01, Error: 5.2065e-03, Error v: 9.6451e-03
It: 23400, Time: 4.59, mse_0: 1.7344e-02, mse_f: 4.0204e-02, total loss: 8.4452e-02, Error: 5.1103e-03, Error v: 8.8637e-03
It: 23500, Time: 4.33, mse_0: 1.2217e-02, mse_f: 2.9086e-02, total loss: 6.1808e-02, Error: 4.6905e-03, Error v: 7.0526e-03
It: 23600, Time: 4.14, mse_0: 7.5946e-02, mse_f: 1.7296e-01, total loss: 3.9675e-01, Error: 8.2438e-03, Error v: 8.4881e-03
It: 23700, Time: 4.02, mse_0: 1.6250e-02, mse_f: 1.3086e-01, total loss: 2.0139e-01, Error: 4.2379e-03, Error v: 1.1304e-02
It: 23800, Time: 4.05, mse_0: 1.6314e-02, mse_f: 5.8412e-02, total loss: 1.0509e-01, Error: 6.8566e-03, Error v: 9.2719e-03
It: 23900, Time: 4.12, mse_0: 5.9754e-03, mse_f: 2.3062e-02, total loss: 3.8865e-02, Error: 3.5742e-03, Error v: 7.4354e-03
It: 24000, Time: 4.23, mse_0: 5.3751e-03, mse_f: 6.8471e-02, total loss: 1.2215e-01, Error: 4.7905e-03, Error v: 1.0241e-02
It: 24100, Time: 4.41, mse_0: 3.2408e-02, mse_f: 7.4756e-02, total loss: 3.5083e-01, Error: 5.6711e-03, Error v: 1.6877e-02
It: 24200, Time: 4.80, mse_0: 7.4242e-03, mse_f: 1.1440e-01, total loss: 1.3788e-01, Error: 5.5024e-03, Error v: 1.4818e-02
It: 24300, Time: 4.70, mse_0: 1.4349e-02, mse_f: 7.4747e-02, total loss: 1.0921e-01, Error: 5.5587e-03, Error v: 9.5759e-03
It: 24400, Time: 4.66, mse_0: 3.0328e-03, mse_f: 8.7928e-02, total loss: 9.6262e-02, Error: 4.4116e-03, Error v: 9.1659e-03
It: 24500, Time: 4.88, mse_0: 3.5110e-03, mse_f: 7.9556e-02, total loss: 1.0455e-01, Error: 4.1445e-03, Error v: 1.1278e-02
It: 24600, Time: 4.59, mse_0: 1.9250e-01, mse_f: 4.0649e-01, total loss: 7.8007e-01, Error: 1.3078e-02, Error v: 1.1061e-02
It: 24700, Time: 4.56, mse_0: 3.1672e-02, mse_f: 8.5203e-02, total loss: 1.4705e-01, Error: 4.9573e-03, Error v: 8.2850e-03
It: 24800, Time: 4.44, mse_0: 2.8841e-02, mse_f: 1.4380e-01, total loss: 2.2150e-01, Error: 6.1694e-03, Error v: 1.1459e-02
It: 24900, Time: 4.56, mse_0: 1.3332e-02, mse_f: 9.0855e-02, total loss: 1.1995e-01, Error: 3.3640e-03, Error v: 8.2308e-03
It: 25000, Time: 4.91, mse_0: 1.0430e-02, mse_f: 6.5649e-02, total loss: 1.3180e-01, Error: 4.0262e-03, Error v: 8.6254e-03
starting L-BFGS training
It: 100, Time: 5.48, mse_0: 1.9606e-03, mse_f: 9.3174e-03, total loss: 1.2504e-02, Error: 3.0972e-03, Error v: 6.5271e-03
It: 200, Time: 6.28, mse_0: 1.8129e-03, mse_f: 9.0466e-03, total loss: 1.2113e-02, Error: 2.9753e-03, Error v: 6.3682e-03
It: 300, Time: 6.43, mse_0: 1.7100e-03, mse_f: 8.8286e-03, total loss: 1.1793e-02, Error: 3.0412e-03, Error v: 6.3425e-03
It: 400, Time: 6.55, mse_0: 1.5538e-03, mse_f: 8.5881e-03, total loss: 1.1425e-02, Error: 2.9533e-03, Error v: 6.2181e-03
It: 500, Time: 5.84, mse_0: 1.4622e-03, mse_f: 8.3959e-03, total loss: 1.1121e-02, Error: 3.0159e-03, Error v: 6.1696e-03
It: 600, Time: 5.97, mse_0: 1.4051e-03, mse_f: 8.1981e-03, total loss: 1.0831e-02, Error: 3.0177e-03, Error v: 6.1118e-03
It: 700, Time: 6.54, mse_0: 1.3115e-03, mse_f: 7.9711e-03, total loss: 1.0524e-02, Error: 3.0617e-03, Error v: 5.8956e-03
It: 800, Time: 6.48, mse_0: 1.2467e-03, mse_f: 7.7400e-03, total loss: 1.0221e-02, Error: 2.9401e-03, Error v: 5.9355e-03
It: 900, Time: 6.77, mse_0: 1.2102e-03, mse_f: 7.5441e-03, total loss: 9.9609e-03, Error: 2.9185e-03, Error v: 5.8369e-03
It: 1000, Time: 6.37, mse_0: 1.1924e-03, mse_f: 7.3646e-03, total loss: 9.7340e-03, Error: 2.9616e-03, Error v: 5.7170e-03
It: 1100, Time: 6.30, mse_0: 1.1635e-03, mse_f: 7.1700e-03, total loss: 9.4686e-03, Error: 2.9541e-03, Error v: 5.6540e-03
It: 1200, Time: 6.19, mse_0: 1.1402e-03, mse_f: 7.0147e-03, total loss: 9.2434e-03, Error: 2.9360e-03, Error v: 5.5692e-03
It: 1300, Time: 6.19, mse_0: 1.1058e-03, mse_f: 6.8522e-03, total loss: 9.0122e-03, Error: 2.9768e-03, Error v: 5.4173e-03
It: 1400, Time: 6.57, mse_0: 1.0793e-03, mse_f: 6.6857e-03, total loss: 8.7921e-03, Error: 2.9130e-03, Error v: 5.3861e-03
It: 1500, Time: 6.50, mse_0: 1.0464e-03, mse_f: 6.5225e-03, total loss: 8.5808e-03, Error: 2.9423e-03, Error v: 5.2550e-03
It: 1600, Time: 6.27, mse_0: 1.0228e-03, mse_f: 6.3672e-03, total loss: 8.3716e-03, Error: 2.9560e-03, Error v: 5.2250e-03
It: 1700, Time: 6.58, mse_0: 9.9697e-04, mse_f: 6.2150e-03, total loss: 8.1708e-03, Error: 2.9162e-03, Error v: 5.1536e-03
It: 1800, Time: 6.64, mse_0: 9.9216e-04, mse_f: 6.0509e-03, total loss: 7.9810e-03, Error: 2.8996e-03, Error v: 5.1143e-03
It: 1900, Time: 6.43, mse_0: 9.8868e-04, mse_f: 5.9020e-03, total loss: 7.7901e-03, Error: 2.9087e-03, Error v: 5.0280e-03
It: 2000, Time: 6.38, mse_0: 9.5985e-04, mse_f: 5.7556e-03, total loss: 7.6007e-03, Error: 2.8554e-03, Error v: 4.9543e-03
It: 2100, Time: 6.38, mse_0: 9.5408e-04, mse_f: 5.6013e-03, total loss: 7.4220e-03, Error: 2.7344e-03, Error v: 5.0893e-03
It: 2200, Time: 6.83, mse_0: 9.3621e-04, mse_f: 5.4742e-03, total loss: 7.2614e-03, Error: 2.8207e-03, Error v: 5.0272e-03
It: 2300, Time: 6.44, mse_0: 9.1989e-04, mse_f: 5.3411e-03, total loss: 7.1094e-03, Error: 2.7772e-03, Error v: 5.0116e-03
It: 2400, Time: 6.41, mse_0: 9.1514e-04, mse_f: 5.2394e-03, total loss: 6.9711e-03, Error: 2.7464e-03, Error v: 4.9410e-03
It: 2500, Time: 6.73, mse_0: 8.8713e-04, mse_f: 5.1200e-03, total loss: 6.8186e-03, Error: 2.7712e-03, Error v: 4.9287e-03
It: 2600, Time: 6.88, mse_0: 8.6257e-04, mse_f: 5.0070e-03, total loss: 6.6716e-03, Error: 2.7336e-03, Error v: 4.8581e-03
It: 2700, Time: 6.98, mse_0: 8.5088e-04, mse_f: 4.8733e-03, total loss: 6.5103e-03, Error: 2.7636e-03, Error v: 4.8657e-03
It: 2800, Time: 6.60, mse_0: 8.2838e-04, mse_f: 4.7458e-03, total loss: 6.3421e-03, Error: 2.7194e-03, Error v: 4.8303e-03
It: 2900, Time: 6.31, mse_0: 8.0014e-04, mse_f: 4.6538e-03, total loss: 6.2197e-03, Error: 2.6993e-03, Error v: 4.7654e-03
It: 3000, Time: 7.07, mse_0: 7.8910e-04, mse_f: 4.5400e-03, total loss: 6.0752e-03, Error: 2.7242e-03, Error v: 4.7656e-03
It: 3100, Time: 7.10, mse_0: 7.6382e-04, mse_f: 4.4173e-03, total loss: 5.9242e-03, Error: 2.7205e-03, Error v: 4.7174e-03
It: 3200, Time: 7.53, mse_0: 7.5596e-04, mse_f: 4.3009e-03, total loss: 5.7757e-03, Error: 2.6628e-03, Error v: 4.6147e-03
It: 3300, Time: 7.33, mse_0: 7.5283e-04, mse_f: 4.2106e-03, total loss: 5.6652e-03, Error: 2.6619e-03, Error v: 4.6187e-03
It: 3400, Time: 6.67, mse_0: 7.3683e-04, mse_f: 4.1239e-03, total loss: 5.5617e-03, Error: 2.6250e-03, Error v: 4.6595e-03
It: 3500, Time: 8.28, mse_0: 7.2595e-04, mse_f: 4.0253e-03, total loss: 5.4389e-03, Error: 2.5754e-03, Error v: 4.6285e-03
It: 3600, Time: 7.35, mse_0: 7.1281e-04, mse_f: 3.9423e-03, total loss: 5.3312e-03, Error: 2.5537e-03, Error v: 4.5732e-03
It: 3700, Time: 7.29, mse_0: 6.9877e-04, mse_f: 3.8453e-03, total loss: 5.2137e-03, Error: 2.5132e-03, Error v: 4.5273e-03
It: 3800, Time: 7.11, mse_0: 6.8529e-04, mse_f: 3.7709e-03, total loss: 5.1117e-03, Error: 2.4799e-03, Error v: 4.4801e-03
It: 3900, Time: 6.87, mse_0: 6.7630e-04, mse_f: 3.7037e-03, total loss: 5.0200e-03, Error: 2.5000e-03, Error v: 4.3704e-03
It: 4000, Time: 6.67, mse_0: 6.6510e-04, mse_f: 3.6281e-03, total loss: 4.9167e-03, Error: 2.5290e-03, Error v: 4.3480e-03
It: 4100, Time: 6.12, mse_0: 6.5449e-04, mse_f: 3.5438e-03, total loss: 4.8230e-03, Error: 2.4736e-03, Error v: 4.3627e-03
It: 4200, Time: 6.07, mse_0: 6.5697e-04, mse_f: 3.4549e-03, total loss: 4.7248e-03, Error: 2.4280e-03, Error v: 4.2981e-03
It: 4300, Time: 7.45, mse_0: 6.5576e-04, mse_f: 3.3833e-03, total loss: 4.6396e-03, Error: 2.4401e-03, Error v: 4.1978e-03
It: 4400, Time: 6.51, mse_0: 6.4792e-04, mse_f: 3.3224e-03, total loss: 4.5657e-03, Error: 2.4042e-03, Error v: 4.1228e-03
It: 4500, Time: 6.61, mse_0: 6.3674e-04, mse_f: 3.2523e-03, total loss: 4.4753e-03, Error: 2.3690e-03, Error v: 4.1138e-03
It: 4600, Time: 6.06, mse_0: 6.3279e-04, mse_f: 3.1930e-03, total loss: 4.4000e-03, Error: 2.3931e-03, Error v: 4.1126e-03
It: 4700, Time: 6.59, mse_0: 6.2050e-04, mse_f: 3.1250e-03, total loss: 4.3071e-03, Error: 2.3638e-03, Error v: 4.1125e-03
It: 4800, Time: 6.49, mse_0: 6.0758e-04, mse_f: 3.0747e-03, total loss: 4.2304e-03, Error: 2.3632e-03, Error v: 4.0575e-03
It: 4900, Time: 6.53, mse_0: 5.8974e-04, mse_f: 3.0176e-03, total loss: 4.1509e-03, Error: 2.3745e-03, Error v: 3.9887e-03
It: 5000, Time: 6.16, mse_0: 5.8452e-04, mse_f: 2.9623e-03, total loss: 4.0805e-03, Error: 2.3677e-03, Error v: 3.9520e-03
It: 5100, Time: 6.24, mse_0: 5.7652e-04, mse_f: 2.9077e-03, total loss: 4.0102e-03, Error: 2.3635e-03, Error v: 3.9241e-03
It: 5200, Time: 6.26, mse_0: 5.7151e-04, mse_f: 2.8505e-03, total loss: 3.9373e-03, Error: 2.3699e-03, Error v: 3.8570e-03
It: 5300, Time: 6.29, mse_0: 5.5834e-04, mse_f: 2.7989e-03, total loss: 3.8695e-03, Error: 2.3838e-03, Error v: 3.8361e-03
It: 5400, Time: 6.48, mse_0: 5.4627e-04, mse_f: 2.7527e-03, total loss: 3.8055e-03, Error: 2.3963e-03, Error v: 3.7957e-03
It: 5500, Time: 6.50, mse_0: 5.3901e-04, mse_f: 2.6967e-03, total loss: 3.7340e-03, Error: 2.3718e-03, Error v: 3.7822e-03
It: 5600, Time: 6.70, mse_0: 5.2744e-04, mse_f: 2.6589e-03, total loss: 3.6761e-03, Error: 2.3507e-03, Error v: 3.7514e-03
It: 5700, Time: 6.41, mse_0: 5.2220e-04, mse_f: 2.6162e-03, total loss: 3.6210e-03, Error: 2.3423e-03, Error v: 3.7210e-03
It: 5800, Time: 6.59, mse_0: 5.1834e-04, mse_f: 2.5720e-03, total loss: 3.5658e-03, Error: 2.3713e-03, Error v: 3.6837e-03
It: 5900, Time: 6.51, mse_0: 5.1466e-04, mse_f: 2.5281e-03, total loss: 3.5107e-03, Error: 2.3646e-03, Error v: 3.6350e-03
It: 6000, Time: 6.66, mse_0: 5.0933e-04, mse_f: 2.4932e-03, total loss: 3.4561e-03, Error: 2.2867e-03, Error v: 3.5799e-03
It: 6100, Time: 6.90, mse_0: 5.0085e-04, mse_f: 2.4539e-03, total loss: 3.3996e-03, Error: 2.2763e-03, Error v: 3.4971e-03
It: 6200, Time: 6.26, mse_0: 4.9213e-04, mse_f: 2.4149e-03, total loss: 3.3470e-03, Error: 2.2961e-03, Error v: 3.4567e-03
It: 6300, Time: 6.26, mse_0: 4.8083e-04, mse_f: 2.3794e-03, total loss: 3.2963e-03, Error: 2.3164e-03, Error v: 3.4072e-03
It: 6400, Time: 5.99, mse_0: 4.7337e-04, mse_f: 2.3398e-03, total loss: 3.2437e-03, Error: 2.3061e-03, Error v: 3.3927e-03
It: 6500, Time: 5.95, mse_0: 4.6744e-04, mse_f: 2.3031e-03, total loss: 3.1961e-03, Error: 2.3285e-03, Error v: 3.3696e-03
It: 6600, Time: 5.99, mse_0: 4.6141e-04, mse_f: 2.2668e-03, total loss: 3.1478e-03, Error: 2.2931e-03, Error v: 3.3510e-03
It: 6700, Time: 5.84, mse_0: 4.6307e-04, mse_f: 2.2268e-03, total loss: 3.0987e-03, Error: 2.3059e-03, Error v: 3.3042e-03
It: 6800, Time: 5.93, mse_0: 4.5168e-04, mse_f: 2.1901e-03, total loss: 3.0485e-03, Error: 2.2841e-03, Error v: 3.2427e-03
It: 6900, Time: 6.27, mse_0: 4.4610e-04, mse_f: 2.1610e-03, total loss: 3.0071e-03, Error: 2.2941e-03, Error v: 3.2549e-03
It: 7000, Time: 6.51, mse_0: 4.3641e-04, mse_f: 2.1293e-03, total loss: 2.9600e-03, Error: 2.2795e-03, Error v: 3.2016e-03
It: 7100, Time: 6.48, mse_0: 4.2858e-04, mse_f: 2.1004e-03, total loss: 2.9193e-03, Error: 2.3013e-03, Error v: 3.1889e-03
It: 7200, Time: 6.16, mse_0: 4.1899e-04, mse_f: 2.0697e-03, total loss: 2.8774e-03, Error: 2.3489e-03, Error v: 3.2102e-03
It: 7300, Time: 6.23, mse_0: 4.0794e-04, mse_f: 2.0341e-03, total loss: 2.8289e-03, Error: 2.2784e-03, Error v: 3.2017e-03
It: 7400, Time: 6.32, mse_0: 3.9769e-04, mse_f: 2.0059e-03, total loss: 2.7872e-03, Error: 2.2680e-03, Error v: 3.2003e-03
It: 7500, Time: 6.47, mse_0: 3.9121e-04, mse_f: 1.9794e-03, total loss: 2.7517e-03, Error: 2.2833e-03, Error v: 3.1655e-03
It: 7600, Time: 6.73, mse_0: 3.8503e-04, mse_f: 1.9491e-03, total loss: 2.7123e-03, Error: 2.2847e-03, Error v: 3.1307e-03
It: 7700, Time: 6.65, mse_0: 3.8207e-04, mse_f: 1.9150e-03, total loss: 2.6687e-03, Error: 2.2764e-03, Error v: 3.1493e-03
It: 7800, Time: 6.52, mse_0: 3.7886e-04, mse_f: 1.8890e-03, total loss: 2.6367e-03, Error: 2.2752e-03, Error v: 3.1599e-03
It: 7900, Time: 6.49, mse_0: 3.7481e-04, mse_f: 1.8615e-03, total loss: 2.5993e-03, Error: 2.2381e-03, Error v: 3.1521e-03
It: 8000, Time: 6.68, mse_0: 3.7835e-04, mse_f: 1.8353e-03, total loss: 2.5650e-03, Error: 2.2161e-03, Error v: 3.1966e-03
It: 8100, Time: 6.38, mse_0: 3.7934e-04, mse_f: 1.8063e-03, total loss: 2.5278e-03, Error: 2.2126e-03, Error v: 3.2142e-03
It: 8200, Time: 6.77, mse_0: 3.7401e-04, mse_f: 1.7821e-03, total loss: 2.4926e-03, Error: 2.2118e-03, Error v: 3.2112e-03
It: 8300, Time: 6.06, mse_0: 3.6923e-04, mse_f: 1.7533e-03, total loss: 2.4575e-03, Error: 2.1755e-03, Error v: 3.2542e-03
It: 8400, Time: 6.27, mse_0: 3.6398e-04, mse_f: 1.7284e-03, total loss: 2.4245e-03, Error: 2.2061e-03, Error v: 3.2595e-03
It: 8500, Time: 6.56, mse_0: 3.6322e-04, mse_f: 1.7039e-03, total loss: 2.3903e-03, Error: 2.1909e-03, Error v: 3.2327e-03
It: 8600, Time: 6.95, mse_0: 3.5838e-04, mse_f: 1.6848e-03, total loss: 2.3601e-03, Error: 2.2092e-03, Error v: 3.1915e-03
It: 8700, Time: 6.97, mse_0: 3.5644e-04, mse_f: 1.6601e-03, total loss: 2.3292e-03, Error: 2.2333e-03, Error v: 3.1525e-03
It: 8800, Time: 7.11, mse_0: 3.5377e-04, mse_f: 1.6434e-03, total loss: 2.3051e-03, Error: 2.1926e-03, Error v: 3.1429e-03
It: 8900, Time: 6.87, mse_0: 3.4900e-04, mse_f: 1.6214e-03, total loss: 2.2763e-03, Error: 2.2081e-03, Error v: 3.1215e-03
It: 9000, Time: 6.45, mse_0: 3.4567e-04, mse_f: 1.6003e-03, total loss: 2.2483e-03, Error: 2.2286e-03, Error v: 3.1177e-03
It: 9100, Time: 6.13, mse_0: 3.4245e-04, mse_f: 1.5794e-03, total loss: 2.2207e-03, Error: 2.2017e-03, Error v: 3.0776e-03
It: 9200, Time: 6.07, mse_0: 3.3709e-04, mse_f: 1.5577e-03, total loss: 2.1945e-03, Error: 2.1848e-03, Error v: 3.0492e-03
It: 9300, Time: 6.29, mse_0: 3.3441e-04, mse_f: 1.5355e-03, total loss: 2.1658e-03, Error: 2.1839e-03, Error v: 3.0189e-03
It: 9400, Time: 6.33, mse_0: 3.3099e-04, mse_f: 1.5151e-03, total loss: 2.1386e-03, Error: 2.1798e-03, Error v: 2.9382e-03
It: 9500, Time: 6.48, mse_0: 3.2207e-04, mse_f: 1.4968e-03, total loss: 2.1105e-03, Error: 2.1840e-03, Error v: 2.9011e-03
It: 9600, Time: 6.81, mse_0: 3.1776e-04, mse_f: 1.4793e-03, total loss: 2.0865e-03, Error: 2.1666e-03, Error v: 2.9073e-03
It: 9700, Time: 6.45, mse_0: 3.1266e-04, mse_f: 1.4661e-03, total loss: 2.0599e-03, Error: 2.1739e-03, Error v: 2.8654e-03
It: 9800, Time: 7.04, mse_0: 3.0862e-04, mse_f: 1.4522e-03, total loss: 2.0382e-03, Error: 2.1664e-03, Error v: 2.8557e-03
It: 9900, Time: 7.18, mse_0: 3.0118e-04, mse_f: 1.4364e-03, total loss: 2.0133e-03, Error: 2.2116e-03, Error v: 2.7682e-03
It: 10000, Time: 7.62, mse_0: 2.9600e-04, mse_f: 1.4230e-03, total loss: 1.9930e-03, Error: 2.1840e-03, Error v: 2.7681e-03
It: 10100, Time: 7.13, mse_0: 2.9188e-04, mse_f: 1.4124e-03, total loss: 1.9763e-03, Error: 2.1622e-03, Error v: 2.7373e-03
It: 10200, Time: 7.45, mse_0: 2.8963e-04, mse_f: 1.3999e-03, total loss: 1.9589e-03, Error: 2.1591e-03, Error v: 2.7245e-03
It: 10300, Time: 6.89, mse_0: 2.8755e-04, mse_f: 1.3892e-03, total loss: 1.9431e-03, Error: 2.1308e-03, Error v: 2.7293e-03
It: 10400, Time: 7.21, mse_0: 2.8275e-04, mse_f: 1.3750e-03, total loss: 1.9211e-03, Error: 2.1688e-03, Error v: 2.6870e-03
It: 10500, Time: 6.91, mse_0: 2.7834e-04, mse_f: 1.3596e-03, total loss: 1.9003e-03, Error: 2.1628e-03, Error v: 2.7315e-03
It: 10600, Time: 6.74, mse_0: 2.7434e-04, mse_f: 1.3415e-03, total loss: 1.8764e-03, Error: 2.1377e-03, Error v: 2.7580e-03
It: 10700, Time: 7.02, mse_0: 2.7251e-04, mse_f: 1.3273e-03, total loss: 1.8581e-03, Error: 2.1407e-03, Error v: 2.7333e-03
It: 10800, Time: 7.22, mse_0: 2.7436e-04, mse_f: 1.3153e-03, total loss: 1.8420e-03, Error: 2.1416e-03, Error v: 2.7451e-03
It: 10900, Time: 7.74, mse_0: 2.7247e-04, mse_f: 1.3025e-03, total loss: 1.8248e-03, Error: 2.1320e-03, Error v: 2.6896e-03
It: 11000, Time: 7.74, mse_0: 2.7016e-04, mse_f: 1.2894e-03, total loss: 1.8060e-03, Error: 2.1430e-03, Error v: 2.6786e-03
It: 11100, Time: 8.14, mse_0: 2.6668e-04, mse_f: 1.2746e-03, total loss: 1.7866e-03, Error: 2.1460e-03, Error v: 2.6595e-03
It: 11200, Time: 8.26, mse_0: 2.6403e-04, mse_f: 1.2599e-03, total loss: 1.7677e-03, Error: 2.1402e-03, Error v: 2.6533e-03
It: 11300, Time: 8.49, mse_0: 2.6119e-04, mse_f: 1.2472e-03, total loss: 1.7495e-03, Error: 2.1390e-03, Error v: 2.6414e-03
It: 11400, Time: 7.82, mse_0: 2.5855e-04, mse_f: 1.2333e-03, total loss: 1.7293e-03, Error: 2.1608e-03, Error v: 2.6044e-03
It: 11500, Time: 7.07, mse_0: 2.5618e-04, mse_f: 1.2208e-03, total loss: 1.7122e-03, Error: 2.1422e-03, Error v: 2.5690e-03
It: 11600, Time: 6.48, mse_0: 2.5524e-04, mse_f: 1.2092e-03, total loss: 1.6967e-03, Error: 2.1456e-03, Error v: 2.5213e-03
It: 11700, Time: 6.71, mse_0: 2.5138e-04, mse_f: 1.1947e-03, total loss: 1.6770e-03, Error: 2.1530e-03, Error v: 2.4701e-03
It: 11800, Time: 6.35, mse_0: 2.4958e-04, mse_f: 1.1805e-03, total loss: 1.6587e-03, Error: 2.1638e-03, Error v: 2.4422e-03
It: 11900, Time: 6.33, mse_0: 2.4532e-04, mse_f: 1.1695e-03, total loss: 1.6419e-03, Error: 2.1743e-03, Error v: 2.3992e-03
It: 12000, Time: 6.54, mse_0: 2.4455e-04, mse_f: 1.1572e-03, total loss: 1.6251e-03, Error: 2.1581e-03, Error v: 2.3669e-03
It: 12100, Time: 6.33, mse_0: 2.3921e-04, mse_f: 1.1469e-03, total loss: 1.6086e-03, Error: 2.1344e-03, Error v: 2.3593e-03
It: 12200, Time: 6.04, mse_0: 2.3512e-04, mse_f: 1.1357e-03, total loss: 1.5929e-03, Error: 2.1279e-03, Error v: 2.3504e-03
It: 12300, Time: 6.33, mse_0: 2.3277e-04, mse_f: 1.1250e-03, total loss: 1.5792e-03, Error: 2.1395e-03, Error v: 2.3610e-03
It: 12400, Time: 7.00, mse_0: 2.3167e-04, mse_f: 1.1131e-03, total loss: 1.5636e-03, Error: 2.1507e-03, Error v: 2.3427e-03
It: 12500, Time: 6.88, mse_0: 2.2794e-04, mse_f: 1.1024e-03, total loss: 1.5491e-03, Error: 2.1420e-03, Error v: 2.3319e-03
It: 12600, Time: 6.37, mse_0: 2.2352e-04, mse_f: 1.0917e-03, total loss: 1.5334e-03, Error: 2.1225e-03, Error v: 2.3411e-03
It: 12700, Time: 6.46, mse_0: 2.1803e-04, mse_f: 1.0804e-03, total loss: 1.5163e-03, Error: 2.1164e-03, Error v: 2.3347e-03
It: 12800, Time: 6.64, mse_0: 2.1418e-04, mse_f: 1.0716e-03, total loss: 1.5028e-03, Error: 2.1236e-03, Error v: 2.2980e-03
It: 12900, Time: 6.64, mse_0: 2.1244e-04, mse_f: 1.0625e-03, total loss: 1.4896e-03, Error: 2.1157e-03, Error v: 2.3258e-03
It: 13000, Time: 6.55, mse_0: 2.0889e-04, mse_f: 1.0513e-03, total loss: 1.4723e-03, Error: 2.1228e-03, Error v: 2.2743e-03
It: 13100, Time: 6.76, mse_0: 2.0844e-04, mse_f: 1.0408e-03, total loss: 1.4571e-03, Error: 2.1292e-03, Error v: 2.2655e-03
It: 13200, Time: 6.38, mse_0: 2.0636e-04, mse_f: 1.0312e-03, total loss: 1.4435e-03, Error: 2.1333e-03, Error v: 2.2133e-03
It: 13300, Time: 6.40, mse_0: 2.0460e-04, mse_f: 1.0199e-03, total loss: 1.4277e-03, Error: 2.1209e-03, Error v: 2.1969e-03
It: 13400, Time: 6.46, mse_0: 2.0184e-04, mse_f: 1.0072e-03, total loss: 1.4101e-03, Error: 2.1145e-03, Error v: 2.1575e-03
It: 13500, Time: 6.02, mse_0: 1.9894e-04, mse_f: 9.9740e-04, total loss: 1.3970e-03, Error: 2.1305e-03, Error v: 2.1179e-03
It: 13600, Time: 5.98, mse_0: 1.9602e-04, mse_f: 9.8982e-04, total loss: 1.3846e-03, Error: 2.1090e-03, Error v: 2.1094e-03
It: 13700, Time: 6.56, mse_0: 1.9437e-04, mse_f: 9.7983e-04, total loss: 1.3711e-03, Error: 2.0839e-03, Error v: 2.0960e-03
It: 13800, Time: 5.67, mse_0: 1.9030e-04, mse_f: 9.6947e-04, total loss: 1.3563e-03, Error: 2.0953e-03, Error v: 2.0923e-03
It: 13900, Time: 5.57, mse_0: 1.8777e-04, mse_f: 9.6122e-04, total loss: 1.3435e-03, Error: 2.0865e-03, Error v: 2.0818e-03
It: 14000, Time: 6.01, mse_0: 1.8489e-04, mse_f: 9.5154e-04, total loss: 1.3301e-03, Error: 2.0963e-03, Error v: 2.1158e-03
It: 14100, Time: 6.21, mse_0: 1.8304e-04, mse_f: 9.4343e-04, total loss: 1.3171e-03, Error: 2.0830e-03, Error v: 2.0995e-03
It: 14200, Time: 6.20, mse_0: 1.7982e-04, mse_f: 9.3537e-04, total loss: 1.3046e-03, Error: 2.0754e-03, Error v: 2.1229e-03
It: 14300, Time: 6.34, mse_0: 1.7706e-04, mse_f: 9.2781e-04, total loss: 1.2935e-03, Error: 2.0851e-03, Error v: 2.1181e-03
It: 14400, Time: 6.63, mse_0: 1.7434e-04, mse_f: 9.2045e-04, total loss: 1.2825e-03, Error: 2.0990e-03, Error v: 2.1099e-03
It: 14500, Time: 6.86, mse_0: 1.7361e-04, mse_f: 9.1160e-04, total loss: 1.2707e-03, Error: 2.0805e-03, Error v: 2.0935e-03
It: 14600, Time: 6.82, mse_0: 1.7409e-04, mse_f: 9.0207e-04, total loss: 1.2602e-03, Error: 2.0708e-03, Error v: 2.0827e-03
It: 14700, Time: 6.54, mse_0: 1.7351e-04, mse_f: 8.9410e-04, total loss: 1.2499e-03, Error: 2.0693e-03, Error v: 2.0768e-03
It: 14800, Time: 6.14, mse_0: 1.7297e-04, mse_f: 8.8604e-04, total loss: 1.2385e-03, Error: 2.0908e-03, Error v: 2.0619e-03
It: 14900, Time: 7.00, mse_0: 1.7067e-04, mse_f: 8.7827e-04, total loss: 1.2277e-03, Error: 2.0848e-03, Error v: 2.0619e-03
It: 15000, Time: 6.16, mse_0: 1.7027e-04, mse_f: 8.7057e-04, total loss: 1.2181e-03, Error: 2.0871e-03, Error v: 2.0678e-03
It: 15100, Time: 5.95, mse_0: 1.7024e-04, mse_f: 8.6200e-04, total loss: 1.2080e-03, Error: 2.1119e-03, Error v: 2.0553e-03
It: 15200, Time: 6.13, mse_0: 1.6840e-04, mse_f: 8.5525e-04, total loss: 1.1981e-03, Error: 2.0851e-03, Error v: 2.0678e-03
It: 15300, Time: 6.80, mse_0: 1.6652e-04, mse_f: 8.4688e-04, total loss: 1.1869e-03, Error: 2.0888e-03, Error v: 2.0615e-03
It: 15400, Time: 6.59, mse_0: 1.6533e-04, mse_f: 8.3854e-04, total loss: 1.1760e-03, Error: 2.0982e-03, Error v: 2.0370e-03
It: 15500, Time: 6.48, mse_0: 1.6384e-04, mse_f: 8.3264e-04, total loss: 1.1683e-03, Error: 2.0931e-03, Error v: 2.0323e-03
It: 15600, Time: 6.64, mse_0: 1.6305e-04, mse_f: 8.2626e-04, total loss: 1.1604e-03, Error: 2.1138e-03, Error v: 2.0203e-03
It: 15700, Time: 6.63, mse_0: 1.6245e-04, mse_f: 8.2002e-04, total loss: 1.1521e-03, Error: 2.1063e-03, Error v: 2.0246e-03
It: 15800, Time: 6.84, mse_0: 1.6159e-04, mse_f: 8.1166e-04, total loss: 1.1412e-03, Error: 2.0963e-03, Error v: 2.0428e-03
It: 15900, Time: 6.53, mse_0: 1.6073e-04, mse_f: 8.0408e-04, total loss: 1.1325e-03, Error: 2.1073e-03, Error v: 2.0519e-03
It: 16000, Time: 7.16, mse_0: 1.5876e-04, mse_f: 7.9837e-04, total loss: 1.1238e-03, Error: 2.0789e-03, Error v: 2.0692e-03
It: 16100, Time: 6.76, mse_0: 1.5729e-04, mse_f: 7.9210e-04, total loss: 1.1155e-03, Error: 2.0977e-03, Error v: 2.0747e-03
It: 16200, Time: 6.71, mse_0: 1.5568e-04, mse_f: 7.8577e-04, total loss: 1.1063e-03, Error: 2.0990e-03, Error v: 2.0651e-03
It: 16300, Time: 6.35, mse_0: 1.5490e-04, mse_f: 7.7987e-04, total loss: 1.0986e-03, Error: 2.0979e-03, Error v: 2.0566e-03
It: 16400, Time: 6.49, mse_0: 1.5386e-04, mse_f: 7.7348e-04, total loss: 1.0902e-03, Error: 2.0703e-03, Error v: 2.0635e-03
It: 16500, Time: 6.70, mse_0: 1.5384e-04, mse_f: 7.6735e-04, total loss: 1.0822e-03, Error: 2.0781e-03, Error v: 2.0681e-03
It: 16600, Time: 6.69, mse_0: 1.5319e-04, mse_f: 7.6166e-04, total loss: 1.0745e-03, Error: 2.0876e-03, Error v: 2.0878e-03
It: 16700, Time: 6.75, mse_0: 1.5252e-04, mse_f: 7.5635e-04, total loss: 1.0677e-03, Error: 2.0874e-03, Error v: 2.0760e-03
It: 16800, Time: 6.77, mse_0: 1.5243e-04, mse_f: 7.5092e-04, total loss: 1.0606e-03, Error: 2.1010e-03, Error v: 2.0996e-03
It: 16900, Time: 7.23, mse_0: 1.5221e-04, mse_f: 7.4601e-04, total loss: 1.0544e-03, Error: 2.0655e-03, Error v: 2.0770e-03
It: 17000, Time: 7.18, mse_0: 1.5126e-04, mse_f: 7.4047e-04, total loss: 1.0466e-03, Error: 2.0725e-03, Error v: 2.0626e-03
It: 17100, Time: 7.19, mse_0: 1.5136e-04, mse_f: 7.3466e-04, total loss: 1.0397e-03, Error: 2.0789e-03, Error v: 2.0391e-03
It: 17200, Time: 7.01, mse_0: 1.5137e-04, mse_f: 7.2910e-04, total loss: 1.0325e-03, Error: 2.0863e-03, Error v: 2.0392e-03
It: 17300, Time: 7.56, mse_0: 1.5052e-04, mse_f: 7.2353e-04, total loss: 1.0253e-03, Error: 2.0905e-03, Error v: 2.0237e-03
It: 17400, Time: 6.91, mse_0: 1.5086e-04, mse_f: 7.1700e-04, total loss: 1.0177e-03, Error: 2.1013e-03, Error v: 1.9875e-03
It: 17500, Time: 6.62, mse_0: 1.5073e-04, mse_f: 7.1214e-04, total loss: 1.0113e-03, Error: 2.0969e-03, Error v: 1.9734e-03
It: 17600, Time: 6.39, mse_0: 1.5041e-04, mse_f: 7.0649e-04, total loss: 1.0043e-03, Error: 2.0898e-03, Error v: 1.9863e-03
It: 17700, Time: 7.26, mse_0: 1.4953e-04, mse_f: 7.0057e-04, total loss: 9.9727e-04, Error: 2.0861e-03, Error v: 1.9950e-03
It: 17800, Time: 7.16, mse_0: 1.4899e-04, mse_f: 6.9420e-04, total loss: 9.8940e-04, Error: 2.1076e-03, Error v: 1.9785e-03
It: 17900, Time: 6.84, mse_0: 1.4841e-04, mse_f: 6.8954e-04, total loss: 9.8263e-04, Error: 2.0888e-03, Error v: 1.9708e-03
It: 18000, Time: 6.49, mse_0: 1.4852e-04, mse_f: 6.8441e-04, total loss: 9.7551e-04, Error: 2.1037e-03, Error v: 1.9531e-03
It: 18100, Time: 7.25, mse_0: 1.4730e-04, mse_f: 6.8030e-04, total loss: 9.6959e-04, Error: 2.0882e-03, Error v: 1.9371e-03
It: 18200, Time: 6.56, mse_0: 1.4741e-04, mse_f: 6.7546e-04, total loss: 9.6357e-04, Error: 2.0938e-03, Error v: 1.9544e-03
It: 18300, Time: 6.73, mse_0: 1.4622e-04, mse_f: 6.7079e-04, total loss: 9.5768e-04, Error: 2.1054e-03, Error v: 1.9457e-03
It: 18400, Time: 6.96, mse_0: 1.4608e-04, mse_f: 6.6482e-04, total loss: 9.4986e-04, Error: 2.1090e-03, Error v: 1.9497e-03
It: 18500, Time: 7.19, mse_0: 1.4546e-04, mse_f: 6.5978e-04, total loss: 9.4278e-04, Error: 2.1054e-03, Error v: 1.9176e-03
It: 18600, Time: 8.07, mse_0: 1.4453e-04, mse_f: 6.5491e-04, total loss: 9.3647e-04, Error: 2.1233e-03, Error v: 1.9147e-03
It: 18700, Time: 7.99, mse_0: 1.4361e-04, mse_f: 6.5086e-04, total loss: 9.3005e-04, Error: 2.1177e-03, Error v: 1.9205e-03
It: 18800, Time: 6.58, mse_0: 1.4320e-04, mse_f: 6.4609e-04, total loss: 9.2328e-04, Error: 2.1202e-03, Error v: 1.9184e-03
It: 18900, Time: 6.51, mse_0: 1.4196e-04, mse_f: 6.4224e-04, total loss: 9.1757e-04, Error: 2.1214e-03, Error v: 1.9360e-03
It: 19000, Time: 6.57, mse_0: 1.4178e-04, mse_f: 6.3794e-04, total loss: 9.1157e-04, Error: 2.1203e-03, Error v: 1.9285e-03
It: 19100, Time: 6.39, mse_0: 1.4195e-04, mse_f: 6.3443e-04, total loss: 9.0640e-04, Error: 2.1230e-03, Error v: 1.9159e-03
It: 19200, Time: 6.23, mse_0: 1.4101e-04, mse_f: 6.3097e-04, total loss: 9.0084e-04, Error: 2.1431e-03, Error v: 1.9279e-03
It: 19300, Time: 5.91, mse_0: 1.3976e-04, mse_f: 6.2571e-04, total loss: 8.9399e-04, Error: 2.1251e-03, Error v: 1.9403e-03
It: 19400, Time: 6.04, mse_0: 1.3836e-04, mse_f: 6.2104e-04, total loss: 8.8772e-04, Error: 2.1266e-03, Error v: 1.9408e-03
It: 19500, Time: 6.11, mse_0: 1.3849e-04, mse_f: 6.1614e-04, total loss: 8.8171e-04, Error: 2.1403e-03, Error v: 1.9300e-03
It: 19600, Time: 6.53, mse_0: 1.3866e-04, mse_f: 6.1200e-04, total loss: 8.7619e-04, Error: 2.1361e-03, Error v: 1.9354e-03
It: 19700, Time: 6.16, mse_0: 1.3862e-04, mse_f: 6.0742e-04, total loss: 8.7005e-04, Error: 2.1279e-03, Error v: 1.9343e-03
It: 19800, Time: 6.09, mse_0: 1.3888e-04, mse_f: 6.0340e-04, total loss: 8.6490e-04, Error: 2.1380e-03, Error v: 1.9496e-03
It: 19900, Time: 6.16, mse_0: 1.3896e-04, mse_f: 5.9963e-04, total loss: 8.5946e-04, Error: 2.1345e-03, Error v: 1.9435e-03
It: 20000, Time: 6.00, mse_0: 1.3784e-04, mse_f: 5.9555e-04, total loss: 8.5393e-04, Error: 2.1256e-03, Error v: 1.9497e-03
It: 20100, Time: 6.50, mse_0: 1.3731e-04, mse_f: 5.9123e-04, total loss: 8.4826e-04, Error: 2.1431e-03, Error v: 1.9773e-03
It: 20200, Time: 6.47, mse_0: 1.3653e-04, mse_f: 5.8715e-04, total loss: 8.4279e-04, Error: 2.1287e-03, Error v: 1.9862e-03
It: 20300, Time: 6.84, mse_0: 1.3659e-04, mse_f: 5.8301e-04, total loss: 8.3761e-04, Error: 2.1273e-03, Error v: 1.9769e-03
It: 20400, Time: 6.99, mse_0: 1.3599e-04, mse_f: 5.7946e-04, total loss: 8.3294e-04, Error: 2.1103e-03, Error v: 1.9603e-03
It: 20500, Time: 6.32, mse_0: 1.3557e-04, mse_f: 5.7569e-04, total loss: 8.2816e-04, Error: 2.1341e-03, Error v: 1.9554e-03
It: 20600, Time: 6.72, mse_0: 1.3580e-04, mse_f: 5.7181e-04, total loss: 8.2260e-04, Error: 2.1133e-03, Error v: 1.9573e-03
It: 20700, Time: 6.36, mse_0: 1.3548e-04, mse_f: 5.6804e-04, total loss: 8.1770e-04, Error: 2.1197e-03, Error v: 1.9622e-03
It: 20800, Time: 5.91, mse_0: 1.3507e-04, mse_f: 5.6390e-04, total loss: 8.1227e-04, Error: 2.1217e-03, Error v: 1.9508e-03
It: 20900, Time: 6.11, mse_0: 1.3424e-04, mse_f: 5.6078e-04, total loss: 8.0790e-04, Error: 2.1363e-03, Error v: 1.9487e-03
It: 21000, Time: 6.84, mse_0: 1.3335e-04, mse_f: 5.5815e-04, total loss: 8.0408e-04, Error: 2.1285e-03, Error v: 1.9516e-03
It: 21100, Time: 6.49, mse_0: 1.3289e-04, mse_f: 5.5570e-04, total loss: 7.9993e-04, Error: 2.1342e-03, Error v: 1.9547e-03
It: 21200, Time: 5.42, mse_0: 1.3214e-04, mse_f: 5.5262e-04, total loss: 7.9572e-04, Error: 2.1245e-03, Error v: 1.9615e-03
It: 21300, Time: 6.20, mse_0: 1.3159e-04, mse_f: 5.4945e-04, total loss: 7.9123e-04, Error: 2.1338e-03, Error v: 1.9670e-03
Error u: 2.133843e-03
Error v: 1.967013e-03
ferru =  0.00025146818
ferrv =  0.00026374488
Error u: 2.232447e-03
Error v: 1.854849e-03
NeuralNet(
  (network): Sequential(
    (0): Linear(in_features=3, out_features=64, bias=True)
    (1): Tanh()
    (2): Linear(in_features=64, out_features=64, bias=True)
    (3): Tanh()
    (4): Linear(in_features=64, out_features=64, bias=True)
    (5): Tanh()
    (6): Linear(in_features=64, out_features=64, bias=True)
    (7): Tanh()
    (8): Linear(in_features=64, out_features=64, bias=True)
    (9): Tanh()
    (10): Linear(in_features=64, out_features=64, bias=True)
    (11): Tanh()
    (12): Linear(in_features=64, out_features=2, bias=True)
  )
)
starting Adam training
It: 100, Time: 4.30, mse_0: 2.3035e+02, mse_f: 1.2422e-01, total loss: 1.6497e+02, Error: 1.1347e+00, Error v: 1.1824e+00
It: 200, Time: 4.63, mse_0: 1.8355e+02, mse_f: 1.4365e-01, total loss: 1.0101e+02, Error: 9.4500e-01, Error v: 6.8776e-01
It: 300, Time: 4.55, mse_0: 1.8681e+02, mse_f: 3.7117e-01, total loss: 9.7068e+01, Error: 9.5656e-01, Error v: 2.3571e+00
It: 400, Time: 5.30, mse_0: 1.8265e+02, mse_f: 6.8959e-01, total loss: 9.6020e+01, Error: 9.5222e-01, Error v: 9.1205e-01
It: 500, Time: 4.42, mse_0: 1.7281e+02, mse_f: 1.4988e+00, total loss: 9.4127e+01, Error: 9.5774e-01, Error v: 9.7922e-01
It: 600, Time: 4.45, mse_0: 1.6603e+02, mse_f: 1.5142e+00, total loss: 9.1143e+01, Error: 9.4959e-01, Error v: 9.1476e-01
It: 700, Time: 4.65, mse_0: 1.2408e+02, mse_f: 3.3075e+00, total loss: 7.8025e+01, Error: 8.7924e-01, Error v: 1.2101e+00
It: 800, Time: 4.61, mse_0: 3.4026e+01, mse_f: 7.5116e+00, total loss: 4.2654e+01, Error: 6.7123e-01, Error v: 2.7740e+00
It: 900, Time: 4.65, mse_0: 3.3990e+01, mse_f: 8.1806e+00, total loss: 3.7619e+01, Error: 7.5501e-01, Error v: 1.6090e+00
It: 1000, Time: 4.93, mse_0: 3.2358e+01, mse_f: 6.9963e+00, total loss: 3.5116e+01, Error: 7.3031e-01, Error v: 9.5748e-01
It: 1100, Time: 4.69, mse_0: 2.6699e+01, mse_f: 7.3528e+00, total loss: 3.2558e+01, Error: 7.1940e-01, Error v: 9.9077e-01
It: 1200, Time: 4.34, mse_0: 1.9066e+01, mse_f: 7.4269e+00, total loss: 2.5567e+01, Error: 6.6577e-01, Error v: 7.9664e-01
It: 1300, Time: 4.28, mse_0: 1.2853e+01, mse_f: 3.9454e+00, total loss: 1.4899e+01, Error: 5.1414e-01, Error v: 8.7851e-01
It: 1400, Time: 4.93, mse_0: 6.8850e+00, mse_f: 1.5619e+00, total loss: 7.9597e+00, Error: 2.6380e-01, Error v: 9.9125e-01
It: 1500, Time: 4.25, mse_0: 5.3450e+00, mse_f: 1.3549e+00, total loss: 6.0730e+00, Error: 2.4137e-01, Error v: 8.4300e-01
It: 1600, Time: 4.63, mse_0: 4.7552e+00, mse_f: 8.1739e-01, total loss: 4.9686e+00, Error: 2.2780e-01, Error v: 8.6091e-01
It: 1700, Time: 4.53, mse_0: 4.0962e+00, mse_f: 7.8926e-01, total loss: 4.3144e+00, Error: 2.1864e-01, Error v: 8.4036e-01
It: 1800, Time: 4.75, mse_0: 3.5932e+00, mse_f: 6.3140e-01, total loss: 3.8274e+00, Error: 1.9597e-01, Error v: 7.9043e-01
It: 1900, Time: 4.58, mse_0: 3.1563e+00, mse_f: 5.8300e-01, total loss: 3.4560e+00, Error: 1.8327e-01, Error v: 7.4767e-01
It: 2000, Time: 4.66, mse_0: 2.8762e+00, mse_f: 5.4385e-01, total loss: 3.1465e+00, Error: 1.7079e-01, Error v: 6.9291e-01
It: 2100, Time: 4.76, mse_0: 3.0650e+00, mse_f: 5.6704e-01, total loss: 3.5198e+00, Error: 1.4664e-01, Error v: 6.5483e-01
It: 2200, Time: 4.49, mse_0: 2.5410e+00, mse_f: 4.9721e-01, total loss: 2.8738e+00, Error: 1.5944e-01, Error v: 6.3473e-01
It: 2300, Time: 4.56, mse_0: 2.3154e+00, mse_f: 4.6405e-01, total loss: 2.6803e+00, Error: 1.3707e-01, Error v: 5.9651e-01
It: 2400, Time: 4.60, mse_0: 2.0913e+00, mse_f: 4.3039e-01, total loss: 2.5572e+00, Error: 1.4227e-01, Error v: 5.8180e-01
It: 2500, Time: 4.76, mse_0: 1.9358e+00, mse_f: 4.1565e-01, total loss: 3.3763e+00, Error: 1.5941e-01, Error v: 5.6867e-01
It: 2600, Time: 4.37, mse_0: 1.8131e+00, mse_f: 4.3074e-01, total loss: 2.3822e+00, Error: 1.3196e-01, Error v: 5.3919e-01
It: 2700, Time: 4.56, mse_0: 1.6349e+00, mse_f: 4.3383e-01, total loss: 2.3017e+00, Error: 1.1978e-01, Error v: 5.1773e-01
It: 2800, Time: 4.68, mse_0: 1.4369e+00, mse_f: 4.3354e-01, total loss: 2.1869e+00, Error: 1.0597e-01, Error v: 4.9147e-01
It: 2900, Time: 4.95, mse_0: 1.2547e+00, mse_f: 4.3454e-01, total loss: 2.0635e+00, Error: 1.0585e-01, Error v: 4.6709e-01
It: 3000, Time: 4.79, mse_0: 1.0981e+00, mse_f: 4.3137e-01, total loss: 1.9325e+00, Error: 9.6109e-02, Error v: 4.3590e-01
It: 3100, Time: 4.40, mse_0: 9.2683e-01, mse_f: 4.0813e-01, total loss: 1.7663e+00, Error: 9.2584e-02, Error v: 4.0881e-01
It: 3200, Time: 4.93, mse_0: 8.3268e-01, mse_f: 3.8660e-01, total loss: 1.9691e+00, Error: 8.8016e-02, Error v: 3.8794e-01
It: 3300, Time: 4.67, mse_0: 7.0796e-01, mse_f: 3.6662e-01, total loss: 1.5357e+00, Error: 7.3419e-02, Error v: 3.6347e-01
It: 3400, Time: 4.92, mse_0: 5.4046e-01, mse_f: 3.2758e-01, total loss: 1.3616e+00, Error: 6.7837e-02, Error v: 3.3926e-01
It: 3500, Time: 4.68, mse_0: 4.0829e-01, mse_f: 3.0628e-01, total loss: 1.1523e+00, Error: 6.1293e-02, Error v: 3.1103e-01
It: 3600, Time: 4.56, mse_0: 3.0651e-01, mse_f: 2.8018e-01, total loss: 9.5323e-01, Error: 4.9714e-02, Error v: 2.9272e-01
It: 3700, Time: 4.89, mse_0: 2.3587e-01, mse_f: 2.2976e-01, total loss: 8.5779e-01, Error: 4.4318e-02, Error v: 3.0577e-01
It: 3800, Time: 4.49, mse_0: 2.1688e-01, mse_f: 2.2452e-01, total loss: 7.6683e-01, Error: 5.0972e-02, Error v: 3.1614e-01
It: 3900, Time: 4.92, mse_0: 1.8642e-01, mse_f: 1.9038e-01, total loss: 6.6536e-01, Error: 5.0847e-02, Error v: 2.9648e-01
It: 4000, Time: 4.78, mse_0: 1.5613e-01, mse_f: 1.5476e-01, total loss: 6.4730e-01, Error: 4.2204e-02, Error v: 2.6903e-01
It: 4100, Time: 4.92, mse_0: 1.3310e-01, mse_f: 1.4546e-01, total loss: 4.9661e-01, Error: 3.3679e-02, Error v: 2.5366e-01
It: 4200, Time: 4.60, mse_0: 1.3852e-01, mse_f: 1.3803e-01, total loss: 4.8227e-01, Error: 3.2503e-02, Error v: 2.3748e-01
It: 4300, Time: 4.91, mse_0: 1.0656e-01, mse_f: 1.2402e-01, total loss: 4.1510e-01, Error: 3.0032e-02, Error v: 2.2065e-01
It: 4400, Time: 5.00, mse_0: 8.9293e-02, mse_f: 1.0962e-01, total loss: 3.6870e-01, Error: 2.9905e-02, Error v: 2.0934e-01
It: 4500, Time: 4.77, mse_0: 1.0527e-01, mse_f: 1.0924e-01, total loss: 4.5887e-01, Error: 3.6547e-02, Error v: 1.7764e-01
It: 4600, Time: 4.68, mse_0: 8.2477e-02, mse_f: 1.1461e-01, total loss: 3.9699e-01, Error: 3.0367e-02, Error v: 1.7906e-01
It: 4700, Time: 5.12, mse_0: 7.2407e-02, mse_f: 1.3235e-01, total loss: 3.5655e-01, Error: 3.3497e-02, Error v: 1.8291e-01
It: 4800, Time: 5.20, mse_0: 7.1478e-02, mse_f: 1.0086e-01, total loss: 3.0643e-01, Error: 2.5548e-02, Error v: 1.5203e-01
It: 4900, Time: 4.84, mse_0: 6.3425e-02, mse_f: 8.6815e-02, total loss: 2.7842e-01, Error: 2.6218e-02, Error v: 1.4874e-01
It: 5000, Time: 5.15, mse_0: 5.2190e-02, mse_f: 1.2454e-01, total loss: 2.8068e-01, Error: 2.0298e-02, Error v: 1.2518e-01
It: 5100, Time: 5.25, mse_0: 1.8812e-01, mse_f: 2.5511e-01, total loss: 8.0402e-01, Error: 3.6183e-02, Error v: 1.5335e-01
It: 5200, Time: 5.99, mse_0: 5.5800e-02, mse_f: 1.6673e-01, total loss: 3.5560e-01, Error: 2.8771e-02, Error v: 1.3083e-01
It: 5300, Time: 6.36, mse_0: 5.8820e-02, mse_f: 8.6704e-02, total loss: 2.5271e-01, Error: 2.2247e-02, Error v: 1.4749e-01
It: 5400, Time: 4.99, mse_0: 4.5377e-02, mse_f: 8.2198e-02, total loss: 2.3444e-01, Error: 2.1958e-02, Error v: 1.1371e-01
It: 5500, Time: 4.76, mse_0: 3.3033e-02, mse_f: 5.6838e-02, total loss: 1.5925e-01, Error: 1.8118e-02, Error v: 1.2202e-01
It: 5600, Time: 4.49, mse_0: 3.9408e-02, mse_f: 1.3172e-01, total loss: 2.6016e-01, Error: 1.7717e-02, Error v: 1.0744e-01
It: 5700, Time: 4.39, mse_0: 4.0259e-02, mse_f: 7.4469e-02, total loss: 2.2070e-01, Error: 1.7257e-02, Error v: 1.1594e-01
It: 5800, Time: 4.48, mse_0: 4.0536e-02, mse_f: 7.2699e-02, total loss: 1.8816e-01, Error: 1.7917e-02, Error v: 1.0236e-01
It: 5900, Time: 4.85, mse_0: 3.7956e-02, mse_f: 5.7007e-02, total loss: 1.8762e-01, Error: 2.4659e-02, Error v: 1.0188e-01
It: 6000, Time: 4.88, mse_0: 5.2389e-02, mse_f: 5.9934e-02, total loss: 2.0381e-01, Error: 2.1180e-02, Error v: 9.1984e-02
It: 6100, Time: 4.57, mse_0: 3.1631e-02, mse_f: 5.0023e-02, total loss: 1.5617e-01, Error: 1.9322e-02, Error v: 9.1724e-02
It: 6200, Time: 4.76, mse_0: 6.1783e-02, mse_f: 4.6449e-02, total loss: 3.0970e-01, Error: 3.6189e-02, Error v: 9.0755e-02
It: 6300, Time: 5.01, mse_0: 4.6402e-02, mse_f: 4.3771e-02, total loss: 1.7045e-01, Error: 2.1254e-02, Error v: 1.0184e-01
It: 6400, Time: 4.62, mse_0: 4.7114e-02, mse_f: 6.5580e-02, total loss: 2.2814e-01, Error: 1.8188e-02, Error v: 1.0542e-01
It: 6500, Time: 4.49, mse_0: 2.2278e-02, mse_f: 7.2602e-02, total loss: 1.3929e-01, Error: 1.7212e-02, Error v: 7.8651e-02
It: 6600, Time: 4.58, mse_0: 4.2399e-02, mse_f: 3.5337e-02, total loss: 1.7326e-01, Error: 1.6482e-02, Error v: 8.9794e-02
It: 6700, Time: 5.02, mse_0: 3.7847e-02, mse_f: 3.7662e-02, total loss: 1.5115e-01, Error: 1.7753e-02, Error v: 7.4048e-02
It: 6800, Time: 4.32, mse_0: 2.3264e-02, mse_f: 3.5821e-02, total loss: 1.2049e-01, Error: 2.4755e-02, Error v: 7.0941e-02
It: 6900, Time: 5.00, mse_0: 3.3501e-02, mse_f: 6.2375e-02, total loss: 1.5967e-01, Error: 3.4624e-02, Error v: 7.3834e-02
It: 7000, Time: 4.20, mse_0: 2.4178e-02, mse_f: 4.2923e-02, total loss: 1.0839e-01, Error: 1.3935e-02, Error v: 6.8852e-02
It: 7100, Time: 4.27, mse_0: 1.5062e-02, mse_f: 3.3940e-02, total loss: 8.0358e-02, Error: 2.2081e-02, Error v: 8.1234e-02
It: 7200, Time: 4.39, mse_0: 2.3543e-02, mse_f: 2.6009e-02, total loss: 1.1432e-01, Error: 2.1230e-02, Error v: 6.4028e-02
It: 7300, Time: 4.81, mse_0: 1.8431e-02, mse_f: 3.7555e-02, total loss: 1.0872e-01, Error: 1.8629e-02, Error v: 7.5075e-02
It: 7400, Time: 4.45, mse_0: 1.2699e-02, mse_f: 2.1411e-02, total loss: 6.8780e-02, Error: 1.6346e-02, Error v: 5.9338e-02
It: 7500, Time: 4.21, mse_0: 3.0903e-02, mse_f: 7.6667e-02, total loss: 2.0853e-01, Error: 2.6860e-02, Error v: 6.9713e-02
It: 7600, Time: 4.32, mse_0: 4.5066e-02, mse_f: 4.5080e-02, total loss: 1.6902e-01, Error: 2.8693e-02, Error v: 6.4567e-02
It: 7700, Time: 4.45, mse_0: 3.0771e-02, mse_f: 5.2817e-02, total loss: 1.3695e-01, Error: 1.9409e-02, Error v: 6.0474e-02
It: 7800, Time: 4.62, mse_0: 2.4870e-02, mse_f: 3.7621e-02, total loss: 1.1972e-01, Error: 1.2575e-02, Error v: 6.2057e-02
It: 7900, Time: 4.70, mse_0: 2.1642e-02, mse_f: 4.6793e-02, total loss: 1.2923e-01, Error: 1.4448e-02, Error v: 5.2407e-02
It: 8000, Time: 4.73, mse_0: 3.2327e-02, mse_f: 2.5590e-02, total loss: 1.1734e-01, Error: 2.0663e-02, Error v: 6.4532e-02
It: 8100, Time: 4.68, mse_0: 2.1944e-02, mse_f: 6.2505e-02, total loss: 1.2918e-01, Error: 1.4189e-02, Error v: 5.6998e-02
It: 8200, Time: 4.78, mse_0: 2.6365e-02, mse_f: 3.2183e-02, total loss: 1.3737e-01, Error: 2.4601e-02, Error v: 5.4193e-02
It: 8300, Time: 4.64, mse_0: 1.0263e-02, mse_f: 3.8937e-02, total loss: 7.1554e-02, Error: 1.4078e-02, Error v: 4.8525e-02
It: 8400, Time: 4.31, mse_0: 3.1414e-02, mse_f: 2.5428e-02, total loss: 1.4218e-01, Error: 2.8817e-02, Error v: 5.2844e-02
It: 8500, Time: 4.27, mse_0: 2.8200e-02, mse_f: 2.9014e-02, total loss: 1.2682e-01, Error: 2.2781e-02, Error v: 4.7940e-02
It: 8600, Time: 4.26, mse_0: 2.8666e-02, mse_f: 2.2353e-02, total loss: 1.1766e-01, Error: 2.5994e-02, Error v: 5.7179e-02
It: 8700, Time: 4.21, mse_0: 2.7896e-02, mse_f: 1.3234e-01, total loss: 2.3715e-01, Error: 3.5259e-02, Error v: 1.0506e-01
It: 8800, Time: 4.33, mse_0: 3.5492e-02, mse_f: 7.6911e-02, total loss: 1.7932e-01, Error: 2.8896e-02, Error v: 9.8901e-02
It: 8900, Time: 4.55, mse_0: 3.1473e-02, mse_f: 6.3057e-02, total loss: 1.3963e-01, Error: 1.9434e-02, Error v: 4.8691e-02
It: 9000, Time: 4.47, mse_0: 1.2121e-02, mse_f: 2.7398e-02, total loss: 7.4416e-02, Error: 1.5872e-02, Error v: 5.8163e-02
It: 9100, Time: 4.88, mse_0: 1.2396e-02, mse_f: 1.8379e-02, total loss: 4.4112e-02, Error: 1.0309e-02, Error v: 5.2162e-02
It: 9200, Time: 5.10, mse_0: 8.0712e-03, mse_f: 2.1578e-02, total loss: 4.7797e-02, Error: 9.8525e-03, Error v: 4.1138e-02
It: 9300, Time: 4.95, mse_0: 1.5028e-02, mse_f: 1.5670e-02, total loss: 4.9016e-02, Error: 1.7116e-02, Error v: 4.0352e-02
It: 9400, Time: 4.63, mse_0: 3.8558e-02, mse_f: 2.2886e-02, total loss: 1.1002e-01, Error: 2.2857e-02, Error v: 4.2346e-02
It: 9500, Time: 4.20, mse_0: 5.2785e-02, mse_f: 2.6964e-02, total loss: 2.1359e-01, Error: 2.5501e-02, Error v: 4.3348e-02
It: 9600, Time: 4.20, mse_0: 1.0412e-02, mse_f: 1.5042e-02, total loss: 5.6115e-02, Error: 1.6092e-02, Error v: 4.3712e-02
It: 9700, Time: 4.16, mse_0: 1.3131e-02, mse_f: 1.3634e-02, total loss: 4.8060e-02, Error: 1.0502e-02, Error v: 3.7980e-02
It: 9800, Time: 4.26, mse_0: 1.6960e-02, mse_f: 7.8000e-02, total loss: 1.2206e-01, Error: 1.0799e-02, Error v: 4.6945e-02
It: 9900, Time: 4.09, mse_0: 1.2755e-02, mse_f: 7.2080e-02, total loss: 1.0670e-01, Error: 1.6545e-02, Error v: 7.7980e-02
It: 10000, Time: 4.94, mse_0: 2.2147e-02, mse_f: 4.3348e-02, total loss: 8.0883e-02, Error: 1.2832e-02, Error v: 5.8946e-02
It: 10100, Time: 4.89, mse_0: 1.0120e-02, mse_f: 1.5956e-02, total loss: 4.8108e-02, Error: 1.6192e-02, Error v: 4.9060e-02
It: 10200, Time: 4.55, mse_0: 1.8112e-01, mse_f: 4.9369e-02, total loss: 6.5500e-01, Error: 3.5079e-02, Error v: 4.2252e-02
It: 10300, Time: 4.42, mse_0: 2.4226e-02, mse_f: 2.7197e-02, total loss: 8.5025e-02, Error: 1.4910e-02, Error v: 4.5590e-02
It: 10400, Time: 4.17, mse_0: 1.5996e-02, mse_f: 2.4543e-02, total loss: 7.3583e-02, Error: 1.7034e-02, Error v: 3.9190e-02
It: 10500, Time: 4.30, mse_0: 9.2395e-03, mse_f: 1.5546e-02, total loss: 4.7538e-02, Error: 1.0811e-02, Error v: 3.3913e-02
It: 10600, Time: 4.57, mse_0: 7.0201e-03, mse_f: 1.4255e-02, total loss: 2.9464e-02, Error: 7.2979e-03, Error v: 3.4959e-02
It: 10700, Time: 4.82, mse_0: 6.5957e-03, mse_f: 1.2087e-02, total loss: 2.8867e-02, Error: 9.6522e-03, Error v: 3.1343e-02
It: 10800, Time: 4.52, mse_0: 2.2773e-02, mse_f: 2.6124e-02, total loss: 8.0338e-02, Error: 8.1630e-03, Error v: 3.9847e-02
It: 10900, Time: 4.53, mse_0: 9.0883e-03, mse_f: 4.2791e-02, total loss: 6.5198e-02, Error: 1.7307e-02, Error v: 3.7901e-02
It: 11000, Time: 4.74, mse_0: 1.0119e-02, mse_f: 2.4624e-02, total loss: 4.0700e-02, Error: 8.3605e-03, Error v: 4.8104e-02
It: 11100, Time: 4.51, mse_0: 6.0027e-03, mse_f: 1.8614e-02, total loss: 3.5373e-02, Error: 1.1748e-02, Error v: 2.9544e-02
It: 11200, Time: 4.86, mse_0: 5.9089e-03, mse_f: 5.4422e-02, total loss: 7.1220e-02, Error: 7.8092e-03, Error v: 3.6451e-02
It: 11300, Time: 4.68, mse_0: 7.6665e-03, mse_f: 3.5067e-02, total loss: 5.2043e-02, Error: 1.1538e-02, Error v: 3.8550e-02
It: 11400, Time: 4.59, mse_0: 6.8324e-02, mse_f: 1.9347e-02, total loss: 2.3359e-01, Error: 1.6410e-02, Error v: 2.8409e-02
It: 11500, Time: 5.15, mse_0: 1.3667e-02, mse_f: 1.3408e-02, total loss: 4.3568e-02, Error: 6.6382e-03, Error v: 4.3205e-02
It: 11600, Time: 4.80, mse_0: 2.2918e-02, mse_f: 3.2391e-02, total loss: 8.1942e-02, Error: 2.0938e-02, Error v: 4.1119e-02
It: 11700, Time: 4.74, mse_0: 7.1193e-03, mse_f: 2.0100e-02, total loss: 5.2654e-02, Error: 8.9434e-03, Error v: 3.1599e-02
It: 11800, Time: 4.73, mse_0: 4.2689e-03, mse_f: 8.9623e-03, total loss: 1.9627e-02, Error: 6.6442e-03, Error v: 2.8506e-02
It: 11900, Time: 4.79, mse_0: 3.3348e-02, mse_f: 2.0449e-02, total loss: 8.9481e-02, Error: 1.7230e-02, Error v: 3.0705e-02
It: 12000, Time: 4.52, mse_0: 9.0422e-03, mse_f: 1.2747e-02, total loss: 3.8794e-02, Error: 7.8269e-03, Error v: 2.4020e-02
It: 12100, Time: 4.10, mse_0: 2.4082e-02, mse_f: 4.1193e-02, total loss: 9.6068e-02, Error: 1.2375e-02, Error v: 4.5443e-02
It: 12200, Time: 4.17, mse_0: 4.4878e-03, mse_f: 2.3301e-02, total loss: 3.3401e-02, Error: 6.7544e-03, Error v: 3.2495e-02
It: 12300, Time: 4.53, mse_0: 8.0213e-03, mse_f: 2.2954e-02, total loss: 4.8681e-02, Error: 7.0177e-03, Error v: 3.6542e-02
It: 12400, Time: 5.04, mse_0: 8.7362e-03, mse_f: 2.3365e-02, total loss: 4.8406e-02, Error: 8.8364e-03, Error v: 3.2049e-02
It: 12500, Time: 4.11, mse_0: 1.3818e-02, mse_f: 1.6314e-02, total loss: 6.2751e-02, Error: 1.3975e-02, Error v: 2.4950e-02
It: 12600, Time: 4.51, mse_0: 7.8131e-02, mse_f: 2.9143e-02, total loss: 1.8231e-01, Error: 3.2797e-02, Error v: 2.9214e-02
It: 12700, Time: 4.90, mse_0: 8.9688e-03, mse_f: 1.2293e-01, total loss: 1.4051e-01, Error: 1.1054e-02, Error v: 4.4761e-02
It: 12800, Time: 4.40, mse_0: 3.8725e-03, mse_f: 1.4282e-02, total loss: 2.8702e-02, Error: 9.3335e-03, Error v: 3.8815e-02
It: 12900, Time: 5.07, mse_0: 1.5435e-02, mse_f: 1.5987e-02, total loss: 4.8244e-02, Error: 9.9128e-03, Error v: 2.8615e-02
It: 13000, Time: 4.58, mse_0: 1.9635e-02, mse_f: 1.5270e-02, total loss: 7.1101e-02, Error: 1.3006e-02, Error v: 2.9997e-02
It: 13100, Time: 4.97, mse_0: 1.5308e-02, mse_f: 8.5897e-03, total loss: 4.1243e-02, Error: 9.7376e-03, Error v: 2.4661e-02
It: 13200, Time: 5.10, mse_0: 1.1033e-02, mse_f: 1.1402e-02, total loss: 3.9025e-02, Error: 1.3150e-02, Error v: 2.2289e-02
It: 13300, Time: 4.52, mse_0: 4.4940e-03, mse_f: 2.9206e-02, total loss: 4.3382e-02, Error: 5.9803e-03, Error v: 3.0509e-02
It: 13400, Time: 4.57, mse_0: 9.0762e-03, mse_f: 2.6322e-02, total loss: 5.2613e-02, Error: 5.6942e-03, Error v: 3.4568e-02
It: 13500, Time: 4.81, mse_0: 3.1060e-03, mse_f: 1.1916e-02, total loss: 1.8204e-02, Error: 6.9450e-03, Error v: 2.2126e-02
It: 13600, Time: 4.54, mse_0: 3.3030e-03, mse_f: 1.0694e-02, total loss: 1.7261e-02, Error: 1.0097e-02, Error v: 2.4747e-02
It: 13700, Time: 4.19, mse_0: 9.8397e-03, mse_f: 9.8547e-03, total loss: 2.9445e-02, Error: 1.2748e-02, Error v: 2.2873e-02
It: 13800, Time: 4.60, mse_0: 1.3346e-02, mse_f: 8.7222e-03, total loss: 3.4697e-02, Error: 1.0145e-02, Error v: 2.0325e-02
It: 13900, Time: 4.75, mse_0: 2.5563e-02, mse_f: 1.5958e-02, total loss: 7.2492e-02, Error: 1.3242e-02, Error v: 2.4419e-02
It: 14000, Time: 4.91, mse_0: 1.7588e-02, mse_f: 1.4224e-02, total loss: 5.8507e-02, Error: 1.5452e-02, Error v: 2.7648e-02
It: 14100, Time: 4.60, mse_0: 4.3868e-02, mse_f: 1.7903e-02, total loss: 1.4297e-01, Error: 1.9105e-02, Error v: 2.7609e-02
It: 14200, Time: 4.53, mse_0: 2.0361e-02, mse_f: 1.6609e-02, total loss: 4.7546e-02, Error: 7.8643e-03, Error v: 3.4856e-02
It: 14300, Time: 4.68, mse_0: 4.0535e-03, mse_f: 1.3185e-02, total loss: 2.1215e-02, Error: 3.9561e-03, Error v: 1.9126e-02
It: 14400, Time: 4.46, mse_0: 1.8461e-02, mse_f: 1.4896e-02, total loss: 6.6370e-02, Error: 9.7252e-03, Error v: 1.8751e-02
It: 14500, Time: 4.55, mse_0: 1.3462e-02, mse_f: 2.5964e-02, total loss: 4.6412e-02, Error: 1.7983e-02, Error v: 4.2805e-02
It: 14600, Time: 4.60, mse_0: 1.3517e-02, mse_f: 1.4243e-02, total loss: 3.2713e-02, Error: 7.6762e-03, Error v: 2.2919e-02
It: 14700, Time: 4.53, mse_0: 1.3645e-02, mse_f: 1.2992e-02, total loss: 3.9096e-02, Error: 5.6899e-03, Error v: 2.6533e-02
It: 14800, Time: 4.44, mse_0: 1.7326e-02, mse_f: 1.6608e-02, total loss: 5.6530e-02, Error: 1.5412e-02, Error v: 1.9601e-02
It: 14900, Time: 4.28, mse_0: 1.6507e-02, mse_f: 2.6593e-02, total loss: 5.6505e-02, Error: 6.3909e-03, Error v: 3.1866e-02
It: 15000, Time: 4.43, mse_0: 6.5911e-03, mse_f: 1.1413e-02, total loss: 2.3631e-02, Error: 9.5349e-03, Error v: 2.3704e-02
It: 15100, Time: 4.78, mse_0: 1.2530e-02, mse_f: 1.2392e-02, total loss: 3.4784e-02, Error: 1.1241e-02, Error v: 2.2425e-02
It: 15200, Time: 5.37, mse_0: 6.7596e-03, mse_f: 1.2024e-02, total loss: 2.2776e-02, Error: 9.4202e-03, Error v: 1.6331e-02
It: 15300, Time: 5.48, mse_0: 1.4737e-02, mse_f: 1.6716e-02, total loss: 5.8928e-02, Error: 1.6027e-02, Error v: 2.8864e-02
It: 15400, Time: 5.36, mse_0: 1.6154e-02, mse_f: 5.3698e-02, total loss: 9.1480e-02, Error: 5.7172e-03, Error v: 2.9650e-02
It: 15500, Time: 5.05, mse_0: 7.8252e-03, mse_f: 1.4916e-02, total loss: 2.9869e-02, Error: 4.8804e-03, Error v: 1.7127e-02
It: 15600, Time: 4.67, mse_0: 4.8038e-03, mse_f: 9.6039e-03, total loss: 2.0329e-02, Error: 9.7487e-03, Error v: 2.2493e-02
It: 15700, Time: 4.65, mse_0: 6.8433e-03, mse_f: 5.8099e-03, total loss: 2.5485e-02, Error: 7.0304e-03, Error v: 1.7373e-02
It: 15800, Time: 4.62, mse_0: 7.2578e-03, mse_f: 1.4692e-02, total loss: 4.5203e-02, Error: 1.1416e-02, Error v: 2.6918e-02
It: 15900, Time: 4.62, mse_0: 1.2406e-02, mse_f: 7.2101e-03, total loss: 3.7020e-02, Error: 1.1617e-02, Error v: 2.4481e-02
It: 16000, Time: 4.77, mse_0: 2.8485e-03, mse_f: 3.4843e-03, total loss: 1.2292e-02, Error: 7.9616e-03, Error v: 1.7676e-02
It: 16100, Time: 5.20, mse_0: 1.1939e-02, mse_f: 5.3674e-03, total loss: 4.1968e-02, Error: 1.4011e-02, Error v: 1.9561e-02
It: 16200, Time: 5.34, mse_0: 1.3189e-02, mse_f: 6.6776e-03, total loss: 3.6992e-02, Error: 1.2024e-02, Error v: 1.4503e-02
It: 16300, Time: 5.29, mse_0: 2.8505e-03, mse_f: 6.3459e-03, total loss: 1.1434e-02, Error: 4.2554e-03, Error v: 2.2209e-02
It: 16400, Time: 4.21, mse_0: 1.0745e-02, mse_f: 1.2599e-02, total loss: 4.1960e-02, Error: 1.1663e-02, Error v: 2.6685e-02
It: 16500, Time: 4.78, mse_0: 7.5202e-03, mse_f: 8.4726e-03, total loss: 2.1084e-02, Error: 9.1792e-03, Error v: 2.2457e-02
It: 16600, Time: 4.69, mse_0: 6.2579e-03, mse_f: 8.9331e-03, total loss: 3.4232e-02, Error: 1.1578e-02, Error v: 2.3974e-02
It: 16700, Time: 4.74, mse_0: 1.2716e-02, mse_f: 7.8783e-03, total loss: 2.1175e-02, Error: 7.7631e-03, Error v: 2.1525e-02
It: 16800, Time: 5.85, mse_0: 1.9770e-02, mse_f: 1.6012e-02, total loss: 4.0662e-02, Error: 7.5700e-03, Error v: 1.8807e-02
It: 16900, Time: 5.44, mse_0: 1.1783e-02, mse_f: 4.8075e-03, total loss: 4.4563e-02, Error: 1.1178e-02, Error v: 1.6989e-02
It: 17000, Time: 4.78, mse_0: 6.5796e-03, mse_f: 6.1794e-03, total loss: 2.5317e-02, Error: 6.7983e-03, Error v: 1.8770e-02
It: 17100, Time: 5.46, mse_0: 7.9706e-03, mse_f: 5.5602e-03, total loss: 2.0637e-02, Error: 8.7996e-03, Error v: 1.4138e-02
It: 17200, Time: 4.71, mse_0: 3.3670e-03, mse_f: 1.9599e-02, total loss: 2.9518e-02, Error: 7.5072e-03, Error v: 2.7547e-02
It: 17300, Time: 5.33, mse_0: 1.9820e-02, mse_f: 1.6625e-02, total loss: 4.8186e-02, Error: 1.4659e-02, Error v: 2.0840e-02
It: 17400, Time: 4.81, mse_0: 5.0377e-03, mse_f: 1.0589e-02, total loss: 2.2512e-02, Error: 5.1235e-03, Error v: 1.7213e-02
It: 17500, Time: 5.42, mse_0: 3.5349e-03, mse_f: 1.0449e-02, total loss: 1.4453e-02, Error: 6.1716e-03, Error v: 1.4430e-02
It: 17600, Time: 4.79, mse_0: 7.9857e-03, mse_f: 1.3821e-02, total loss: 3.2266e-02, Error: 7.3032e-03, Error v: 2.4602e-02
It: 17700, Time: 4.77, mse_0: 1.5545e-02, mse_f: 1.0796e-02, total loss: 4.1612e-02, Error: 8.5618e-03, Error v: 1.7177e-02
It: 17800, Time: 4.15, mse_0: 1.0799e-02, mse_f: 3.7653e-03, total loss: 3.5377e-02, Error: 1.0582e-02, Error v: 2.3958e-02
It: 17900, Time: 4.10, mse_0: 3.5469e-03, mse_f: 6.8564e-03, total loss: 1.5886e-02, Error: 6.9595e-03, Error v: 2.1336e-02
It: 18000, Time: 4.64, mse_0: 1.6591e-02, mse_f: 5.4740e-03, total loss: 4.4535e-02, Error: 8.3596e-03, Error v: 1.2337e-02
It: 18100, Time: 4.29, mse_0: 7.3424e-03, mse_f: 5.1433e-03, total loss: 2.9155e-02, Error: 8.0248e-03, Error v: 1.2021e-02
It: 18200, Time: 4.19, mse_0: 1.2614e-02, mse_f: 3.7592e-03, total loss: 3.2285e-02, Error: 1.0439e-02, Error v: 1.4653e-02
It: 18300, Time: 4.51, mse_0: 2.1914e-03, mse_f: 1.3360e-02, total loss: 1.7280e-02, Error: 7.6908e-03, Error v: 2.1496e-02
It: 18400, Time: 5.06, mse_0: 7.5430e-03, mse_f: 4.2362e-03, total loss: 2.4922e-02, Error: 9.6053e-03, Error v: 1.4228e-02
It: 18500, Time: 4.63, mse_0: 6.9295e-03, mse_f: 1.1388e-02, total loss: 2.5615e-02, Error: 7.5469e-03, Error v: 2.2198e-02
It: 18600, Time: 5.16, mse_0: 1.0090e-02, mse_f: 7.9619e-03, total loss: 3.0347e-02, Error: 9.0001e-03, Error v: 1.2632e-02
It: 18700, Time: 5.13, mse_0: 9.3280e-03, mse_f: 1.2002e-02, total loss: 4.9892e-02, Error: 1.2861e-02, Error v: 1.9030e-02
It: 18800, Time: 5.07, mse_0: 5.1280e-02, mse_f: 2.6785e-02, total loss: 1.8247e-01, Error: 2.2169e-02, Error v: 3.8613e-02
It: 18900, Time: 4.41, mse_0: 8.0583e-03, mse_f: 2.2879e-02, total loss: 4.3685e-02, Error: 1.0952e-02, Error v: 2.2351e-02
It: 19000, Time: 4.56, mse_0: 2.9445e-03, mse_f: 1.9830e-02, total loss: 3.2183e-02, Error: 7.7984e-03, Error v: 1.3228e-02
It: 19100, Time: 4.21, mse_0: 4.3422e-03, mse_f: 5.2764e-03, total loss: 1.1033e-02, Error: 8.1088e-03, Error v: 2.4036e-02
It: 19200, Time: 4.66, mse_0: 2.9390e-03, mse_f: 8.4314e-03, total loss: 2.1172e-02, Error: 6.4394e-03, Error v: 1.3214e-02
It: 19300, Time: 5.28, mse_0: 1.1235e-02, mse_f: 4.4967e-03, total loss: 3.0907e-02, Error: 7.8319e-03, Error v: 1.2117e-02
It: 19400, Time: 4.59, mse_0: 3.9946e-03, mse_f: 1.6796e-02, total loss: 3.1292e-02, Error: 3.8949e-03, Error v: 1.9490e-02
It: 19500, Time: 4.87, mse_0: 2.1645e-03, mse_f: 2.8937e-03, total loss: 1.0264e-02, Error: 6.2987e-03, Error v: 1.0600e-02
It: 19600, Time: 4.54, mse_0: 1.4969e-02, mse_f: 8.4016e-03, total loss: 4.1933e-02, Error: 9.6797e-03, Error v: 1.6216e-02
It: 19700, Time: 4.65, mse_0: 4.9645e-02, mse_f: 1.2915e-02, total loss: 6.9596e-02, Error: 2.0220e-02, Error v: 1.1723e-02
It: 19800, Time: 4.57, mse_0: 4.5530e-03, mse_f: 5.2669e-03, total loss: 1.3693e-02, Error: 5.1153e-03, Error v: 1.4360e-02
It: 19900, Time: 4.54, mse_0: 6.7766e-03, mse_f: 9.0141e-03, total loss: 1.8936e-02, Error: 8.2198e-03, Error v: 2.1070e-02
It: 20000, Time: 4.49, mse_0: 7.7220e-03, mse_f: 8.8455e-03, total loss: 3.0627e-02, Error: 6.3438e-03, Error v: 2.0288e-02
starting L-BFGS training
It: 100, Time: 5.66, mse_0: 4.3455e-04, mse_f: 1.8721e-03, total loss: 2.6911e-03, Error: 2.5284e-03, Error v: 8.9180e-03
It: 200, Time: 5.97, mse_0: 3.9612e-04, mse_f: 1.7798e-03, total loss: 2.5802e-03, Error: 2.5772e-03, Error v: 8.7442e-03
It: 300, Time: 5.97, mse_0: 3.5851e-04, mse_f: 1.7004e-03, total loss: 2.4657e-03, Error: 2.2575e-03, Error v: 8.9955e-03
It: 400, Time: 5.95, mse_0: 3.3423e-04, mse_f: 1.6425e-03, total loss: 2.3622e-03, Error: 2.3499e-03, Error v: 8.7277e-03
It: 500, Time: 7.12, mse_0: 3.0892e-04, mse_f: 1.5983e-03, total loss: 2.2850e-03, Error: 2.2913e-03, Error v: 8.9294e-03
It: 600, Time: 6.32, mse_0: 2.9990e-04, mse_f: 1.5456e-03, total loss: 2.2014e-03, Error: 2.3404e-03, Error v: 8.6782e-03
It: 700, Time: 6.17, mse_0: 2.9406e-04, mse_f: 1.5102e-03, total loss: 2.1333e-03, Error: 2.3646e-03, Error v: 8.1201e-03
It: 800, Time: 6.15, mse_0: 2.7736e-04, mse_f: 1.4702e-03, total loss: 2.0700e-03, Error: 2.2576e-03, Error v: 7.8270e-03
It: 900, Time: 6.25, mse_0: 2.5992e-04, mse_f: 1.4294e-03, total loss: 2.0049e-03, Error: 2.3949e-03, Error v: 7.8923e-03
It: 1000, Time: 6.42, mse_0: 2.5733e-04, mse_f: 1.3887e-03, total loss: 1.9515e-03, Error: 2.4281e-03, Error v: 7.9216e-03
It: 1100, Time: 6.30, mse_0: 2.5117e-04, mse_f: 1.3281e-03, total loss: 1.8793e-03, Error: 2.2828e-03, Error v: 8.0009e-03
It: 1200, Time: 6.61, mse_0: 2.4766e-04, mse_f: 1.2737e-03, total loss: 1.8011e-03, Error: 2.2287e-03, Error v: 8.2979e-03
It: 1300, Time: 6.56, mse_0: 2.3907e-04, mse_f: 1.2256e-03, total loss: 1.7333e-03, Error: 2.2956e-03, Error v: 9.1820e-03
It: 1400, Time: 6.18, mse_0: 2.2937e-04, mse_f: 1.1767e-03, total loss: 1.6681e-03, Error: 2.4546e-03, Error v: 9.2307e-03
It: 1500, Time: 6.91, mse_0: 2.1958e-04, mse_f: 1.1271e-03, total loss: 1.6049e-03, Error: 2.4257e-03, Error v: 9.3009e-03
It: 1600, Time: 6.14, mse_0: 2.0481e-04, mse_f: 1.0911e-03, total loss: 1.5542e-03, Error: 2.4289e-03, Error v: 8.8603e-03
It: 1700, Time: 6.04, mse_0: 1.9299e-04, mse_f: 1.0619e-03, total loss: 1.5069e-03, Error: 2.3446e-03, Error v: 8.4221e-03
It: 1800, Time: 6.33, mse_0: 1.8747e-04, mse_f: 1.0371e-03, total loss: 1.4678e-03, Error: 2.2631e-03, Error v: 8.2669e-03
It: 1900, Time: 6.28, mse_0: 1.8405e-04, mse_f: 1.0111e-03, total loss: 1.4283e-03, Error: 2.2530e-03, Error v: 7.9276e-03
It: 2000, Time: 6.31, mse_0: 1.7706e-04, mse_f: 9.8228e-04, total loss: 1.3851e-03, Error: 2.3471e-03, Error v: 7.6918e-03
It: 2100, Time: 6.58, mse_0: 1.6779e-04, mse_f: 9.5590e-04, total loss: 1.3432e-03, Error: 2.3363e-03, Error v: 7.5283e-03
It: 2200, Time: 6.83, mse_0: 1.6393e-04, mse_f: 9.2890e-04, total loss: 1.3053e-03, Error: 2.1524e-03, Error v: 7.4508e-03
It: 2300, Time: 6.40, mse_0: 1.6168e-04, mse_f: 8.9899e-04, total loss: 1.2632e-03, Error: 2.2390e-03, Error v: 7.2986e-03
It: 2400, Time: 6.39, mse_0: 1.5648e-04, mse_f: 8.7300e-04, total loss: 1.2232e-03, Error: 2.1161e-03, Error v: 6.6379e-03
It: 2500, Time: 6.58, mse_0: 1.4468e-04, mse_f: 8.4052e-04, total loss: 1.1779e-03, Error: 1.9851e-03, Error v: 6.4506e-03
It: 2600, Time: 6.49, mse_0: 1.3585e-04, mse_f: 8.0858e-04, total loss: 1.1403e-03, Error: 2.0253e-03, Error v: 6.6450e-03
It: 2700, Time: 6.63, mse_0: 1.4145e-04, mse_f: 7.8809e-04, total loss: 1.1108e-03, Error: 2.0521e-03, Error v: 6.7700e-03
It: 2800, Time: 6.38, mse_0: 1.3775e-04, mse_f: 7.6633e-04, total loss: 1.0776e-03, Error: 1.9488e-03, Error v: 6.6231e-03
It: 2900, Time: 6.26, mse_0: 1.3555e-04, mse_f: 7.4436e-04, total loss: 1.0487e-03, Error: 1.9837e-03, Error v: 6.3093e-03
It: 3000, Time: 6.97, mse_0: 1.3378e-04, mse_f: 7.2480e-04, total loss: 1.0223e-03, Error: 1.9973e-03, Error v: 6.2485e-03
It: 3100, Time: 6.63, mse_0: 1.3112e-04, mse_f: 6.9963e-04, total loss: 9.9365e-04, Error: 2.1291e-03, Error v: 5.7982e-03
It: 3200, Time: 6.90, mse_0: 1.2903e-04, mse_f: 6.7903e-04, total loss: 9.6608e-04, Error: 2.1837e-03, Error v: 5.5471e-03
It: 3300, Time: 6.71, mse_0: 1.2652e-04, mse_f: 6.6073e-04, total loss: 9.4108e-04, Error: 2.1925e-03, Error v: 5.3706e-03
It: 3400, Time: 7.16, mse_0: 1.2218e-04, mse_f: 6.4365e-04, total loss: 9.1818e-04, Error: 2.1581e-03, Error v: 5.3498e-03
It: 3500, Time: 7.00, mse_0: 1.1953e-04, mse_f: 6.2980e-04, total loss: 8.9679e-04, Error: 2.1143e-03, Error v: 5.3641e-03
It: 3600, Time: 7.46, mse_0: 1.2008e-04, mse_f: 6.1059e-04, total loss: 8.7157e-04, Error: 2.0779e-03, Error v: 5.5254e-03
It: 3700, Time: 6.90, mse_0: 1.1867e-04, mse_f: 5.9600e-04, total loss: 8.5011e-04, Error: 2.1288e-03, Error v: 5.3253e-03
It: 3800, Time: 7.83, mse_0: 1.1523e-04, mse_f: 5.8588e-04, total loss: 8.3374e-04, Error: 2.0866e-03, Error v: 5.0683e-03
It: 3900, Time: 8.66, mse_0: 1.1287e-04, mse_f: 5.7321e-04, total loss: 8.1788e-04, Error: 2.0237e-03, Error v: 4.9500e-03
It: 4000, Time: 7.39, mse_0: 1.0909e-04, mse_f: 5.6068e-04, total loss: 7.9903e-04, Error: 2.1276e-03, Error v: 4.8732e-03
It: 4100, Time: 6.58, mse_0: 1.0689e-04, mse_f: 5.4766e-04, total loss: 7.8047e-04, Error: 2.1390e-03, Error v: 4.9627e-03
It: 4200, Time: 8.04, mse_0: 1.0435e-04, mse_f: 5.3609e-04, total loss: 7.6309e-04, Error: 2.1387e-03, Error v: 4.9415e-03
It: 4300, Time: 8.70, mse_0: 9.8948e-05, mse_f: 5.2565e-04, total loss: 7.4382e-04, Error: 2.0598e-03, Error v: 4.8893e-03
It: 4400, Time: 8.11, mse_0: 9.6132e-05, mse_f: 5.1670e-04, total loss: 7.2726e-04, Error: 2.0758e-03, Error v: 4.6454e-03
It: 4500, Time: 7.19, mse_0: 9.6550e-05, mse_f: 5.0893e-04, total loss: 7.1483e-04, Error: 2.0748e-03, Error v: 4.5824e-03
It: 4600, Time: 7.28, mse_0: 9.4719e-05, mse_f: 5.0026e-04, total loss: 6.9912e-04, Error: 2.0800e-03, Error v: 4.3960e-03
It: 4700, Time: 6.18, mse_0: 9.4182e-05, mse_f: 4.9165e-04, total loss: 6.8328e-04, Error: 2.0530e-03, Error v: 4.3042e-03
It: 4800, Time: 6.80, mse_0: 9.1812e-05, mse_f: 4.8217e-04, total loss: 6.7108e-04, Error: 2.0246e-03, Error v: 4.2714e-03
It: 4900, Time: 7.55, mse_0: 9.0421e-05, mse_f: 4.7352e-04, total loss: 6.5823e-04, Error: 1.9808e-03, Error v: 4.1497e-03
It: 5000, Time: 6.73, mse_0: 8.7071e-05, mse_f: 4.6220e-04, total loss: 6.4250e-04, Error: 1.8918e-03, Error v: 4.2616e-03
It: 5100, Time: 6.71, mse_0: 8.4217e-05, mse_f: 4.5216e-04, total loss: 6.2898e-04, Error: 1.8792e-03, Error v: 4.1745e-03
It: 5200, Time: 6.71, mse_0: 8.0501e-05, mse_f: 4.4475e-04, total loss: 6.1668e-04, Error: 1.8808e-03, Error v: 4.0889e-03
It: 5300, Time: 6.50, mse_0: 7.7240e-05, mse_f: 4.3637e-04, total loss: 6.0362e-04, Error: 1.9195e-03, Error v: 4.0175e-03
It: 5400, Time: 6.52, mse_0: 7.4695e-05, mse_f: 4.2619e-04, total loss: 5.9053e-04, Error: 1.9130e-03, Error v: 3.8947e-03
It: 5500, Time: 6.64, mse_0: 7.3114e-05, mse_f: 4.1924e-04, total loss: 5.8119e-04, Error: 2.0202e-03, Error v: 3.8664e-03
It: 5600, Time: 6.23, mse_0: 7.1757e-05, mse_f: 4.1237e-04, total loss: 5.7108e-04, Error: 2.0641e-03, Error v: 3.8475e-03
It: 5700, Time: 6.22, mse_0: 7.1488e-05, mse_f: 4.0453e-04, total loss: 5.6009e-04, Error: 2.1049e-03, Error v: 3.7701e-03
It: 5800, Time: 6.41, mse_0: 7.0693e-05, mse_f: 3.9704e-04, total loss: 5.5017e-04, Error: 1.9792e-03, Error v: 3.6327e-03
It: 5900, Time: 6.08, mse_0: 6.9920e-05, mse_f: 3.9104e-04, total loss: 5.4046e-04, Error: 1.9287e-03, Error v: 3.4759e-03
It: 6000, Time: 6.67, mse_0: 7.0173e-05, mse_f: 3.8521e-04, total loss: 5.3113e-04, Error: 1.9270e-03, Error v: 3.3452e-03
It: 6100, Time: 6.55, mse_0: 7.1849e-05, mse_f: 3.7762e-04, total loss: 5.2061e-04, Error: 1.8126e-03, Error v: 3.2870e-03
It: 6200, Time: 6.65, mse_0: 7.1669e-05, mse_f: 3.7123e-04, total loss: 5.1130e-04, Error: 1.8420e-03, Error v: 3.2911e-03
It: 6300, Time: 6.88, mse_0: 6.9853e-05, mse_f: 3.6534e-04, total loss: 5.0126e-04, Error: 1.9133e-03, Error v: 3.2319e-03
It: 6400, Time: 6.74, mse_0: 6.8149e-05, mse_f: 3.5792e-04, total loss: 4.9204e-04, Error: 1.9217e-03, Error v: 3.2843e-03
It: 6500, Time: 6.46, mse_0: 6.7796e-05, mse_f: 3.5296e-04, total loss: 4.8348e-04, Error: 1.9363e-03, Error v: 3.1792e-03
It: 6600, Time: 6.25, mse_0: 6.5968e-05, mse_f: 3.4797e-04, total loss: 4.7418e-04, Error: 1.9415e-03, Error v: 3.2092e-03
It: 6700, Time: 6.14, mse_0: 6.5048e-05, mse_f: 3.4194e-04, total loss: 4.6575e-04, Error: 1.9923e-03, Error v: 3.1491e-03
It: 6800, Time: 6.63, mse_0: 6.4496e-05, mse_f: 3.3586e-04, total loss: 4.5746e-04, Error: 1.9294e-03, Error v: 2.9786e-03
It: 6900, Time: 6.28, mse_0: 6.4601e-05, mse_f: 3.3002e-04, total loss: 4.4938e-04, Error: 1.8473e-03, Error v: 2.9643e-03
It: 7000, Time: 5.97, mse_0: 6.2063e-05, mse_f: 3.2532e-04, total loss: 4.4099e-04, Error: 1.8505e-03, Error v: 2.9948e-03
It: 7100, Time: 6.06, mse_0: 6.2359e-05, mse_f: 3.1972e-04, total loss: 4.3348e-04, Error: 1.8824e-03, Error v: 3.0256e-03
It: 7200, Time: 5.64, mse_0: 6.0843e-05, mse_f: 3.1408e-04, total loss: 4.2631e-04, Error: 1.9204e-03, Error v: 3.0688e-03
It: 7300, Time: 5.95, mse_0: 5.9642e-05, mse_f: 3.0833e-04, total loss: 4.1844e-04, Error: 1.8968e-03, Error v: 3.0870e-03
It: 7400, Time: 6.36, mse_0: 5.8015e-05, mse_f: 3.0411e-04, total loss: 4.1109e-04, Error: 1.8957e-03, Error v: 3.0420e-03
It: 7500, Time: 6.25, mse_0: 5.6593e-05, mse_f: 3.0032e-04, total loss: 4.0488e-04, Error: 1.9095e-03, Error v: 3.0604e-03
It: 7600, Time: 6.03, mse_0: 5.5526e-05, mse_f: 2.9507e-04, total loss: 3.9823e-04, Error: 1.8991e-03, Error v: 3.0570e-03
It: 7700, Time: 6.11, mse_0: 5.3894e-05, mse_f: 2.9078e-04, total loss: 3.9214e-04, Error: 1.8899e-03, Error v: 3.0655e-03
It: 7800, Time: 6.21, mse_0: 5.3134e-05, mse_f: 2.8588e-04, total loss: 3.8501e-04, Error: 1.8989e-03, Error v: 3.1212e-03
It: 7900, Time: 6.05, mse_0: 5.1558e-05, mse_f: 2.8219e-04, total loss: 3.7861e-04, Error: 1.9027e-03, Error v: 3.2020e-03
It: 8000, Time: 6.91, mse_0: 4.9989e-05, mse_f: 2.7890e-04, total loss: 3.7316e-04, Error: 1.9361e-03, Error v: 3.3108e-03
It: 8100, Time: 6.41, mse_0: 4.9290e-05, mse_f: 2.7500e-04, total loss: 3.6765e-04, Error: 1.9696e-03, Error v: 3.3453e-03
It: 8200, Time: 6.85, mse_0: 4.8885e-05, mse_f: 2.7015e-04, total loss: 3.6193e-04, Error: 1.9320e-03, Error v: 3.3445e-03
It: 8300, Time: 6.81, mse_0: 4.8587e-05, mse_f: 2.6626e-04, total loss: 3.5652e-04, Error: 1.9491e-03, Error v: 3.4036e-03
It: 8400, Time: 6.59, mse_0: 4.7942e-05, mse_f: 2.6048e-04, total loss: 3.4976e-04, Error: 2.0231e-03, Error v: 3.4361e-03
It: 8500, Time: 6.25, mse_0: 4.7730e-05, mse_f: 2.5490e-04, total loss: 3.4386e-04, Error: 1.9752e-03, Error v: 3.6245e-03
It: 8600, Time: 6.35, mse_0: 4.6875e-05, mse_f: 2.5051e-04, total loss: 3.3821e-04, Error: 1.9324e-03, Error v: 3.5786e-03
It: 8700, Time: 6.55, mse_0: 4.6553e-05, mse_f: 2.4591e-04, total loss: 3.3245e-04, Error: 1.9515e-03, Error v: 3.5301e-03
It: 8800, Time: 6.55, mse_0: 4.5981e-05, mse_f: 2.4192e-04, total loss: 3.2744e-04, Error: 2.0072e-03, Error v: 3.4392e-03
It: 8900, Time: 6.21, mse_0: 4.5180e-05, mse_f: 2.3915e-04, total loss: 3.2285e-04, Error: 1.9568e-03, Error v: 3.5265e-03
It: 9000, Time: 6.10, mse_0: 4.4737e-05, mse_f: 2.3602e-04, total loss: 3.1851e-04, Error: 1.9620e-03, Error v: 3.5657e-03
It: 9100, Time: 6.35, mse_0: 4.4194e-05, mse_f: 2.3148e-04, total loss: 3.1318e-04, Error: 2.0603e-03, Error v: 3.5673e-03
It: 9200, Time: 6.82, mse_0: 4.3612e-05, mse_f: 2.2844e-04, total loss: 3.0845e-04, Error: 2.0781e-03, Error v: 3.6537e-03
It: 9300, Time: 6.06, mse_0: 4.2371e-05, mse_f: 2.2573e-04, total loss: 3.0432e-04, Error: 2.0872e-03, Error v: 3.7361e-03
It: 9400, Time: 6.03, mse_0: 4.2056e-05, mse_f: 2.2252e-04, total loss: 2.9996e-04, Error: 2.0521e-03, Error v: 3.6527e-03
It: 9500, Time: 6.28, mse_0: 4.2556e-05, mse_f: 2.1912e-04, total loss: 2.9569e-04, Error: 2.0408e-03, Error v: 3.6160e-03
It: 9600, Time: 6.39, mse_0: 4.2050e-05, mse_f: 2.1546e-04, total loss: 2.9080e-04, Error: 2.0266e-03, Error v: 3.5075e-03
It: 9700, Time: 6.40, mse_0: 4.1794e-05, mse_f: 2.1157e-04, total loss: 2.8616e-04, Error: 2.0018e-03, Error v: 3.5090e-03
It: 9800, Time: 6.34, mse_0: 4.2061e-05, mse_f: 2.0808e-04, total loss: 2.8181e-04, Error: 1.9497e-03, Error v: 3.4805e-03
It: 9900, Time: 6.24, mse_0: 4.2301e-05, mse_f: 2.0474e-04, total loss: 2.7765e-04, Error: 1.9775e-03, Error v: 3.3651e-03
It: 10000, Time: 6.24, mse_0: 4.2708e-05, mse_f: 2.0206e-04, total loss: 2.7420e-04, Error: 1.9770e-03, Error v: 3.3974e-03
It: 10100, Time: 6.24, mse_0: 4.2084e-05, mse_f: 1.9929e-04, total loss: 2.7110e-04, Error: 1.9674e-03, Error v: 3.3816e-03
It: 10200, Time: 6.72, mse_0: 4.2101e-05, mse_f: 1.9746e-04, total loss: 2.6837e-04, Error: 1.9763e-03, Error v: 3.3877e-03
It: 10300, Time: 6.61, mse_0: 4.1626e-05, mse_f: 1.9543e-04, total loss: 2.6568e-04, Error: 1.9900e-03, Error v: 3.4981e-03
It: 10400, Time: 7.00, mse_0: 4.1714e-05, mse_f: 1.9260e-04, total loss: 2.6251e-04, Error: 2.0290e-03, Error v: 3.5957e-03
It: 10500, Time: 6.66, mse_0: 4.1275e-05, mse_f: 1.8997e-04, total loss: 2.5946e-04, Error: 1.9983e-03, Error v: 3.6245e-03
It: 10600, Time: 6.50, mse_0: 4.0831e-05, mse_f: 1.8771e-04, total loss: 2.5636e-04, Error: 1.9886e-03, Error v: 3.5844e-03
It: 10700, Time: 6.45, mse_0: 4.1222e-05, mse_f: 1.8548e-04, total loss: 2.5352e-04, Error: 2.0253e-03, Error v: 3.5872e-03
It: 10800, Time: 7.47, mse_0: 4.0841e-05, mse_f: 1.8391e-04, total loss: 2.5108e-04, Error: 2.0501e-03, Error v: 3.5111e-03
It: 10900, Time: 7.27, mse_0: 4.0076e-05, mse_f: 1.8242e-04, total loss: 2.4853e-04, Error: 2.0354e-03, Error v: 3.4281e-03
It: 11000, Time: 6.35, mse_0: 3.9218e-05, mse_f: 1.8077e-04, total loss: 2.4610e-04, Error: 2.0239e-03, Error v: 3.4109e-03
It: 11100, Time: 6.94, mse_0: 3.8396e-05, mse_f: 1.7895e-04, total loss: 2.4345e-04, Error: 1.9870e-03, Error v: 3.3815e-03
It: 11200, Time: 7.78, mse_0: 3.7468e-05, mse_f: 1.7695e-04, total loss: 2.4071e-04, Error: 2.0337e-03, Error v: 3.3576e-03
It: 11300, Time: 7.08, mse_0: 3.6988e-05, mse_f: 1.7518e-04, total loss: 2.3822e-04, Error: 2.0166e-03, Error v: 3.4055e-03
It: 11400, Time: 7.02, mse_0: 3.6010e-05, mse_f: 1.7316e-04, total loss: 2.3556e-04, Error: 1.9769e-03, Error v: 3.3783e-03
It: 11500, Time: 6.99, mse_0: 3.5686e-05, mse_f: 1.7132e-04, total loss: 2.3352e-04, Error: 1.9634e-03, Error v: 3.3592e-03
It: 11600, Time: 7.14, mse_0: 3.5080e-05, mse_f: 1.6935e-04, total loss: 2.3138e-04, Error: 1.9515e-03, Error v: 3.3331e-03
It: 11700, Time: 7.00, mse_0: 3.4715e-05, mse_f: 1.6741e-04, total loss: 2.2899e-04, Error: 1.9354e-03, Error v: 3.3997e-03
It: 11800, Time: 6.50, mse_0: 3.4235e-05, mse_f: 1.6560e-04, total loss: 2.2672e-04, Error: 1.9399e-03, Error v: 3.3975e-03
It: 11900, Time: 7.26, mse_0: 3.3857e-05, mse_f: 1.6376e-04, total loss: 2.2425e-04, Error: 1.9640e-03, Error v: 3.4169e-03
It: 12000, Time: 8.13, mse_0: 3.3741e-05, mse_f: 1.6202e-04, total loss: 2.2178e-04, Error: 1.9280e-03, Error v: 3.3102e-03
It: 12100, Time: 6.53, mse_0: 3.3373e-05, mse_f: 1.6083e-04, total loss: 2.2000e-04, Error: 1.9113e-03, Error v: 3.2374e-03
It: 12200, Time: 6.69, mse_0: 3.3199e-05, mse_f: 1.5949e-04, total loss: 2.1826e-04, Error: 1.9529e-03, Error v: 3.2350e-03
It: 12300, Time: 6.23, mse_0: 3.2853e-05, mse_f: 1.5787e-04, total loss: 2.1615e-04, Error: 1.9706e-03, Error v: 3.2332e-03
It: 12400, Time: 6.10, mse_0: 3.2302e-05, mse_f: 1.5636e-04, total loss: 2.1393e-04, Error: 1.9665e-03, Error v: 3.2569e-03
It: 12500, Time: 6.80, mse_0: 3.1869e-05, mse_f: 1.5484e-04, total loss: 2.1184e-04, Error: 1.9978e-03, Error v: 3.2574e-03
It: 12600, Time: 6.56, mse_0: 3.1576e-05, mse_f: 1.5243e-04, total loss: 2.0919e-04, Error: 1.9930e-03, Error v: 3.4316e-03
It: 12700, Time: 6.73, mse_0: 3.1097e-05, mse_f: 1.5052e-04, total loss: 2.0704e-04, Error: 2.0357e-03, Error v: 3.4685e-03
It: 12800, Time: 6.82, mse_0: 3.0931e-05, mse_f: 1.4823e-04, total loss: 2.0465e-04, Error: 2.0278e-03, Error v: 3.4030e-03
It: 12900, Time: 6.31, mse_0: 3.0925e-05, mse_f: 1.4599e-04, total loss: 2.0239e-04, Error: 1.9959e-03, Error v: 3.3655e-03
It: 13000, Time: 6.79, mse_0: 3.0644e-05, mse_f: 1.4428e-04, total loss: 2.0018e-04, Error: 2.0212e-03, Error v: 3.3385e-03
It: 13100, Time: 6.07, mse_0: 3.0662e-05, mse_f: 1.4285e-04, total loss: 1.9821e-04, Error: 2.0241e-03, Error v: 3.3140e-03
It: 13200, Time: 7.08, mse_0: 3.0750e-05, mse_f: 1.4150e-04, total loss: 1.9627e-04, Error: 2.0229e-03, Error v: 3.2567e-03
It: 13300, Time: 6.53, mse_0: 3.0657e-05, mse_f: 1.4037e-04, total loss: 1.9480e-04, Error: 2.0115e-03, Error v: 3.3281e-03
It: 13400, Time: 6.72, mse_0: 3.0421e-05, mse_f: 1.3926e-04, total loss: 1.9328e-04, Error: 2.0352e-03, Error v: 3.3313e-03
It: 13500, Time: 6.66, mse_0: 2.9696e-05, mse_f: 1.3804e-04, total loss: 1.9135e-04, Error: 2.0442e-03, Error v: 3.2898e-03
It: 13600, Time: 6.43, mse_0: 2.9439e-05, mse_f: 1.3669e-04, total loss: 1.8985e-04, Error: 2.0172e-03, Error v: 3.2959e-03
It: 13700, Time: 6.15, mse_0: 2.9503e-05, mse_f: 1.3534e-04, total loss: 1.8845e-04, Error: 2.0479e-03, Error v: 3.2900e-03
It: 13800, Time: 6.51, mse_0: 2.8954e-05, mse_f: 1.3356e-04, total loss: 1.8653e-04, Error: 2.0985e-03, Error v: 3.3189e-03
It: 13900, Time: 6.31, mse_0: 2.8987e-05, mse_f: 1.3203e-04, total loss: 1.8481e-04, Error: 2.1393e-03, Error v: 3.2752e-03
It: 14000, Time: 6.20, mse_0: 2.8736e-05, mse_f: 1.3068e-04, total loss: 1.8312e-04, Error: 2.1169e-03, Error v: 3.2877e-03
It: 14100, Time: 6.75, mse_0: 2.8774e-05, mse_f: 1.2937e-04, total loss: 1.8151e-04, Error: 2.1257e-03, Error v: 3.3350e-03
It: 14200, Time: 6.33, mse_0: 2.8703e-05, mse_f: 1.2802e-04, total loss: 1.7994e-04, Error: 2.1623e-03, Error v: 3.3710e-03
It: 14300, Time: 5.52, mse_0: 2.8456e-05, mse_f: 1.2703e-04, total loss: 1.7849e-04, Error: 2.2037e-03, Error v: 3.3770e-03
It: 14400, Time: 5.71, mse_0: 2.7814e-05, mse_f: 1.2625e-04, total loss: 1.7723e-04, Error: 2.2230e-03, Error v: 3.3822e-03
It: 14500, Time: 5.91, mse_0: 2.7599e-05, mse_f: 1.2496e-04, total loss: 1.7567e-04, Error: 2.2171e-03, Error v: 3.3894e-03
It: 14600, Time: 6.04, mse_0: 2.7635e-05, mse_f: 1.2398e-04, total loss: 1.7420e-04, Error: 2.2019e-03, Error v: 3.3418e-03
It: 14700, Time: 6.20, mse_0: 2.7021e-05, mse_f: 1.2331e-04, total loss: 1.7280e-04, Error: 2.2113e-03, Error v: 3.3136e-03
It: 14800, Time: 6.30, mse_0: 2.6831e-05, mse_f: 1.2189e-04, total loss: 1.7091e-04, Error: 2.2318e-03, Error v: 3.3528e-03
It: 14900, Time: 6.51, mse_0: 2.6436e-05, mse_f: 1.2055e-04, total loss: 1.6906e-04, Error: 2.1951e-03, Error v: 3.3269e-03
It: 15000, Time: 6.50, mse_0: 2.6244e-05, mse_f: 1.1952e-04, total loss: 1.6763e-04, Error: 2.1554e-03, Error v: 3.2801e-03
It: 15100, Time: 6.37, mse_0: 2.6279e-05, mse_f: 1.1848e-04, total loss: 1.6628e-04, Error: 2.1529e-03, Error v: 3.2648e-03
It: 15200, Time: 6.00, mse_0: 2.6063e-05, mse_f: 1.1709e-04, total loss: 1.6454e-04, Error: 2.1957e-03, Error v: 3.1943e-03
It: 15300, Time: 6.28, mse_0: 2.5856e-05, mse_f: 1.1608e-04, total loss: 1.6316e-04, Error: 2.2004e-03, Error v: 3.2514e-03
It: 15400, Time: 6.38, mse_0: 2.5830e-05, mse_f: 1.1500e-04, total loss: 1.6172e-04, Error: 2.1723e-03, Error v: 3.1794e-03
It: 15500, Time: 6.45, mse_0: 2.5638e-05, mse_f: 1.1393e-04, total loss: 1.6028e-04, Error: 2.1751e-03, Error v: 3.1795e-03
It: 15600, Time: 6.98, mse_0: 2.5639e-05, mse_f: 1.1285e-04, total loss: 1.5884e-04, Error: 2.1755e-03, Error v: 3.0965e-03
It: 15700, Time: 5.96, mse_0: 2.5255e-05, mse_f: 1.1223e-04, total loss: 1.5753e-04, Error: 2.1796e-03, Error v: 3.0819e-03
It: 15800, Time: 5.78, mse_0: 2.4971e-05, mse_f: 1.1158e-04, total loss: 1.5625e-04, Error: 2.1795e-03, Error v: 3.0737e-03
It: 15900, Time: 6.17, mse_0: 2.4351e-05, mse_f: 1.1076e-04, total loss: 1.5476e-04, Error: 2.1724e-03, Error v: 3.0134e-03
It: 16000, Time: 6.10, mse_0: 2.4023e-05, mse_f: 1.0975e-04, total loss: 1.5334e-04, Error: 2.2039e-03, Error v: 3.0340e-03
It: 16100, Time: 6.60, mse_0: 2.3549e-05, mse_f: 1.0874e-04, total loss: 1.5207e-04, Error: 2.1770e-03, Error v: 3.0593e-03
It: 16200, Time: 6.24, mse_0: 2.3372e-05, mse_f: 1.0794e-04, total loss: 1.5100e-04, Error: 2.1166e-03, Error v: 3.0594e-03
It: 16300, Time: 5.65, mse_0: 2.3438e-05, mse_f: 1.0712e-04, total loss: 1.4981e-04, Error: 2.0899e-03, Error v: 3.0785e-03
It: 16400, Time: 6.30, mse_0: 2.3336e-05, mse_f: 1.0636e-04, total loss: 1.4872e-04, Error: 2.0674e-03, Error v: 3.0868e-03
It: 16500, Time: 6.05, mse_0: 2.3533e-05, mse_f: 1.0534e-04, total loss: 1.4766e-04, Error: 2.0747e-03, Error v: 3.0695e-03
It: 16600, Time: 6.66, mse_0: 2.3530e-05, mse_f: 1.0478e-04, total loss: 1.4662e-04, Error: 2.0778e-03, Error v: 3.0486e-03
It: 16700, Time: 6.74, mse_0: 2.3369e-05, mse_f: 1.0394e-04, total loss: 1.4547e-04, Error: 2.0659e-03, Error v: 3.0826e-03
It: 16800, Time: 6.15, mse_0: 2.3324e-05, mse_f: 1.0315e-04, total loss: 1.4438e-04, Error: 2.0588e-03, Error v: 2.9551e-03
It: 16900, Time: 7.49, mse_0: 2.3103e-05, mse_f: 1.0221e-04, total loss: 1.4319e-04, Error: 2.0627e-03, Error v: 2.8896e-03
It: 17000, Time: 6.60, mse_0: 2.3166e-05, mse_f: 1.0131e-04, total loss: 1.4201e-04, Error: 2.0667e-03, Error v: 2.8841e-03
It: 17100, Time: 5.82, mse_0: 2.3240e-05, mse_f: 1.0018e-04, total loss: 1.4091e-04, Error: 2.0774e-03, Error v: 2.8967e-03
It: 17200, Time: 6.68, mse_0: 2.3420e-05, mse_f: 9.9379e-05, total loss: 1.3999e-04, Error: 2.0794e-03, Error v: 2.8700e-03
It: 17300, Time: 6.30, mse_0: 2.3578e-05, mse_f: 9.8432e-05, total loss: 1.3886e-04, Error: 2.0773e-03, Error v: 2.8318e-03
It: 17400, Time: 6.59, mse_0: 2.3451e-05, mse_f: 9.7644e-05, total loss: 1.3790e-04, Error: 2.0725e-03, Error v: 2.7840e-03
It: 17500, Time: 6.60, mse_0: 2.3384e-05, mse_f: 9.7108e-05, total loss: 1.3715e-04, Error: 2.0744e-03, Error v: 2.7542e-03
It: 17600, Time: 7.06, mse_0: 2.3105e-05, mse_f: 9.6499e-05, total loss: 1.3622e-04, Error: 2.0562e-03, Error v: 2.7489e-03
It: 17700, Time: 7.08, mse_0: 2.3256e-05, mse_f: 9.5669e-05, total loss: 1.3531e-04, Error: 2.0449e-03, Error v: 2.7441e-03
It: 17800, Time: 7.11, mse_0: 2.3312e-05, mse_f: 9.4913e-05, total loss: 1.3428e-04, Error: 2.0887e-03, Error v: 2.7046e-03
It: 17900, Time: 6.75, mse_0: 2.3302e-05, mse_f: 9.3964e-05, total loss: 1.3315e-04, Error: 2.0636e-03, Error v: 2.6891e-03
It: 18000, Time: 6.76, mse_0: 2.3062e-05, mse_f: 9.3267e-05, total loss: 1.3222e-04, Error: 2.0748e-03, Error v: 2.6246e-03
It: 18100, Time: 6.29, mse_0: 2.2758e-05, mse_f: 9.2623e-05, total loss: 1.3121e-04, Error: 2.0886e-03, Error v: 2.6010e-03
It: 18200, Time: 7.02, mse_0: 2.2629e-05, mse_f: 9.1761e-05, total loss: 1.3015e-04, Error: 2.0496e-03, Error v: 2.6236e-03
It: 18300, Time: 6.75, mse_0: 2.2565e-05, mse_f: 9.0955e-05, total loss: 1.2921e-04, Error: 2.0556e-03, Error v: 2.5963e-03
It: 18400, Time: 7.53, mse_0: 2.2437e-05, mse_f: 9.0204e-05, total loss: 1.2840e-04, Error: 2.0341e-03, Error v: 2.6273e-03
It: 18500, Time: 6.98, mse_0: 2.2530e-05, mse_f: 8.9441e-05, total loss: 1.2757e-04, Error: 2.0489e-03, Error v: 2.5400e-03
It: 18600, Time: 5.92, mse_0: 2.2393e-05, mse_f: 8.8569e-05, total loss: 1.2652e-04, Error: 2.0423e-03, Error v: 2.5093e-03
It: 18700, Time: 6.24, mse_0: 2.2166e-05, mse_f: 8.7651e-05, total loss: 1.2529e-04, Error: 2.0478e-03, Error v: 2.4911e-03
It: 18800, Time: 8.32, mse_0: 2.1753e-05, mse_f: 8.6875e-05, total loss: 1.2435e-04, Error: 2.0308e-03, Error v: 2.4960e-03
It: 18900, Time: 6.00, mse_0: 2.1423e-05, mse_f: 8.6321e-05, total loss: 1.2341e-04, Error: 2.0219e-03, Error v: 2.4497e-03
It: 19000, Time: 6.73, mse_0: 2.1207e-05, mse_f: 8.5778e-05, total loss: 1.2256e-04, Error: 2.0324e-03, Error v: 2.4251e-03
It: 19100, Time: 8.64, mse_0: 2.1100e-05, mse_f: 8.4926e-05, total loss: 1.2148e-04, Error: 2.0227e-03, Error v: 2.3941e-03
It: 19200, Time: 7.10, mse_0: 2.1157e-05, mse_f: 8.4150e-05, total loss: 1.2048e-04, Error: 2.0219e-03, Error v: 2.3620e-03
It: 19300, Time: 7.21, mse_0: 2.1242e-05, mse_f: 8.3503e-05, total loss: 1.1954e-04, Error: 2.0244e-03, Error v: 2.3594e-03
It: 19400, Time: 6.63, mse_0: 2.1041e-05, mse_f: 8.2869e-05, total loss: 1.1855e-04, Error: 2.0076e-03, Error v: 2.3124e-03
It: 19500, Time: 7.93, mse_0: 2.0844e-05, mse_f: 8.2339e-05, total loss: 1.1769e-04, Error: 1.9936e-03, Error v: 2.3271e-03
It: 19600, Time: 6.77, mse_0: 2.0452e-05, mse_f: 8.1834e-05, total loss: 1.1683e-04, Error: 1.9815e-03, Error v: 2.2744e-03
It: 19700, Time: 6.10, mse_0: 2.0151e-05, mse_f: 8.1357e-05, total loss: 1.1598e-04, Error: 2.0028e-03, Error v: 2.2713e-03
It: 19800, Time: 5.91, mse_0: 1.9901e-05, mse_f: 8.0801e-05, total loss: 1.1515e-04, Error: 2.0099e-03, Error v: 2.2780e-03
It: 19900, Time: 5.55, mse_0: 1.9778e-05, mse_f: 8.0271e-05, total loss: 1.1426e-04, Error: 2.0026e-03, Error v: 2.2924e-03
It: 20000, Time: 6.28, mse_0: 1.9596e-05, mse_f: 7.9713e-05, total loss: 1.1346e-04, Error: 2.0071e-03, Error v: 2.2375e-03
Error u: 2.007053e-03
Error v: 2.237536e-03
ferru =  5.7602534e-05
ferrv =  4.271371e-05
Error u: 2.229603e-03
Error v: 1.865594e-03
NeuralNet(
  (network): Sequential(
    (0): Linear(in_features=3, out_features=64, bias=True)
    (1): Tanh()
    (2): Linear(in_features=64, out_features=64, bias=True)
    (3): Tanh()
    (4): Linear(in_features=64, out_features=64, bias=True)
    (5): Tanh()
    (6): Linear(in_features=64, out_features=64, bias=True)
    (7): Tanh()
    (8): Linear(in_features=64, out_features=64, bias=True)
    (9): Tanh()
    (10): Linear(in_features=64, out_features=64, bias=True)
    (11): Tanh()
    (12): Linear(in_features=64, out_features=2, bias=True)
  )
)
starting Adam training
It: 100, Time: 4.87, mse_0: 4.2975e+01, mse_f: 3.8473e-04, total loss: 5.3624e+01, Error: 1.8595e+00, Error v: 1.1185e+00
It: 200, Time: 4.77, mse_0: 3.1227e+01, mse_f: 6.3944e-03, total loss: 2.4912e+01, Error: 1.3167e+00, Error v: 7.5421e-01
It: 300, Time: 4.71, mse_0: 2.7153e+01, mse_f: 1.5263e-02, total loss: 1.5815e+01, Error: 9.8806e-01, Error v: 1.4867e+00
It: 400, Time: 4.37, mse_0: 2.4973e+01, mse_f: 8.0347e-03, total loss: 1.2721e+01, Error: 9.6412e-01, Error v: 1.2909e+00
It: 500, Time: 4.47, mse_0: 2.3477e+01, mse_f: 6.7658e-02, total loss: 1.2802e+01, Error: 9.6341e-01, Error v: 1.2876e+00
It: 600, Time: 4.21, mse_0: 1.8623e+01, mse_f: 1.7640e-01, total loss: 1.1255e+01, Error: 9.9700e-01, Error v: 1.1258e+00
It: 700, Time: 4.75, mse_0: 1.5591e+01, mse_f: 3.4355e-01, total loss: 1.0568e+01, Error: 9.4764e-01, Error v: 7.4959e-01
It: 800, Time: 4.11, mse_0: 1.4886e+01, mse_f: 4.5281e-01, total loss: 9.9085e+00, Error: 9.6595e-01, Error v: 1.0447e+00
It: 900, Time: 4.28, mse_0: 1.3920e+01, mse_f: 4.5434e-01, total loss: 9.2601e+00, Error: 9.4389e-01, Error v: 7.0281e-01
It: 1000, Time: 5.29, mse_0: 1.2816e+01, mse_f: 4.5610e-01, total loss: 8.6991e+00, Error: 9.2409e-01, Error v: 6.9018e-01
It: 1100, Time: 5.07, mse_0: 1.1686e+01, mse_f: 5.0252e-01, total loss: 8.1453e+00, Error: 9.0929e-01, Error v: 6.9984e-01
It: 1200, Time: 5.06, mse_0: 1.0241e+01, mse_f: 5.2853e-01, total loss: 7.4033e+00, Error: 8.7964e-01, Error v: 6.9389e-01
It: 1300, Time: 4.69, mse_0: 8.4259e+00, mse_f: 4.7283e-01, total loss: 6.1825e+00, Error: 8.4057e-01, Error v: 6.7027e-01
It: 1400, Time: 4.42, mse_0: 3.7422e+00, mse_f: 4.6040e-01, total loss: 4.0667e+00, Error: 7.2120e-01, Error v: 6.1691e-01
It: 1500, Time: 4.65, mse_0: 2.3574e+00, mse_f: 7.3604e-01, total loss: 2.9814e+00, Error: 7.5547e-01, Error v: 6.2641e-01
It: 1600, Time: 4.65, mse_0: 1.4998e+00, mse_f: 7.5668e-01, total loss: 2.2783e+00, Error: 7.1377e-01, Error v: 6.4724e-01
It: 1700, Time: 4.78, mse_0: 1.1716e+00, mse_f: 5.4544e-01, total loss: 1.7760e+00, Error: 6.2975e-01, Error v: 6.0454e-01
It: 1800, Time: 4.90, mse_0: 1.0729e+00, mse_f: 4.1167e-01, total loss: 1.4486e+00, Error: 5.6827e-01, Error v: 5.6607e-01
It: 1900, Time: 4.76, mse_0: 8.9795e-01, mse_f: 2.6543e-01, total loss: 1.1292e+00, Error: 4.5206e-01, Error v: 5.7398e-01
It: 2000, Time: 4.89, mse_0: 6.9858e-01, mse_f: 1.4552e-01, total loss: 8.3224e-01, Error: 3.3326e-01, Error v: 5.5198e-01
It: 2100, Time: 4.51, mse_0: 5.4513e-01, mse_f: 1.1103e-01, total loss: 6.2102e-01, Error: 2.6000e-01, Error v: 5.1188e-01
It: 2200, Time: 4.56, mse_0: 4.0996e-01, mse_f: 8.3364e-02, total loss: 4.6390e-01, Error: 1.9033e-01, Error v: 5.0246e-01
It: 2300, Time: 4.43, mse_0: 3.1276e-01, mse_f: 7.6013e-02, total loss: 3.7354e-01, Error: 1.6622e-01, Error v: 4.8302e-01
It: 2400, Time: 4.38, mse_0: 2.4945e-01, mse_f: 6.7405e-02, total loss: 3.1386e-01, Error: 1.5897e-01, Error v: 4.6431e-01
It: 2500, Time: 4.65, mse_0: 2.0664e-01, mse_f: 6.0029e-02, total loss: 2.6921e-01, Error: 1.4357e-01, Error v: 4.4055e-01
It: 2600, Time: 4.70, mse_0: 1.6884e-01, mse_f: 5.4724e-02, total loss: 2.3402e-01, Error: 1.3153e-01, Error v: 4.1024e-01
It: 2700, Time: 4.82, mse_0: 1.4256e-01, mse_f: 4.9177e-02, total loss: 2.0601e-01, Error: 1.2369e-01, Error v: 3.8910e-01
It: 2800, Time: 4.71, mse_0: 1.1849e-01, mse_f: 4.5899e-02, total loss: 1.8298e-01, Error: 1.1821e-01, Error v: 3.7133e-01
It: 2900, Time: 4.64, mse_0: 9.7968e-02, mse_f: 4.3739e-02, total loss: 1.6359e-01, Error: 1.1250e-01, Error v: 3.5813e-01
It: 3000, Time: 4.38, mse_0: 2.0283e-01, mse_f: 4.6570e-02, total loss: 4.3137e-01, Error: 1.2782e-01, Error v: 3.4299e-01
It: 3100, Time: 4.62, mse_0: 8.8311e-02, mse_f: 3.9651e-02, total loss: 1.5417e-01, Error: 1.1386e-01, Error v: 3.2640e-01
It: 3200, Time: 4.83, mse_0: 7.3141e-02, mse_f: 3.6986e-02, total loss: 1.5280e-01, Error: 9.5319e-02, Error v: 3.0937e-01
It: 3300, Time: 4.48, mse_0: 7.0145e-02, mse_f: 3.6247e-02, total loss: 1.3100e-01, Error: 8.9060e-02, Error v: 2.9441e-01
It: 3400, Time: 4.46, mse_0: 5.8882e-02, mse_f: 3.4075e-02, total loss: 1.1327e-01, Error: 8.5525e-02, Error v: 2.8297e-01
It: 3500, Time: 4.38, mse_0: 5.2016e-02, mse_f: 3.3035e-02, total loss: 1.0493e-01, Error: 8.3414e-02, Error v: 2.6299e-01
It: 3600, Time: 4.76, mse_0: 4.6576e-02, mse_f: 3.1969e-02, total loss: 9.7374e-02, Error: 8.3128e-02, Error v: 2.4596e-01
It: 3700, Time: 4.82, mse_0: 7.9916e-02, mse_f: 3.3466e-02, total loss: 1.7181e-01, Error: 8.0540e-02, Error v: 2.2790e-01
It: 3800, Time: 5.15, mse_0: 5.2213e-02, mse_f: 3.0725e-02, total loss: 9.9279e-02, Error: 7.1783e-02, Error v: 2.0474e-01
It: 3900, Time: 4.69, mse_0: 4.9290e-02, mse_f: 3.0562e-02, total loss: 9.1360e-02, Error: 6.7010e-02, Error v: 1.8489e-01
It: 4000, Time: 4.77, mse_0: 3.7196e-02, mse_f: 2.7528e-02, total loss: 7.6176e-02, Error: 6.7442e-02, Error v: 1.6840e-01
It: 4100, Time: 4.32, mse_0: 3.3252e-02, mse_f: 2.7122e-02, total loss: 6.8135e-02, Error: 6.5261e-02, Error v: 1.5353e-01
It: 4200, Time: 4.34, mse_0: 3.0733e-02, mse_f: 2.6713e-02, total loss: 6.1282e-02, Error: 5.9184e-02, Error v: 1.4064e-01
It: 4300, Time: 4.77, mse_0: 2.7452e-02, mse_f: 2.5220e-02, total loss: 5.6811e-02, Error: 5.8435e-02, Error v: 1.3253e-01
It: 4400, Time: 4.69, mse_0: 4.6220e-02, mse_f: 2.4998e-02, total loss: 1.3412e-01, Error: 6.1819e-02, Error v: 1.2742e-01
It: 4500, Time: 4.77, mse_0: 5.8221e-02, mse_f: 3.0385e-02, total loss: 1.3589e-01, Error: 7.2953e-02, Error v: 1.2605e-01
It: 4600, Time: 5.10, mse_0: 2.9559e-02, mse_f: 2.6292e-02, total loss: 6.1351e-02, Error: 5.2546e-02, Error v: 1.4592e-01
It: 4700, Time: 5.13, mse_0: 2.5899e-02, mse_f: 2.3886e-02, total loss: 5.4972e-02, Error: 6.3537e-02, Error v: 1.1199e-01
It: 4800, Time: 4.87, mse_0: 2.4446e-02, mse_f: 2.2729e-02, total loss: 5.0219e-02, Error: 4.9590e-02, Error v: 1.1325e-01
It: 4900, Time: 4.74, mse_0: 2.1067e-02, mse_f: 2.1451e-02, total loss: 4.5526e-02, Error: 4.9065e-02, Error v: 1.0421e-01
It: 5000, Time: 4.42, mse_0: 1.9531e-02, mse_f: 2.0363e-02, total loss: 4.1935e-02, Error: 4.9413e-02, Error v: 1.0295e-01
It: 5100, Time: 4.44, mse_0: 1.8371e-02, mse_f: 1.9494e-02, total loss: 3.9315e-02, Error: 4.4723e-02, Error v: 9.7819e-02
It: 5200, Time: 4.40, mse_0: 1.7030e-02, mse_f: 1.8640e-02, total loss: 3.7087e-02, Error: 4.3169e-02, Error v: 9.5472e-02
It: 5300, Time: 4.68, mse_0: 1.6104e-02, mse_f: 1.7815e-02, total loss: 3.5141e-02, Error: 4.1111e-02, Error v: 9.1809e-02
It: 5400, Time: 4.84, mse_0: 3.4259e-02, mse_f: 1.9719e-02, total loss: 6.5291e-02, Error: 7.4431e-02, Error v: 1.0134e-01
It: 5500, Time: 4.75, mse_0: 2.5204e-02, mse_f: 2.1800e-02, total loss: 7.7613e-02, Error: 4.9316e-02, Error v: 1.1711e-01
It: 5600, Time: 4.46, mse_0: 2.0590e-02, mse_f: 1.8357e-02, total loss: 4.5479e-02, Error: 4.7629e-02, Error v: 9.4366e-02
It: 5700, Time: 4.26, mse_0: 1.6509e-02, mse_f: 1.7321e-02, total loss: 3.4994e-02, Error: 3.9196e-02, Error v: 1.0117e-01
It: 5800, Time: 5.05, mse_0: 1.4889e-02, mse_f: 1.6297e-02, total loss: 3.2954e-02, Error: 4.0284e-02, Error v: 8.0355e-02
It: 5900, Time: 4.49, mse_0: 1.3837e-02, mse_f: 1.5380e-02, total loss: 3.0388e-02, Error: 3.6817e-02, Error v: 8.0965e-02
It: 6000, Time: 4.61, mse_0: 1.2859e-02, mse_f: 1.4893e-02, total loss: 2.8587e-02, Error: 3.6481e-02, Error v: 7.7170e-02
It: 6100, Time: 4.78, mse_0: 1.2078e-02, mse_f: 1.4158e-02, total loss: 2.6827e-02, Error: 3.4008e-02, Error v: 7.5854e-02
It: 6200, Time: 5.00, mse_0: 1.1149e-02, mse_f: 1.3322e-02, total loss: 2.5629e-02, Error: 3.4854e-02, Error v: 7.4370e-02
It: 6300, Time: 4.50, mse_0: 4.0908e-02, mse_f: 2.9438e-02, total loss: 1.9243e-01, Error: 5.0864e-02, Error v: 1.8498e-01
It: 6400, Time: 4.36, mse_0: 2.1159e-02, mse_f: 2.4407e-02, total loss: 5.6223e-02, Error: 4.7326e-02, Error v: 3.5049e-01
It: 6500, Time: 4.27, mse_0: 1.9173e-02, mse_f: 1.8404e-02, total loss: 4.4957e-02, Error: 4.1270e-02, Error v: 1.1235e-01
It: 6600, Time: 4.83, mse_0: 1.5020e-02, mse_f: 1.6367e-02, total loss: 3.4788e-02, Error: 3.5240e-02, Error v: 1.0531e-01
It: 6700, Time: 4.82, mse_0: 1.2776e-02, mse_f: 1.4308e-02, total loss: 2.8137e-02, Error: 3.3934e-02, Error v: 1.1123e-01
It: 6800, Time: 4.89, mse_0: 1.0892e-02, mse_f: 1.3049e-02, total loss: 2.4446e-02, Error: 3.2844e-02, Error v: 7.4213e-02
It: 6900, Time: 4.75, mse_0: 1.0087e-02, mse_f: 1.2318e-02, total loss: 2.2692e-02, Error: 3.0327e-02, Error v: 6.8020e-02
It: 7000, Time: 4.79, mse_0: 9.5048e-03, mse_f: 1.1414e-02, total loss: 2.1215e-02, Error: 2.9572e-02, Error v: 6.8745e-02
It: 7100, Time: 5.06, mse_0: 8.7579e-03, mse_f: 1.0783e-02, total loss: 1.9878e-02, Error: 2.8541e-02, Error v: 7.0775e-02
It: 7200, Time: 4.91, mse_0: 9.8649e-03, mse_f: 1.0345e-02, total loss: 2.1792e-02, Error: 2.8290e-02, Error v: 7.6271e-02
It: 7300, Time: 4.74, mse_0: 5.4394e-02, mse_f: 1.4426e-02, total loss: 1.1336e-01, Error: 4.6969e-02, Error v: 1.0445e-01
It: 7400, Time: 4.90, mse_0: 1.2691e-02, mse_f: 1.1397e-02, total loss: 3.0646e-02, Error: 3.8103e-02, Error v: 1.1762e-01
It: 7500, Time: 4.94, mse_0: 1.2962e-02, mse_f: 1.0443e-02, total loss: 2.7129e-02, Error: 2.8381e-02, Error v: 9.9623e-02
It: 7600, Time: 5.89, mse_0: 9.8694e-03, mse_f: 9.6713e-03, total loss: 2.0670e-02, Error: 2.5346e-02, Error v: 7.5015e-02
It: 7700, Time: 5.56, mse_0: 6.8815e-03, mse_f: 8.6898e-03, total loss: 1.6366e-02, Error: 2.8004e-02, Error v: 7.0330e-02
It: 7800, Time: 5.28, mse_0: 6.6710e-03, mse_f: 8.2090e-03, total loss: 1.5484e-02, Error: 2.4042e-02, Error v: 7.8512e-02
It: 7900, Time: 5.22, mse_0: 5.7517e-03, mse_f: 7.6393e-03, total loss: 1.4185e-02, Error: 2.4049e-02, Error v: 7.7190e-02
It: 8000, Time: 6.56, mse_0: 3.0530e-02, mse_f: 9.3116e-03, total loss: 6.6632e-02, Error: 4.8490e-02, Error v: 1.6133e-01
It: 8100, Time: 4.95, mse_0: 1.3740e-02, mse_f: 8.8631e-03, total loss: 3.3160e-02, Error: 2.7553e-02, Error v: 1.2559e-01
It: 8200, Time: 6.32, mse_0: 8.6777e-03, mse_f: 8.1633e-03, total loss: 1.7936e-02, Error: 2.9198e-02, Error v: 8.0364e-02
It: 8300, Time: 5.44, mse_0: 6.7545e-03, mse_f: 7.5515e-03, total loss: 1.4948e-02, Error: 2.5659e-02, Error v: 9.7014e-02
It: 8400, Time: 5.07, mse_0: 8.4196e-03, mse_f: 7.1000e-03, total loss: 1.8405e-02, Error: 2.5081e-02, Error v: 8.5974e-02
It: 8500, Time: 5.51, mse_0: 7.3709e-03, mse_f: 7.7560e-03, total loss: 1.7575e-02, Error: 2.5991e-02, Error v: 8.2912e-02
It: 8600, Time: 5.22, mse_0: 9.8332e-03, mse_f: 9.0157e-03, total loss: 2.3905e-02, Error: 2.2561e-02, Error v: 1.1336e-01
It: 8700, Time: 4.93, mse_0: 6.9466e-03, mse_f: 7.3603e-03, total loss: 1.6676e-02, Error: 2.0269e-02, Error v: 1.1696e-01
It: 8800, Time: 4.84, mse_0: 4.8080e-03, mse_f: 5.6957e-03, total loss: 1.2871e-02, Error: 2.5964e-02, Error v: 6.5619e-02
It: 8900, Time: 5.21, mse_0: 4.8906e-03, mse_f: 7.7431e-03, total loss: 1.7910e-02, Error: 2.0006e-02, Error v: 1.5660e-01
It: 9000, Time: 5.39, mse_0: 5.1176e-03, mse_f: 5.9866e-03, total loss: 1.2526e-02, Error: 1.9386e-02, Error v: 9.1590e-02
It: 9100, Time: 4.75, mse_0: 5.7603e-03, mse_f: 8.4021e-03, total loss: 1.8139e-02, Error: 2.2014e-02, Error v: 1.7050e-01
It: 9200, Time: 5.25, mse_0: 4.5448e-03, mse_f: 5.3773e-03, total loss: 1.1322e-02, Error: 1.8447e-02, Error v: 7.7386e-02
It: 9300, Time: 5.43, mse_0: 9.0094e-03, mse_f: 9.3446e-03, total loss: 5.0348e-02, Error: 4.5990e-02, Error v: 1.5326e-01
It: 9400, Time: 4.87, mse_0: 2.5218e-02, mse_f: 1.8388e-02, total loss: 7.8097e-02, Error: 2.4657e-02, Error v: 1.4387e-01
It: 9500, Time: 5.17, mse_0: 1.4511e-02, mse_f: 9.1243e-03, total loss: 3.7473e-02, Error: 2.6588e-02, Error v: 1.4557e-01
It: 9600, Time: 4.47, mse_0: 4.8035e-03, mse_f: 6.5399e-03, total loss: 1.2775e-02, Error: 2.5525e-02, Error v: 6.0294e-02
It: 9700, Time: 4.73, mse_0: 4.0964e-03, mse_f: 5.6019e-03, total loss: 1.1482e-02, Error: 1.7026e-02, Error v: 7.9753e-02
It: 9800, Time: 4.23, mse_0: 3.3159e-03, mse_f: 4.6694e-03, total loss: 9.3836e-03, Error: 1.9306e-02, Error v: 8.1478e-02
It: 9900, Time: 4.24, mse_0: 2.0018e-02, mse_f: 5.2244e-03, total loss: 4.9766e-02, Error: 5.0973e-02, Error v: 1.2666e-01
It: 10000, Time: 4.29, mse_0: 7.1701e-03, mse_f: 4.3508e-03, total loss: 2.1359e-02, Error: 2.9876e-02, Error v: 6.1726e-02
It: 10100, Time: 4.26, mse_0: 4.3268e-03, mse_f: 4.1292e-03, total loss: 1.1939e-02, Error: 1.6810e-02, Error v: 6.2846e-02
It: 10200, Time: 4.17, mse_0: 3.0154e-03, mse_f: 3.7730e-03, total loss: 8.8609e-03, Error: 1.6880e-02, Error v: 6.8065e-02
It: 10300, Time: 4.26, mse_0: 1.3577e-02, mse_f: 3.8047e-03, total loss: 2.1181e-02, Error: 4.0490e-02, Error v: 8.8781e-02
It: 10400, Time: 4.00, mse_0: 4.4528e-03, mse_f: 3.7719e-03, total loss: 1.2788e-02, Error: 1.4100e-02, Error v: 4.7098e-02
It: 10500, Time: 4.48, mse_0: 3.3644e-03, mse_f: 3.5191e-03, total loss: 1.0296e-02, Error: 1.6321e-02, Error v: 4.5083e-02
It: 10600, Time: 4.29, mse_0: 6.5544e-03, mse_f: 6.3251e-03, total loss: 2.1834e-02, Error: 3.2428e-02, Error v: 1.6337e-01
It: 10700, Time: 4.37, mse_0: 4.9925e-03, mse_f: 3.8811e-03, total loss: 1.2239e-02, Error: 1.8110e-02, Error v: 5.2862e-02
It: 10800, Time: 4.54, mse_0: 3.0651e-03, mse_f: 3.0085e-03, total loss: 8.8379e-03, Error: 1.2025e-02, Error v: 3.9832e-02
It: 10900, Time: 4.57, mse_0: 4.9778e-03, mse_f: 2.9200e-03, total loss: 1.5440e-02, Error: 2.6275e-02, Error v: 8.6650e-02
It: 11000, Time: 4.47, mse_0: 5.2362e-03, mse_f: 3.0275e-03, total loss: 1.0734e-02, Error: 1.5387e-02, Error v: 5.6386e-02
It: 11100, Time: 4.69, mse_0: 3.3913e-03, mse_f: 3.0168e-03, total loss: 1.0811e-02, Error: 1.3168e-02, Error v: 7.7811e-02
It: 11200, Time: 4.45, mse_0: 2.9388e-03, mse_f: 2.5166e-03, total loss: 1.0544e-02, Error: 2.2037e-02, Error v: 6.7380e-02
It: 11300, Time: 4.35, mse_0: 2.6174e-02, mse_f: 4.4454e-03, total loss: 4.7017e-02, Error: 2.4834e-02, Error v: 8.7020e-02
It: 11400, Time: 4.23, mse_0: 7.7452e-03, mse_f: 4.6456e-03, total loss: 2.0216e-02, Error: 1.4490e-02, Error v: 6.9015e-02
It: 11500, Time: 4.42, mse_0: 5.1424e-03, mse_f: 3.6662e-03, total loss: 1.2802e-02, Error: 1.7375e-02, Error v: 8.0305e-02
It: 11600, Time: 5.60, mse_0: 2.1490e-03, mse_f: 2.3215e-03, total loss: 5.1938e-03, Error: 1.1393e-02, Error v: 6.5776e-02
It: 11700, Time: 5.18, mse_0: 1.9925e-03, mse_f: 2.3958e-03, total loss: 6.1541e-03, Error: 2.6405e-02, Error v: 4.7492e-02
It: 11800, Time: 4.60, mse_0: 3.3006e-03, mse_f: 2.5675e-03, total loss: 6.7611e-03, Error: 2.7601e-02, Error v: 1.0720e-01
It: 11900, Time: 5.15, mse_0: 6.4281e-02, mse_f: 5.4696e-03, total loss: 1.3021e-01, Error: 5.8842e-02, Error v: 1.0562e-01
It: 12000, Time: 4.89, mse_0: 1.2382e-02, mse_f: 6.5681e-03, total loss: 2.5046e-02, Error: 2.0660e-02, Error v: 8.3091e-02
It: 12100, Time: 4.71, mse_0: 1.5575e-03, mse_f: 2.5886e-03, total loss: 5.8558e-03, Error: 1.8812e-02, Error v: 9.1095e-02
It: 12200, Time: 4.63, mse_0: 2.4994e-03, mse_f: 2.6034e-03, total loss: 9.3853e-03, Error: 1.3568e-02, Error v: 5.9501e-02
It: 12300, Time: 4.71, mse_0: 1.2295e-03, mse_f: 1.9077e-03, total loss: 5.2436e-03, Error: 1.2278e-02, Error v: 3.3819e-02
It: 12400, Time: 4.31, mse_0: 1.1934e-03, mse_f: 1.8699e-03, total loss: 4.7971e-03, Error: 1.3322e-02, Error v: 2.9554e-02
It: 12500, Time: 4.20, mse_0: 4.2191e-03, mse_f: 1.7775e-03, total loss: 1.0809e-02, Error: 1.3516e-02, Error v: 4.8657e-02
It: 12600, Time: 4.22, mse_0: 8.8965e-04, mse_f: 1.9942e-03, total loss: 3.9483e-03, Error: 9.1712e-03, Error v: 2.7337e-02
It: 12700, Time: 4.17, mse_0: 4.9089e-03, mse_f: 2.4987e-03, total loss: 1.6064e-02, Error: 1.8822e-02, Error v: 5.3736e-02
It: 12800, Time: 4.34, mse_0: 1.5129e-03, mse_f: 2.0795e-03, total loss: 4.8632e-03, Error: 8.8361e-03, Error v: 7.3383e-02
It: 12900, Time: 4.30, mse_0: 3.9599e-03, mse_f: 1.6704e-03, total loss: 8.9553e-03, Error: 1.0912e-02, Error v: 3.2948e-02
It: 13000, Time: 4.29, mse_0: 9.9902e-04, mse_f: 1.5708e-03, total loss: 3.7803e-03, Error: 1.7940e-02, Error v: 6.1619e-02
It: 13100, Time: 4.73, mse_0: 2.4530e-03, mse_f: 2.7948e-03, total loss: 8.8590e-03, Error: 1.7786e-02, Error v: 1.5636e-01
It: 13200, Time: 4.52, mse_0: 3.5548e-03, mse_f: 1.7827e-03, total loss: 8.0451e-03, Error: 1.2822e-02, Error v: 5.7169e-02
It: 13300, Time: 4.50, mse_0: 1.7123e-03, mse_f: 1.4429e-03, total loss: 4.4442e-03, Error: 9.1056e-03, Error v: 2.7969e-02
It: 13400, Time: 4.52, mse_0: 5.6082e-03, mse_f: 5.5731e-03, total loss: 2.6587e-02, Error: 2.8361e-02, Error v: 1.5041e-01
It: 13500, Time: 4.87, mse_0: 1.4353e-03, mse_f: 3.4026e-03, total loss: 7.7647e-03, Error: 1.3382e-02, Error v: 1.5069e-01
It: 13600, Time: 4.76, mse_0: 8.9600e-04, mse_f: 2.5512e-03, total loss: 4.7875e-03, Error: 7.3618e-03, Error v: 6.9172e-02
It: 13700, Time: 4.69, mse_0: 4.2433e-03, mse_f: 1.8583e-03, total loss: 9.2974e-03, Error: 1.7868e-02, Error v: 9.5457e-02
It: 13800, Time: 5.00, mse_0: 3.4163e-03, mse_f: 1.4272e-03, total loss: 9.8488e-03, Error: 2.4066e-02, Error v: 2.8863e-02
It: 13900, Time: 4.55, mse_0: 8.8072e-04, mse_f: 1.2942e-03, total loss: 3.0924e-03, Error: 1.0046e-02, Error v: 2.5971e-02
It: 14000, Time: 4.27, mse_0: 3.3933e-03, mse_f: 1.1829e-03, total loss: 9.2583e-03, Error: 1.9717e-02, Error v: 2.2108e-02
It: 14100, Time: 4.75, mse_0: 2.5345e-03, mse_f: 1.1953e-03, total loss: 4.4093e-03, Error: 8.9597e-03, Error v: 3.3760e-02
It: 14200, Time: 4.80, mse_0: 4.4657e-03, mse_f: 2.8938e-03, total loss: 1.3796e-02, Error: 1.7242e-02, Error v: 9.3546e-02
It: 14300, Time: 4.78, mse_0: 1.6457e-03, mse_f: 1.3420e-03, total loss: 3.8854e-03, Error: 7.8111e-03, Error v: 3.7552e-02
It: 14400, Time: 4.61, mse_0: 7.0119e-03, mse_f: 1.3169e-03, total loss: 1.6262e-02, Error: 2.2565e-02, Error v: 7.7077e-02
It: 14500, Time: 4.59, mse_0: 1.1230e-03, mse_f: 1.1756e-03, total loss: 2.8684e-03, Error: 9.2612e-03, Error v: 2.2497e-02
It: 14600, Time: 4.78, mse_0: 4.7800e-03, mse_f: 1.2727e-03, total loss: 1.0312e-02, Error: 1.5481e-02, Error v: 4.6784e-02
It: 14700, Time: 4.74, mse_0: 2.4995e-03, mse_f: 1.0003e-03, total loss: 6.6059e-03, Error: 1.7011e-02, Error v: 1.6272e-02
It: 14800, Time: 4.80, mse_0: 6.9390e-04, mse_f: 1.2138e-03, total loss: 3.2970e-03, Error: 9.5503e-03, Error v: 3.0282e-02
It: 14900, Time: 4.80, mse_0: 3.8582e-03, mse_f: 3.0571e-03, total loss: 1.2440e-02, Error: 9.9011e-03, Error v: 3.1877e-02
It: 15000, Time: 4.61, mse_0: 6.9702e-04, mse_f: 2.1894e-03, total loss: 4.4430e-03, Error: 8.3827e-03, Error v: 9.8840e-02
It: 15100, Time: 4.59, mse_0: 4.8681e-03, mse_f: 1.8423e-03, total loss: 1.3692e-02, Error: 2.0366e-02, Error v: 3.8639e-02
It: 15200, Time: 4.55, mse_0: 1.1436e-03, mse_f: 1.3983e-03, total loss: 4.3182e-03, Error: 1.1234e-02, Error v: 2.5810e-02
It: 15300, Time: 4.68, mse_0: 1.4441e-03, mse_f: 1.0262e-03, total loss: 4.1549e-03, Error: 1.0648e-02, Error v: 3.9105e-02
It: 15400, Time: 4.86, mse_0: 1.5099e-03, mse_f: 9.4084e-04, total loss: 3.9458e-03, Error: 9.0783e-03, Error v: 2.3626e-02
It: 15500, Time: 4.89, mse_0: 1.1912e-03, mse_f: 9.0195e-04, total loss: 3.1452e-03, Error: 8.8349e-03, Error v: 1.9757e-02
It: 15600, Time: 4.71, mse_0: 2.3971e-03, mse_f: 8.4405e-04, total loss: 6.8116e-03, Error: 1.4883e-02, Error v: 1.8849e-02
It: 15700, Time: 4.82, mse_0: 1.8788e-03, mse_f: 9.0868e-04, total loss: 3.4838e-03, Error: 1.5428e-02, Error v: 3.0322e-02
It: 15800, Time: 4.79, mse_0: 1.2234e-03, mse_f: 1.1621e-03, total loss: 4.5045e-03, Error: 7.9256e-03, Error v: 5.4127e-02
It: 15900, Time: 4.37, mse_0: 6.2802e-04, mse_f: 1.2500e-03, total loss: 2.9998e-03, Error: 9.3780e-03, Error v: 2.7484e-02
It: 16000, Time: 4.88, mse_0: 2.3288e-03, mse_f: 9.4469e-04, total loss: 5.5582e-03, Error: 1.2528e-02, Error v: 2.4843e-02
It: 16100, Time: 4.23, mse_0: 1.7066e-03, mse_f: 7.9538e-04, total loss: 4.8722e-03, Error: 1.4112e-02, Error v: 2.8667e-02
It: 16200, Time: 4.78, mse_0: 3.5173e-03, mse_f: 9.0676e-04, total loss: 6.6339e-03, Error: 1.2652e-02, Error v: 2.0508e-02
It: 16300, Time: 4.73, mse_0: 5.4198e-04, mse_f: 8.3153e-04, total loss: 2.2885e-03, Error: 1.0055e-02, Error v: 2.8259e-02
It: 16400, Time: 4.71, mse_0: 2.2236e-03, mse_f: 8.3755e-04, total loss: 4.4249e-03, Error: 1.2353e-02, Error v: 5.0470e-02
It: 16500, Time: 4.84, mse_0: 3.0286e-03, mse_f: 1.4058e-03, total loss: 8.7767e-03, Error: 1.6651e-02, Error v: 7.0579e-02
It: 16600, Time: 4.68, mse_0: 2.4707e-03, mse_f: 1.2159e-03, total loss: 7.7012e-03, Error: 1.5603e-02, Error v: 3.4509e-02
It: 16700, Time: 5.36, mse_0: 2.1143e-03, mse_f: 7.8542e-04, total loss: 4.5051e-03, Error: 1.4075e-02, Error v: 3.9239e-02
It: 16800, Time: 5.52, mse_0: 1.3202e-03, mse_f: 7.4891e-04, total loss: 2.7894e-03, Error: 1.0941e-02, Error v: 2.8989e-02
It: 16900, Time: 4.69, mse_0: 1.8683e-03, mse_f: 1.4870e-03, total loss: 6.7949e-03, Error: 1.1834e-02, Error v: 4.0878e-02
It: 17000, Time: 5.10, mse_0: 1.3719e-03, mse_f: 1.1251e-03, total loss: 3.5297e-03, Error: 1.2159e-02, Error v: 3.6125e-02
It: 17100, Time: 5.49, mse_0: 1.7492e-03, mse_f: 7.3891e-04, total loss: 3.1451e-03, Error: 1.1097e-02, Error v: 4.7964e-02
It: 17200, Time: 5.51, mse_0: 2.9338e-03, mse_f: 6.4687e-04, total loss: 8.6193e-03, Error: 1.7899e-02, Error v: 1.8198e-02
It: 17300, Time: 5.27, mse_0: 7.8342e-04, mse_f: 6.3373e-04, total loss: 2.4565e-03, Error: 1.1982e-02, Error v: 1.5181e-02
It: 17400, Time: 4.92, mse_0: 1.2013e-03, mse_f: 9.2049e-04, total loss: 2.5396e-03, Error: 7.5186e-03, Error v: 3.2810e-02
It: 17500, Time: 4.86, mse_0: 5.7772e-04, mse_f: 1.2514e-03, total loss: 3.4982e-03, Error: 1.9629e-02, Error v: 3.4267e-02
It: 17600, Time: 5.05, mse_0: 1.4425e-03, mse_f: 6.8297e-04, total loss: 2.4172e-03, Error: 1.1918e-02, Error v: 5.0037e-02
It: 17700, Time: 4.95, mse_0: 6.4988e-04, mse_f: 8.0701e-04, total loss: 2.2479e-03, Error: 7.3810e-03, Error v: 1.6817e-02
It: 17800, Time: 5.02, mse_0: 1.7754e-03, mse_f: 6.6196e-04, total loss: 3.3477e-03, Error: 5.4425e-03, Error v: 1.5714e-02
It: 17900, Time: 4.67, mse_0: 7.1273e-03, mse_f: 8.0806e-04, total loss: 1.9493e-02, Error: 1.9291e-02, Error v: 2.3150e-02
It: 18000, Time: 4.66, mse_0: 2.5512e-03, mse_f: 1.1288e-03, total loss: 5.9260e-03, Error: 1.0450e-02, Error v: 2.3026e-02
It: 18100, Time: 4.70, mse_0: 1.0846e-03, mse_f: 7.3840e-04, total loss: 2.5353e-03, Error: 8.9324e-03, Error v: 3.3037e-02
It: 18200, Time: 4.71, mse_0: 7.0341e-04, mse_f: 5.6674e-04, total loss: 1.7333e-03, Error: 7.5461e-03, Error v: 2.1140e-02
It: 18300, Time: 4.88, mse_0: 3.2478e-04, mse_f: 4.4140e-04, total loss: 1.0987e-03, Error: 5.2639e-03, Error v: 1.5541e-02
It: 18400, Time: 5.08, mse_0: 2.9214e-04, mse_f: 4.6001e-04, total loss: 8.7736e-04, Error: 1.0365e-02, Error v: 1.3724e-02
It: 18500, Time: 4.70, mse_0: 6.6842e-03, mse_f: 5.8588e-04, total loss: 8.4056e-03, Error: 2.1461e-02, Error v: 3.6402e-02
It: 18600, Time: 5.41, mse_0: 1.0770e-03, mse_f: 6.2189e-04, total loss: 3.6599e-03, Error: 1.4212e-02, Error v: 7.7314e-02
It: 18700, Time: 5.07, mse_0: 8.4656e-04, mse_f: 8.0647e-04, total loss: 3.2639e-03, Error: 1.1473e-02, Error v: 3.8224e-02
It: 18800, Time: 5.32, mse_0: 9.6189e-04, mse_f: 5.3687e-04, total loss: 2.2399e-03, Error: 1.0287e-02, Error v: 3.9545e-02
It: 18900, Time: 5.29, mse_0: 4.8230e-04, mse_f: 4.6674e-04, total loss: 1.2428e-03, Error: 4.2769e-03, Error v: 2.6146e-02
It: 19000, Time: 5.00, mse_0: 5.5024e-04, mse_f: 4.0702e-04, total loss: 1.4866e-03, Error: 8.5972e-03, Error v: 1.4881e-02
It: 19100, Time: 4.75, mse_0: 1.0044e-02, mse_f: 5.9338e-04, total loss: 1.1728e-02, Error: 2.0473e-02, Error v: 2.4740e-02
It: 19200, Time: 4.28, mse_0: 1.9588e-03, mse_f: 4.5893e-04, total loss: 2.7636e-03, Error: 1.4148e-02, Error v: 2.5085e-02
It: 19300, Time: 4.80, mse_0: 2.2468e-04, mse_f: 3.8435e-04, total loss: 7.3069e-04, Error: 5.3700e-03, Error v: 1.5630e-02
It: 19400, Time: 4.82, mse_0: 1.6282e-03, mse_f: 4.4929e-04, total loss: 3.6573e-03, Error: 1.1619e-02, Error v: 2.0954e-02
It: 19500, Time: 4.52, mse_0: 1.7013e-03, mse_f: 4.0899e-04, total loss: 3.8338e-03, Error: 1.2540e-02, Error v: 1.9505e-02
It: 19600, Time: 4.87, mse_0: 1.1768e-03, mse_f: 4.5404e-04, total loss: 2.4114e-03, Error: 7.3206e-03, Error v: 2.0880e-02
It: 19700, Time: 4.90, mse_0: 2.3648e-04, mse_f: 3.6389e-04, total loss: 9.3228e-04, Error: 5.2040e-03, Error v: 1.1218e-02
It: 19800, Time: 4.65, mse_0: 7.8804e-04, mse_f: 6.8073e-04, total loss: 2.1849e-03, Error: 9.3941e-03, Error v: 2.9963e-02
It: 19900, Time: 4.27, mse_0: 1.5530e-03, mse_f: 4.5420e-04, total loss: 3.4994e-03, Error: 1.1116e-02, Error v: 1.3050e-02
It: 20000, Time: 4.71, mse_0: 5.1088e-03, mse_f: 6.8887e-04, total loss: 7.4691e-03, Error: 9.2637e-03, Error v: 3.4129e-02
starting L-BFGS training
It: 100, Time: 6.24, mse_0: 9.4692e-05, mse_f: 3.2232e-04, total loss: 4.4725e-04, Error: 3.6012e-03, Error v: 8.9665e-03
It: 200, Time: 6.48, mse_0: 8.6683e-05, mse_f: 3.0449e-04, total loss: 4.2212e-04, Error: 3.7043e-03, Error v: 9.8935e-03
It: 300, Time: 5.96, mse_0: 8.0000e-05, mse_f: 2.9426e-04, total loss: 4.0816e-04, Error: 3.8927e-03, Error v: 9.3649e-03
It: 400, Time: 6.03, mse_0: 7.9136e-05, mse_f: 2.8290e-04, total loss: 3.9412e-04, Error: 3.8035e-03, Error v: 1.0293e-02
It: 500, Time: 5.69, mse_0: 7.5774e-05, mse_f: 2.7602e-04, total loss: 3.8359e-04, Error: 3.7501e-03, Error v: 9.8431e-03
It: 600, Time: 6.05, mse_0: 7.3557e-05, mse_f: 2.6551e-04, total loss: 3.7128e-04, Error: 3.8464e-03, Error v: 9.7352e-03
It: 700, Time: 6.16, mse_0: 6.9594e-05, mse_f: 2.5593e-04, total loss: 3.5963e-04, Error: 3.7664e-03, Error v: 9.9863e-03
It: 800, Time: 6.00, mse_0: 6.7235e-05, mse_f: 2.4411e-04, total loss: 3.4755e-04, Error: 3.5421e-03, Error v: 9.4182e-03
It: 900, Time: 6.34, mse_0: 6.4385e-05, mse_f: 2.3616e-04, total loss: 3.3568e-04, Error: 3.4149e-03, Error v: 9.4371e-03
It: 1000, Time: 5.96, mse_0: 6.2457e-05, mse_f: 2.2821e-04, total loss: 3.2517e-04, Error: 3.4234e-03, Error v: 9.1696e-03
It: 1100, Time: 6.49, mse_0: 6.0741e-05, mse_f: 2.2158e-04, total loss: 3.1539e-04, Error: 3.3517e-03, Error v: 9.1675e-03
It: 1200, Time: 6.06, mse_0: 5.8598e-05, mse_f: 2.1501e-04, total loss: 3.0580e-04, Error: 3.2548e-03, Error v: 8.6765e-03
It: 1300, Time: 6.07, mse_0: 5.5941e-05, mse_f: 2.0986e-04, total loss: 2.9694e-04, Error: 3.3931e-03, Error v: 8.0135e-03
It: 1400, Time: 6.32, mse_0: 5.4267e-05, mse_f: 2.0364e-04, total loss: 2.8857e-04, Error: 3.4470e-03, Error v: 7.9195e-03
It: 1500, Time: 6.16, mse_0: 5.3217e-05, mse_f: 1.9708e-04, total loss: 2.8014e-04, Error: 3.3518e-03, Error v: 8.2995e-03
It: 1600, Time: 6.04, mse_0: 5.1714e-05, mse_f: 1.9139e-04, total loss: 2.7150e-04, Error: 3.2042e-03, Error v: 7.8913e-03
It: 1700, Time: 6.11, mse_0: 4.9463e-05, mse_f: 1.8633e-04, total loss: 2.6447e-04, Error: 3.3023e-03, Error v: 7.8581e-03
It: 1800, Time: 6.67, mse_0: 4.8861e-05, mse_f: 1.8129e-04, total loss: 2.5793e-04, Error: 3.1286e-03, Error v: 7.5617e-03
It: 1900, Time: 6.13, mse_0: 4.9114e-05, mse_f: 1.7702e-04, total loss: 2.5263e-04, Error: 3.0341e-03, Error v: 7.7043e-03
It: 2000, Time: 6.08, mse_0: 4.8821e-05, mse_f: 1.7153e-04, total loss: 2.4609e-04, Error: 3.0276e-03, Error v: 7.4387e-03
It: 2100, Time: 6.02, mse_0: 4.6324e-05, mse_f: 1.6642e-04, total loss: 2.3799e-04, Error: 3.0825e-03, Error v: 7.4289e-03
It: 2200, Time: 6.26, mse_0: 4.4148e-05, mse_f: 1.6067e-04, total loss: 2.3024e-04, Error: 3.1457e-03, Error v: 6.7291e-03
It: 2300, Time: 5.97, mse_0: 4.3269e-05, mse_f: 1.5530e-04, total loss: 2.2359e-04, Error: 2.9932e-03, Error v: 6.5829e-03
It: 2400, Time: 5.96, mse_0: 4.2532e-05, mse_f: 1.5078e-04, total loss: 2.1691e-04, Error: 2.8168e-03, Error v: 6.9091e-03
It: 2500, Time: 6.12, mse_0: 4.0303e-05, mse_f: 1.4583e-04, total loss: 2.0987e-04, Error: 2.6186e-03, Error v: 6.8334e-03
It: 2600, Time: 6.48, mse_0: 3.9165e-05, mse_f: 1.4217e-04, total loss: 2.0451e-04, Error: 2.5848e-03, Error v: 6.4882e-03
It: 2700, Time: 6.18, mse_0: 3.8054e-05, mse_f: 1.3939e-04, total loss: 2.0044e-04, Error: 2.7295e-03, Error v: 6.3355e-03
It: 2800, Time: 6.38, mse_0: 3.6104e-05, mse_f: 1.3619e-04, total loss: 1.9563e-04, Error: 2.6724e-03, Error v: 5.8340e-03
It: 2900, Time: 6.53, mse_0: 3.6302e-05, mse_f: 1.3350e-04, total loss: 1.9151e-04, Error: 2.6446e-03, Error v: 5.8600e-03
It: 3000, Time: 7.48, mse_0: 3.5221e-05, mse_f: 1.3025e-04, total loss: 1.8675e-04, Error: 2.6932e-03, Error v: 5.8177e-03
It: 3100, Time: 6.68, mse_0: 3.4059e-05, mse_f: 1.2723e-04, total loss: 1.8212e-04, Error: 2.8364e-03, Error v: 5.9410e-03
It: 3200, Time: 6.53, mse_0: 3.2494e-05, mse_f: 1.2407e-04, total loss: 1.7708e-04, Error: 2.7803e-03, Error v: 5.8539e-03
It: 3300, Time: 6.22, mse_0: 3.1375e-05, mse_f: 1.2063e-04, total loss: 1.7213e-04, Error: 2.7247e-03, Error v: 6.2547e-03
It: 3400, Time: 6.19, mse_0: 3.0513e-05, mse_f: 1.1715e-04, total loss: 1.6788e-04, Error: 2.8353e-03, Error v: 6.3573e-03
It: 3500, Time: 6.59, mse_0: 3.0041e-05, mse_f: 1.1451e-04, total loss: 1.6460e-04, Error: 2.8072e-03, Error v: 6.4424e-03
It: 3600, Time: 6.10, mse_0: 2.9576e-05, mse_f: 1.1238e-04, total loss: 1.6148e-04, Error: 2.8378e-03, Error v: 6.6245e-03
It: 3700, Time: 6.18, mse_0: 2.7976e-05, mse_f: 1.1017e-04, total loss: 1.5820e-04, Error: 2.8011e-03, Error v: 6.6023e-03
It: 3800, Time: 6.17, mse_0: 2.7825e-05, mse_f: 1.0660e-04, total loss: 1.5478e-04, Error: 2.8858e-03, Error v: 6.1605e-03
It: 3900, Time: 6.53, mse_0: 2.6798e-05, mse_f: 1.0372e-04, total loss: 1.5049e-04, Error: 2.8238e-03, Error v: 6.2288e-03
It: 4000, Time: 6.50, mse_0: 2.6255e-05, mse_f: 1.0011e-04, total loss: 1.4621e-04, Error: 2.8264e-03, Error v: 6.1871e-03
It: 4100, Time: 6.42, mse_0: 2.5450e-05, mse_f: 9.7848e-05, total loss: 1.4330e-04, Error: 2.7952e-03, Error v: 6.3598e-03
It: 4200, Time: 6.99, mse_0: 2.4740e-05, mse_f: 9.6094e-05, total loss: 1.4078e-04, Error: 2.6671e-03, Error v: 6.3521e-03
It: 4300, Time: 6.48, mse_0: 2.3876e-05, mse_f: 9.4285e-05, total loss: 1.3861e-04, Error: 2.5870e-03, Error v: 6.5024e-03
It: 4400, Time: 6.35, mse_0: 2.3135e-05, mse_f: 9.2914e-05, total loss: 1.3664e-04, Error: 2.6362e-03, Error v: 6.1474e-03
It: 4500, Time: 6.50, mse_0: 2.2829e-05, mse_f: 9.1982e-05, total loss: 1.3481e-04, Error: 2.6886e-03, Error v: 6.3065e-03
It: 4600, Time: 6.92, mse_0: 2.2288e-05, mse_f: 9.0281e-05, total loss: 1.3258e-04, Error: 2.7979e-03, Error v: 6.4227e-03
It: 4700, Time: 6.85, mse_0: 2.1220e-05, mse_f: 8.8520e-05, total loss: 1.3031e-04, Error: 2.7339e-03, Error v: 6.2332e-03
It: 4800, Time: 6.65, mse_0: 2.0837e-05, mse_f: 8.6751e-05, total loss: 1.2800e-04, Error: 2.7711e-03, Error v: 6.3424e-03
It: 4900, Time: 6.10, mse_0: 1.9912e-05, mse_f: 8.4866e-05, total loss: 1.2556e-04, Error: 2.6894e-03, Error v: 6.3635e-03
It: 5000, Time: 6.45, mse_0: 1.9848e-05, mse_f: 8.3678e-05, total loss: 1.2354e-04, Error: 2.6399e-03, Error v: 6.4928e-03
It: 5100, Time: 6.66, mse_0: 1.8634e-05, mse_f: 8.1737e-05, total loss: 1.2081e-04, Error: 2.7878e-03, Error v: 6.7741e-03
It: 5200, Time: 6.92, mse_0: 1.8315e-05, mse_f: 8.0245e-05, total loss: 1.1870e-04, Error: 2.8691e-03, Error v: 6.8911e-03
It: 5300, Time: 6.87, mse_0: 1.7615e-05, mse_f: 7.9073e-05, total loss: 1.1595e-04, Error: 2.9301e-03, Error v: 6.5368e-03
It: 5400, Time: 6.62, mse_0: 1.7148e-05, mse_f: 7.8200e-05, total loss: 1.1381e-04, Error: 2.9071e-03, Error v: 6.5187e-03
It: 5500, Time: 7.59, mse_0: 1.6647e-05, mse_f: 7.7048e-05, total loss: 1.1190e-04, Error: 2.7556e-03, Error v: 6.5027e-03
It: 5600, Time: 7.37, mse_0: 1.6542e-05, mse_f: 7.5658e-05, total loss: 1.0986e-04, Error: 2.7764e-03, Error v: 6.4445e-03
It: 5700, Time: 6.92, mse_0: 1.6667e-05, mse_f: 7.4075e-05, total loss: 1.0763e-04, Error: 2.6540e-03, Error v: 6.1082e-03
It: 5800, Time: 6.89, mse_0: 1.6046e-05, mse_f: 7.3022e-05, total loss: 1.0578e-04, Error: 2.5965e-03, Error v: 5.7365e-03
It: 5900, Time: 7.30, mse_0: 1.5638e-05, mse_f: 7.1939e-05, total loss: 1.0390e-04, Error: 2.6437e-03, Error v: 5.6115e-03
It: 6000, Time: 7.65, mse_0: 1.5024e-05, mse_f: 7.0634e-05, total loss: 1.0156e-04, Error: 2.8368e-03, Error v: 5.6011e-03
It: 6100, Time: 7.42, mse_0: 1.4719e-05, mse_f: 6.9296e-05, total loss: 9.9639e-05, Error: 2.8547e-03, Error v: 5.6069e-03
It: 6200, Time: 6.92, mse_0: 1.4731e-05, mse_f: 6.8113e-05, total loss: 9.8239e-05, Error: 2.8214e-03, Error v: 5.6197e-03
It: 6300, Time: 7.12, mse_0: 1.4550e-05, mse_f: 6.6763e-05, total loss: 9.6435e-05, Error: 2.7588e-03, Error v: 5.6456e-03
It: 6400, Time: 7.58, mse_0: 1.4770e-05, mse_f: 6.5806e-05, total loss: 9.5231e-05, Error: 2.6320e-03, Error v: 5.6211e-03
It: 6500, Time: 7.36, mse_0: 1.4870e-05, mse_f: 6.5491e-05, total loss: 9.4323e-05, Error: 2.6524e-03, Error v: 5.5944e-03
It: 6600, Time: 7.27, mse_0: 1.4929e-05, mse_f: 6.4831e-05, total loss: 9.3424e-05, Error: 2.6006e-03, Error v: 5.4862e-03
It: 6700, Time: 7.83, mse_0: 1.4543e-05, mse_f: 6.3741e-05, total loss: 9.2070e-05, Error: 2.6124e-03, Error v: 5.5866e-03
It: 6800, Time: 7.38, mse_0: 1.4362e-05, mse_f: 6.2712e-05, total loss: 9.0790e-05, Error: 2.6157e-03, Error v: 5.6035e-03
It: 6900, Time: 6.11, mse_0: 1.3940e-05, mse_f: 6.2190e-05, total loss: 8.9460e-05, Error: 2.7123e-03, Error v: 5.4130e-03
It: 7000, Time: 6.98, mse_0: 1.3711e-05, mse_f: 6.1434e-05, total loss: 8.8355e-05, Error: 2.7024e-03, Error v: 5.3736e-03
It: 7100, Time: 6.39, mse_0: 1.3426e-05, mse_f: 6.0678e-05, total loss: 8.7152e-05, Error: 2.6588e-03, Error v: 5.1114e-03
It: 7200, Time: 6.70, mse_0: 1.3204e-05, mse_f: 6.0017e-05, total loss: 8.5747e-05, Error: 2.5815e-03, Error v: 4.9723e-03
It: 7300, Time: 6.84, mse_0: 1.2952e-05, mse_f: 5.8990e-05, total loss: 8.4420e-05, Error: 2.4960e-03, Error v: 5.0073e-03
It: 7400, Time: 6.21, mse_0: 1.2778e-05, mse_f: 5.8601e-05, total loss: 8.3480e-05, Error: 2.4716e-03, Error v: 5.0142e-03
It: 7500, Time: 6.30, mse_0: 1.2533e-05, mse_f: 5.8045e-05, total loss: 8.2437e-05, Error: 2.5101e-03, Error v: 4.8177e-03
It: 7600, Time: 6.36, mse_0: 1.2365e-05, mse_f: 5.7584e-05, total loss: 8.1398e-05, Error: 2.4974e-03, Error v: 4.5827e-03
It: 7700, Time: 6.51, mse_0: 1.1893e-05, mse_f: 5.6884e-05, total loss: 8.0263e-05, Error: 2.5335e-03, Error v: 4.3488e-03
It: 7800, Time: 5.99, mse_0: 1.1620e-05, mse_f: 5.6253e-05, total loss: 7.9476e-05, Error: 2.5461e-03, Error v: 4.3927e-03
It: 7900, Time: 6.23, mse_0: 1.1808e-05, mse_f: 5.5489e-05, total loss: 7.8579e-05, Error: 2.5719e-03, Error v: 4.2401e-03
It: 8000, Time: 6.23, mse_0: 1.1928e-05, mse_f: 5.4795e-05, total loss: 7.7446e-05, Error: 2.5084e-03, Error v: 4.2952e-03
It: 8100, Time: 6.61, mse_0: 1.2084e-05, mse_f: 5.3826e-05, total loss: 7.6447e-05, Error: 2.4633e-03, Error v: 4.3314e-03
It: 8200, Time: 5.98, mse_0: 1.2015e-05, mse_f: 5.3250e-05, total loss: 7.5491e-05, Error: 2.4834e-03, Error v: 4.2783e-03
It: 8300, Time: 6.18, mse_0: 1.1942e-05, mse_f: 5.2433e-05, total loss: 7.4528e-05, Error: 2.5970e-03, Error v: 4.1018e-03
It: 8400, Time: 6.75, mse_0: 1.1690e-05, mse_f: 5.1790e-05, total loss: 7.3493e-05, Error: 2.6034e-03, Error v: 4.1654e-03
It: 8500, Time: 7.12, mse_0: 1.1463e-05, mse_f: 5.1228e-05, total loss: 7.2676e-05, Error: 2.6316e-03, Error v: 4.1137e-03
It: 8600, Time: 6.10, mse_0: 1.1342e-05, mse_f: 5.0725e-05, total loss: 7.1912e-05, Error: 2.6005e-03, Error v: 4.1201e-03
It: 8700, Time: 6.80, mse_0: 1.1064e-05, mse_f: 5.0061e-05, total loss: 7.1059e-05, Error: 2.5508e-03, Error v: 4.1798e-03
It: 8800, Time: 6.22, mse_0: 1.0849e-05, mse_f: 4.9318e-05, total loss: 7.0084e-05, Error: 2.5077e-03, Error v: 4.3900e-03
It: 8900, Time: 6.94, mse_0: 1.0990e-05, mse_f: 4.8434e-05, total loss: 6.9120e-05, Error: 2.4041e-03, Error v: 4.3422e-03
It: 9000, Time: 5.97, mse_0: 1.0962e-05, mse_f: 4.7892e-05, total loss: 6.8403e-05, Error: 2.3818e-03, Error v: 4.3664e-03
It: 9100, Time: 5.77, mse_0: 1.0665e-05, mse_f: 4.7138e-05, total loss: 6.7425e-05, Error: 2.4518e-03, Error v: 4.3097e-03
It: 9200, Time: 5.40, mse_0: 1.0767e-05, mse_f: 4.6608e-05, total loss: 6.6647e-05, Error: 2.4701e-03, Error v: 4.2609e-03
It: 9300, Time: 5.82, mse_0: 1.0710e-05, mse_f: 4.6152e-05, total loss: 6.5787e-05, Error: 2.3717e-03, Error v: 4.1861e-03
It: 9400, Time: 5.93, mse_0: 1.0665e-05, mse_f: 4.5547e-05, total loss: 6.4965e-05, Error: 2.3930e-03, Error v: 4.0298e-03
It: 9500, Time: 6.05, mse_0: 1.0485e-05, mse_f: 4.5055e-05, total loss: 6.4275e-05, Error: 2.3657e-03, Error v: 3.9191e-03
It: 9600, Time: 6.85, mse_0: 1.0128e-05, mse_f: 4.4689e-05, total loss: 6.3485e-05, Error: 2.3966e-03, Error v: 3.9840e-03
It: 9700, Time: 6.54, mse_0: 9.9275e-06, mse_f: 4.4253e-05, total loss: 6.2899e-05, Error: 2.3734e-03, Error v: 3.8860e-03
It: 9800, Time: 6.32, mse_0: 9.8263e-06, mse_f: 4.3851e-05, total loss: 6.2344e-05, Error: 2.3593e-03, Error v: 3.8788e-03
It: 9900, Time: 6.12, mse_0: 9.8198e-06, mse_f: 4.3411e-05, total loss: 6.1670e-05, Error: 2.3651e-03, Error v: 3.8222e-03
It: 10000, Time: 6.78, mse_0: 9.9335e-06, mse_f: 4.2869e-05, total loss: 6.0971e-05, Error: 2.3912e-03, Error v: 3.6813e-03
It: 10100, Time: 6.34, mse_0: 9.8790e-06, mse_f: 4.2588e-05, total loss: 6.0320e-05, Error: 2.3583e-03, Error v: 3.7154e-03
It: 10200, Time: 6.66, mse_0: 9.8559e-06, mse_f: 4.2231e-05, total loss: 5.9759e-05, Error: 2.3625e-03, Error v: 3.8130e-03
It: 10300, Time: 6.58, mse_0: 9.9057e-06, mse_f: 4.1813e-05, total loss: 5.9214e-05, Error: 2.3640e-03, Error v: 3.9665e-03
It: 10400, Time: 6.75, mse_0: 9.8568e-06, mse_f: 4.1475e-05, total loss: 5.8687e-05, Error: 2.3916e-03, Error v: 3.9851e-03
It: 10500, Time: 6.46, mse_0: 1.0000e-05, mse_f: 4.0939e-05, total loss: 5.8069e-05, Error: 2.4188e-03, Error v: 3.9299e-03
It: 10600, Time: 6.24, mse_0: 9.9371e-06, mse_f: 4.0375e-05, total loss: 5.7447e-05, Error: 2.3931e-03, Error v: 4.0231e-03
It: 10700, Time: 6.48, mse_0: 9.6653e-06, mse_f: 3.9916e-05, total loss: 5.6793e-05, Error: 2.4122e-03, Error v: 4.0106e-03
It: 10800, Time: 6.33, mse_0: 9.6531e-06, mse_f: 3.9481e-05, total loss: 5.6327e-05, Error: 2.3464e-03, Error v: 4.1392e-03
It: 10900, Time: 6.16, mse_0: 9.5159e-06, mse_f: 3.9015e-05, total loss: 5.5718e-05, Error: 2.3377e-03, Error v: 4.1840e-03
It: 11000, Time: 6.26, mse_0: 9.5159e-06, mse_f: 3.8513e-05, total loss: 5.5138e-05, Error: 2.3440e-03, Error v: 4.2039e-03
It: 11100, Time: 5.88, mse_0: 9.3817e-06, mse_f: 3.8023e-05, total loss: 5.4450e-05, Error: 2.3019e-03, Error v: 4.0841e-03
It: 11200, Time: 5.72, mse_0: 9.2941e-06, mse_f: 3.7448e-05, total loss: 5.3754e-05, Error: 2.3392e-03, Error v: 3.7846e-03
It: 11300, Time: 5.86, mse_0: 9.1467e-06, mse_f: 3.6856e-05, total loss: 5.3140e-05, Error: 2.3557e-03, Error v: 3.7536e-03
It: 11400, Time: 6.22, mse_0: 9.0942e-06, mse_f: 3.6436e-05, total loss: 5.2514e-05, Error: 2.4186e-03, Error v: 3.6486e-03
It: 11500, Time: 6.45, mse_0: 9.2856e-06, mse_f: 3.6083e-05, total loss: 5.2067e-05, Error: 2.4689e-03, Error v: 3.6656e-03
It: 11600, Time: 6.45, mse_0: 9.3473e-06, mse_f: 3.5706e-05, total loss: 5.1642e-05, Error: 2.4402e-03, Error v: 3.6828e-03
It: 11700, Time: 6.29, mse_0: 9.3165e-06, mse_f: 3.5375e-05, total loss: 5.1151e-05, Error: 2.4235e-03, Error v: 3.7300e-03
It: 11800, Time: 6.34, mse_0: 9.1244e-06, mse_f: 3.5010e-05, total loss: 5.0726e-05, Error: 2.4233e-03, Error v: 3.6434e-03
It: 11900, Time: 6.52, mse_0: 8.8969e-06, mse_f: 3.4556e-05, total loss: 5.0135e-05, Error: 2.4711e-03, Error v: 3.5309e-03
It: 12000, Time: 6.23, mse_0: 8.8797e-06, mse_f: 3.4141e-05, total loss: 4.9591e-05, Error: 2.5388e-03, Error v: 3.5258e-03
It: 12100, Time: 6.12, mse_0: 8.8881e-06, mse_f: 3.3712e-05, total loss: 4.9012e-05, Error: 2.5199e-03, Error v: 3.5450e-03
It: 12200, Time: 6.73, mse_0: 8.8572e-06, mse_f: 3.3386e-05, total loss: 4.8508e-05, Error: 2.4793e-03, Error v: 3.3501e-03
It: 12300, Time: 6.55, mse_0: 8.7714e-06, mse_f: 3.3149e-05, total loss: 4.8011e-05, Error: 2.4871e-03, Error v: 3.3744e-03
It: 12400, Time: 6.48, mse_0: 8.8935e-06, mse_f: 3.2769e-05, total loss: 4.7496e-05, Error: 2.4981e-03, Error v: 3.4170e-03
It: 12500, Time: 6.75, mse_0: 8.7372e-06, mse_f: 3.2314e-05, total loss: 4.6956e-05, Error: 2.5329e-03, Error v: 3.6637e-03
It: 12600, Time: 6.98, mse_0: 8.4466e-06, mse_f: 3.2020e-05, total loss: 4.6484e-05, Error: 2.4980e-03, Error v: 3.6044e-03
It: 12700, Time: 6.72, mse_0: 8.3281e-06, mse_f: 3.1415e-05, total loss: 4.5838e-05, Error: 2.4802e-03, Error v: 3.5360e-03
It: 12800, Time: 6.37, mse_0: 8.1845e-06, mse_f: 3.1182e-05, total loss: 4.5523e-05, Error: 2.4764e-03, Error v: 3.6400e-03
It: 12900, Time: 6.55, mse_0: 8.0870e-06, mse_f: 3.0955e-05, total loss: 4.5167e-05, Error: 2.5112e-03, Error v: 3.5625e-03
It: 13000, Time: 6.81, mse_0: 8.0337e-06, mse_f: 3.0586e-05, total loss: 4.4729e-05, Error: 2.4934e-03, Error v: 3.5815e-03
It: 13100, Time: 6.05, mse_0: 7.9714e-06, mse_f: 3.0190e-05, total loss: 4.4325e-05, Error: 2.4568e-03, Error v: 3.4376e-03
It: 13200, Time: 6.73, mse_0: 7.8004e-06, mse_f: 2.9890e-05, total loss: 4.3910e-05, Error: 2.4359e-03, Error v: 3.3984e-03
It: 13300, Time: 7.15, mse_0: 7.7410e-06, mse_f: 2.9704e-05, total loss: 4.3467e-05, Error: 2.4040e-03, Error v: 3.2599e-03
It: 13400, Time: 7.29, mse_0: 7.6261e-06, mse_f: 2.9465e-05, total loss: 4.3095e-05, Error: 2.3917e-03, Error v: 3.3786e-03
It: 13500, Time: 7.12, mse_0: 7.6537e-06, mse_f: 2.9272e-05, total loss: 4.2716e-05, Error: 2.4582e-03, Error v: 3.2614e-03
It: 13600, Time: 7.10, mse_0: 7.6704e-06, mse_f: 2.9062e-05, total loss: 4.2372e-05, Error: 2.4935e-03, Error v: 3.2243e-03
It: 13700, Time: 7.30, mse_0: 7.7035e-06, mse_f: 2.8896e-05, total loss: 4.2091e-05, Error: 2.5022e-03, Error v: 3.0911e-03
It: 13800, Time: 7.52, mse_0: 7.6437e-06, mse_f: 2.8627e-05, total loss: 4.1709e-05, Error: 2.4353e-03, Error v: 3.0813e-03
It: 13900, Time: 7.75, mse_0: 7.5682e-06, mse_f: 2.8475e-05, total loss: 4.1429e-05, Error: 2.3774e-03, Error v: 3.1394e-03
It: 14000, Time: 7.32, mse_0: 7.5308e-06, mse_f: 2.8333e-05, total loss: 4.1126e-05, Error: 2.3847e-03, Error v: 3.1076e-03
It: 14100, Time: 7.06, mse_0: 7.4273e-06, mse_f: 2.8101e-05, total loss: 4.0844e-05, Error: 2.4002e-03, Error v: 3.0995e-03
It: 14200, Time: 8.16, mse_0: 7.3963e-06, mse_f: 2.7943e-05, total loss: 4.0593e-05, Error: 2.4047e-03, Error v: 3.0653e-03
It: 14300, Time: 8.56, mse_0: 7.3161e-06, mse_f: 2.7793e-05, total loss: 4.0300e-05, Error: 2.4392e-03, Error v: 3.0629e-03
It: 14400, Time: 7.54, mse_0: 7.2190e-06, mse_f: 2.7547e-05, total loss: 3.9979e-05, Error: 2.4803e-03, Error v: 3.0501e-03
It: 14500, Time: 7.14, mse_0: 7.2267e-06, mse_f: 2.7290e-05, total loss: 3.9655e-05, Error: 2.4730e-03, Error v: 2.9201e-03
It: 14600, Time: 6.62, mse_0: 7.1902e-06, mse_f: 2.7005e-05, total loss: 3.9280e-05, Error: 2.4339e-03, Error v: 2.9105e-03
It: 14700, Time: 6.23, mse_0: 7.1332e-06, mse_f: 2.6770e-05, total loss: 3.8954e-05, Error: 2.3980e-03, Error v: 2.7712e-03
It: 14800, Time: 6.18, mse_0: 7.0229e-06, mse_f: 2.6528e-05, total loss: 3.8612e-05, Error: 2.3573e-03, Error v: 2.7800e-03
It: 14900, Time: 6.10, mse_0: 7.0186e-06, mse_f: 2.6295e-05, total loss: 3.8348e-05, Error: 2.3386e-03, Error v: 2.7385e-03
It: 15000, Time: 5.95, mse_0: 6.9405e-06, mse_f: 2.6103e-05, total loss: 3.8127e-05, Error: 2.3736e-03, Error v: 2.7802e-03
Error u: 2.373610e-03
Error v: 2.780174e-03
ferru =  3.089148e-05
ferrv =  2.0367363e-05
Error u: 2.230762e-03
Error v: 1.868922e-03
